{"type":"FeatureCollection","name":"sicar_RS_ALTO_ALEGRE","total_features":736,"updated_at":"2026-09-29T12:30:47.882Z","features":[{"type":"Feature","id":"sicar_imoveis_rs.1301791","geometry":{"type":"MultiPolygon","coordinates":[[[[-52.97656775,-28.83696727],[-52.9795289,-28.8367605],[-52.9775548,-28.8348432],[-52.97684669,-28.83461764],[-52.97622442,-28.83427929],[-52.97592402,-28.83422289],[-52.97575235,-28.83411011],[-52.97543049,-28.83411011],[-52.97401428,-28.83399733],[-52.97373533,-28.83473042],[-52.97452927,-28.8355011],[-52.97482967,-28.83567028],[-52.97510862,-28.83595223],[-52.97528028,-28.83653494],[-52.97656775,-28.83696727]]]]},"geometry_name":"geo_area_imovel","properties":{"cod_imovel":"RS-4300554-4C2E34F745634ECBB74D5BE24E0504A5","status_imovel":"AT","dat_criacao":"2015-07-13T17:41:28.478Z","area":10.39,"condicao":"Aguardando análise","uf":"RS","municipio":"Alto Alegre","cod_municipio_ibge":4300554,"m_fiscal":0.5772,"tipo_imovel":"IRU"}},{"type":"Feature","id":"sicar_imoveis_rs.1302065","geometry":{"type":"MultiPolygon","coordinates":[[[[-52.97646046,-28.84236182],[-52.97667503,-28.8405762],[-52.97924995,-28.84012509],[-52.97965765,-28.84112128],[-52.98075199,-28.84114008],[-52.98079491,-28.84234302],[-52.97646046,-28.84236182]]]]},"geometry_name":"geo_area_imovel","properties":{"cod_imovel":"RS-4300554-5F28C1E35DFA432ABBB90E8F9A6B86BD","status_imovel":"AT","dat_criacao":"2015-07-13T18:14:26.735Z","area":8.018,"condicao":"Aguardando análise","uf":"RS","municipio":"Alto Alegre","cod_municipio_ibge":4300554,"m_fiscal":0.4454,"tipo_imovel":"IRU"}},{"type":"Feature","id":"sicar_imoveis_rs.1302287","geometry":{"type":"MultiPolygon","coordinates":[[[[-52.97313452,-28.8290159],[-52.97337055,-28.82815118],[-52.96804905,-28.8279444],[-52.96759844,-28.82895951],[-52.96716928,-28.82991822],[-52.96714783,-28.83072653],[-52.9673624,-28.83117768],[-52.96779156,-28.83134686],[-52.96864986,-28.83151604],[-52.96927214,-28.83142205],[-52.96948671,-28.83093331],[-52.97002316,-28.83083932],[-52.97068834,-28.8310273],[-52.97150373,-28.83014379],[-52.97133207,-28.82957985],[-52.97313452,-28.8290159]]]]},"geometry_name":"geo_area_imovel","properties":{"cod_imovel":"RS-4300554-9E348887A8A4499186184CD1E953DD20","status_imovel":"AT","dat_criacao":"2015-07-13T18:42:13.365Z","area":15.6424,"condicao":"Aguardando análise","uf":"RS","municipio":"Alto Alegre","cod_municipio_ibge":4300554,"m_fiscal":0.869,"tipo_imovel":"IRU"}},{"type":"Feature","id":"sicar_imoveis_rs.1302530","geometry":{"type":"MultiPolygon","coordinates":[[[[-52.95350075,-28.84924087],[-52.95362949,-28.8498235],[-52.94635534,-28.85040613],[-52.9462266,-28.84897775],[-52.94779301,-28.84865824],[-52.95079708,-28.84862065],[-52.95109749,-28.84929726],[-52.95320034,-28.84869583],[-52.95350075,-28.84924087]]]]},"geometry_name":"geo_area_imovel","properties":{"cod_imovel":"RS-4300554-0ED0522950D64FC6B88C56A7823C123D","status_imovel":"AT","dat_criacao":"2015-07-13T19:19:29.564Z","area":10.305,"condicao":"Aguardando análise","uf":"RS","municipio":"Alto Alegre","cod_municipio_ibge":4300554,"m_fiscal":0.5725,"tipo_imovel":"IRU"}},{"type":"Feature","id":"sicar_imoveis_rs.1312121","geometry":{"type":"MultiPolygon","coordinates":[[[[-53.03128481,-28.76668102],[-53.03156376,-28.76641768],[-53.02894592,-28.76436742],[-53.02849531,-28.76504458],[-53.0297184,-28.76600387],[-53.03102732,-28.76690673],[-53.03128481,-28.76668102]]]]},"geometry_name":"geo_area_imovel","properties":{"cod_imovel":"RS-4300554-D516397703224597B8EC531C76C81FE5","status_imovel":"AT","dat_criacao":"2015-07-15T17:04:12.469Z","area":2.755,"condicao":"Aguardando análise","uf":"RS","municipio":"Alto Alegre","cod_municipio_ibge":4300554,"m_fiscal":0.1531,"tipo_imovel":"IRU"}},{"type":"Feature","id":"sicar_imoveis_rs.1312242","geometry":{"type":"MultiPolygon","coordinates":[[[[-53.02716494,-28.7740917],[-53.02798033,-28.77397885],[-53.02883863,-28.77390362],[-53.02886009,-28.77529542],[-53.02817345,-28.77531422],[-53.02752972,-28.77520138],[-53.02690744,-28.77482522],[-53.02716494,-28.7740917]]]]},"geometry_name":"geo_area_imovel","properties":{"cod_imovel":"RS-4300554-E570A097B6754DB4A0D202D20712A1E7","status_imovel":"AT","dat_criacao":"2015-07-15T17:17:56.562Z","area":2.4106,"condicao":"Aguardando análise","uf":"RS","municipio":"Alto Alegre","cod_municipio_ibge":4300554,"m_fiscal":0.1339,"tipo_imovel":"IRU"}},{"type":"Feature","id":"sicar_imoveis_rs.1319077","geometry":{"type":"MultiPolygon","coordinates":[[[[-52.94813633,-28.76348335],[-52.95547485,-28.7608499],[-52.95611858,-28.76167757],[-52.95792103,-28.76118849],[-52.95976639,-28.76216664],[-52.95427322,-28.76427337],[-52.94882298,-28.76626721],[-52.94813633,-28.76348335]]]]},"geometry_name":"geo_area_imovel","properties":{"cod_imovel":"RS-4300554-27A7746D1EE94062AA1F12566FD9F368","status_imovel":"AT","dat_criacao":"2015-07-16T16:41:28.003Z","area":29.6255,"condicao":"Aguardando análise","uf":"RS","municipio":"Alto Alegre","cod_municipio_ibge":4300554,"m_fiscal":1.6423,"tipo_imovel":"IRU"}},{"type":"Feature","id":"sicar_imoveis_rs.1319116","geometry":{"type":"MultiPolygon","coordinates":[[[[-52.94852257,-28.7709695],[-52.9480505,-28.77104473],[-52.94770718,-28.76976573],[-52.94862986,-28.76961526],[-52.94897318,-28.77091307],[-52.94852257,-28.7709695]]]]},"geometry_name":"geo_area_imovel","properties":{"cod_imovel":"RS-4300554-5CCA63CA6F534DF294B165050C371C93","status_imovel":"AT","dat_criacao":"2015-07-16T16:54:38.508Z","area":1.3352,"condicao":"Aguardando análise","uf":"RS","municipio":"Alto Alegre","cod_municipio_ibge":4300554,"m_fiscal":0.0742,"tipo_imovel":"IRU"}},{"type":"Feature","id":"sicar_imoveis_rs.1327694","geometry":{"type":"MultiPolygon","coordinates":[[[[-52.97879934,-28.76835505],[-52.96809196,-28.77309486],[-52.96806985,-28.7721114],[-52.96975562,-28.77152978],[-52.97839336,-28.7683181],[-52.97879934,-28.76835505]]]]},"geometry_name":"geo_area_imovel","properties":{"cod_imovel":"RS-4300554-EA478E55E86D4C6E81155CA2C1F778BA","status_imovel":"AT","dat_criacao":"2015-07-17T14:11:34.408Z","area":6.5852,"condicao":"Aguardando análise","uf":"RS","municipio":"Alto Alegre","cod_municipio_ibge":4300554,"m_fiscal":0.3658,"tipo_imovel":"IRU"}},{"type":"Feature","id":"sicar_imoveis_rs.1341384","geometry":{"type":"MultiPolygon","coordinates":[[[[-52.97886372,-28.80451889],[-52.98122406,-28.8046317],[-52.9816103,-28.80485733],[-52.98195362,-28.8046317],[-52.98377752,-28.80485733],[-52.9841423,-28.80434966],[-52.9838419,-28.80421804],[-52.98356295,-28.80410523],[-52.98296213,-28.80397361],[-52.98221111,-28.80418044],[-52.98163176,-28.80365396],[-52.98122406,-28.80301466],[-52.98088074,-28.80290184],[-52.98040867,-28.80277022],[-52.9795289,-28.80269501],[-52.97946453,-28.80316508],[-52.97946453,-28.80363516],[-52.97903538,-28.80361635],[-52.97886372,-28.80451889]]]]},"geometry_name":"geo_area_imovel","properties":{"cod_imovel":"RS-4300554-BEAC72094D154A3BA531EBDA2CB59D78","status_imovel":"AT","dat_criacao":"2015-07-21T16:52:45.973Z","area":6.305,"condicao":"Aguardando análise","uf":"RS","municipio":"Alto Alegre","cod_municipio_ibge":4300554,"m_fiscal":0.3503,"tipo_imovel":"IRU"}},{"type":"Feature","id":"sicar_imoveis_rs.1341619","geometry":{"type":"MultiPolygon","coordinates":[[[[-53.01317453,-28.81784914],[-53.01274538,-28.81848834],[-53.01220894,-28.81920275],[-53.01162958,-28.81986075],[-53.01227331,-28.82023675],[-53.01289558,-28.82066914],[-53.01725149,-28.81713472],[-53.01611423,-28.81649551],[-53.01525593,-28.81598789],[-53.01463366,-28.81658951],[-53.01409721,-28.81705952],[-53.01375389,-28.81734153],[-53.01317453,-28.81784914]]]]},"geometry_name":"geo_area_imovel","properties":{"cod_imovel":"RS-4300554-9647053C2CE0436690295E7654052B26","status_imovel":"AT","dat_criacao":"2015-07-21T17:22:16.004Z","area":11.2762,"condicao":"Aguardando análise","uf":"RS","municipio":"Alto Alegre","cod_municipio_ibge":4300554,"m_fiscal":0.6265,"tipo_imovel":"IRU"}},{"type":"Feature","id":"sicar_imoveis_rs.1349063","geometry":{"type":"MultiPolygon","coordinates":[[[[-52.99525738,-28.82768122],[-52.99796104,-28.82642171],[-53.00045013,-28.8279632],[-53.00027847,-28.82867754],[-52.99530029,-28.82848955],[-52.99525738,-28.82768122]]]]},"geometry_name":"geo_area_imovel","properties":{"cod_imovel":"RS-4300554-163F8B17079E476D947F28BC3709059D","status_imovel":"AT","dat_criacao":"2015-07-23T16:45:14.320Z","area":8.1555,"condicao":"Aguardando análise","uf":"RS","municipio":"Alto Alegre","cod_municipio_ibge":4300554,"m_fiscal":0.4531,"tipo_imovel":"IRU"}},{"type":"Feature","id":"sicar_imoveis_rs.1349135","geometry":{"type":"MultiPolygon","coordinates":[[[[-53.01199436,-28.82412824],[-53.00894737,-28.82112033],[-53.00856113,-28.8226055],[-53.00894737,-28.82337627],[-53.01096439,-28.82514339],[-53.01199436,-28.82412824]]]]},"geometry_name":"geo_area_imovel","properties":{"cod_imovel":"RS-4300554-13F4EFADA322422FAB48226B6A5DAE5A","status_imovel":"AT","dat_criacao":"2015-07-23T17:05:49.021Z","area":6.2821,"condicao":"Aguardando análise","uf":"RS","municipio":"Alto Alegre","cod_municipio_ibge":4300554,"m_fiscal":0.349,"tipo_imovel":"IRU"}},{"type":"Feature","id":"sicar_imoveis_rs.1349283","geometry":{"type":"MultiPolygon","coordinates":[[[[-52.98645973,-28.82339507],[-52.98611641,-28.82929788],[-52.98993587,-28.82756843],[-52.98950672,-28.82726765],[-52.98946381,-28.82670369],[-52.98967838,-28.82613973],[-52.98937798,-28.8250118],[-52.98791885,-28.82384625],[-52.98740387,-28.82339507],[-52.98645973,-28.82339507]]]]},"geometry_name":"geo_area_imovel","properties":{"cod_imovel":"RS-4300554-7513DFBDEA45491F8E80C03F7C4320B8","status_imovel":"AT","dat_criacao":"2015-07-23T17:37:02.020Z","area":15.9237,"condicao":"Aguardando análise","uf":"RS","municipio":"Alto Alegre","cod_municipio_ibge":4300554,"m_fiscal":0.8846,"tipo_imovel":"IRU"}},{"type":"Feature","id":"sicar_imoveis_rs.1352455","geometry":{"type":"MultiPolygon","coordinates":[[[[-52.99553651,-28.7828695],[-52.9974267,-28.78060112],[-52.99999886,-28.78232075],[-53.00159467,-28.78245611],[-53.00177603,-28.78387075],[-53.00045985,-28.78417221],[-52.99811125,-28.78644794],[-52.99669504,-28.78541361],[-52.99693376,-28.78378853],[-52.99553651,-28.7828695]]]]},"geometry_name":"geo_area_imovel","properties":{"cod_imovel":"RS-4300554-2C87355A84AF4162930DD578B6676648","status_imovel":"AT","dat_criacao":"2015-07-24T16:09:55.219Z","area":19.7996,"condicao":"Aguardando análise","uf":"RS","municipio":"Alto Alegre","cod_municipio_ibge":4300554,"m_fiscal":1.1,"tipo_imovel":"IRU"}},{"type":"Feature","id":"sicar_imoveis_rs.1352722","geometry":{"type":"MultiPolygon","coordinates":[[[[-52.96620369,-28.77320771],[-52.96729803,-28.77664958],[-52.96852112,-28.78003491],[-52.97077417,-28.77986565],[-52.97021627,-28.77796611],[-52.96976566,-28.77685646],[-52.96916485,-28.77608535],[-52.96871424,-28.77540826],[-52.9681778,-28.77211682],[-52.96729803,-28.77219206],[-52.96620369,-28.77320771]]]]},"geometry_name":"geo_area_imovel","properties":{"cod_imovel":"RS-4300554-8168E07FC5AE4AF19D7880E4409E6EBC","status_imovel":"AT","dat_criacao":"2015-07-24T17:12:47.982Z","area":17.7032,"condicao":"Aguardando análise","uf":"RS","municipio":"Alto Alegre","cod_municipio_ibge":4300554,"m_fiscal":0.9835,"tipo_imovel":"IRU"}},{"type":"Feature","id":"sicar_imoveis_rs.1352874","geometry":{"type":"MultiPolygon","coordinates":[[[[-52.97731833,-28.76016788],[-52.9776292,-28.76197718],[-52.97734022,-28.76222307],[-52.97437906,-28.76054894],[-52.97510862,-28.76005986],[-52.97581673,-28.76077466],[-52.97731833,-28.76016788]]]]},"geometry_name":"geo_area_imovel","properties":{"cod_imovel":"RS-4300554-8B63E720841A4178944319AE45A30EF2","status_imovel":"AT","dat_criacao":"2015-07-24T17:40:02.892Z","area":3.4127,"condicao":"Aguardando análise","uf":"RS","municipio":"Alto Alegre","cod_municipio_ibge":4300554,"m_fiscal":0.1896,"tipo_imovel":"IRU"}},{"type":"Feature","id":"sicar_imoveis_rs.1356801","geometry":{"type":"MultiPolygon","coordinates":[[[[-53.00813198,-28.77640508],[-53.00568581,-28.77401647],[-53.00495625,-28.77424216],[-53.00448418,-28.77499449],[-53.00409794,-28.77587846],[-53.00390482,-28.776706],[-53.00369024,-28.77749592],[-53.00392628,-28.77779684],[-53.0035615,-28.7784363],[-53.0044198,-28.77886887],[-53.00450563,-28.7792262],[-53.00506353,-28.77909455],[-53.00508499,-28.77885006],[-53.00544977,-28.77883125],[-53.00562143,-28.77898171],[-53.00600767,-28.77956473],[-53.00671577,-28.77916978],[-53.00714493,-28.77837987],[-53.00744534,-28.77802253],[-53.00740242,-28.77687527],[-53.00802469,-28.77681885],[-53.00813198,-28.77640508]]]]},"geometry_name":"geo_area_imovel","properties":{"cod_imovel":"RS-4300554-A5B21D4610764F37BEF0BC70AA7AA019","status_imovel":"AT","dat_criacao":"2015-07-27T12:28:30.680Z","area":16.6915,"condicao":"Aguardando análise","uf":"RS","municipio":"Alto Alegre","cod_municipio_ibge":4300554,"m_fiscal":0.9273,"tipo_imovel":"IRU"}},{"type":"Feature","id":"sicar_imoveis_rs.1357211","geometry":{"type":"MultiPolygon","coordinates":[[[[-53.00744534,-28.77689408],[-53.00746679,-28.77789088],[-53.00654411,-28.77937666],[-53.00881863,-28.78044867],[-53.00884008,-28.77885006],[-53.00982714,-28.77948951],[-53.01021338,-28.77932024],[-53.01059961,-28.77900052],[-53.01077127,-28.77849272],[-53.01105022,-28.77864318],[-53.01113605,-28.77866199],[-53.01212311,-28.77747712],[-53.00926924,-28.77578442],[-53.00819635,-28.776706],[-53.00744534,-28.77689408]]]]},"geometry_name":"geo_area_imovel","properties":{"cod_imovel":"RS-4300554-BBA6B566A39F4DF09579CE9DF1BCACB9","status_imovel":"AT","dat_criacao":"2015-07-27T14:02:30.889Z","area":14.1103,"condicao":"Aguardando análise","uf":"RS","municipio":"Alto Alegre","cod_municipio_ibge":4300554,"m_fiscal":0.7839,"tipo_imovel":"IRU"}},{"type":"Feature","id":"sicar_imoveis_rs.1360797","geometry":{"type":"MultiPolygon","coordinates":[[[[-52.99126625,-28.82692928],[-52.99094439,-28.82706087],[-52.99060106,-28.82721126],[-52.99040794,-28.82749323],[-52.99004316,-28.82775641],[-52.98618078,-28.8290159],[-52.98615932,-28.82988062],[-52.99197435,-28.82728645],[-52.99214602,-28.82687288],[-52.99216747,-28.82685408],[-52.99167395,-28.82672249],[-52.99126625,-28.82692928]]]]},"geometry_name":"geo_area_imovel","properties":{"cod_imovel":"RS-4300554-7EBFA80791FB43908683C14E42F4C0FA","status_imovel":"AT","dat_criacao":"2015-07-28T13:28:30.279Z","area":3.9457,"condicao":"Aguardando análise","uf":"RS","municipio":"Alto Alegre","cod_municipio_ibge":4300554,"m_fiscal":0.2192,"tipo_imovel":"IRU"}},{"type":"Feature","id":"sicar_imoveis_rs.1360876","geometry":{"type":"MultiPolygon","coordinates":[[[[-52.99246788,-28.82773762],[-52.9887557,-28.82929788],[-52.98869133,-28.83114009],[-52.99165249,-28.83115888],[-52.99371243,-28.83063254],[-52.99246788,-28.82773762]]]]},"geometry_name":"geo_area_imovel","properties":{"cod_imovel":"RS-4300554-6FD7CB5E6D664FA79CB628891F596C63","status_imovel":"AT","dat_criacao":"2015-07-28T13:46:18.329Z","area":12.7132,"condicao":"Aguardando análise","uf":"RS","municipio":"Alto Alegre","cod_municipio_ibge":4300554,"m_fiscal":0.7063,"tipo_imovel":"IRU"}},{"type":"Feature","id":"sicar_imoveis_rs.1361752","geometry":{"type":"MultiPolygon","coordinates":[[[[-53.0130887,-28.83471162],[-53.01113605,-28.83625298],[-53.01426888,-28.83944842],[-53.01641464,-28.83751237],[-53.0130887,-28.83471162]]]]},"geometry_name":"geo_area_imovel","properties":{"cod_imovel":"RS-4300554-241B18DBE1A34D4D922B4E5BF0074456","status_imovel":"AT","dat_criacao":"2015-07-28T18:48:20.558Z","area":12.7205,"condicao":"Aguardando análise","uf":"RS","municipio":"Alto Alegre","cod_municipio_ibge":4300554,"m_fiscal":0.7067,"tipo_imovel":"IRU"}},{"type":"Feature","id":"sicar_imoveis_rs.1371238","geometry":{"type":"MultiPolygon","coordinates":[[[[-53.05199146,-28.79833262],[-53.05282831,-28.79773089],[-53.05113316,-28.79645222],[-53.05068254,-28.79688472],[-53.05016756,-28.79707276],[-53.04978132,-28.79714797],[-53.04969549,-28.79733601],[-53.04941654,-28.79801295],[-53.04896593,-28.79844544],[-53.04922342,-28.79870869],[-53.04980278,-28.7982198],[-53.05113316,-28.79895314],[-53.05199146,-28.79833262]]]]},"geometry_name":"geo_area_imovel","properties":{"cod_imovel":"RS-4300554-4D96CF68D1FB4681953DF1F5688DC2B3","status_imovel":"AT","dat_criacao":"2015-07-31T12:43:43.379Z","area":5.2361,"condicao":"Aguardando análise","uf":"RS","municipio":"Alto Alegre","cod_municipio_ibge":4300554,"m_fiscal":0.2909,"tipo_imovel":"IRU"}},{"type":"Feature","id":"sicar_imoveis_rs.1371261","geometry":{"type":"MultiPolygon","coordinates":[[[[-53.011415,-28.79859587],[-53.01592112,-28.79855826],[-53.01594257,-28.7982574],[-53.01184416,-28.79820099],[-53.011415,-28.79859587]]]]},"geometry_name":"geo_area_imovel","properties":{"cod_imovel":"RS-4300554-55C3FF855288454A9F5121CD69A3240A","status_imovel":"AT","dat_criacao":"2015-07-31T12:47:25.274Z","area":1.6219,"condicao":"Aguardando análise","uf":"RS","municipio":"Alto Alegre","cod_municipio_ibge":4300554,"m_fiscal":0.0901,"tipo_imovel":"IRU"}},{"type":"Feature","id":"sicar_imoveis_rs.1371285","geometry":{"type":"MultiPolygon","coordinates":[[[[-53.01079273,-28.79917879],[-53.00156593,-28.79906596],[-53.00156593,-28.79942323],[-53.01034212,-28.79946084],[-53.01079273,-28.79917879]]]]},"geometry_name":"geo_area_imovel","properties":{"cod_imovel":"RS-4300554-B9CDED57396A4982A1A3AF3EBD3373EF","status_imovel":"AT","dat_criacao":"2015-07-31T12:50:47.826Z","area":3.1322,"condicao":"Aguardando análise","uf":"RS","municipio":"Alto Alegre","cod_municipio_ibge":4300554,"m_fiscal":0.174,"tipo_imovel":"IRU"}},{"type":"Feature","id":"sicar_imoveis_rs.1371345","geometry":{"type":"MultiPolygon","coordinates":[[[[-53.00995588,-28.80000614],[-53.00173759,-28.80006255],[-53.00175905,-28.79970529],[-53.00987005,-28.79968648],[-53.01006317,-28.79981811],[-53.00995588,-28.80000614]]]]},"geometry_name":"geo_area_imovel","properties":{"cod_imovel":"RS-4300554-29DD50C2520A418BAFE8C39FE23E2D9E","status_imovel":"AT","dat_criacao":"2015-07-31T12:59:00.211Z","area":3.0191,"condicao":"Aguardando análise","uf":"RS","municipio":"Alto Alegre","cod_municipio_ibge":4300554,"m_fiscal":0.1677,"tipo_imovel":"IRU"}},{"type":"Feature","id":"sicar_imoveis_rs.1372767","geometry":{"type":"MultiPolygon","coordinates":[[[[-53.0310785,-28.79759886],[-53.03076707,-28.79823516],[-53.03080657,-28.79837639],[-53.03092125,-28.79853782],[-53.03080896,-28.79879638],[-53.0304221,-28.79903955],[-53.03012812,-28.79921747],[-53.02976535,-28.79931352],[-53.02953127,-28.79938143],[-53.02921444,-28.79935388],[-53.028891,-28.79936509],[-53.02856819,-28.79940853],[-53.02765065,-28.79720944],[-53.02957146,-28.79687816],[-53.0310785,-28.79759886]]]]},"geometry_name":"geo_area_imovel","properties":{"cod_imovel":"RS-4300554-F48EFCB85C8D42A298A2CBEA9B3ADE90","status_imovel":"AT","dat_criacao":"2015-07-31T17:25:41.079Z","area":6.5305,"condicao":"Aguardando análise","uf":"RS","municipio":"Alto Alegre","cod_municipio_ibge":4300554,"m_fiscal":0.3628,"tipo_imovel":"IRU"}},{"type":"Feature","id":"sicar_imoveis_rs.1373295","geometry":{"type":"MultiPolygon","coordinates":[[[[-52.98796177,-28.76440504],[-52.98652411,-28.7666434],[-52.99038649,-28.76897575],[-52.99163103,-28.76818577],[-52.98796177,-28.76440504]]]]},"geometry_name":"geo_area_imovel","properties":{"cod_imovel":"RS-4300554-F0B140FC0F544275A18FE19AE15E8738","status_imovel":"AT","dat_criacao":"2015-07-31T18:43:45.078Z","area":10.6097,"condicao":"Aguardando análise","uf":"RS","municipio":"Alto Alegre","cod_municipio_ibge":4300554,"m_fiscal":0.5894,"tipo_imovel":"IRU"}},{"type":"Feature","id":"sicar_imoveis_rs.1378422","geometry":{"type":"MultiPolygon","coordinates":[[[[-52.99252143,-28.82231638],[-52.99408308,-28.82029081],[-52.99451953,-28.82098687],[-52.99457175,-28.82197405],[-52.99576621,-28.82241334],[-52.99644469,-28.82304587],[-52.99593407,-28.82311548],[-52.99541558,-28.82287204],[-52.99543483,-28.82261682],[-52.99480409,-28.82249521],[-52.99461496,-28.82352002],[-52.99491015,-28.82376959],[-52.99505941,-28.82311611],[-52.99539864,-28.82328508],[-52.9957106,-28.82317967],[-52.9958465,-28.82327504],[-52.99546935,-28.82355946],[-53.00115595,-28.8271085],[-53.0011797,-28.82777521],[-53.000772,-28.82800079],[-53.00087929,-28.82843316],[-53.00087929,-28.82886552],[-53.000772,-28.82941067],[-53.00111532,-28.83042577],[-53.00081491,-28.83114009],[-52.99991822,-28.83082883],[-52.99891239,-28.82969161],[-53.00066026,-28.82761556],[-52.9968667,-28.82582015],[-52.99311441,-28.82373678],[-52.99364194,-28.82301279],[-52.99252143,-28.82231638]]]]},"geometry_name":"geo_area_imovel","properties":{"cod_imovel":"RS-4300554-73C460E20EA94858A74B84DAFAECB74D","status_imovel":"AT","dat_criacao":"2015-08-03T17:30:02.123Z","area":19.3227,"condicao":"Aguardando análise","uf":"RS","municipio":"Alto Alegre","cod_municipio_ibge":4300554,"m_fiscal":1.0735,"tipo_imovel":"IRU"}},{"type":"Feature","id":"sicar_imoveis_rs.1378572","geometry":{"type":"MultiPolygon","coordinates":[[[[-53.01208019,-28.83508757],[-53.00886621,-28.83799384],[-53.00524745,-28.83252223],[-53.00656653,-28.83219261],[-53.00735592,-28.83303495],[-53.00899029,-28.83245593],[-53.01208019,-28.83508757]]]]},"geometry_name":"geo_area_imovel","properties":{"cod_imovel":"RS-4300554-FCDEAF1439784222BB4A6169BF0E8450","status_imovel":"AT","dat_criacao":"2015-08-03T18:08:55.232Z","area":20.2681,"condicao":"Aguardando análise","uf":"RS","municipio":"Alto Alegre","cod_municipio_ibge":4300554,"m_fiscal":1.126,"tipo_imovel":"IRU"}},{"type":"Feature","id":"sicar_imoveis_rs.1378763","geometry":{"type":"MultiPolygon","coordinates":[[[[-52.93341637,-28.75078577],[-52.9432869,-28.75214025],[-52.94260025,-28.75099271],[-52.94292212,-28.75057883],[-52.9430294,-28.75010852],[-52.94292212,-28.74965702],[-52.94268608,-28.74913027],[-52.94221401,-28.7487352],[-52.94075489,-28.74922433],[-52.94006824,-28.74877283],[-52.93680668,-28.75035308],[-52.93566942,-28.74975108],[-52.93446779,-28.74911146],[-52.93341637,-28.75078577]]]]},"geometry_name":"geo_area_imovel","properties":{"cod_imovel":"RS-4300554-355DFF56221144BAB072678228D5DF78","status_imovel":"AT","dat_criacao":"2015-08-03T18:59:26.171Z","area":20.131,"condicao":"Aguardando análise","uf":"RS","municipio":"Alto Alegre","cod_municipio_ibge":4300554,"m_fiscal":1.1184,"tipo_imovel":"IRU"}},{"type":"Feature","id":"sicar_imoveis_rs.1378842","geometry":{"type":"MultiPolygon","coordinates":[[[[-52.97193289,-28.78424762],[-52.97079563,-28.77967758],[-52.9690361,-28.77995968],[-52.97010899,-28.78421001],[-52.97193289,-28.78424762]]]]},"geometry_name":"geo_area_imovel","properties":{"cod_imovel":"RS-4300554-5075C3BA95564CF09F8EA5A64DBCCB6B","status_imovel":"AT","dat_criacao":"2015-08-03T19:20:33.722Z","area":8.6984,"condicao":"Aguardando análise","uf":"RS","municipio":"Alto Alegre","cod_municipio_ibge":4300554,"m_fiscal":0.4832,"tipo_imovel":"IRU"}},{"type":"Feature","id":"sicar_imoveis_rs.1382797","geometry":{"type":"MultiPolygon","coordinates":[[[[-53.02729368,-28.779734],[-53.03186417,-28.78345775],[-53.03338766,-28.78091884],[-53.03370953,-28.7805239],[-53.0316925,-28.78011014],[-53.03096294,-28.78031702],[-53.03044796,-28.78005372],[-53.02984715,-28.78033583],[-53.02825928,-28.77834226],[-53.02776575,-28.77847391],[-53.02778721,-28.77956473],[-53.02729368,-28.779734]]]]},"geometry_name":"geo_area_imovel","properties":{"cod_imovel":"RS-4300554-5594E2A0C9354709AAFC4DEC44463C6F","status_imovel":"AT","dat_criacao":"2015-08-05T16:55:52.268Z","area":12.815,"condicao":"Aguardando análise","uf":"RS","municipio":"Alto Alegre","cod_municipio_ibge":4300554,"m_fiscal":0.7119,"tipo_imovel":"IRU"}},{"type":"Feature","id":"sicar_imoveis_rs.1382899","geometry":{"type":"MultiPolygon","coordinates":[[[[-53.02147865,-28.80782811],[-53.01834583,-28.80809133],[-53.01598549,-28.80790331],[-53.01311016,-28.8077529],[-53.00778866,-28.80730165],[-53.00830364,-28.80805373],[-53.0087328,-28.808693],[-53.01928997,-28.80997152],[-53.02023411,-28.81053557],[-53.02169323,-28.80914424],[-53.02177906,-28.80786571],[-53.02147865,-28.80782811]]]]},"geometry_name":"geo_area_imovel","properties":{"cod_imovel":"RS-4300554-E82F107B23A84602B87119092BB3EF7D","status_imovel":"AT","dat_criacao":"2015-08-05T17:11:29.271Z","area":23.9183,"condicao":"Aguardando análise","uf":"RS","municipio":"Alto Alegre","cod_municipio_ibge":4300554,"m_fiscal":1.3288,"tipo_imovel":"IRU"}},{"type":"Feature","id":"sicar_imoveis_rs.1383308","geometry":{"type":"MultiPolygon","coordinates":[[[[-53.01400138,-28.83949279],[-53.01393192,-28.83955256],[-53.0125969,-28.84070021],[-53.01126196,-28.84184785],[-53.00989031,-28.83980867],[-53.00897944,-28.84033918],[-53.01133003,-28.84416029],[-53.01178168,-28.8440173],[-53.01351191,-28.84660946],[-53.01352246,-28.846625],[-53.01354975,-28.84660555],[-53.01364833,-28.84653027],[-53.01372114,-28.8464053],[-53.01381244,-28.84640447],[-53.01393725,-28.84637698],[-53.01411779,-28.84642807],[-53.01424692,-28.84643895],[-53.01430663,-28.84639421],[-53.0143003,-28.84638501],[-53.01410274,-28.84609922],[-53.01537856,-28.84496723],[-53.01222136,-28.84295972],[-53.0138889,-28.84152197],[-53.01503807,-28.84048338],[-53.01400138,-28.83949279]]]]},"geometry_name":"geo_area_imovel","properties":{"cod_imovel":"RS-4300554-A91D519C22D2400BBB1E52B8E9522B33","status_imovel":"AT","dat_criacao":"2015-08-05T18:24:09.891Z","area":17.9386,"condicao":"Aguardando análise","uf":"RS","municipio":"Alto Alegre","cod_municipio_ibge":4300554,"m_fiscal":0.9966,"tipo_imovel":"IRU"}},{"type":"Feature","id":"sicar_imoveis_rs.1387136","geometry":{"type":"MultiPolygon","coordinates":[[[[-52.98171759,-28.75782136],[-52.98137426,-28.75815996],[-52.97783375,-28.75895002],[-52.97701836,-28.75910051],[-52.97609568,-28.75921337],[-52.9703021,-28.75970245],[-52.97076932,-28.75824951],[-52.971711,-28.75696024],[-52.97669649,-28.75821639],[-52.98135281,-28.75725703],[-52.98171759,-28.75782136]]]]},"geometry_name":"geo_area_imovel","properties":{"cod_imovel":"RS-4300554-A6147E8500DE407686ACFC737E4689B7","status_imovel":"AT","dat_criacao":"2015-08-07T12:00:18.272Z","area":16.9684,"condicao":"Aguardando análise","uf":"RS","municipio":"Alto Alegre","cod_municipio_ibge":4300554,"m_fiscal":0.942,"tipo_imovel":"IRU"}},{"type":"Feature","id":"sicar_imoveis_rs.1388275","geometry":{"type":"MultiPolygon","coordinates":[[[[-52.95453072,-28.80905023],[-52.95399427,-28.80889982],[-52.95405865,-28.80711362],[-52.95534611,-28.80713243],[-52.95508862,-28.80923825],[-52.95453072,-28.80905023]]]]},"geometry_name":"geo_area_imovel","properties":{"cod_imovel":"RS-4300554-668C77F205534FBC8BBB93A92AB6088F","status_imovel":"AT","dat_criacao":"2015-08-07T16:31:58.499Z","area":2.5296,"condicao":"Aguardando análise","uf":"RS","municipio":"Alto Alegre","cod_municipio_ibge":4300554,"m_fiscal":0.1405,"tipo_imovel":"IRU"}},{"type":"Feature","id":"sicar_imoveis_rs.1393848","geometry":{"type":"MultiPolygon","coordinates":[[[[-52.99493874,-28.77897455],[-52.99303804,-28.77945786],[-52.99175804,-28.77870597],[-52.99169043,-28.77812472],[-52.99313865,-28.77781583],[-52.99493874,-28.77897455]]]]},"geometry_name":"geo_area_imovel","properties":{"cod_imovel":"RS-4300554-688680DA14544838BA13090A845BE389","status_imovel":"AT","dat_criacao":"2015-08-11T16:56:33.036Z","area":3.308,"condicao":"Aguardando análise","uf":"RS","municipio":"Alto Alegre","cod_municipio_ibge":4300554,"m_fiscal":0.1838,"tipo_imovel":"IRU"}},{"type":"Feature","id":"sicar_imoveis_rs.1398719","geometry":{"type":"MultiPolygon","coordinates":[[[[-52.94373751,-28.75321254],[-52.93315887,-28.75146301],[-52.93313742,-28.75193332],[-52.94395208,-28.75375808],[-52.94373751,-28.75321254]]]]},"geometry_name":"geo_area_imovel","properties":{"cod_imovel":"RS-4300554-3E0613A596194C549D59F8B5C1D804F2","status_imovel":"CA","dat_criacao":"2015-08-12T16:39:51.174Z","area":5.695,"condicao":"Cancelado por decisão administrativa","uf":"RS","municipio":"Alto Alegre","cod_municipio_ibge":4300554,"m_fiscal":0.3164,"tipo_imovel":"IRU"}},{"type":"Feature","id":"sicar_imoveis_rs.1401463","geometry":{"type":"MultiPolygon","coordinates":[[[[-52.96536684,-28.80184887],[-52.9583931,-28.80258219],[-52.95811415,-28.80160443],[-52.95850039,-28.80090871],[-52.95807123,-28.80034461],[-52.95850039,-28.79964888],[-52.95914412,-28.79951725],[-52.95976639,-28.79957366],[-52.96047449,-28.79951725],[-52.96146154,-28.79957366],[-52.96206236,-28.79974289],[-52.96240568,-28.79938563],[-52.96253443,-28.79906596],[-52.96277046,-28.79859587],[-52.96375751,-28.79861467],[-52.96397209,-28.79880271],[-52.96422958,-28.79893434],[-52.96429396,-28.79929161],[-52.9644227,-28.79951725],[-52.96431541,-28.800307],[-52.96457291,-28.80055144],[-52.96504498,-28.80109674],[-52.96534538,-28.80173605],[-52.96536684,-28.80184887]]]]},"geometry_name":"geo_area_imovel","properties":{"cod_imovel":"RS-4300554-A2FAF46169754DB0BB8F7F36F4BD365D","status_imovel":"AT","dat_criacao":"2015-08-13T14:05:28.577Z","area":20.5363,"condicao":"Aguardando análise","uf":"RS","municipio":"Alto Alegre","cod_municipio_ibge":4300554,"m_fiscal":1.1409,"tipo_imovel":"IRU"}},{"type":"Feature","id":"sicar_imoveis_rs.1401471","geometry":{"type":"MultiPolygon","coordinates":[[[[-52.97040939,-28.80493254],[-52.97126432,-28.80477306],[-52.97272419,-28.80496643],[-52.97345781,-28.80557493],[-52.97436011,-28.80564236],[-52.97523031,-28.8062059],[-52.97719002,-28.80844857],[-52.9765892,-28.80897503],[-52.97515154,-28.80754607],[-52.97495842,-28.80818534],[-52.97354221,-28.80858019],[-52.97206163,-28.80888102],[-52.97215858,-28.80731582],[-52.97073126,-28.80717003],[-52.97040939,-28.80493254]]]]},"geometry_name":"geo_area_imovel","properties":{"cod_imovel":"RS-4300554-64200486F2D94D9F80C9A53FC21B96F3","status_imovel":"AT","dat_criacao":"2015-08-13T14:07:20.466Z","area":16.4777,"condicao":"Aguardando análise","uf":"RS","municipio":"Alto Alegre","cod_municipio_ibge":4300554,"m_fiscal":0.9154,"tipo_imovel":"IRU"}},{"type":"Feature","id":"sicar_imoveis_rs.1401497","geometry":{"type":"MultiPolygon","coordinates":[[[[-52.97455072,-28.81286694],[-52.9746151,-28.81235931],[-52.97581673,-28.81254732],[-52.97609568,-28.81282934],[-52.97616005,-28.81343098],[-52.97525883,-28.81337457],[-52.97525883,-28.81294215],[-52.97455072,-28.81286694]]]]},"geometry_name":"geo_area_imovel","properties":{"cod_imovel":"RS-4300554-000084029E28484A852F54D0F89AF121","status_imovel":"AT","dat_criacao":"2015-08-13T14:09:15.602Z","area":1.1424,"condicao":"Aguardando análise","uf":"RS","municipio":"Alto Alegre","cod_municipio_ibge":4300554,"m_fiscal":0.0635,"tipo_imovel":"IRU"}},{"type":"Feature","id":"sicar_imoveis_rs.1401547","geometry":{"type":"MultiPolygon","coordinates":[[[[-52.94221401,-28.74877283],[-52.94066906,-28.74918671],[-52.94002533,-28.74854707],[-52.94109821,-28.74845301],[-52.94187069,-28.74775693],[-52.94270754,-28.74738067],[-52.94646263,-28.74783219],[-52.94644117,-28.74914908],[-52.94279337,-28.75138776],[-52.94242859,-28.75095508],[-52.94296503,-28.7503719],[-52.9430294,-28.74973227],[-52.94266462,-28.7490362],[-52.94221401,-28.74877283]]]]},"geometry_name":"geo_area_imovel","properties":{"cod_imovel":"RS-4300554-7D017E8409A44EF88875239199F7A1BC","status_imovel":"AT","dat_criacao":"2015-08-13T14:14:30.213Z","area":13.0854,"condicao":"Aguardando análise","uf":"RS","municipio":"Alto Alegre","cod_municipio_ibge":4300554,"m_fiscal":0.727,"tipo_imovel":"IRU"}},{"type":"Feature","id":"sicar_imoveis_rs.1413499","geometry":{"type":"MultiPolygon","coordinates":[[[[-53.04338694,-28.808693],[-53.04308653,-28.808693],[-53.04345131,-28.81068598],[-53.04396629,-28.81279174],[-53.04598331,-28.81209609],[-53.04591894,-28.81188928],[-53.0457902,-28.81166366],[-53.04563999,-28.81125003],[-53.04525375,-28.81098681],[-53.04478168,-28.8108552],[-53.04415941,-28.81036636],[-53.04338694,-28.808693]]]]},"geometry_name":"geo_area_imovel","properties":{"cod_imovel":"RS-4300554-4C2F71DF9101437C943179E981C52BE7","status_imovel":"AT","dat_criacao":"2015-08-17T17:09:25.826Z","area":5.0263,"condicao":"Aguardando análise","uf":"RS","municipio":"Alto Alegre","cod_municipio_ibge":4300554,"m_fiscal":0.2792,"tipo_imovel":"IRU"}},{"type":"Feature","id":"sicar_imoveis_rs.1413667","geometry":{"type":"MultiPolygon","coordinates":[[[[-53.00193071,-28.84140322],[-53.00175905,-28.84177914],[-53.00163031,-28.84234302],[-53.00139427,-28.84262496],[-53.00053596,-28.84273773],[-53.00040722,-28.84326401],[-52.99972057,-28.84407223],[-53.00877571,-28.8441662],[-53.00879717,-28.84264375],[-53.00693035,-28.84228663],[-53.0049777,-28.84194831],[-53.00381899,-28.84164757],[-53.00193071,-28.84140322]]]]},"geometry_name":"geo_area_imovel","properties":{"cod_imovel":"RS-4300554-5D2588E4BF0C4223AB0EDCF030D621D2","status_imovel":"AT","dat_criacao":"2015-08-17T17:38:34.828Z","area":18.7592,"condicao":"Aguardando análise","uf":"RS","municipio":"Alto Alegre","cod_municipio_ibge":4300554,"m_fiscal":1.0422,"tipo_imovel":"IRU"}},{"type":"Feature","id":"sicar_imoveis_rs.1417004","geometry":{"type":"MultiPolygon","coordinates":[[[[-53.01358223,-28.77757115],[-53.01604986,-28.777684],[-53.01838875,-28.77636746],[-53.01864624,-28.77627342],[-53.01823854,-28.77578442],[-53.01862478,-28.77561515],[-53.01838875,-28.77529542],[-53.01871061,-28.77514495],[-53.01858187,-28.77490045],[-53.01860332,-28.77461833],[-53.01798105,-28.7740917],[-53.01776648,-28.77343341],[-53.01748753,-28.7736403],[-53.01731586,-28.77332056],[-53.01695108,-28.77326414],[-53.01712275,-28.77290678],[-53.01673651,-28.77266227],[-53.01650047,-28.77232372],[-53.01617861,-28.77226729],[-53.01598549,-28.77198516],[-53.01544905,-28.77179708],[-53.01474094,-28.77132686],[-53.01429033,-28.77095069],[-53.01401138,-28.77085664],[-53.01375389,-28.77089426],[-53.01302433,-28.77155257],[-53.01220894,-28.77238014],[-53.01085711,-28.77168423],[-53.0094409,-28.77108235],[-53.00901175,-28.77085664],[-53.00884008,-28.77202278],[-53.00866842,-28.77207921],[-53.00862551,-28.77145852],[-53.00779939,-28.77193814],[-53.00697327,-28.77241776],[-53.00602913,-28.77294439],[-53.00596476,-28.7734146],[-53.00585747,-28.77382838],[-53.00673723,-28.77493806],[-53.00808907,-28.77648031],[-53.00931215,-28.7755023],[-53.01040649,-28.77538946],[-53.01180124,-28.77471237],[-53.01199436,-28.77629223],[-53.01214457,-28.77708216],[-53.0122304,-28.77764638],[-53.01287413,-28.77762758],[-53.01358223,-28.77757115]]]]},"geometry_name":"geo_area_imovel","properties":{"cod_imovel":"RS-4300554-669616A7B5C94156ACF5650502405D73","status_imovel":"AT","dat_criacao":"2015-08-18T18:51:33.592Z","area":59.5979,"condicao":"Aguardando análise","uf":"RS","municipio":"Alto Alegre","cod_municipio_ibge":4300554,"m_fiscal":3.311,"tipo_imovel":"IRU"}},{"type":"Feature","id":"sicar_imoveis_rs.1417225","geometry":{"type":"MultiPolygon","coordinates":[[[[-52.99246788,-28.82773762],[-52.98620224,-28.83061374],[-52.98603058,-28.83029418],[-52.98626661,-28.82991822],[-52.99206018,-28.82724885],[-52.99246788,-28.82773762]]]]},"geometry_name":"geo_area_imovel","properties":{"cod_imovel":"RS-4300554-EBF6D14014F341D8B8ED55A543787F2C","status_imovel":"AT","dat_criacao":"2015-08-18T19:41:51.185Z","area":4.4534,"condicao":"Aguardando análise","uf":"RS","municipio":"Alto Alegre","cod_municipio_ibge":4300554,"m_fiscal":0.2474,"tipo_imovel":"IRU"}},{"type":"Feature","id":"sicar_imoveis_rs.1432061","geometry":{"type":"MultiPolygon","coordinates":[[[[-52.99433433,-28.81998699],[-52.99459219,-28.81980435],[-52.99836436,-28.82210019],[-53.00128698,-28.82375226],[-53.00355026,-28.82497521],[-53.00347744,-28.82507801],[-53.00122261,-28.82395905],[-52.9982152,-28.82235372],[-52.99433433,-28.81998699]]]]},"geometry_name":"geo_area_imovel","properties":{"cod_imovel":"RS-4300554-673CEB06976E41FC91ACC0E949DBE21C","status_imovel":"AT","dat_criacao":"2015-08-24T17:56:23.160Z","area":2.8079,"condicao":"Aguardando análise","uf":"RS","municipio":"Alto Alegre","cod_municipio_ibge":4300554,"m_fiscal":0.156,"tipo_imovel":"IRU"}},{"type":"Feature","id":"sicar_imoveis_rs.1457164","geometry":{"type":"MultiPolygon","coordinates":[[[[-52.97607422,-28.85611947],[-52.97577381,-28.85579998],[-52.97577381,-28.85566843],[-52.97575235,-28.85553688],[-52.97757626,-28.85465358],[-52.97886372,-28.8542965],[-52.9788208,-28.85497307],[-52.97607422,-28.85611947]]]]},"geometry_name":"geo_area_imovel","properties":{"cod_imovel":"RS-4300554-1E5391BAA9314101ABA679DB21017227","status_imovel":"AT","dat_criacao":"2015-08-31T13:06:40.016Z","area":2.4748,"condicao":"Aguardando análise","uf":"RS","municipio":"Alto Alegre","cod_municipio_ibge":4300554,"m_fiscal":0.1375,"tipo_imovel":"IRU"}},{"type":"Feature","id":"sicar_imoveis_rs.1457394","geometry":{"type":"MultiPolygon","coordinates":[[[[-52.96008825,-28.83138446],[-52.96343565,-28.83307625],[-52.9630065,-28.83446726],[-52.96191216,-28.83395973],[-52.96174049,-28.83546351],[-52.95995951,-28.83531313],[-52.9598093,-28.83411011],[-52.9595089,-28.83341461],[-52.95922995,-28.83294467],[-52.9595089,-28.83213637],[-52.96008825,-28.83138446]]]]},"geometry_name":"geo_area_imovel","properties":{"cod_imovel":"RS-4300554-2B8BDE7530AB4934AE6C1BB9F6525902","status_imovel":"AT","dat_criacao":"2015-08-31T13:47:30.135Z","area":10.9968,"condicao":"Aguardando análise","uf":"RS","municipio":"Alto Alegre","cod_municipio_ibge":4300554,"m_fiscal":0.6109,"tipo_imovel":"IRU"}},{"type":"Feature","id":"sicar_imoveis_rs.1457451","geometry":{"type":"MultiPolygon","coordinates":[[[[-52.935884,-28.81309256],[-52.93445192,-28.81300997],[-52.93327376,-28.81301981],[-52.93153303,-28.81310539],[-52.930305,-28.81313016],[-52.93163538,-28.81077999],[-52.93629169,-28.8108364],[-52.935884,-28.81309256]]]]},"geometry_name":"geo_area_imovel","properties":{"cod_imovel":"RS-4300554-9C9DA5B9BFDF400289337D8145C7AD3A","status_imovel":"AT","dat_criacao":"2015-08-31T14:01:09.339Z","area":12.4624,"condicao":"Aguardando análise","uf":"RS","municipio":"Alto Alegre","cod_municipio_ibge":4300554,"m_fiscal":0.6924,"tipo_imovel":"IRU"}},{"type":"Feature","id":"sicar_imoveis_rs.1458142","geometry":{"type":"MultiPolygon","coordinates":[[[[-53.01626444,-28.80081469],[-53.01609278,-28.80297705],[-53.00935507,-28.80241296],[-53.00952673,-28.80158563],[-53.00971985,-28.80100272],[-53.00998293,-28.79991151],[-53.010833,-28.79941346],[-53.0113902,-28.79956074],[-53.01203141,-28.79943035],[-53.01272114,-28.79992041],[-53.01301849,-28.80045776],[-53.01626444,-28.80081469]]]]},"geometry_name":"geo_area_imovel","properties":{"cod_imovel":"RS-4300554-40FBF77D2436413A8AE54B1F1B146FA5","status_imovel":"AT","dat_criacao":"2015-08-31T17:49:28.607Z","area":18.1469,"condicao":"Aguardando análise","uf":"RS","municipio":"Alto Alegre","cod_municipio_ibge":4300554,"m_fiscal":1.0082,"tipo_imovel":"IRU"}},{"type":"Feature","id":"sicar_imoveis_rs.1464393","geometry":{"type":"MultiPolygon","coordinates":[[[[-53.00306797,-28.82373346],[-53.00064325,-28.82196632],[-52.99817562,-28.82031194],[-52.99585819,-28.81860115],[-52.9972744,-28.81709712],[-52.99999533,-28.81904884],[-53.00124407,-28.81788674],[-53.01072471,-28.82482368],[-53.00941924,-28.82591202],[-53.00861244,-28.82540316],[-53.00701618,-28.82756843],[-53.00537052,-28.8265209],[-53.00542831,-28.82548177],[-53.00306797,-28.82373346]]]]},"geometry_name":"geo_area_imovel","properties":{"cod_imovel":"RS-4300554-34ADF5A92C154EB2B372153E5145B94F","status_imovel":"AT","dat_criacao":"2015-09-01T18:46:35.759Z","area":53.9477,"condicao":"Aguardando análise","uf":"RS","municipio":"Alto Alegre","cod_municipio_ibge":4300554,"m_fiscal":2.9971,"tipo_imovel":"IRU"}},{"type":"Feature","id":"sicar_imoveis_rs.1473718","geometry":{"type":"MultiPolygon","coordinates":[[[[-53.00100013,-28.84267584],[-53.00048788,-28.84288301],[-53.00013789,-28.84338651],[-52.99965931,-28.84365776],[-52.9994435,-28.84395153],[-52.99931353,-28.84442691],[-52.99914173,-28.84481176],[-52.99871518,-28.8451631],[-52.99829159,-28.84542168],[-52.99808364,-28.84553235],[-52.998091,-28.84458872],[-52.99735156,-28.84481944],[-52.99763852,-28.84307511],[-52.99812754,-28.83993117],[-53.00011715,-28.8397223],[-53.001277,-28.83966486],[-53.00255778,-28.83984397],[-53.00100013,-28.84267584]]]]},"geometry_name":"geo_area_imovel","properties":{"cod_imovel":"RS-4300554-299B3308CCD0440D8A6A4B99790B913D","status_imovel":"AT","dat_criacao":"2015-09-04T12:39:52.455Z","area":17.7668,"condicao":"Aguardando análise","uf":"RS","municipio":"Alto Alegre","cod_municipio_ibge":4300554,"m_fiscal":0.987,"tipo_imovel":"IRU"}},{"type":"Feature","id":"sicar_imoveis_rs.1475265","geometry":{"type":"MultiPolygon","coordinates":[[[[-53.00266681,-28.77812286],[-53.00451699,-28.7790848],[-53.00508155,-28.77869124],[-53.00865304,-28.78034701],[-53.00844665,-28.78067278],[-53.00794378,-28.78071842],[-53.00588717,-28.78013918],[-53.00584501,-28.78041611],[-53.00587173,-28.78069795],[-53.00581538,-28.78088858],[-53.00197506,-28.77909304],[-53.00210767,-28.77873762],[-53.00266681,-28.77812286]]]]},"geometry_name":"geo_area_imovel","properties":{"cod_imovel":"RS-4300554-47B931844C504D57AE122ABB1668CB79","status_imovel":"AT","dat_criacao":"2015-09-04T16:36:11.391Z","area":7.8939,"condicao":"Aguardando análise","uf":"RS","municipio":"Alto Alegre","cod_municipio_ibge":4300554,"m_fiscal":0.4385,"tipo_imovel":"IRU"}},{"type":"Feature","id":"sicar_imoveis_rs.1475369","geometry":{"type":"MultiPolygon","coordinates":[[[[-53.02285194,-28.78300639],[-53.02263737,-28.78287475],[-53.02240133,-28.78279952],[-53.01841021,-28.78520674],[-53.01856041,-28.78563928],[-53.01873207,-28.78607182],[-53.01873207,-28.78659839],[-53.01883936,-28.78708734],[-53.02139282,-28.78595898],[-53.023839,-28.78466136],[-53.02353859,-28.78407836],[-53.02300215,-28.78315685],[-53.02285194,-28.78300639]]]]},"geometry_name":"geo_area_imovel","properties":{"cod_imovel":"RS-4300554-4AD04512C3B2480A947CCAAF1F8B7180","status_imovel":"AT","dat_criacao":"2015-09-04T16:52:24.942Z","area":12.1289,"condicao":"Aguardando análise","uf":"RS","municipio":"Alto Alegre","cod_municipio_ibge":4300554,"m_fiscal":0.6738,"tipo_imovel":"IRU"}},{"type":"Feature","id":"sicar_imoveis_rs.1475973","geometry":{"type":"MultiPolygon","coordinates":[[[[-52.9797864,-28.81726633],[-52.9803443,-28.81662711],[-52.98118114,-28.8161195],[-52.98156738,-28.8161007],[-52.98180342,-28.8162699],[-52.98180342,-28.81655191],[-52.98244715,-28.81683392],[-52.98251152,-28.81724753],[-52.98294067,-28.81743553],[-52.98315525,-28.81754833],[-52.98319817,-28.81775514],[-52.98356295,-28.81777394],[-52.98377752,-28.81814994],[-52.98394918,-28.81807474],[-52.98407793,-28.81848834],[-52.9843998,-28.81873275],[-52.98442125,-28.81914635],[-52.98465729,-28.81959755],[-52.98474312,-28.82027435],[-52.9849577,-28.82057514],[-52.98178196,-28.82049994],[-52.98169613,-28.81861995],[-52.9797864,-28.81726633]]]]},"geometry_name":"geo_area_imovel","properties":{"cod_imovel":"RS-4300554-D543044A1370410F8D2EC747C1017E26","status_imovel":"AT","dat_criacao":"2015-09-04T18:11:36.835Z","area":12.2395,"condicao":"Aguardando análise","uf":"RS","municipio":"Alto Alegre","cod_municipio_ibge":4300554,"m_fiscal":0.68,"tipo_imovel":"IRU"}},{"type":"Feature","id":"sicar_imoveis_rs.1507471","geometry":{"type":"MultiPolygon","coordinates":[[[[-52.99158812,-28.79284176],[-52.99122334,-28.79331188],[-52.99085855,-28.793782],[-52.98186779,-28.78577092],[-52.98203945,-28.78518793],[-52.99158812,-28.79284176]]]]},"geometry_name":"geo_area_imovel","properties":{"cod_imovel":"RS-4300554-E1FEBEA8612742F5A753D35AD1A5EF90","status_imovel":"AT","dat_criacao":"2015-09-22T00:25:13.733Z","area":11.4603,"condicao":"Aguardando análise","uf":"RS","municipio":"Alto Alegre","cod_municipio_ibge":4300554,"m_fiscal":0.6367,"tipo_imovel":"IRU"}},{"type":"Feature","id":"sicar_imoveis_rs.1507528","geometry":{"type":"MultiPolygon","coordinates":[[[[-53.02283049,-28.78266787],[-53.02750826,-28.77979042],[-53.03175688,-28.78358939],[-53.03094149,-28.78490584],[-53.02980423,-28.78550764],[-53.02815199,-28.78409717],[-53.02759409,-28.78526316],[-53.02592039,-28.78531957],[-53.02596331,-28.7839091],[-53.02396774,-28.78481181],[-53.02310944,-28.78300639],[-53.02283049,-28.78266787]]]]},"geometry_name":"geo_area_imovel","properties":{"cod_imovel":"RS-4300554-120C13AE5961460983DFB66E54A21F03","status_imovel":"AT","dat_criacao":"2015-09-22T00:31:21.735Z","area":30.8553,"condicao":"Aguardando análise","uf":"RS","municipio":"Alto Alegre","cod_municipio_ibge":4300554,"m_fiscal":1.7142,"tipo_imovel":"IRU"}},{"type":"Feature","id":"sicar_imoveis_rs.1515236","geometry":{"type":"MultiPolygon","coordinates":[[[[-52.99852561,-28.79436966],[-52.9984885,-28.79445203],[-52.9984314,-28.79453254],[-52.99824515,-28.79475584],[-52.99791946,-28.79499696],[-52.99752897,-28.79528665],[-52.99738326,-28.7953427],[-52.99682466,-28.79539769],[-52.99676734,-28.79550842],[-52.9967124,-28.79554933],[-52.99648263,-28.79557401],[-52.99600323,-28.79553948],[-52.99085315,-28.79339829],[-52.99087602,-28.79336834],[-52.99105481,-28.79313415],[-52.99123084,-28.79292902],[-52.99144682,-28.79271206],[-52.99147501,-28.79268197],[-52.99852561,-28.79436966]]]]},"geometry_name":"geo_area_imovel","properties":{"cod_imovel":"RS-4300554-49C47A16E965405CB9C1087678915F98","status_imovel":"AT","dat_criacao":"2015-09-25T01:12:52.109Z","area":10.2723,"condicao":"Aguardando análise","uf":"RS","municipio":"Alto Alegre","cod_municipio_ibge":4300554,"m_fiscal":0.5707,"tipo_imovel":"IRU"}},{"type":"Feature","id":"sicar_imoveis_rs.1537454","geometry":{"type":"MultiPolygon","coordinates":[[[[-52.942729,-28.81284814],[-52.93927431,-28.81301735],[-52.93584108,-28.81309256],[-52.93596983,-28.81228411],[-52.93612003,-28.81143804],[-52.93616839,-28.81042002],[-52.93625112,-28.80953946],[-52.93625951,-28.80944507],[-52.93627024,-28.80935106],[-52.94039011,-28.8097647],[-52.94034719,-28.81046037],[-52.94249296,-28.81057317],[-52.942729,-28.81284814]]]]},"geometry_name":"geo_area_imovel","properties":{"cod_imovel":"RS-4300554-7334EF2EDF8F445B936F89818209AF23","status_imovel":"AT","dat_criacao":"2015-10-05T18:28:08.894Z","area":21.9379,"condicao":"Aguardando análise","uf":"RS","municipio":"Alto Alegre","cod_municipio_ibge":4300554,"m_fiscal":1.2188,"tipo_imovel":"IRU"}},{"type":"Feature","id":"sicar_imoveis_rs.1538652","geometry":{"type":"MultiPolygon","coordinates":[[[[-52.98914194,-28.82083834],[-52.98905611,-28.82004875],[-52.98922777,-28.81993595],[-52.98952818,-28.81993595],[-52.9898715,-28.81995475],[-52.99030066,-28.82004875],[-52.99060106,-28.82036834],[-52.99085855,-28.82049994],[-52.99103022,-28.82065034],[-52.99145937,-28.82083834],[-52.99182415,-28.82102634],[-52.99238205,-28.82134593],[-52.99287558,-28.82149633],[-52.99313307,-28.82166552],[-52.99261808,-28.82241751],[-52.98914194,-28.82083834]]]]},"geometry_name":"geo_area_imovel","properties":{"cod_imovel":"RS-4300554-054A2A2AB6A74D84850810C18972126B","status_imovel":"AT","dat_criacao":"2015-10-05T20:25:29.413Z","area":4.4187,"condicao":"Aguardando análise","uf":"RS","municipio":"Alto Alegre","cod_municipio_ibge":4300554,"m_fiscal":0.2455,"tipo_imovel":"IRU"}},{"type":"Feature","id":"sicar_imoveis_rs.1538701","geometry":{"type":"MultiPolygon","coordinates":[[[[-52.98562288,-28.85946464],[-52.98515081,-28.8587881],[-52.98463583,-28.85814914],[-52.98740387,-28.85593154],[-52.98776865,-28.85555567],[-52.98824072,-28.85564964],[-52.98832655,-28.85564964],[-52.98897028,-28.85640137],[-52.98851967,-28.85670206],[-52.98669577,-28.85839344],[-52.98577309,-28.85931429],[-52.98562288,-28.85946464]]]]},"geometry_name":"geo_area_imovel","properties":{"cod_imovel":"RS-4300554-E51CAF32428B4930A0A0A191D75BFFA1","status_imovel":"AT","dat_criacao":"2015-10-05T20:30:21.875Z","area":6.8961,"condicao":"Aguardando análise","uf":"RS","municipio":"Alto Alegre","cod_municipio_ibge":4300554,"m_fiscal":0.3831,"tipo_imovel":"IRU"}},{"type":"Feature","id":"sicar_imoveis_rs.1557619","geometry":{"type":"MultiPolygon","coordinates":[[[[-53.03115606,-28.82303789],[-53.03128914,-28.82340364],[-53.02870692,-28.82558553],[-53.02669946,-28.82379662],[-53.03115606,-28.8224927],[-53.03115606,-28.82303789]]]]},"geometry_name":"geo_area_imovel","properties":{"cod_imovel":"RS-4300554-ED2987576A1D45BCAF52B97ED177F29B","status_imovel":"AT","dat_criacao":"2015-10-15T19:44:28.713Z","area":7.1192,"condicao":"Aguardando análise","uf":"RS","municipio":"Alto Alegre","cod_municipio_ibge":4300554,"m_fiscal":0.3955,"tipo_imovel":"IRU"}},{"type":"Feature","id":"sicar_imoveis_rs.1560828","geometry":{"type":"MultiPolygon","coordinates":[[[[-53.04365341,-28.7983358],[-53.04757086,-28.80140088],[-53.04606915,-28.80280783],[-53.03697109,-28.79483505],[-53.03799118,-28.79421018],[-53.03851907,-28.79365533],[-53.04365341,-28.7983358]]]]},"geometry_name":"geo_area_imovel","properties":{"cod_imovel":"RS-4300554-A808851BD2CB4770974C89B951BBB4FD","status_imovel":"AT","dat_criacao":"2015-10-17T00:08:12.108Z","area":24.1388,"condicao":"Aguardando análise","uf":"RS","municipio":"Alto Alegre","cod_municipio_ibge":4300554,"m_fiscal":1.341,"tipo_imovel":"IRU"}},{"type":"Feature","id":"sicar_imoveis_rs.1560835","geometry":{"type":"MultiPolygon","coordinates":[[[[-53.04636955,-28.7910929],[-53.04516792,-28.7918263],[-53.04293633,-28.78987056],[-53.04360784,-28.78931024],[-53.04392338,-28.7889491],[-53.04636955,-28.7910929]]]]},"geometry_name":"geo_area_imovel","properties":{"cod_imovel":"RS-4300554-D227FDDD949C4C6D9C4991328B4222A8","status_imovel":"AT","dat_criacao":"2015-10-17T00:09:05.527Z","area":4.4868,"condicao":"Aguardando análise","uf":"RS","municipio":"Alto Alegre","cod_municipio_ibge":4300554,"m_fiscal":0.2493,"tipo_imovel":"IRU"}},{"type":"Feature","id":"sicar_imoveis_rs.1562990","geometry":{"type":"MultiPolygon","coordinates":[[[[-53.05510502,-28.82206655],[-53.0550338,-28.82294235],[-53.05498328,-28.82344743],[-53.05496105,-28.82370614],[-53.05492732,-28.82397294],[-53.05489124,-28.82413584],[-53.05488087,-28.82430897],[-53.05482479,-28.82455468],[-53.05494212,-28.82448291],[-53.05524874,-28.82431398],[-53.05540127,-28.82425335],[-53.05559605,-28.8241692],[-53.05712984,-28.82362293],[-53.05714708,-28.82350515],[-53.05718004,-28.82338179],[-53.05713299,-28.82329539],[-53.05712376,-28.82317158],[-53.057104,-28.82308456],[-53.05706136,-28.82297673],[-53.0569924,-28.82290453],[-53.05697604,-28.82278041],[-53.05710412,-28.82253211],[-53.0570341,-28.82220206],[-53.05697098,-28.822015],[-53.05693802,-28.8218696],[-53.05690162,-28.82172937],[-53.05684281,-28.82163103],[-53.05678479,-28.82163456],[-53.05669404,-28.82155902],[-53.056644,-28.82150315],[-53.0564967,-28.8215945],[-53.05639243,-28.82161249],[-53.05615562,-28.82170842],[-53.05510502,-28.82206655]]]]},"geometry_name":"geo_area_imovel","properties":{"cod_imovel":"RS-4300554-E83085DE7D7141F9A35A74E5A8092163","status_imovel":"AT","dat_criacao":"2015-10-17T02:31:48.804Z","area":4.9921,"condicao":"Aguardando análise","uf":"RS","municipio":"Alto Alegre","cod_municipio_ibge":4300554,"m_fiscal":0.2773,"tipo_imovel":"IRU"}},{"type":"Feature","id":"sicar_imoveis_rs.1601486","geometry":{"type":"MultiPolygon","coordinates":[[[[-53.00242424,-28.79073561],[-52.99931288,-28.79205196],[-52.99938581,-28.79156504],[-52.99938111,-28.79146208],[-52.99937389,-28.79133645],[-52.99943706,-28.79123651],[-52.99955704,-28.79115221],[-52.99970372,-28.79092646],[-52.99977107,-28.79062909],[-52.99962703,-28.7905235],[-52.99954083,-28.79029549],[-52.99960205,-28.79017286],[-52.99953331,-28.79005341],[-52.9995786,-28.78983814],[-52.9996497,-28.78970545],[-52.99992892,-28.78940026],[-52.99996229,-28.78911185],[-52.99994579,-28.788843],[-53.00001511,-28.78864412],[-53.00021,-28.78841068],[-53.00045885,-28.78830504],[-53.00066719,-28.78824455],[-53.00074785,-28.78811293],[-53.00242424,-28.79073561]]]]},"geometry_name":"geo_area_imovel","properties":{"cod_imovel":"RS-4300554-55BD9452F0A8459E932EB65ACAD7139E","status_imovel":"AT","dat_criacao":"2015-11-03T23:01:48.277Z","area":6.829,"condicao":"Aguardando análise","uf":"RS","municipio":"Alto Alegre","cod_municipio_ibge":4300554,"m_fiscal":0.3794,"tipo_imovel":"IRU"}},{"type":"Feature","id":"sicar_imoveis_rs.1601503","geometry":{"type":"MultiPolygon","coordinates":[[[[-53.00236607,-28.79356149],[-53.00235987,-28.79406407],[-53.00127345,-28.79437009],[-53.00132152,-28.79414971],[-53.00111634,-28.79399571],[-53.0011313,-28.79349737],[-53.00236607,-28.79356149]]]]},"geometry_name":"geo_area_imovel","properties":{"cod_imovel":"RS-4300554-C18F22DC664D4518B6A26B5BC8408638","status_imovel":"AT","dat_criacao":"2015-11-03T23:04:34.036Z","area":0.8895,"condicao":"Aguardando análise","uf":"RS","municipio":"Alto Alegre","cod_municipio_ibge":4300554,"m_fiscal":0.0494,"tipo_imovel":"IRU"}},{"type":"Feature","id":"sicar_imoveis_rs.1606850","geometry":{"type":"MultiPolygon","coordinates":[[[[-53.03113461,-28.81986075],[-53.02997589,-28.81937195],[-53.02980423,-28.81873275],[-53.02832365,-28.81798074],[-53.03057671,-28.81704072],[-53.03137064,-28.81811234],[-53.03113461,-28.81986075]]]]},"geometry_name":"geo_area_imovel","properties":{"cod_imovel":"RS-4300554-1A844707047149B1A386E2CAE6AB8781","status_imovel":"AT","dat_criacao":"2015-11-05T22:58:46.307Z","area":4.6019,"condicao":"Aguardando análise","uf":"RS","municipio":"Alto Alegre","cod_municipio_ibge":4300554,"m_fiscal":0.2557,"tipo_imovel":"IRU"}},{"type":"Feature","id":"sicar_imoveis_rs.1626754","geometry":{"type":"MultiPolygon","coordinates":[[[[-53.03638196,-28.7947454],[-53.03532513,-28.79432915],[-53.03468945,-28.79465066],[-53.03031755,-28.7893848],[-53.03115903,-28.78820318],[-53.03699939,-28.7945657],[-53.03638196,-28.7947454]]]]},"geometry_name":"geo_area_imovel","properties":{"cod_imovel":"RS-4300554-F0690768C3604BEBB28E0F89660F1B5C","status_imovel":"AT","dat_criacao":"2015-11-13T11:26:44.286Z","area":13.2839,"condicao":"Aguardando análise","uf":"RS","municipio":"Alto Alegre","cod_municipio_ibge":4300554,"m_fiscal":0.738,"tipo_imovel":"IRU"}},{"type":"Feature","id":"sicar_imoveis_rs.1627075","geometry":{"type":"MultiPolygon","coordinates":[[[[-52.97592174,-28.81016466],[-52.97707946,-28.80839144],[-52.97955436,-28.80756953],[-52.97965288,-28.80843144],[-52.97959516,-28.80914689],[-52.98148137,-28.8104655],[-52.98056573,-28.8127009],[-52.9799841,-28.81312929],[-52.97934382,-28.81397949],[-52.97901068,-28.81450988],[-52.97872207,-28.81467139],[-52.97828489,-28.81490115],[-52.97789654,-28.81504301],[-52.97767153,-28.81532685],[-52.97705848,-28.81552256],[-52.97763633,-28.81410657],[-52.97844414,-28.81238307],[-52.97592174,-28.81016466]]]]},"geometry_name":"geo_area_imovel","properties":{"cod_imovel":"RS-4300554-F56E24CF44BB4E77B9486DAF64A03128","status_imovel":"AT","dat_criacao":"2015-11-13T12:00:59.705Z","area":22.5193,"condicao":"Aguardando análise","uf":"RS","municipio":"Alto Alegre","cod_municipio_ibge":4300554,"m_fiscal":1.2511,"tipo_imovel":"IRU"}},{"type":"Feature","id":"sicar_imoveis_rs.1627850","geometry":{"type":"MultiPolygon","coordinates":[[[[-53.01927297,-28.77627479],[-53.02227441,-28.77447959],[-53.02371385,-28.77643741],[-53.01881113,-28.77734484],[-53.01849255,-28.77674363],[-53.01929876,-28.77647453],[-53.01927297,-28.77627479]]]]},"geometry_name":"geo_area_imovel","properties":{"cod_imovel":"RS-4300554-A3B2DBDCFEFB41ABBD251C07A1061572","status_imovel":"AT","dat_criacao":"2015-11-13T13:23:28.669Z","area":7.4353,"condicao":"Aguardando análise","uf":"RS","municipio":"Alto Alegre","cod_municipio_ibge":4300554,"m_fiscal":0.4131,"tipo_imovel":"IRU"}},{"type":"Feature","id":"sicar_imoveis_rs.1630684","geometry":{"type":"MultiPolygon","coordinates":[[[[-52.98367023,-28.85076322],[-52.9788208,-28.85151499],[-52.97946453,-28.85271782],[-52.97985077,-28.85350716],[-52.97916412,-28.85422132],[-52.97832727,-28.85474755],[-52.97834873,-28.85521739],[-52.97849894,-28.85566843],[-52.97864914,-28.85593154],[-52.98002243,-28.85563084],[-52.98100948,-28.85529256],[-52.98191071,-28.8545972],[-52.98373461,-28.8536951],[-52.98367023,-28.85076322]]]]},"geometry_name":"geo_area_imovel","properties":{"cod_imovel":"RS-4300554-DD58D217DDDB4557B9AF9C8C02659700","status_imovel":"AT","dat_criacao":"2015-11-13T18:55:32.429Z","area":19.0744,"condicao":"Aguardando análise","uf":"RS","municipio":"Alto Alegre","cod_municipio_ibge":4300554,"m_fiscal":1.0597,"tipo_imovel":"IRU"}},{"type":"Feature","id":"sicar_imoveis_rs.1631372","geometry":{"type":"MultiPolygon","coordinates":[[[[-52.98045158,-28.77926382],[-52.97899246,-28.77783446],[-52.97997952,-28.77715739],[-52.98317671,-28.77527661],[-52.98499636,-28.77430926],[-52.98568726,-28.77392243],[-52.98629489,-28.77342393],[-52.98650265,-28.77324533],[-52.98652411,-28.77321712],[-52.98654556,-28.7731889],[-52.98668625,-28.77295411],[-52.98753495,-28.77232795],[-52.98797145,-28.77195457],[-52.98824527,-28.77201834],[-52.98858404,-28.77164661],[-52.98937798,-28.77198516],[-52.98898252,-28.77244512],[-52.98870701,-28.77231142],[-52.98741875,-28.77366459],[-52.98785448,-28.77407289],[-52.98654556,-28.77544588],[-52.98045158,-28.77926382]]]]},"geometry_name":"geo_area_imovel","properties":{"cod_imovel":"RS-4300554-47B5CC926D504F7FB02CF64B46FEA7A5","status_imovel":"AT","dat_criacao":"2015-11-13T23:22:27.687Z","area":20.6747,"condicao":"Aguardando análise","uf":"RS","municipio":"Alto Alegre","cod_municipio_ibge":4300554,"m_fiscal":1.1486,"tipo_imovel":"IRU"}},{"type":"Feature","id":"sicar_imoveis_rs.1631752","geometry":{"type":"MultiPolygon","coordinates":[[[[-52.97835831,-28.77478778],[-52.97767247,-28.77380709],[-52.97887114,-28.77303365],[-52.97954085,-28.77201506],[-52.98249489,-28.77049134],[-52.98343046,-28.7714023],[-52.97835831,-28.77478778]]]]},"geometry_name":"geo_area_imovel","properties":{"cod_imovel":"RS-4300554-28D9F1A6111E4E008A685F8F950364F8","status_imovel":"AT","dat_criacao":"2015-11-14T00:08:47.700Z","area":8.9491,"condicao":"Aguardando análise","uf":"RS","municipio":"Alto Alegre","cod_municipio_ibge":4300554,"m_fiscal":0.4972,"tipo_imovel":"IRU"}},{"type":"Feature","id":"sicar_imoveis_rs.1632343","geometry":{"type":"MultiPolygon","coordinates":[[[[-53.00158739,-28.76353978],[-52.99961329,-28.76252403],[-53.00527811,-28.76034202],[-53.01115751,-28.7580659],[-53.01130772,-28.75825402],[-53.01127986,-28.75822952],[-53.01129133,-28.75858273],[-53.01116424,-28.75879991],[-53.01085077,-28.75930545],[-53.01067155,-28.75964778],[-53.01014307,-28.76068448],[-53.00944606,-28.76122652],[-53.00862027,-28.76196956],[-53.00815344,-28.76244879],[-53.00687694,-28.76296501],[-53.00592184,-28.76355859],[-53.0048828,-28.76379618],[-53.0041194,-28.76423575],[-53.0038619,-28.76438623],[-53.00363304,-28.76446008],[-53.00158739,-28.76353978]]]]},"geometry_name":"geo_area_imovel","properties":{"cod_imovel":"RS-4300554-5CDB9DFB1C1E4DCEA474B42DC7E8D23C","status_imovel":"AT","dat_criacao":"2015-11-14T00:52:38.147Z","area":31.5058,"condicao":"Aguardando análise","uf":"RS","municipio":"Alto Alegre","cod_municipio_ibge":4300554,"m_fiscal":1.7481,"tipo_imovel":"IRU"}},{"type":"Feature","id":"sicar_imoveis_rs.1777779","geometry":{"type":"MultiPolygon","coordinates":[[[[-52.98819437,-28.77383115],[-52.98832433,-28.77377317],[-52.98832504,-28.77366106],[-52.98871303,-28.7735655],[-52.98884432,-28.77440987],[-52.98913534,-28.77439027],[-52.98915189,-28.77444517],[-52.988183,-28.77461791],[-52.988357,-28.77547936],[-52.9881402,-28.77540179],[-52.98786371,-28.77562697],[-52.98773663,-28.77555031],[-52.98743279,-28.77590758],[-52.98644438,-28.77564801],[-52.98669613,-28.77551538],[-52.98815396,-28.77372119],[-52.98819437,-28.77383115]]]]},"geometry_name":"geo_area_imovel","properties":{"cod_imovel":"RS-4300554-438D180B32504DD3A0B942E628502081","status_imovel":"AT","dat_criacao":"2015-11-30T23:00:28.325Z","area":2.5022,"condicao":"Aguardando análise","uf":"RS","municipio":"Alto Alegre","cod_municipio_ibge":4300554,"m_fiscal":0.139,"tipo_imovel":"IRU"}},{"type":"Feature","id":"sicar_imoveis_rs.1777811","geometry":{"type":"MultiPolygon","coordinates":[[[[-52.9844271,-28.77148322],[-52.97920765,-28.77576149],[-52.9785025,-28.77469762],[-52.98396324,-28.77105337],[-52.9850864,-28.77029086],[-52.98528486,-28.77030884],[-52.98410709,-28.7710977],[-52.9844271,-28.77148322]]]]},"geometry_name":"geo_area_imovel","properties":{"cod_imovel":"RS-4300554-91854FFC78744C8CA293858C486C1A88","status_imovel":"AT","dat_criacao":"2015-11-30T23:03:27.976Z","area":7.0281,"condicao":"Aguardando análise","uf":"RS","municipio":"Alto Alegre","cod_municipio_ibge":4300554,"m_fiscal":0.3904,"tipo_imovel":"IRU"}},{"type":"Feature","id":"sicar_imoveis_rs.1777987","geometry":{"type":"MultiPolygon","coordinates":[[[[-52.98654998,-28.81531561],[-52.98619319,-28.81622884],[-52.98449015,-28.81525491],[-52.98573588,-28.81359346],[-52.98382819,-28.81215513],[-52.98421528,-28.81212407],[-52.98463376,-28.81159239],[-52.98588037,-28.81064838],[-52.98274755,-28.80769649],[-52.98309088,-28.80673758],[-52.98420364,-28.80750314],[-52.98527956,-28.80841097],[-52.98740594,-28.81045254],[-52.9898715,-28.81266013],[-52.98654998,-28.81531561]]]]},"geometry_name":"geo_area_imovel","properties":{"cod_imovel":"RS-4300554-693A9FCFBBEE4FDE8ADB010B06EE4CBE","status_imovel":"AT","dat_criacao":"2015-11-30T23:21:20.546Z","area":25.0919,"condicao":"Aguardando análise","uf":"RS","municipio":"Alto Alegre","cod_municipio_ibge":4300554,"m_fiscal":1.394,"tipo_imovel":"IRU"}},{"type":"Feature","id":"sicar_imoveis_rs.1787185","geometry":{"type":"MultiPolygon","coordinates":[[[[-53.02193791,-28.77280588],[-53.01850598,-28.77471582],[-53.01843918,-28.77453723],[-53.01808408,-28.77420725],[-53.01798883,-28.77415023],[-53.01793,-28.77402009],[-53.01748698,-28.77353074],[-53.0189699,-28.77139281],[-53.01970103,-28.77086619],[-53.02193791,-28.77280588]]]]},"geometry_name":"geo_area_imovel","properties":{"cod_imovel":"RS-4300554-7EF6F16817AC4874ACA54F82631EDF93","status_imovel":"AT","dat_criacao":"2015-12-02T01:22:56.345Z","area":9.1967,"condicao":"Aguardando análise","uf":"RS","municipio":"Alto Alegre","cod_municipio_ibge":4300554,"m_fiscal":0.5109,"tipo_imovel":"IRU"}},{"type":"Feature","id":"sicar_imoveis_rs.1787270","geometry":{"type":"MultiPolygon","coordinates":[[[[-52.97899246,-28.76837386],[-52.96837091,-28.77379077],[-52.96837091,-28.77328294],[-52.97856331,-28.76831743],[-52.97899246,-28.76837386]]]]},"geometry_name":"geo_area_imovel","properties":{"cod_imovel":"RS-4300554-2C19BE47EDFB47E792342CE8143C6DAD","status_imovel":"AT","dat_criacao":"2015-12-02T01:30:49.244Z","area":4.384,"condicao":"Aguardando análise","uf":"RS","municipio":"Alto Alegre","cod_municipio_ibge":4300554,"m_fiscal":0.2436,"tipo_imovel":"IRU"}},{"type":"Feature","id":"sicar_imoveis_rs.1821481","geometry":{"type":"MultiPolygon","coordinates":[[[[-53.02102804,-28.82800079],[-53.02184343,-28.82954225],[-53.01986933,-28.8310649],[-53.01868916,-28.82988062],[-53.02102804,-28.82800079]]]]},"geometry_name":"geo_area_imovel","properties":{"cod_imovel":"RS-4300554-F1302C12DA6D431F861129A05D5ECAFB","status_imovel":"AT","dat_criacao":"2015-12-16T10:50:51.549Z","area":5.0161,"condicao":"Aguardando análise","uf":"RS","municipio":"Alto Alegre","cod_municipio_ibge":4300554,"m_fiscal":0.2787,"tipo_imovel":"IRU"}},{"type":"Feature","id":"sicar_imoveis_rs.1826881","geometry":{"type":"MultiPolygon","coordinates":[[[[-53.02617931,-28.84247296],[-53.0284866,-28.84232339],[-53.02860035,-28.84193825],[-53.03052202,-28.84019713],[-53.03160164,-28.84128995],[-53.02849804,-28.84426235],[-53.02617931,-28.84247296]]]]},"geometry_name":"geo_area_imovel","properties":{"cod_imovel":"RS-4300554-4C96167D7669464CBF57A98B93456810","status_imovel":"AT","dat_criacao":"2015-12-16T14:53:36.738Z","area":8.4319,"condicao":"Aguardando análise","uf":"RS","municipio":"Alto Alegre","cod_municipio_ibge":4300554,"m_fiscal":0.4684,"tipo_imovel":"IRU"}},{"type":"Feature","id":"sicar_imoveis_rs.1827027","geometry":{"type":"MultiPolygon","coordinates":[[[[-53.04573569,-28.8366772],[-53.04488702,-28.83684759],[-53.04393863,-28.83645872],[-53.04386103,-28.83193771],[-53.04624267,-28.83382532],[-53.04573569,-28.8366772]]]]},"geometry_name":"geo_area_imovel","properties":{"cod_imovel":"RS-4300554-F460327852014D8DBE4C52202BE8188E","status_imovel":"AT","dat_criacao":"2015-12-16T15:00:33.858Z","area":8.8433,"condicao":"Aguardando análise","uf":"RS","municipio":"Alto Alegre","cod_municipio_ibge":4300554,"m_fiscal":0.4913,"tipo_imovel":"IRU"}},{"type":"Feature","id":"sicar_imoveis_rs.1828555","geometry":{"type":"MultiPolygon","coordinates":[[[[-53.05924416,-28.79891553],[-53.05900812,-28.79985572],[-53.0554226,-28.80019901],[-53.05523157,-28.79974289],[-53.05729151,-28.79831381],[-53.05924416,-28.79891553]]]]},"geometry_name":"geo_area_imovel","properties":{"cod_imovel":"RS-4300554-BA02D013B8B64FD48D3429B573EC4B9F","status_imovel":"AT","dat_criacao":"2015-12-16T16:17:32.213Z","area":5.0369,"condicao":"Aguardando análise","uf":"RS","municipio":"Alto Alegre","cod_municipio_ibge":4300554,"m_fiscal":0.2798,"tipo_imovel":"IRU"}},{"type":"Feature","id":"sicar_imoveis_rs.1828830","geometry":{"type":"MultiPolygon","coordinates":[[[[-53.03242207,-28.78387149],[-53.03123686,-28.78444596],[-53.03124897,-28.78438834],[-53.03351641,-28.77967758],[-53.03606987,-28.77892529],[-53.03519809,-28.7777917],[-53.03609788,-28.77683515],[-53.04022677,-28.7802742],[-53.03508282,-28.78614704],[-53.03242207,-28.78387149]]]]},"geometry_name":"geo_area_imovel","properties":{"cod_imovel":"RS-4300554-F9FC9A10ADEB4BBE9796073A89403795","status_imovel":"AT","dat_criacao":"2015-12-16T16:33:22.933Z","area":42.0479,"condicao":"Aguardando análise","uf":"RS","municipio":"Alto Alegre","cod_municipio_ibge":4300554,"m_fiscal":2.336,"tipo_imovel":"IRU"}},{"type":"Feature","id":"sicar_imoveis_rs.1878640","geometry":{"type":"MultiPolygon","coordinates":[[[[-53.04032247,-28.80954277],[-53.04321527,-28.80946387],[-53.04359515,-28.81239073],[-53.04352615,-28.81301891],[-53.04333635,-28.81309962],[-53.04516792,-28.81732273],[-53.04424524,-28.81702192],[-53.04352838,-28.81630102],[-53.04240233,-28.8158177],[-53.04109792,-28.81501064],[-53.03929136,-28.81272485],[-53.03831658,-28.81271551],[-53.03732781,-28.81180525],[-53.0388697,-28.81057212],[-53.03751132,-28.80884422],[-53.03915215,-28.80762402],[-53.04032247,-28.80954277]]]]},"geometry_name":"geo_area_imovel","properties":{"cod_imovel":"RS-4300554-9213AD9136F048A2865ADF129F7763F0","status_imovel":"AT","dat_criacao":"2015-12-21T23:44:35.133Z","area":34.3948,"condicao":"Aguardando análise","uf":"RS","municipio":"Alto Alegre","cod_municipio_ibge":4300554,"m_fiscal":1.9108,"tipo_imovel":"IRU"}},{"type":"Feature","id":"sicar_imoveis_rs.1881873","geometry":{"type":"MultiPolygon","coordinates":[[[[-52.93629169,-28.7585738],[-52.93478966,-28.75812234],[-52.9351759,-28.75699367],[-52.9353261,-28.75635408],[-52.93541193,-28.75541351],[-52.94062614,-28.75648576],[-52.93629169,-28.7585738]]]]},"geometry_name":"geo_area_imovel","properties":{"cod_imovel":"RS-4300554-063D21CA7EF94B0BB843C847AD06BC48","status_imovel":"AT","dat_criacao":"2015-12-22T23:57:24.311Z","area":10.5301,"condicao":"Aguardando análise","uf":"RS","municipio":"Alto Alegre","cod_municipio_ibge":4300554,"m_fiscal":0.585,"tipo_imovel":"IRU"}},{"type":"Feature","id":"sicar_imoveis_rs.1881927","geometry":{"type":"MultiPolygon","coordinates":[[[[-52.97004461,-28.78422881],[-52.96721355,-28.78412241],[-52.96650967,-28.78498675],[-52.96536684,-28.78417239],[-52.96324253,-28.78409717],[-52.96128988,-28.78293117],[-52.96229839,-28.78097526],[-52.96923403,-28.78173801],[-52.97004461,-28.78422881]]]]},"geometry_name":"geo_area_imovel","properties":{"cod_imovel":"RS-4300554-0B128C4904E14C238C656E30989C51BA","status_imovel":"AT","dat_criacao":"2015-12-23T00:03:40.444Z","area":23.9286,"condicao":"Aguardando análise","uf":"RS","municipio":"Alto Alegre","cod_municipio_ibge":4300554,"m_fiscal":1.3294,"tipo_imovel":"IRU"}},{"type":"Feature","id":"sicar_imoveis_rs.1881954","geometry":{"type":"MultiPolygon","coordinates":[[[[-52.96142958,-28.77810911],[-52.96079496,-28.77755446],[-52.96005258,-28.77573066],[-52.95979342,-28.77480843],[-52.95851763,-28.7730431],[-52.95855741,-28.77279105],[-52.96188263,-28.7742717],[-52.96347262,-28.7751278],[-52.96273375,-28.77633571],[-52.96238746,-28.77719232],[-52.9621972,-28.77835549],[-52.96142958,-28.77810911]]]]},"geometry_name":"geo_area_imovel","properties":{"cod_imovel":"RS-4300554-BAB3F61EFCD3476EB3C4F585BE10BD37","status_imovel":"AT","dat_criacao":"2015-12-23T00:07:41.315Z","area":12.2526,"condicao":"Aguardando análise","uf":"RS","municipio":"Alto Alegre","cod_municipio_ibge":4300554,"m_fiscal":0.6807,"tipo_imovel":"IRU"}},{"type":"Feature","id":"sicar_imoveis_rs.1884026","geometry":{"type":"MultiPolygon","coordinates":[[[[-52.95666818,-28.77573297],[-52.9574373,-28.77691215],[-52.95614005,-28.77748061],[-52.95544193,-28.77639202],[-52.95666818,-28.77573297]]]]},"geometry_name":"geo_area_imovel","properties":{"cod_imovel":"RS-4300554-34715BCE155145E28D8F1ED23B9EF504","status_imovel":"AT","dat_criacao":"2015-12-24T00:09:25.883Z","area":2.0359,"condicao":"Aguardando análise","uf":"RS","municipio":"Alto Alegre","cod_municipio_ibge":4300554,"m_fiscal":0.1131,"tipo_imovel":"IRU"}},{"type":"Feature","id":"sicar_imoveis_rs.1884029","geometry":{"type":"MultiPolygon","coordinates":[[[[-52.94142356,-28.77113761],[-52.93513344,-28.7722875],[-52.93465074,-28.77223509],[-52.93403482,-28.77207458],[-52.93352422,-28.77202702],[-52.93275354,-28.77201122],[-52.93228737,-28.7720547],[-52.9315309,-28.77212967],[-52.93138486,-28.77173597],[-52.93137972,-28.77139283],[-52.93139729,-28.77113378],[-52.9312814,-28.77070795],[-52.94096389,-28.76913063],[-52.94142356,-28.77113761]]]]},"geometry_name":"geo_area_imovel","properties":{"cod_imovel":"RS-4300554-0FF9727BFAC14CF2A33D686156412EEA","status_imovel":"AT","dat_criacao":"2015-12-24T00:11:12.541Z","area":21.0188,"condicao":"Aguardando análise","uf":"RS","municipio":"Alto Alegre","cod_municipio_ibge":4300554,"m_fiscal":1.1677,"tipo_imovel":"IRU"}},{"type":"Feature","id":"sicar_imoveis_rs.1884037","geometry":{"type":"MultiPolygon","coordinates":[[[[-52.9528369,-28.77730441],[-52.95339332,-28.77726589],[-52.95385027,-28.77715045],[-52.95544538,-28.77639143],[-52.95614178,-28.7774826],[-52.9574412,-28.77692633],[-52.95666542,-28.77572922],[-52.95689167,-28.77565039],[-52.95828146,-28.77572765],[-52.95961095,-28.7748421],[-52.95974762,-28.77511097],[-52.95990076,-28.77544964],[-52.96013827,-28.77583071],[-52.96025578,-28.77614822],[-52.96031438,-28.77646762],[-52.9604474,-28.77673028],[-52.96072537,-28.77688052],[-52.96074181,-28.77722795],[-52.96084168,-28.77743418],[-52.96085235,-28.77765661],[-52.9609366,-28.77779489],[-52.96113315,-28.77798307],[-52.96126708,-28.77805194],[-52.96138281,-28.77801136],[-52.9614355,-28.77812086],[-52.96166509,-28.77815265],[-52.96179341,-28.7781397],[-52.96191261,-28.7781406],[-52.96193508,-28.77821829],[-52.96224,-28.77838463],[-52.96220024,-28.77911061],[-52.96223083,-28.77957171],[-52.96225019,-28.78025643],[-52.96203322,-28.78113553],[-52.96178361,-28.78166748],[-52.96142644,-28.78232361],[-52.9611169,-28.78267434],[-52.9607215,-28.78222299],[-52.96059677,-28.78205892],[-52.95925868,-28.78132194],[-52.957981,-28.78128332],[-52.95768084,-28.78124947],[-52.95700244,-28.7809708],[-52.95622724,-28.78065241],[-52.95536339,-28.78033949],[-52.95496293,-28.78019718],[-52.95426267,-28.77998385],[-52.95225742,-28.77928047],[-52.95177847,-28.77899547],[-52.95166877,-28.7788499],[-52.9513834,-28.77780113],[-52.9528369,-28.77730441]]]]},"geometry_name":"geo_area_imovel","properties":{"cod_imovel":"RS-4300554-B62A16469F0C47D69D708CDFBBC5FE72","status_imovel":"AT","dat_criacao":"2015-12-24T00:12:36.613Z","area":46.3716,"condicao":"Aguardando análise","uf":"RS","municipio":"Alto Alegre","cod_municipio_ibge":4300554,"m_fiscal":2.5762,"tipo_imovel":"IRU"}},{"type":"Feature","id":"sicar_imoveis_rs.1884038","geometry":{"type":"MultiPolygon","coordinates":[[[[-52.949397,-28.76949014],[-52.94769532,-28.76974387],[-52.94800898,-28.77092409],[-52.94558786,-28.7713649],[-52.94473062,-28.7680069],[-52.9487201,-28.7664937],[-52.949397,-28.76949014]]]]},"geometry_name":"geo_area_imovel","properties":{"cod_imovel":"RS-4300554-21B479A2E9194AB6A509F8D28AA4F87F","status_imovel":"AT","dat_criacao":"2015-12-24T00:12:44.458Z","area":15.2344,"condicao":"Aguardando análise","uf":"RS","municipio":"Alto Alegre","cod_municipio_ibge":4300554,"m_fiscal":0.8464,"tipo_imovel":"IRU"}},{"type":"Feature","id":"sicar_imoveis_rs.1884039","geometry":{"type":"MultiPolygon","coordinates":[[[[-52.94797586,-28.7634136],[-52.94269018,-28.7654134],[-52.94078587,-28.76370112],[-52.94723741,-28.76165639],[-52.94797586,-28.7634136]]]]},"geometry_name":"geo_area_imovel","properties":{"cod_imovel":"RS-4300554-B683C7B5B194496F9930C2D44EC2F5E4","status_imovel":"AT","dat_criacao":"2015-12-24T00:12:52.647Z","area":13.9127,"condicao":"Aguardando análise","uf":"RS","municipio":"Alto Alegre","cod_municipio_ibge":4300554,"m_fiscal":0.7729,"tipo_imovel":"IRU"}},{"type":"Feature","id":"sicar_imoveis_rs.1884042","geometry":{"type":"MultiPolygon","coordinates":[[[[-52.96610065,-28.79160171],[-52.96614019,-28.79745556],[-52.96584969,-28.7975632],[-52.96570658,-28.79772404],[-52.96545558,-28.79801713],[-52.96522126,-28.79832944],[-52.96476042,-28.79841658],[-52.96453139,-28.79847711],[-52.96426572,-28.79856361],[-52.96403848,-28.79868441],[-52.96362563,-28.79850671],[-52.96336671,-28.79840543],[-52.96316499,-28.79830493],[-52.96282509,-28.79826059],[-52.96244749,-28.79848338],[-52.96243862,-28.79875959],[-52.9624405,-28.79877407],[-52.96241046,-28.79924813],[-52.96218095,-28.79945296],[-52.96205167,-28.79956083],[-52.96188332,-28.79979538],[-52.96166287,-28.79975741],[-52.96132871,-28.7996269],[-52.96078995,-28.79959081],[-52.96032427,-28.79943963],[-52.96000618,-28.79949608],[-52.95966028,-28.79952717],[-52.95943628,-28.79955486],[-52.9590257,-28.79951322],[-52.95868485,-28.79951531],[-52.95856073,-28.7996],[-52.95814768,-28.79994551],[-52.95792573,-28.80021344],[-52.95811077,-28.80046598],[-52.95838494,-28.80072793],[-52.95827884,-28.80101309],[-52.95807005,-28.80113827],[-52.95792376,-28.80149655],[-52.95800462,-28.80191879],[-52.95806677,-28.80239028],[-52.95804271,-28.80285844],[-52.95778561,-28.80373684],[-52.95745573,-28.80491321],[-52.95761196,-28.80538143],[-52.95745672,-28.80570763],[-52.95705661,-28.80609347],[-52.95688509,-28.80628766],[-52.95656079,-28.80670501],[-52.95639627,-28.80701862],[-52.9563117,-28.80724466],[-52.95599393,-28.80727971],[-52.95580262,-28.80727567],[-52.95556771,-28.80721319],[-52.95544958,-28.80700419],[-52.95524433,-28.80682517],[-52.95662282,-28.8053656],[-52.95636138,-28.79862415],[-52.95733879,-28.79816916],[-52.95750699,-28.79698273],[-52.95883149,-28.79312013],[-52.96610065,-28.79160171]]]]},"geometry_name":"geo_area_imovel","properties":{"cod_imovel":"RS-4300554-68811975575E4B3FADEE69D372442D88","status_imovel":"AT","dat_criacao":"2015-12-24T00:13:15.374Z","area":70.9387,"condicao":"Aguardando análise","uf":"RS","municipio":"Alto Alegre","cod_municipio_ibge":4300554,"m_fiscal":3.941,"tipo_imovel":"IRU"}},{"type":"Feature","id":"sicar_imoveis_rs.1887386","geometry":{"type":"MultiPolygon","coordinates":[[[[-52.9722333,-28.80897503],[-52.97096729,-28.80942627],[-52.96588182,-28.80940747],[-52.96581745,-28.80906904],[-52.96575308,-28.80893742],[-52.96570377,-28.80880859],[-52.96545267,-28.80861779],[-52.96528101,-28.80835456],[-52.97067397,-28.80816763],[-52.97061268,-28.80711632],[-52.97229767,-28.80726404],[-52.9722333,-28.80897503]]]]},"geometry_name":"geo_area_imovel","properties":{"cod_imovel":"RS-4300554-9AAA3314DE774191B2C6EEFC8EE50278","status_imovel":"AT","dat_criacao":"2015-12-28T23:47:10.627Z","area":9.8656,"condicao":"Aguardando análise","uf":"RS","municipio":"Alto Alegre","cod_municipio_ibge":4300554,"m_fiscal":0.5481,"tipo_imovel":"IRU"}},{"type":"Feature","id":"sicar_imoveis_rs.1887455","geometry":{"type":"MultiPolygon","coordinates":[[[[-52.99034892,-28.78526283],[-52.98298806,-28.78003707],[-52.98348826,-28.77949573],[-52.98390627,-28.77928263],[-52.99113375,-28.78443207],[-52.99034892,-28.78526283]]]]},"geometry_name":"geo_area_imovel","properties":{"cod_imovel":"RS-4300554-48381F8815C34BE79FD93966D26EB511","status_imovel":"AT","dat_criacao":"2015-12-28T23:56:00.189Z","area":11.1032,"condicao":"Aguardando análise","uf":"RS","municipio":"Alto Alegre","cod_municipio_ibge":4300554,"m_fiscal":0.6168,"tipo_imovel":"IRU"}},{"type":"Feature","id":"sicar_imoveis_rs.1895976","geometry":{"type":"MultiPolygon","coordinates":[[[[-52.95410156,-28.86959344],[-52.95592546,-28.86976256],[-52.95618296,-28.87057057],[-52.95689106,-28.87305092],[-52.95592546,-28.87312608],[-52.95526028,-28.87305092],[-52.954638,-28.87290059],[-52.95438051,-28.87226172],[-52.95410156,-28.86959344]]]]},"geometry_name":"geo_area_imovel","properties":{"cod_imovel":"RS-4300554-E85DB35B1500482780CA52D4812EA9B1","status_imovel":"AT","dat_criacao":"2016-01-04T23:44:37.973Z","area":7.6497,"condicao":"Aguardando análise","uf":"RS","municipio":"Alto Alegre","cod_municipio_ibge":4300554,"m_fiscal":0.425,"tipo_imovel":"IRU"}},{"type":"Feature","id":"sicar_imoveis_rs.1922711","geometry":{"type":"MultiPolygon","coordinates":[[[[-52.95859895,-28.84454171],[-52.95778946,-28.84453786],[-52.95648862,-28.8445372],[-52.95546814,-28.84453276],[-52.95474766,-28.84452804],[-52.95402289,-28.84453041],[-52.95353134,-28.84452549],[-52.95324088,-28.84452218],[-52.95278477,-28.84452965],[-52.95249924,-28.84452456],[-52.95220515,-28.84451767],[-52.95209797,-28.84432959],[-52.95202358,-28.84419602],[-52.95197336,-28.8440362],[-52.95200033,-28.84392681],[-52.95205445,-28.84381497],[-52.95259422,-28.843825],[-52.95660416,-28.84386849],[-52.95813872,-28.84387728],[-52.95848358,-28.84387497],[-52.95859895,-28.84454171]]]]},"geometry_name":"geo_area_imovel","properties":{"cod_imovel":"RS-4300554-8CD5417B8F0E4A9A9CD7ACD185CFD63B","status_imovel":"AT","dat_criacao":"2016-01-14T00:55:01.762Z","area":4.7667,"condicao":"Aguardando análise","uf":"RS","municipio":"Alto Alegre","cod_municipio_ibge":4300554,"m_fiscal":0.2648,"tipo_imovel":"IRU"}},{"type":"Feature","id":"sicar_imoveis_rs.1922739","geometry":{"type":"MultiPolygon","coordinates":[[[[-52.95790153,-28.84069138],[-52.95794385,-28.84095804],[-52.95804039,-28.84147003],[-52.9581169,-28.84185987],[-52.95826053,-28.84258052],[-52.9583023,-28.84283373],[-52.95775207,-28.84281403],[-52.95728634,-28.84278279],[-52.95668153,-28.8427663],[-52.95634052,-28.84274368],[-52.95604629,-28.84272266],[-52.95565059,-28.84268762],[-52.95530387,-28.84266594],[-52.95478652,-28.84266435],[-52.9542923,-28.84266273],[-52.95342402,-28.84262933],[-52.95247059,-28.8425923],[-52.95251138,-28.84237352],[-52.95253701,-28.84222611],[-52.95257563,-28.84210346],[-52.95261488,-28.84199755],[-52.95265854,-28.84189785],[-52.95272067,-28.84182331],[-52.95283954,-28.84172749],[-52.95294155,-28.84165752],[-52.9530747,-28.84156276],[-52.95318683,-28.84147461],[-52.95331894,-28.84134615],[-52.95342717,-28.84123579],[-52.95355425,-28.84108929],[-52.95366567,-28.84088544],[-52.95380299,-28.84063422],[-52.95393535,-28.84041723],[-52.95408521,-28.8401887],[-52.95427179,-28.83995814],[-52.95439646,-28.8398335],[-52.95444566,-28.83978981],[-52.95474995,-28.83977544],[-52.95505832,-28.83978882],[-52.9554422,-28.83980644],[-52.9558108,-28.83983657],[-52.95605414,-28.83988809],[-52.95633534,-28.84003683],[-52.95657245,-28.84020163],[-52.95678899,-28.84032382],[-52.95721622,-28.84048437],[-52.95790153,-28.84069138]]]]},"geometry_name":"geo_area_imovel","properties":{"cod_imovel":"RS-4300554-CD3C25416C6145CA95C2175915697697","status_imovel":"AT","dat_criacao":"2016-01-14T00:56:14.400Z","area":13.6511,"condicao":"Aguardando análise","uf":"RS","municipio":"Alto Alegre","cod_municipio_ibge":4300554,"m_fiscal":0.7584,"tipo_imovel":"IRU"}},{"type":"Feature","id":"sicar_imoveis_rs.1922776","geometry":{"type":"MultiPolygon","coordinates":[[[[-52.95837833,-28.83882172],[-52.9584279,-28.83928162],[-52.95848842,-28.83959361],[-52.95855948,-28.8398229],[-52.95854797,-28.84012034],[-52.95862819,-28.84039398],[-52.95867881,-28.84084191],[-52.9591635,-28.84059102],[-52.95950317,-28.84057406],[-52.95996567,-28.84071973],[-52.96095205,-28.84110142],[-52.96148597,-28.84140056],[-52.96161807,-28.84181564],[-52.96160545,-28.84239253],[-52.9584127,-28.84300456],[-52.95753445,-28.83882808],[-52.95837833,-28.83882172]]]]},"geometry_name":"geo_area_imovel","properties":{"cod_imovel":"RS-4300554-EBE50E43D2EA4DA198555D5C13A29A85","status_imovel":"AT","dat_criacao":"2016-01-14T00:58:48.688Z","area":8.5081,"condicao":"Aguardando análise","uf":"RS","municipio":"Alto Alegre","cod_municipio_ibge":4300554,"m_fiscal":0.4727,"tipo_imovel":"IRU"}},{"type":"Feature","id":"sicar_imoveis_rs.1962819","geometry":{"type":"MultiPolygon","coordinates":[[[[-52.93954139,-28.84809529],[-52.9400129,-28.85002239],[-52.94583783,-28.84939204],[-52.94551907,-28.84725568],[-52.93954139,-28.84809529]]]]},"geometry_name":"geo_area_imovel","properties":{"cod_imovel":"RS-4300554-4AFCFEDC4CC7416992D8D2F4510A74F6","status_imovel":"AT","dat_criacao":"2016-01-25T23:45:46.399Z","area":13.2824,"condicao":"Aguardando análise","uf":"RS","municipio":"Alto Alegre","cod_municipio_ibge":4300554,"m_fiscal":0.7379,"tipo_imovel":"IRU"}},{"type":"Feature","id":"sicar_imoveis_rs.1998320","geometry":{"type":"MultiPolygon","coordinates":[[[[-52.98626661,-28.75616597],[-52.9865271,-28.75580358],[-52.98585892,-28.75530064],[-52.99002171,-28.75204619],[-52.99190998,-28.75381452],[-52.99021482,-28.75364521],[-52.98982859,-28.75441649],[-52.99495697,-28.75881834],[-52.992661,-28.76135779],[-52.98626661,-28.75616597]]]]},"geometry_name":"geo_area_imovel","properties":{"cod_imovel":"RS-4300554-DEC422002E9C4D879E0B6BC6DD39535C","status_imovel":"AT","dat_criacao":"2016-02-03T23:38:04.546Z","area":37.3036,"condicao":"Aguardando análise","uf":"RS","municipio":"Alto Alegre","cod_municipio_ibge":4300554,"m_fiscal":2.0424,"tipo_imovel":"IRU"}},{"type":"Feature","id":"sicar_imoveis_rs.1998541","geometry":{"type":"MultiPolygon","coordinates":[[[[-53.0457902,-28.81595029],[-53.04697037,-28.8163639],[-53.04765701,-28.81692792],[-53.04808617,-28.81739793],[-53.04744244,-28.81890195],[-53.04660042,-28.81885015],[-53.0459355,-28.81862575],[-53.04565201,-28.81836106],[-53.0448246,-28.81643911],[-53.0457902,-28.81595029]]]]},"geometry_name":"geo_area_imovel","properties":{"cod_imovel":"RS-4300554-27C888FCB85543BAB38F00F886A093E0","status_imovel":"AT","dat_criacao":"2016-02-04T00:05:29.063Z","area":6.6821,"condicao":"Aguardando análise","uf":"RS","municipio":"Alto Alegre","cod_municipio_ibge":4300554,"m_fiscal":0.3712,"tipo_imovel":"IRU"}},{"type":"Feature","id":"sicar_imoveis_rs.2004502","geometry":{"type":"MultiPolygon","coordinates":[[[[-53.00192661,-28.77904197],[-53.00183376,-28.77932858],[-53.00165665,-28.78004891],[-53.00181868,-28.78088904],[-53.00197363,-28.7813514],[-53.0018878,-28.7816147],[-53.00165176,-28.78210367],[-53.00154448,-28.782461],[-53.00150312,-28.78280292],[-52.9990767,-28.78146212],[-52.99905539,-28.7816147],[-52.99821854,-28.7810693],[-52.99864546,-28.78084529],[-52.99885164,-28.78065805],[-52.99911415,-28.7804751],[-52.99941152,-28.78043435],[-52.99966746,-28.78043206],[-53.00049985,-28.77962072],[-52.99991369,-28.77935786],[-53.00055742,-28.77760877],[-53.00165176,-28.7779473],[-53.00152244,-28.77832666],[-53.00208092,-28.77866199],[-53.00192661,-28.77904197]]]]},"geometry_name":"geo_area_imovel","properties":{"cod_imovel":"RS-4300554-4B893B0DB76840EB803009C6C6110507","status_imovel":"AT","dat_criacao":"2016-02-05T01:08:28.956Z","area":10.1966,"condicao":"Aguardando análise","uf":"RS","municipio":"Alto Alegre","cod_municipio_ibge":4300554,"m_fiscal":0.5665,"tipo_imovel":"IRU"}},{"type":"Feature","id":"sicar_imoveis_rs.2005001","geometry":{"type":"MultiPolygon","coordinates":[[[[-52.96618223,-28.81254732],[-52.96628952,-28.81235931],[-52.96626806,-28.81211489],[-52.96616077,-28.81145685],[-52.9660964,-28.81109962],[-52.96591363,-28.81031609],[-52.95493841,-28.80985871],[-52.95472383,-28.81136284],[-52.96618223,-28.81254732]]]]},"geometry_name":"geo_area_imovel","properties":{"cod_imovel":"RS-4300554-89732873581D4C0AB9071A98795FD343","status_imovel":"AT","dat_criacao":"2016-02-05T01:41:01.018Z","area":22.8563,"condicao":"Aguardando análise","uf":"RS","municipio":"Alto Alegre","cod_municipio_ibge":4300554,"m_fiscal":1.2698,"tipo_imovel":"IRU"}},{"type":"Feature","id":"sicar_imoveis_rs.2016898","geometry":{"type":"MultiPolygon","coordinates":[[[[-53.00887206,-28.82102814],[-53.00771144,-28.82221435],[-53.00201654,-28.81823494],[-53.00214644,-28.81796436],[-53.00251507,-28.81708995],[-53.00246253,-28.81636473],[-53.00211637,-28.81589747],[-53.00229391,-28.81516407],[-53.00264755,-28.81397095],[-53.01020217,-28.8192065],[-53.00887206,-28.82102814]]]]},"geometry_name":"geo_area_imovel","properties":{"cod_imovel":"RS-4300554-F24ABC4AFE444236A6C6843A2ADCE00F","status_imovel":"AT","dat_criacao":"2016-02-11T00:32:47.577Z","area":34.0277,"condicao":"Aguardando análise","uf":"RS","municipio":"Alto Alegre","cod_municipio_ibge":4300554,"m_fiscal":1.8904,"tipo_imovel":"IRU"}},{"type":"Feature","id":"sicar_imoveis_rs.2017013","geometry":{"type":"MultiPolygon","coordinates":[[[[-53.01769818,-28.81247051],[-53.00891742,-28.81179672],[-53.00761491,-28.81144573],[-53.00705316,-28.81084473],[-53.00678815,-28.81033736],[-53.00646962,-28.80986792],[-53.00651217,-28.80968496],[-53.00812997,-28.8085258],[-53.01389824,-28.80922447],[-53.01399179,-28.80921953],[-53.01679241,-28.80953395],[-53.01879081,-28.8098191],[-53.02066365,-28.80998709],[-53.01769818,-28.81247051]]]]},"geometry_name":"geo_area_imovel","properties":{"cod_imovel":"RS-4300554-32A979814DED482582D6E67C41ED65EC","status_imovel":"AT","dat_criacao":"2016-02-11T00:47:11.467Z","area":38.8624,"condicao":"Aguardando análise","uf":"RS","municipio":"Alto Alegre","cod_municipio_ibge":4300554,"m_fiscal":2.159,"tipo_imovel":"IRU"}},{"type":"Feature","id":"sicar_imoveis_rs.2020069","geometry":{"type":"MultiPolygon","coordinates":[[[[-53.00323164,-28.83635764],[-53.00306797,-28.83709884],[-52.99678087,-28.8373808],[-52.99499989,-28.8341853],[-53.00230461,-28.83321664],[-53.00323164,-28.83635764]]]]},"geometry_name":"geo_area_imovel","properties":{"cod_imovel":"RS-4300554-588E370FDF474DCF9B6FEA035E949492","status_imovel":"AT","dat_criacao":"2016-02-11T23:35:50.901Z","area":27.5272,"condicao":"Aguardando análise","uf":"RS","municipio":"Alto Alegre","cod_municipio_ibge":4300554,"m_fiscal":1.5293,"tipo_imovel":"IRU"}},{"type":"Feature","id":"sicar_imoveis_rs.2020583","geometry":{"type":"MultiPolygon","coordinates":[[[[-52.98272404,-28.82317511],[-52.98144956,-28.82321203],[-52.98014672,-28.82325843],[-52.9796693,-28.82310853],[-52.97948856,-28.82295152],[-52.97926646,-28.82262138],[-52.97918059,-28.8223231],[-52.9792285,-28.82217311],[-52.98218966,-28.82147753],[-52.98403153,-28.82324029],[-52.98272404,-28.82317511]]]]},"geometry_name":"geo_area_imovel","properties":{"cod_imovel":"RS-4300554-6FF6C028C602446ABC791ABE50A1F7C7","status_imovel":"AT","dat_criacao":"2016-02-12T00:33:01.315Z","area":5.9724,"condicao":"Aguardando análise","uf":"RS","municipio":"Alto Alegre","cod_municipio_ibge":4300554,"m_fiscal":0.3318,"tipo_imovel":"IRU"}},{"type":"Feature","id":"sicar_imoveis_rs.2020746","geometry":{"type":"MultiPolygon","coordinates":[[[[-52.9796642,-28.82450765],[-52.98004389,-28.82318828],[-52.98192292,-28.82318336],[-52.98367023,-28.82324468],[-52.98345566,-28.82629012],[-52.97927141,-28.82583895],[-52.9796642,-28.82450765]]]]},"geometry_name":"geo_area_imovel","properties":{"cod_imovel":"RS-4300554-6EC812F3709141E59B1E1C246E3AC029","status_imovel":"AT","dat_criacao":"2016-02-12T00:43:13.623Z","area":12.229,"condicao":"Aguardando análise","uf":"RS","municipio":"Alto Alegre","cod_municipio_ibge":4300554,"m_fiscal":0.6794,"tipo_imovel":"IRU"}},{"type":"Feature","id":"sicar_imoveis_rs.2025285","geometry":{"type":"MultiPolygon","coordinates":[[[[-52.96183814,-28.82331583],[-52.96446789,-28.82461459],[-52.96623183,-28.82541174],[-52.96764251,-28.82614487],[-52.96833616,-28.82645857],[-52.96821415,-28.82673646],[-52.96818765,-28.82713305],[-52.96797535,-28.82793473],[-52.96749452,-28.82892418],[-52.96642806,-28.82782828],[-52.96613464,-28.82763508],[-52.96388076,-28.8268933],[-52.96264681,-28.82641149],[-52.96193816,-28.82600296],[-52.9615885,-28.82588307],[-52.96131346,-28.82583092],[-52.96149321,-28.82549632],[-52.96172229,-28.82498893],[-52.96175126,-28.82457475],[-52.9617032,-28.82404135],[-52.96136504,-28.82360485],[-52.96123954,-28.82299278],[-52.96183814,-28.82331583]]]]},"geometry_name":"geo_area_imovel","properties":{"cod_imovel":"RS-4300554-69598348BBCA4C5CB463B0FDA0A8D5A0","status_imovel":"AT","dat_criacao":"2016-02-12T23:32:34.083Z","area":17.7286,"condicao":"Aguardando análise","uf":"RS","municipio":"Alto Alegre","cod_municipio_ibge":4300554,"m_fiscal":0.9849,"tipo_imovel":"IRU"}},{"type":"Feature","id":"sicar_imoveis_rs.2025302","geometry":{"type":"MultiPolygon","coordinates":[[[[-52.95290542,-28.81235513],[-52.95426319,-28.81252718],[-52.9541045,-28.81505807],[-52.95297191,-28.81493768],[-52.95290542,-28.81235513]]]]},"geometry_name":"geo_area_imovel","properties":{"cod_imovel":"RS-4300554-FC07753D983F4AC8A20D7806A273A100","status_imovel":"AT","dat_criacao":"2016-02-12T23:34:30.685Z","area":3.4519,"condicao":"Aguardando análise","uf":"RS","municipio":"Alto Alegre","cod_municipio_ibge":4300554,"m_fiscal":0.1918,"tipo_imovel":"IRU"}},{"type":"Feature","id":"sicar_imoveis_rs.2025398","geometry":{"type":"MultiPolygon","coordinates":[[[[-52.98276653,-28.81744837],[-52.9823948,-28.81715855],[-52.98248251,-28.81684221],[-52.98244132,-28.81680186],[-52.98225246,-28.81688815],[-52.98180477,-28.81638528],[-52.98270464,-28.81529227],[-52.9839301,-28.81593993],[-52.98276653,-28.81744837]]]]},"geometry_name":"geo_area_imovel","properties":{"cod_imovel":"RS-4300554-CB15A4B1B7E14B8BB31E09778E0ABD4A","status_imovel":"AT","dat_criacao":"2016-02-12T23:46:36.817Z","area":2.487,"condicao":"Aguardando análise","uf":"RS","municipio":"Alto Alegre","cod_municipio_ibge":4300554,"m_fiscal":0.1382,"tipo_imovel":"IRU"}},{"type":"Feature","id":"sicar_imoveis_rs.2026166","geometry":{"type":"MultiPolygon","coordinates":[[[[-52.94605891,-28.81126906],[-52.94613267,-28.81281542],[-52.94270662,-28.8129801],[-52.94239102,-28.81057253],[-52.94019016,-28.81041419],[-52.9401781,-28.80973251],[-52.94111798,-28.80878674],[-52.94223507,-28.80899017],[-52.94218114,-28.80845966],[-52.94605891,-28.81126906]]]]},"geometry_name":"geo_area_imovel","properties":{"cod_imovel":"RS-4300554-69637427EE2E488E92A01EFA03A37BF3","status_imovel":"AT","dat_criacao":"2016-02-13T00:58:36.784Z","area":14.9524,"condicao":"Aguardando análise","uf":"RS","municipio":"Alto Alegre","cod_municipio_ibge":4300554,"m_fiscal":0.8307,"tipo_imovel":"IRU"}},{"type":"Feature","id":"sicar_imoveis_rs.2026289","geometry":{"type":"MultiPolygon","coordinates":[[[[-52.94717073,-28.85642016],[-52.94722837,-28.85694044],[-52.94041785,-28.85766469],[-52.94038578,-28.85707645],[-52.94717073,-28.85642016]]]]},"geometry_name":"geo_area_imovel","properties":{"cod_imovel":"RS-4300554-83D1F0A5985C4743BA2A207734CE149D","status_imovel":"AT","dat_criacao":"2016-02-13T01:06:49.407Z","area":4.1084,"condicao":"Aguardando análise","uf":"RS","municipio":"Alto Alegre","cod_municipio_ibge":4300554,"m_fiscal":0.2282,"tipo_imovel":"IRU"}},{"type":"Feature","id":"sicar_imoveis_rs.2026452","geometry":{"type":"MultiPolygon","coordinates":[[[[-52.95238533,-28.85300626],[-52.9526446,-28.85306369],[-52.95258268,-28.85485538],[-52.95767324,-28.85422354],[-52.95647951,-28.85782316],[-52.95792606,-28.85776288],[-52.95803812,-28.85973867],[-52.95685856,-28.8595223],[-52.95533049,-28.85906077],[-52.95473319,-28.85897563],[-52.95421434,-28.8589507],[-52.95250453,-28.85897209],[-52.95249721,-28.85556024],[-52.95221938,-28.85555973],[-52.95238533,-28.85300626]]]]},"geometry_name":"geo_area_imovel","properties":{"cod_imovel":"RS-4300554-82EF869D6F4F4F0795935912CFA6A0B0","status_imovel":"AT","dat_criacao":"2016-02-13T01:20:09.678Z","area":24.9737,"condicao":"Aguardando análise","uf":"RS","municipio":"Alto Alegre","cod_municipio_ibge":4300554,"m_fiscal":1.3874,"tipo_imovel":"IRU"}},{"type":"Feature","id":"sicar_imoveis_rs.2034845","geometry":{"type":"MultiPolygon","coordinates":[[[[-52.95251874,-28.85253831],[-52.94654177,-28.8528418],[-52.94618711,-28.85041736],[-52.95350662,-28.8497827],[-52.95354057,-28.85062119],[-52.95320347,-28.85121642],[-52.95321623,-28.85178617],[-52.95317047,-28.85235675],[-52.95278861,-28.85233297],[-52.95251874,-28.85253831]]]]},"geometry_name":"geo_area_imovel","properties":{"cod_imovel":"RS-4300554-3DF172EBC8AB4B0196F1B9F7461BEFC7","status_imovel":"AT","dat_criacao":"2016-02-16T01:14:31.646Z","area":19.3121,"condicao":"Aguardando análise","uf":"RS","municipio":"Alto Alegre","cod_municipio_ibge":4300554,"m_fiscal":1.0729,"tipo_imovel":"IRU"}},{"type":"Feature","id":"sicar_imoveis_rs.2034987","geometry":{"type":"MultiPolygon","coordinates":[[[[-52.95090958,-28.77590517],[-52.95907622,-28.77376941],[-52.9592517,-28.77401277],[-52.95944699,-28.77425603],[-52.95956753,-28.77447766],[-52.95965115,-28.7746489],[-52.95961869,-28.77483916],[-52.95827744,-28.77572484],[-52.9568929,-28.77563759],[-52.95669404,-28.77569843],[-52.95623447,-28.77598532],[-52.95546334,-28.77638779],[-52.95388009,-28.77713811],[-52.95337919,-28.77725633],[-52.95282038,-28.77731835],[-52.9513815,-28.7777994],[-52.95090958,-28.77590517]]]]},"geometry_name":"geo_area_imovel","properties":{"cod_imovel":"RS-4300554-683822BAAF864C6DA5CAED405396D88C","status_imovel":"AT","dat_criacao":"2016-02-16T01:24:43.848Z","area":15.4548,"condicao":"Aguardando análise","uf":"RS","municipio":"Alto Alegre","cod_municipio_ibge":4300554,"m_fiscal":0.8586,"tipo_imovel":"IRU"}},{"type":"Feature","id":"sicar_imoveis_rs.2034994","geometry":{"type":"MultiPolygon","coordinates":[[[[-52.93252088,-28.77427905],[-52.93249585,-28.77373396],[-52.94968205,-28.77077723],[-52.94991547,-28.77179942],[-52.93247304,-28.77489347],[-52.93252088,-28.77427905]]]]},"geometry_name":"geo_area_imovel","properties":{"cod_imovel":"RS-4300554-98158847886F4A45AA23C73FB9D05BB0","status_imovel":"AT","dat_criacao":"2016-02-16T01:26:08.812Z","area":20.7659,"condicao":"Aguardando análise","uf":"RS","municipio":"Alto Alegre","cod_municipio_ibge":4300554,"m_fiscal":1.1537,"tipo_imovel":"IRU"}},{"type":"Feature","id":"sicar_imoveis_rs.2039325","geometry":{"type":"MultiPolygon","coordinates":[[[[-53.03905249,-28.81070479],[-53.0374217,-28.81185168],[-53.03583384,-28.81023475],[-53.03757142,-28.80885285],[-53.03905249,-28.81070479]]]]},"geometry_name":"geo_area_imovel","properties":{"cod_imovel":"RS-4300554-7A1B8ED25DA8460F990622FB257104A8","status_imovel":"AT","dat_criacao":"2016-02-16T23:53:56.715Z","area":5.2604,"condicao":"Aguardando análise","uf":"RS","municipio":"Alto Alegre","cod_municipio_ibge":4300554,"m_fiscal":0.2922,"tipo_imovel":"IRU"}},{"type":"Feature","id":"sicar_imoveis_rs.2039328","geometry":{"type":"MultiPolygon","coordinates":[[[[-52.97700423,-28.80188171],[-52.97448449,-28.80174379],[-52.97467414,-28.79954724],[-52.97714787,-28.79964476],[-52.97700423,-28.80188171]]]]},"geometry_name":"geo_area_imovel","properties":{"cod_imovel":"RS-4300554-9EB4BA1ECA9A4F4BA1269EF219F31FA5","status_imovel":"AT","dat_criacao":"2016-02-16T23:55:16.975Z","area":6.0105,"condicao":"Aguardando análise","uf":"RS","municipio":"Alto Alegre","cod_municipio_ibge":4300554,"m_fiscal":0.3339,"tipo_imovel":"IRU"}},{"type":"Feature","id":"sicar_imoveis_rs.2039377","geometry":{"type":"MultiPolygon","coordinates":[[[[-53.00358295,-28.76459314],[-53.00208092,-28.76551482],[-52.99688816,-28.76201615],[-52.99757481,-28.76160232],[-53.00358295,-28.76459314]]]]},"geometry_name":"geo_area_imovel","properties":{"cod_imovel":"RS-4300554-A03B6DD268BB4A75B01D155AE7A526DC","status_imovel":"AT","dat_criacao":"2016-02-17T00:00:21.716Z","area":7.8923,"condicao":"Aguardando análise","uf":"RS","municipio":"Alto Alegre","cod_municipio_ibge":4300554,"m_fiscal":0.4385,"tipo_imovel":"IRU"}},{"type":"Feature","id":"sicar_imoveis_rs.2039572","geometry":{"type":"MultiPolygon","coordinates":[[[[-52.97800541,-28.83512516],[-52.97809124,-28.83463643],[-52.97656775,-28.83377176],[-52.97598839,-28.83275669],[-52.97577381,-28.83172282],[-52.97538757,-28.83119648],[-52.9742074,-28.82997461],[-52.97313452,-28.8290911],[-52.97116041,-28.82954225],[-52.97146082,-28.83016259],[-52.9719758,-28.83014379],[-52.9725337,-28.83023778],[-52.97287703,-28.83059495],[-52.97266245,-28.83080172],[-52.97257662,-28.83125287],[-52.97274828,-28.83183561],[-52.97339201,-28.83202358],[-52.97367096,-28.83253112],[-52.97386408,-28.83303866],[-52.97369242,-28.83341461],[-52.97379971,-28.8341665],[-52.97697544,-28.83435447],[-52.97800541,-28.83512516]]]]},"geometry_name":"geo_area_imovel","properties":{"cod_imovel":"RS-4300554-5D8DED1E27A24CDEBF9ED86C5612E0EE","status_imovel":"AT","dat_criacao":"2016-02-17T00:25:53.174Z","area":14.3109,"condicao":"Aguardando análise","uf":"RS","municipio":"Alto Alegre","cod_municipio_ibge":4300554,"m_fiscal":0.7951,"tipo_imovel":"IRU"}},{"type":"Feature","id":"sicar_imoveis_rs.2039989","geometry":{"type":"MultiPolygon","coordinates":[[[[-52.9795289,-28.79765568],[-52.98038721,-28.79752405],[-52.98364878,-28.80399241],[-52.98244715,-28.80410523],[-52.98201799,-28.80418044],[-52.98118114,-28.80299586],[-52.98085928,-28.80290184],[-52.98025846,-28.80293945],[-52.9797864,-28.80277022],[-52.97950745,-28.80267621],[-52.9797864,-28.79981811],[-52.9795289,-28.79765568]]]]},"geometry_name":"geo_area_imovel","properties":{"cod_imovel":"RS-4300554-6DFC41E2376047878604AEE88815ACE8","status_imovel":"AT","dat_criacao":"2016-02-17T01:11:50.207Z","area":14.4781,"condicao":"Aguardando análise","uf":"RS","municipio":"Alto Alegre","cod_municipio_ibge":4300554,"m_fiscal":0.8043,"tipo_imovel":"IRU"}},{"type":"Feature","id":"sicar_imoveis_rs.2044971","geometry":{"type":"MultiPolygon","coordinates":[[[[-52.98980191,-28.79513664],[-52.98857119,-28.79696901],[-52.9877464,-28.79615002],[-52.98239027,-28.79052527],[-52.98064736,-28.78860285],[-52.97979721,-28.78777923],[-52.97739593,-28.78480195],[-52.97768355,-28.78418345],[-52.97991925,-28.78421398],[-52.98155324,-28.7857858],[-52.98177642,-28.78579276],[-52.99071305,-28.79356682],[-52.98980191,-28.79513664]]]]},"geometry_name":"geo_area_imovel","properties":{"cod_imovel":"RS-4300554-18C2DF0C942540AC890B548EAF5DE984","status_imovel":"AT","dat_criacao":"2016-02-18T00:34:28.542Z","area":54.135,"condicao":"Aguardando análise","uf":"RS","municipio":"Alto Alegre","cod_municipio_ibge":4300554,"m_fiscal":3.0075,"tipo_imovel":"IRU"}},{"type":"Feature","id":"sicar_imoveis_rs.2045316","geometry":{"type":"MultiPolygon","coordinates":[[[[-53.03688526,-28.80938867],[-53.0324341,-28.80488909],[-53.03411722,-28.80361635],[-53.03864479,-28.80811014],[-53.03688526,-28.80938867]]]]},"geometry_name":"geo_area_imovel","properties":{"cod_imovel":"RS-4300554-F811D4033597482BB1BD5D4C10D817E1","status_imovel":"AT","dat_criacao":"2016-02-18T00:57:34.996Z","area":14.5732,"condicao":"Aguardando análise","uf":"RS","municipio":"Alto Alegre","cod_municipio_ibge":4300554,"m_fiscal":0.8096,"tipo_imovel":"IRU"}},{"type":"Feature","id":"sicar_imoveis_rs.2046213","geometry":{"type":"MultiPolygon","coordinates":[[[[-53.01946163,-28.77421395],[-53.02043129,-28.7737024],[-53.0219563,-28.77275703],[-53.02304454,-28.77379218],[-53.02209762,-28.77429472],[-53.02205096,-28.77422863],[-53.01980989,-28.77555159],[-53.01849604,-28.77636746],[-53.0182318,-28.77598041],[-53.01811336,-28.77562446],[-53.01811105,-28.77543182],[-53.01821552,-28.77541432],[-53.01827558,-28.77532562],[-53.01827257,-28.77520473],[-53.01833804,-28.77507844],[-53.01849346,-28.77472767],[-53.01946163,-28.77421395]]]]},"geometry_name":"geo_area_imovel","properties":{"cod_imovel":"RS-4300554-0374AC58EC08477299AA44F5D50164AE","status_imovel":"AT","dat_criacao":"2016-02-18T01:52:55.534Z","area":7.0583,"condicao":"Aguardando análise","uf":"RS","municipio":"Alto Alegre","cod_municipio_ibge":4300554,"m_fiscal":0.3921,"tipo_imovel":"IRU"}},{"type":"Feature","id":"sicar_imoveis_rs.2046216","geometry":{"type":"MultiPolygon","coordinates":[[[[-53.0273459,-28.77490709],[-53.0280447,-28.77508853],[-53.02602768,-28.77728904],[-53.02542279,-28.77666392],[-53.02482605,-28.7759725],[-53.02602768,-28.77480641],[-53.02674315,-28.77479527],[-53.0273459,-28.77490709]]]]},"geometry_name":"geo_area_imovel","properties":{"cod_imovel":"RS-4300554-CEAFCD60538E45198FC408141BC3C971","status_imovel":"AT","dat_criacao":"2016-02-18T01:53:12.836Z","area":4.4875,"condicao":"Aguardando análise","uf":"RS","municipio":"Alto Alegre","cod_municipio_ibge":4300554,"m_fiscal":0.2493,"tipo_imovel":"IRU"}},{"type":"Feature","id":"sicar_imoveis_rs.2051688","geometry":{"type":"MultiPolygon","coordinates":[[[[-53.03002684,-28.81854915],[-53.02991152,-28.81903355],[-53.02587755,-28.81909952],[-53.0256629,-28.81845074],[-53.02847385,-28.81747313],[-53.02953918,-28.81820615],[-53.03002684,-28.81854915]]]]},"geometry_name":"geo_area_imovel","properties":{"cod_imovel":"RS-4300554-8DB290771D964EEF8079B43EA2B03FA4","status_imovel":"AT","dat_criacao":"2016-02-18T23:51:29.749Z","area":5.0353,"condicao":"Aguardando análise","uf":"RS","municipio":"Alto Alegre","cod_municipio_ibge":4300554,"m_fiscal":0.2797,"tipo_imovel":"IRU"}},{"type":"Feature","id":"sicar_imoveis_rs.2051723","geometry":{"type":"MultiPolygon","coordinates":[[[[-53.03096294,-28.81412662],[-53.03495407,-28.81702192],[-53.03454638,-28.81736033],[-53.03096294,-28.81470944],[-53.03096294,-28.81412662]]]]},"geometry_name":"geo_area_imovel","properties":{"cod_imovel":"RS-4300554-3EC483C32C614CF4A1C2C41FE5E3AE50","status_imovel":"AT","dat_criacao":"2016-02-18T23:56:34.408Z","area":2.4992,"condicao":"Aguardando análise","uf":"RS","municipio":"Alto Alegre","cod_municipio_ibge":4300554,"m_fiscal":0.1388,"tipo_imovel":"IRU"}},{"type":"Feature","id":"sicar_imoveis_rs.2051778","geometry":{"type":"MultiPolygon","coordinates":[[[[-53.03679943,-28.81574348],[-53.03849959,-28.81419492],[-53.03875208,-28.81437103],[-53.03950539,-28.81522162],[-53.03976779,-28.81541704],[-53.04054907,-28.81626533],[-53.04034465,-28.81636984],[-53.03999437,-28.81644487],[-53.03968477,-28.81661955],[-53.03933899,-28.8169951],[-53.0391035,-28.81747544],[-53.03679943,-28.81574348]]]]},"geometry_name":"geo_area_imovel","properties":{"cod_imovel":"RS-4300554-6F1B2E261ECB4F50A405F4E0339582ED","status_imovel":"AT","dat_criacao":"2016-02-19T00:02:43.681Z","area":6.2133,"condicao":"Aguardando análise","uf":"RS","municipio":"Alto Alegre","cod_municipio_ibge":4300554,"m_fiscal":0.3452,"tipo_imovel":"IRU"}},{"type":"Feature","id":"sicar_imoveis_rs.2051875","geometry":{"type":"MultiPolygon","coordinates":[[[[-53.02601654,-28.80617289],[-53.02374662,-28.80419994],[-53.02423054,-28.80307295],[-53.02481799,-28.80199516],[-53.02518991,-28.80176882],[-53.0252489,-28.80168217],[-53.02546613,-28.80164049],[-53.02564768,-28.80170584],[-53.02580246,-28.80166873],[-53.02583783,-28.80152708],[-53.02610865,-28.80128548],[-53.02619934,-28.80111554],[-53.03056652,-28.80530507],[-53.02894251,-28.80627482],[-53.02745262,-28.80482074],[-53.02601654,-28.80617289]]]]},"geometry_name":"geo_area_imovel","properties":{"cod_imovel":"RS-4300554-C260009313624F1E954C36388B4D6A7E","status_imovel":"AT","dat_criacao":"2016-02-19T00:13:35.072Z","area":19.2545,"condicao":"Aguardando análise","uf":"RS","municipio":"Alto Alegre","cod_municipio_ibge":4300554,"m_fiscal":1.0697,"tipo_imovel":"IRU"}},{"type":"Feature","id":"sicar_imoveis_rs.2051966","geometry":{"type":"MultiPolygon","coordinates":[[[[-53.02644351,-28.80110984],[-53.02675214,-28.80088923],[-53.02675534,-28.8007518],[-53.02679926,-28.80068603],[-53.02693616,-28.80064138],[-53.02699799,-28.80046365],[-53.0270557,-28.80032348],[-53.02718979,-28.80023871],[-53.02723738,-28.80002188],[-53.02747001,-28.79972645],[-53.03204236,-28.80445746],[-53.0325084,-28.80507829],[-53.03255008,-28.8051616],[-53.03250905,-28.80525108],[-53.03186731,-28.80617174],[-53.03185696,-28.80637608],[-53.03189492,-28.80653453],[-53.03176704,-28.80662268],[-53.03055178,-28.80531599],[-53.0261993,-28.80107292],[-53.02644351,-28.80110984]]]]},"geometry_name":"geo_area_imovel","properties":{"cod_imovel":"RS-4300554-09950B98A0FA49A9A5F793EE42BDEDD4","status_imovel":"AT","dat_criacao":"2016-02-19T00:24:50.496Z","area":13.9879,"condicao":"Aguardando análise","uf":"RS","municipio":"Alto Alegre","cod_municipio_ibge":4300554,"m_fiscal":0.7771,"tipo_imovel":"IRU"}},{"type":"Feature","id":"sicar_imoveis_rs.2052080","geometry":{"type":"MultiPolygon","coordinates":[[[[-53.0222925,-28.81011534],[-53.02186489,-28.80910664],[-53.02175772,-28.80671918],[-53.02281083,-28.80576129],[-53.02307468,-28.80598336],[-53.02307254,-28.80612736],[-53.02313144,-28.80616383],[-53.02315715,-28.80631445],[-53.02306349,-28.80641107],[-53.02292982,-28.80670256],[-53.02292079,-28.80677236],[-53.02303398,-28.80695008],[-53.02300616,-28.80708232],[-53.0229663,-28.80709338],[-53.02291877,-28.80735553],[-53.02293181,-28.80742874],[-53.02301916,-28.8075966],[-53.02312956,-28.80763918],[-53.02317196,-28.80773862],[-53.02318238,-28.80784195],[-53.02321774,-28.80799386],[-53.02328296,-28.80808349],[-53.02334259,-28.80814469],[-53.0233969,-28.80823017],[-53.02341522,-28.8083129],[-53.02340275,-28.80838972],[-53.02324029,-28.80847393],[-53.02434624,-28.80932623],[-53.0222925,-28.81011534]]]]},"geometry_name":"geo_area_imovel","properties":{"cod_imovel":"RS-4300554-E811AD0437FA4C89A6FC4DA3A1C1F805","status_imovel":"AT","dat_criacao":"2016-02-19T00:34:50.464Z","area":6.0758,"condicao":"Aguardando análise","uf":"RS","municipio":"Alto Alegre","cod_municipio_ibge":4300554,"m_fiscal":0.3375,"tipo_imovel":"IRU"}},{"type":"Feature","id":"sicar_imoveis_rs.2052870","geometry":{"type":"MultiPolygon","coordinates":[[[[-52.97725439,-28.7997805],[-52.97970057,-28.79987452],[-52.97955036,-28.80216852],[-52.97700354,-28.80187891],[-52.97725439,-28.7997805]]]]},"geometry_name":"geo_area_imovel","properties":{"cod_imovel":"RS-4300554-3A23AA488A8D48D4AC7E50C9754976C8","status_imovel":"AT","dat_criacao":"2016-02-19T01:54:24.308Z","area":5.9748,"condicao":"Aguardando análise","uf":"RS","municipio":"Alto Alegre","cod_municipio_ibge":4300554,"m_fiscal":0.3319,"tipo_imovel":"IRU"}},{"type":"Feature","id":"sicar_imoveis_rs.2058956","geometry":{"type":"MultiPolygon","coordinates":[[[[-53.04900885,-28.79413929],[-53.04643393,-28.79605733],[-53.04495335,-28.79455299],[-53.04748535,-28.79261611],[-53.04900885,-28.79413929]]]]},"geometry_name":"geo_area_imovel","properties":{"cod_imovel":"RS-4300554-5320DBE4B54441D58FCE0D5A2E99B030","status_imovel":"AT","dat_criacao":"2016-02-20T23:39:01.833Z","area":7.3166,"condicao":"Aguardando análise","uf":"RS","municipio":"Alto Alegre","cod_municipio_ibge":4300554,"m_fiscal":0.4065,"tipo_imovel":"IRU"}},{"type":"Feature","id":"sicar_imoveis_rs.2069272","geometry":{"type":"MultiPolygon","coordinates":[[[[-52.97334909,-28.82863994],[-52.97973865,-28.82707346],[-52.98024322,-28.82723188],[-52.9800628,-28.82792364],[-52.98017843,-28.82835286],[-52.98022609,-28.82882924],[-52.98089107,-28.83011001],[-52.9788175,-28.83141621],[-52.97614505,-28.83317726],[-52.97587126,-28.83214324],[-52.97544597,-28.83123228],[-52.97510985,-28.83083943],[-52.9742233,-28.82989947],[-52.97345682,-28.82921499],[-52.97326326,-28.8290535],[-52.97334909,-28.82863994]]]]},"geometry_name":"geo_area_imovel","properties":{"cod_imovel":"RS-4300554-6F831A372F9C4803B596275FDB61317E","status_imovel":"AT","dat_criacao":"2016-02-23T02:51:49.225Z","area":26.7901,"condicao":"Aguardando análise","uf":"RS","municipio":"Alto Alegre","cod_municipio_ibge":4300554,"m_fiscal":1.4883,"tipo_imovel":"IRU"}},{"type":"Feature","id":"sicar_imoveis_rs.2069503","geometry":{"type":"MultiPolygon","coordinates":[[[[-52.99309015,-28.8226807],[-52.99356997,-28.82297588],[-52.99309471,-28.82366421],[-52.99353919,-28.82391682],[-52.99174807,-28.82636111],[-52.99157394,-28.82643637],[-52.99068689,-28.82602694],[-52.99309015,-28.8226807]]]]},"geometry_name":"geo_area_imovel","properties":{"cod_imovel":"RS-4300554-D2F535532CF34AB691DD5CB136738E42","status_imovel":"AT","dat_criacao":"2016-02-23T03:08:03.320Z","area":4.2401,"condicao":"Aguardando análise","uf":"RS","municipio":"Alto Alegre","cod_municipio_ibge":4300554,"m_fiscal":0.2356,"tipo_imovel":"IRU"}},{"type":"Feature","id":"sicar_imoveis_rs.2071558","geometry":{"type":"MultiPolygon","coordinates":[[[[-53.03055409,-28.7867497],[-53.03311868,-28.78463237],[-53.03446054,-28.78588376],[-53.03137064,-28.7876139],[-53.03141356,-28.78768912],[-53.0314677,-28.78773772],[-53.03051823,-28.78904397],[-53.02948296,-28.78832778],[-53.02911927,-28.78791338],[-53.02913622,-28.787178],[-53.02943599,-28.78666726],[-53.0300862,-28.78630992],[-53.03055409,-28.7867497]]]]},"geometry_name":"geo_area_imovel","properties":{"cod_imovel":"RS-4300554-4856581417DB4208B3C5D15584F8DFC5","status_imovel":"AT","dat_criacao":"2016-02-26T01:14:57.383Z","area":9.6237,"condicao":"Aguardando análise","uf":"RS","municipio":"Alto Alegre","cod_municipio_ibge":4300554,"m_fiscal":0.5346,"tipo_imovel":"IRU"}},{"type":"Feature","id":"sicar_imoveis_rs.2073863","geometry":{"type":"MultiPolygon","coordinates":[[[[-52.97346117,-28.81695358],[-52.97324788,-28.81709201],[-52.97277219,-28.81704923],[-52.97234895,-28.81704129],[-52.97220653,-28.8172228],[-52.97219016,-28.81755667],[-52.97212743,-28.81785082],[-52.97173014,-28.81796848],[-52.97130999,-28.81796559],[-52.97077386,-28.81810065],[-52.97023979,-28.81830594],[-52.96958758,-28.818596],[-52.96896986,-28.81881743],[-52.96828154,-28.81896204],[-52.96801195,-28.81898655],[-52.96749032,-28.81884087],[-52.9671531,-28.81888105],[-52.96652511,-28.81872528],[-52.96649466,-28.81819321],[-52.96671025,-28.81803487],[-52.96681995,-28.817945],[-52.96695031,-28.81752482],[-52.96686903,-28.81714062],[-52.9666396,-28.81704563],[-52.96641716,-28.81681681],[-52.9665324,-28.81601213],[-52.96677438,-28.81593034],[-52.96704925,-28.81551751],[-52.96757883,-28.81520699],[-52.96776353,-28.81467392],[-52.96773972,-28.81437382],[-52.96718924,-28.81407696],[-52.96680003,-28.81373061],[-52.96655816,-28.8136182],[-52.96596754,-28.81357002],[-52.9657873,-28.81322046],[-52.96573332,-28.81312248],[-52.96619013,-28.81200472],[-52.96690027,-28.81211651],[-52.96681762,-28.81145827],[-52.97339088,-28.81142802],[-52.97346117,-28.81695358]]]]},"geometry_name":"geo_area_imovel","properties":{"cod_imovel":"RS-4300554-3A6052F805EE4E198AA15FA7007C254D","status_imovel":"AT","dat_criacao":"2016-02-26T05:42:00.728Z","area":49.3323,"condicao":"Aguardando análise","uf":"RS","municipio":"Alto Alegre","cod_municipio_ibge":4300554,"m_fiscal":2.7407,"tipo_imovel":"IRU"}},{"type":"Feature","id":"sicar_imoveis_rs.2074289","geometry":{"type":"MultiPolygon","coordinates":[[[[-52.99315453,-28.82277469],[-52.99064398,-28.82604574],[-52.99042205,-28.82580451],[-52.99033432,-28.82565066],[-52.99031685,-28.82538592],[-52.98994569,-28.82507719],[-52.98976597,-28.82481941],[-52.9896946,-28.82449453],[-52.98962532,-28.82433245],[-52.98947394,-28.824156],[-52.98937627,-28.8239769],[-52.98920009,-28.82373832],[-52.98905163,-28.82359472],[-52.98896464,-28.82339622],[-52.98883969,-28.82322245],[-52.98871156,-28.82310184],[-52.9890132,-28.82081954],[-52.99315453,-28.82277469]]]]},"geometry_name":"geo_area_imovel","properties":{"cod_imovel":"RS-4300554-B952FFF0FA5F4C36A3D14A89D364EAA4","status_imovel":"AT","dat_criacao":"2016-02-26T06:38:11.874Z","area":12.7748,"condicao":"Aguardando análise","uf":"RS","municipio":"Alto Alegre","cod_municipio_ibge":4300554,"m_fiscal":0.7097,"tipo_imovel":"IRU"}},{"type":"Feature","id":"sicar_imoveis_rs.2074298","geometry":{"type":"MultiPolygon","coordinates":[[[[-52.991648,-28.82649996],[-52.9935373,-28.82392013],[-52.99462862,-28.8245336],[-52.99462228,-28.82474832],[-52.99425827,-28.82526726],[-52.99331601,-28.82634535],[-52.99300234,-28.82670477],[-52.99282637,-28.82678718],[-52.99241601,-28.82680876],[-52.99217236,-28.82682065],[-52.991648,-28.82649996]]]]},"geometry_name":"geo_area_imovel","properties":{"cod_imovel":"RS-4300554-56AF5A1E6DD342BA9F89E597E404F233","status_imovel":"AT","dat_criacao":"2016-02-26T06:40:09.598Z","area":4.3745,"condicao":"Aguardando análise","uf":"RS","municipio":"Alto Alegre","cod_municipio_ibge":4300554,"m_fiscal":0.243,"tipo_imovel":"IRU"}},{"type":"Feature","id":"sicar_imoveis_rs.2074332","geometry":{"type":"MultiPolygon","coordinates":[[[[-52.98330545,-28.82608333],[-52.98349857,-28.82330108],[-52.98656702,-28.82343267],[-52.98611641,-28.82830157],[-52.98016363,-28.8282465],[-52.9800651,-28.82795923],[-52.98023983,-28.82723955],[-52.97973836,-28.82706552],[-52.97942331,-28.8268612],[-52.97933495,-28.82661103],[-52.97942442,-28.82632655],[-52.97937844,-28.82614994],[-52.97933148,-28.8260077],[-52.97924424,-28.82575833],[-52.98330545,-28.82608333]]]]},"geometry_name":"geo_area_imovel","properties":{"cod_imovel":"RS-4300554-4902706C288B4FE08EE1009769DB1D55","status_imovel":"AT","dat_criacao":"2016-02-26T06:45:27.271Z","area":24.848,"condicao":"Aguardando análise","uf":"RS","municipio":"Alto Alegre","cod_municipio_ibge":4300554,"m_fiscal":1.3804,"tipo_imovel":"IRU"}},{"type":"Feature","id":"sicar_imoveis_rs.2074364","geometry":{"type":"MultiPolygon","coordinates":[[[[-52.96890805,-28.82077091],[-52.96851146,-28.82060345],[-52.96828121,-28.82016473],[-52.96822071,-28.81929675],[-52.96715313,-28.81887948],[-52.96729803,-28.81871395],[-52.96757698,-28.81875155],[-52.96802491,-28.81898442],[-52.96895363,-28.81883366],[-52.96977639,-28.8185141],[-52.97061018,-28.81813412],[-52.97127176,-28.81796648],[-52.97162245,-28.8179679],[-52.97168329,-28.81822338],[-52.97174764,-28.8184997],[-52.97191264,-28.81874726],[-52.97181012,-28.81916509],[-52.97173406,-28.81945009],[-52.96863857,-28.82166287],[-52.96890805,-28.82077091]]]]},"geometry_name":"geo_area_imovel","properties":{"cod_imovel":"RS-4300554-3CE8E6CAF0BA4A14870C455C25E13625","status_imovel":"AT","dat_criacao":"2016-02-26T06:50:53.072Z","area":8.2161,"condicao":"Aguardando análise","uf":"RS","municipio":"Alto Alegre","cod_municipio_ibge":4300554,"m_fiscal":0.4564,"tipo_imovel":"IRU"}},{"type":"Feature","id":"sicar_imoveis_rs.2074463","geometry":{"type":"MultiPolygon","coordinates":[[[[-52.99300908,-28.82670811],[-52.99241631,-28.8277373],[-52.99179262,-28.8265957],[-52.99217712,-28.82682337],[-52.99283426,-28.82677995],[-52.99300908,-28.82670811]]]]},"geometry_name":"geo_area_imovel","properties":{"cod_imovel":"RS-4300554-FFD7108AE91643CB9D4966ABB623450D","status_imovel":"AT","dat_criacao":"2016-02-26T07:02:28.078Z","area":0.5654,"condicao":"Aguardando análise","uf":"RS","municipio":"Alto Alegre","cod_municipio_ibge":4300554,"m_fiscal":0.0314,"tipo_imovel":"IRU"}},{"type":"Feature","id":"sicar_imoveis_rs.2075054","geometry":{"type":"MultiPolygon","coordinates":[[[[-52.94077635,-28.80181126],[-52.94251442,-28.80481973],[-52.94491768,-28.80429325],[-52.94541121,-28.80587267],[-52.94571161,-28.80741446],[-52.94584036,-28.80827935],[-52.94614077,-28.81130643],[-52.9421599,-28.80850954],[-52.9422463,-28.80905969],[-52.94114208,-28.80878645],[-52.94029656,-28.80971097],[-52.93687105,-28.80940747],[-52.94165611,-28.80666237],[-52.94015824,-28.80505567],[-52.94140734,-28.80486628],[-52.94099903,-28.80465614],[-52.94079232,-28.80448476],[-52.94066419,-28.80412076],[-52.94038486,-28.80358371],[-52.94035716,-28.80263519],[-52.94038599,-28.80183232],[-52.94077635,-28.80181126]]]]},"geometry_name":"geo_area_imovel","properties":{"cod_imovel":"RS-4300554-75EC1AB1272741C1A593C755104B4FD2","status_imovel":"AT","dat_criacao":"2016-02-26T08:22:36.667Z","area":34.5066,"condicao":"Aguardando análise","uf":"RS","municipio":"Alto Alegre","cod_municipio_ibge":4300554,"m_fiscal":1.917,"tipo_imovel":"IRU"}},{"type":"Feature","id":"sicar_imoveis_rs.2075089","geometry":{"type":"MultiPolygon","coordinates":[[[[-52.94016128,-28.80505843],[-52.9416132,-28.80668117],[-52.9365645,-28.80931267],[-52.93632542,-28.80902077],[-52.93616577,-28.80885175],[-52.93604869,-28.8087799],[-52.93601453,-28.80866026],[-52.93607083,-28.80858113],[-52.9360542,-28.80848111],[-52.93597012,-28.80829782],[-52.9358885,-28.80815297],[-52.93583797,-28.80797247],[-52.93589425,-28.8077241],[-52.93593977,-28.80748731],[-52.93586662,-28.80741065],[-52.93560533,-28.80709577],[-52.93609569,-28.80575727],[-52.9362753,-28.80343805],[-52.93750037,-28.80387773],[-52.93790901,-28.80391694],[-52.93900894,-28.8043621],[-52.93958296,-28.80464868],[-52.94016128,-28.80505843]]]]},"geometry_name":"geo_area_imovel","properties":{"cod_imovel":"RS-4300554-D035E718720F47D585B746C9902AE6FB","status_imovel":"AT","dat_criacao":"2016-02-26T08:27:06.670Z","area":21.5279,"condicao":"Aguardando análise","uf":"RS","municipio":"Alto Alegre","cod_municipio_ibge":4300554,"m_fiscal":1.196,"tipo_imovel":"IRU"}},{"type":"Feature","id":"sicar_imoveis_rs.2078226","geometry":{"type":"MultiPolygon","coordinates":[[[[-53.00388336,-28.82895951],[-53.00407459,-28.82881072],[-53.00453901,-28.82833616],[-53.00506353,-28.8279444],[-53.00956964,-28.83142205],[-53.00744534,-28.83298226],[-53.00388336,-28.82895951]]]]},"geometry_name":"geo_area_imovel","properties":{"cod_imovel":"RS-4300554-763CCD2240034875BF699D87D33ECBD7","status_imovel":"AT","dat_criacao":"2016-02-27T01:06:44.217Z","area":12.3494,"condicao":"Aguardando análise","uf":"RS","municipio":"Alto Alegre","cod_municipio_ibge":4300554,"m_fiscal":0.6861,"tipo_imovel":"IRU"}},{"type":"Feature","id":"sicar_imoveis_rs.2078934","geometry":{"type":"MultiPolygon","coordinates":[[[[-52.99673311,-28.77474942],[-52.99815502,-28.77323659],[-52.99879062,-28.7735138],[-52.99605744,-28.77605789],[-52.99579477,-28.77580766],[-52.99673311,-28.77474942]]]]},"geometry_name":"geo_area_imovel","properties":{"cod_imovel":"RS-4300554-A4EAE92D167B47C781B04F389C40CB33","status_imovel":"AT","dat_criacao":"2016-02-27T02:32:47.749Z","area":2.0165,"condicao":"Aguardando análise","uf":"RS","municipio":"Alto Alegre","cod_municipio_ibge":4300554,"m_fiscal":0.111,"tipo_imovel":"IRU"}},{"type":"Feature","id":"sicar_imoveis_rs.2079782","geometry":{"type":"MultiPolygon","coordinates":[[[[-52.95241068,-28.78262572],[-52.9524591,-28.78233414],[-52.95165755,-28.77902221],[-52.95814514,-28.78139125],[-52.95396691,-28.7856478],[-52.95396628,-28.78640258],[-52.95356062,-28.78630811],[-52.95296317,-28.78638929],[-52.9528963,-28.7864747],[-52.95281993,-28.7869081],[-52.95201868,-28.78786948],[-52.95096407,-28.78598962],[-52.95021092,-28.78383047],[-52.95154387,-28.78366229],[-52.95241068,-28.78262572]]]]},"geometry_name":"geo_area_imovel","properties":{"cod_imovel":"RS-4300554-F27348A977914C8E853852D3C3E996FC","status_imovel":"AT","dat_criacao":"2016-02-27T04:12:20.053Z","area":32.8052,"condicao":"Aguardando análise","uf":"RS","municipio":"Alto Alegre","cod_municipio_ibge":4300554,"m_fiscal":1.8225,"tipo_imovel":"IRU"}},{"type":"Feature","id":"sicar_imoveis_rs.2085856","geometry":{"type":"MultiPolygon","coordinates":[[[[-53.02947814,-28.7883228],[-53.03050909,-28.7890524],[-53.02816714,-28.79131281],[-53.02776869,-28.79071201],[-53.02755296,-28.79039494],[-53.02768722,-28.7902659],[-53.02787314,-28.79003639],[-53.02804875,-28.78973506],[-53.02817117,-28.78948839],[-53.02828908,-28.7893089],[-53.02837207,-28.78904009],[-53.02833799,-28.78870003],[-53.02821863,-28.78845468],[-53.02834204,-28.78819915],[-53.02856158,-28.78801975],[-53.02869759,-28.7879164],[-53.02887801,-28.78773709],[-53.02910513,-28.78789616],[-53.02947814,-28.7883228]]]]},"geometry_name":"geo_area_imovel","properties":{"cod_imovel":"RS-4300554-96B801B99DD7400FAC7FF3BAF4C41AD7","status_imovel":"AT","dat_criacao":"2016-02-28T01:33:15.282Z","area":5.1093,"condicao":"Aguardando análise","uf":"RS","municipio":"Alto Alegre","cod_municipio_ibge":4300554,"m_fiscal":0.2838,"tipo_imovel":"IRU"}},{"type":"Feature","id":"sicar_imoveis_rs.2096245","geometry":{"type":"MultiPolygon","coordinates":[[[[-53.0139697,-28.78022558],[-53.01409779,-28.77957641],[-53.01307658,-28.7792451],[-53.01338844,-28.77751183],[-53.01626369,-28.77751662],[-53.0181622,-28.77653835],[-53.01839315,-28.77623169],[-53.01850081,-28.77642732],[-53.01850632,-28.77672365],[-53.01879569,-28.77731722],[-53.01875235,-28.77746942],[-53.01874611,-28.77756197],[-53.01855582,-28.77763378],[-53.01854418,-28.77805965],[-53.0185331,-28.7783601],[-53.01854686,-28.77852016],[-53.01825296,-28.77874347],[-53.01799422,-28.77902965],[-53.01783964,-28.77922722],[-53.01769875,-28.7794009],[-53.01756304,-28.77965795],[-53.01746395,-28.77997825],[-53.01740265,-28.78014332],[-53.01737605,-28.78032879],[-53.01736188,-28.78038729],[-53.01613812,-28.78029804],[-53.0139697,-28.78022558]]]]},"geometry_name":"geo_area_imovel","properties":{"cod_imovel":"RS-4300554-A0C1231BF70540C4AD4DD156F673D99D","status_imovel":"AT","dat_criacao":"2016-03-01T00:56:39.589Z","area":15.3787,"condicao":"Aguardando análise","uf":"RS","municipio":"Alto Alegre","cod_municipio_ibge":4300554,"m_fiscal":0.8544,"tipo_imovel":"IRU"}},{"type":"Feature","id":"sicar_imoveis_rs.2096918","geometry":{"type":"MultiPolygon","coordinates":[[[[-53.02641392,-28.79556842],[-53.02416086,-28.79665907],[-53.02592039,-28.79893434],[-53.02784437,-28.79774969],[-53.02864552,-28.79942323],[-53.02798033,-28.79961127],[-53.02745717,-28.79975151],[-53.0272193,-28.8000325],[-53.0271428,-28.80026511],[-53.02705432,-28.80032589],[-53.02693304,-28.80064921],[-53.02679773,-28.80071794],[-53.0267214,-28.80079327],[-53.0267527,-28.80088811],[-53.02643349,-28.80110171],[-53.02621582,-28.80106729],[-53.0261048,-28.80126597],[-53.02581504,-28.80154552],[-53.02580589,-28.80166059],[-53.02563655,-28.80169768],[-53.02531958,-28.80166084],[-53.02294668,-28.79830141],[-53.02012682,-28.79833262],[-53.01982138,-28.79546377],[-53.02586581,-28.79462215],[-53.02641392,-28.79556842]]]]},"geometry_name":"geo_area_imovel","properties":{"cod_imovel":"RS-4300554-CA27325C2FAA44B7A893E910CAF2D9F5","status_imovel":"AT","dat_criacao":"2016-03-01T01:29:44.107Z","area":30.2854,"condicao":"Aguardando análise","uf":"RS","municipio":"Alto Alegre","cod_municipio_ibge":4300554,"m_fiscal":1.6825,"tipo_imovel":"IRU"}},{"type":"Feature","id":"sicar_imoveis_rs.2096937","geometry":{"type":"MultiPolygon","coordinates":[[[[-52.99714565,-28.78377746],[-52.99680233,-28.78522554],[-52.98568726,-28.77785327],[-52.98619946,-28.77735547],[-52.98663139,-28.77698812],[-52.99714565,-28.78377746]]]]},"geometry_name":"geo_area_imovel","properties":{"cod_imovel":"RS-4300554-7F6313D987DA4D19BE00F83D34CCB649","status_imovel":"AT","dat_criacao":"2016-03-01T01:30:22.006Z","area":18.4869,"condicao":"Aguardando análise","uf":"RS","municipio":"Alto Alegre","cod_municipio_ibge":4300554,"m_fiscal":1.027,"tipo_imovel":"IRU"}},{"type":"Feature","id":"sicar_imoveis_rs.2096945","geometry":{"type":"MultiPolygon","coordinates":[[[[-52.97705561,-28.80839488],[-52.9763145,-28.80754086],[-52.97598568,-28.80713086],[-52.97531754,-28.80627764],[-52.97532278,-28.80619162],[-52.97505734,-28.80605212],[-52.97486848,-28.80584533],[-52.97438589,-28.80558835],[-52.97464855,-28.80523319],[-52.97468987,-28.80512954],[-52.97480703,-28.80499024],[-52.97494411,-28.8049365],[-52.97505527,-28.80500681],[-52.97511187,-28.80491421],[-52.9752492,-28.80472889],[-52.97547333,-28.80476581],[-52.97555592,-28.80458933],[-52.97567017,-28.80450476],[-52.97584645,-28.80429007],[-52.97585497,-28.80429449],[-52.97589282,-28.80418757],[-52.97602604,-28.80414204],[-52.97616816,-28.80417317],[-52.97627181,-28.80406727],[-52.97644449,-28.80421653],[-52.97655176,-28.80417394],[-52.97672907,-28.80420945],[-52.97714177,-28.80427609],[-52.9773498,-28.80431104],[-52.97754009,-28.80434133],[-52.97799072,-28.80443914],[-52.97831053,-28.80449621],[-52.9785306,-28.80450284],[-52.97871868,-28.80444563],[-52.97913472,-28.80448671],[-52.97925408,-28.80571973],[-52.97933196,-28.80637504],[-52.97940841,-28.80671561],[-52.97954137,-28.80756913],[-52.97705561,-28.80839488]]]]},"geometry_name":"geo_area_imovel","properties":{"cod_imovel":"RS-4300554-37CF83E07D32439EA39E007708A84CBD","status_imovel":"AT","dat_criacao":"2016-03-01T01:30:41.973Z","area":15.3555,"condicao":"Aguardando análise","uf":"RS","municipio":"Alto Alegre","cod_municipio_ibge":4300554,"m_fiscal":0.8531,"tipo_imovel":"IRU"}},{"type":"Feature","id":"sicar_imoveis_rs.2105563","geometry":{"type":"MultiPolygon","coordinates":[[[[-53.00285339,-28.83845221],[-53.00306086,-28.8386349],[-53.0028597,-28.83882607],[-53.0029211,-28.83912912],[-53.00289443,-28.83931198],[-53.00283625,-28.83947553],[-53.00289745,-28.83966293],[-52.99708128,-28.83988073],[-52.99703836,-28.83865897],[-53.00285339,-28.83845221]]]]},"geometry_name":"geo_area_imovel","properties":{"cod_imovel":"RS-4300554-CFE8962519AD4BB3BBE202C6E3CA7EB8","status_imovel":"AT","dat_criacao":"2016-03-02T00:28:13.440Z","area":7.703,"condicao":"Aguardando análise","uf":"RS","municipio":"Alto Alegre","cod_municipio_ibge":4300554,"m_fiscal":0.4279,"tipo_imovel":"IRU"}},{"type":"Feature","id":"sicar_imoveis_rs.2106482","geometry":{"type":"MultiPolygon","coordinates":[[[[-52.97117933,-28.85347881],[-52.9698808,-28.85537733],[-52.96440262,-28.85348488],[-52.96473726,-28.85092791],[-52.96628973,-28.85111892],[-52.96617577,-28.85182219],[-52.97007133,-28.85284662],[-52.97039194,-28.85307693],[-52.9709164,-28.8532916],[-52.97117933,-28.85347881]]]]},"geometry_name":"geo_area_imovel","properties":{"cod_imovel":"RS-4300554-83A3473C952D46E2885C1614FDAF3ECE","status_imovel":"AT","dat_criacao":"2016-03-02T01:26:09.556Z","area":16.5066,"condicao":"Aguardando análise","uf":"RS","municipio":"Alto Alegre","cod_municipio_ibge":4300554,"m_fiscal":0.917,"tipo_imovel":"IRU"}},{"type":"Feature","id":"sicar_imoveis_rs.2107215","geometry":{"type":"MultiPolygon","coordinates":[[[[-53.03679336,-28.80935444],[-53.03528853,-28.81049387],[-53.03243269,-28.80735721],[-53.03190071,-28.80653555],[-53.03185524,-28.80638947],[-53.03186321,-28.8061887],[-53.0326398,-28.80511219],[-53.03437163,-28.80671764],[-53.03546043,-28.80799946],[-53.03679336,-28.80935444]]]]},"geometry_name":"geo_area_imovel","properties":{"cod_imovel":"RS-4300554-8CBDD686A0FA4C858BCE0D4954B7D70B","status_imovel":"AT","dat_criacao":"2016-03-02T01:47:56.156Z","area":10.9875,"condicao":"Aguardando análise","uf":"RS","municipio":"Alto Alegre","cod_municipio_ibge":4300554,"m_fiscal":0.6104,"tipo_imovel":"IRU"}},{"type":"Feature","id":"sicar_imoveis_rs.2107475","geometry":{"type":"MultiPolygon","coordinates":[[[[-53.03081726,-28.82875353],[-53.03150213,-28.82744771],[-53.03170507,-28.82787302],[-53.0317882,-28.82829914],[-53.03193441,-28.82925397],[-53.03208287,-28.82978491],[-53.03250651,-28.82981472],[-53.03070793,-28.83347851],[-53.02942927,-28.83224352],[-53.02811735,-28.83330135],[-53.02722918,-28.83266329],[-53.03081726,-28.82875353]]]]},"geometry_name":"geo_area_imovel","properties":{"cod_imovel":"RS-4300554-E013753FFA0D433CB1A24B0DF4F1F38D","status_imovel":"AT","dat_criacao":"2016-03-02T02:01:18.494Z","area":13.6682,"condicao":"Aguardando análise","uf":"RS","municipio":"Alto Alegre","cod_municipio_ibge":4300554,"m_fiscal":0.7593,"tipo_imovel":"IRU"}},{"type":"Feature","id":"sicar_imoveis_rs.2114894","geometry":{"type":"MultiPolygon","coordinates":[[[[-52.97033508,-28.84323996],[-52.96833492,-28.8438502],[-52.96679817,-28.84438091],[-52.96675903,-28.84439033],[-52.96646464,-28.84448626],[-52.96654159,-28.84426943],[-52.9666463,-28.84412057],[-52.96667635,-28.84401784],[-52.96670039,-28.84382281],[-52.96667702,-28.84370044],[-52.96662461,-28.84355068],[-52.96649698,-28.84336472],[-52.96635039,-28.84327169],[-52.9662485,-28.84318757],[-52.96617361,-28.84310313],[-52.96614185,-28.84300207],[-52.96613401,-28.84297713],[-52.96611149,-28.84291427],[-52.96605381,-28.84282481],[-52.9660555,-28.84270772],[-52.96601848,-28.84254733],[-52.96606521,-28.84243737],[-52.9662015,-28.84235014],[-52.96631065,-28.84228949],[-52.96640249,-28.84219544],[-52.96640049,-28.84217561],[-52.96642279,-28.8420896],[-52.96641347,-28.84207444],[-52.96636396,-28.84194623],[-52.96631456,-28.84186644],[-52.96623015,-28.8417999],[-52.96615898,-28.84180836],[-52.96606901,-28.84177639],[-52.96604791,-28.841733],[-52.96610622,-28.8416207],[-52.96611446,-28.8416113],[-52.96621584,-28.8414526],[-52.96631274,-28.84123767],[-52.96640677,-28.84116835],[-52.96654242,-28.84106658],[-52.96663828,-28.84095543],[-52.96658393,-28.84080333],[-52.96650425,-28.84070107],[-52.96642175,-28.8405818],[-52.96625002,-28.84033532],[-52.96617553,-28.8402792],[-52.96611742,-28.84020462],[-52.96605992,-28.84009206],[-52.9660444,-28.83995699],[-52.96604612,-28.83994645],[-52.9660853,-28.83981912],[-52.96612225,-28.83966629],[-52.96611776,-28.83963567],[-52.96608614,-28.83939585],[-52.96600469,-28.83931932],[-52.96599748,-28.83930822],[-52.96593033,-28.83919687],[-52.96590898,-28.8391798],[-52.96588635,-28.83916856],[-52.96588036,-28.83916719],[-52.96574418,-28.83911218],[-52.96573252,-28.83910953],[-52.96556212,-28.83900981],[-52.96555187,-28.83899313],[-52.96538304,-28.83888985],[-52.96532078,-28.83882861],[-52.96558179,-28.83887282],[-52.96580012,-28.83881553],[-52.96605329,-28.8387336],[-52.96638902,-28.83871023],[-52.96639961,-28.83870937],[-52.96675853,-28.83868425],[-52.96678842,-28.83867782],[-52.96736144,-28.83885624],[-52.96812668,-28.83910599],[-52.96931161,-28.83875255],[-52.96968739,-28.839323],[-52.97060776,-28.84206965],[-52.9707943,-28.84211208],[-52.97089554,-28.84207466],[-52.97098831,-28.84241968],[-52.97100422,-28.84257646],[-52.97102527,-28.84267327],[-52.97118875,-28.84283041],[-52.97125996,-28.84295302],[-52.97033508,-28.84323996]]]]},"geometry_name":"geo_area_imovel","properties":{"cod_imovel":"RS-4300554-AE33926479604A96B6BE1FC2545EC4F1","status_imovel":"AT","dat_criacao":"2016-03-03T01:05:33.858Z","area":21.9417,"condicao":"Aguardando análise","uf":"RS","municipio":"Alto Alegre","cod_municipio_ibge":4300554,"m_fiscal":1.219,"tipo_imovel":"IRU"}},{"type":"Feature","id":"sicar_imoveis_rs.2115167","geometry":{"type":"MultiPolygon","coordinates":[[[[-53.05619717,-28.82322588],[-53.05469513,-28.82375226],[-53.05456638,-28.82384625],[-53.05437326,-28.82394025],[-53.05418015,-28.82394025],[-53.05377245,-28.82290629],[-53.05570364,-28.82232351],[-53.05619717,-28.82322588]]]]},"geometry_name":"geo_area_imovel","properties":{"cod_imovel":"RS-4300554-B77F313615D3498F876CAEB02F1ACB30","status_imovel":"AT","dat_criacao":"2016-03-03T01:20:40.561Z","area":2.401,"condicao":"Aguardando análise","uf":"RS","municipio":"Alto Alegre","cod_municipio_ibge":4300554,"m_fiscal":0.1334,"tipo_imovel":"IRU"}},{"type":"Feature","id":"sicar_imoveis_rs.2117213","geometry":{"type":"MultiPolygon","coordinates":[[[[-53.0340102,-28.81039418],[-53.03445385,-28.81096591],[-53.034482,-28.81119363],[-53.03325891,-28.8122465],[-53.0260091,-28.80616462],[-53.02744858,-28.80482993],[-53.02893953,-28.80627006],[-53.03055383,-28.80532999],[-53.0317683,-28.80661381],[-53.03288265,-28.80808601],[-53.0340102,-28.81039418]]]]},"geometry_name":"geo_area_imovel","properties":{"cod_imovel":"RS-4300554-D515D0FEF8B94C15A58FBDE855242CFF","status_imovel":"AT","dat_criacao":"2016-03-03T02:42:34.556Z","area":26.632,"condicao":"Aguardando análise","uf":"RS","municipio":"Alto Alegre","cod_municipio_ibge":4300554,"m_fiscal":1.4796,"tipo_imovel":"IRU"}},{"type":"Feature","id":"sicar_imoveis_rs.2124345","geometry":{"type":"MultiPolygon","coordinates":[[[[-53.01150084,-28.77745831],[-53.00912738,-28.77568013],[-53.00949837,-28.77534765],[-53.01041921,-28.77527463],[-53.01081157,-28.775168],[-53.01161762,-28.77466895],[-53.01150084,-28.77745831]]]]},"geometry_name":"geo_area_imovel","properties":{"cod_imovel":"RS-4300554-CD02CEA980B242A3B571D2540E4B96A7","status_imovel":"AT","dat_criacao":"2016-03-04T00:44:34.706Z","area":3.6266,"condicao":"Aguardando análise","uf":"RS","municipio":"Alto Alegre","cod_municipio_ibge":4300554,"m_fiscal":0.2015,"tipo_imovel":"IRU"}},{"type":"Feature","id":"sicar_imoveis_rs.2126561","geometry":{"type":"MultiPolygon","coordinates":[[[[-53.02274466,-28.82424104],[-53.02338839,-28.82595174],[-53.01871061,-28.82991822],[-53.0174017,-28.82882792],[-53.02274466,-28.82424104]]]]},"geometry_name":"geo_area_imovel","properties":{"cod_imovel":"RS-4300554-CDE8DF3F8FAA4431B589D8EEB6AAFAF7","status_imovel":"AT","dat_criacao":"2016-03-04T02:17:13.296Z","area":12.1091,"condicao":"Aguardando análise","uf":"RS","municipio":"Alto Alegre","cod_municipio_ibge":4300554,"m_fiscal":0.6727,"tipo_imovel":"IRU"}},{"type":"Feature","id":"sicar_imoveis_rs.2132684","geometry":{"type":"MultiPolygon","coordinates":[[[[-52.98632918,-28.77076196],[-52.98654556,-28.77087545],[-52.98283339,-28.773866],[-52.98229694,-28.77333937],[-52.98443598,-28.77147645],[-52.9848391,-28.77185286],[-52.98632918,-28.77076196]]]]},"geometry_name":"geo_area_imovel","properties":{"cod_imovel":"RS-4300554-6C04A9C574F8487B8E56854719CD79FF","status_imovel":"AT","dat_criacao":"2016-03-05T00:27:41.178Z","area":3.016,"condicao":"Aguardando análise","uf":"RS","municipio":"Alto Alegre","cod_municipio_ibge":4300554,"m_fiscal":0.1676,"tipo_imovel":"IRU"}},{"type":"Feature","id":"sicar_imoveis_rs.2134171","geometry":{"type":"MultiPolygon","coordinates":[[[[-52.97882662,-28.8314124],[-52.98088394,-28.8301057],[-52.9815084,-28.83038134],[-52.98266806,-28.82997834],[-52.98282841,-28.83073554],[-52.9833504,-28.83133385],[-52.98353294,-28.83174152],[-52.98337432,-28.832082],[-52.98304565,-28.83239808],[-52.98293083,-28.83248118],[-52.9825789,-28.8323071],[-52.98211811,-28.83222321],[-52.98162277,-28.83264467],[-52.98136295,-28.83280739],[-52.98092513,-28.83293197],[-52.98013485,-28.8331537],[-52.97882662,-28.8314124]]]]},"geometry_name":"geo_area_imovel","properties":{"cod_imovel":"RS-4300554-A7810E48F7A84CD992BC43C7516A4510","status_imovel":"AT","dat_criacao":"2016-03-05T01:38:42.271Z","area":9.7012,"condicao":"Aguardando análise","uf":"RS","municipio":"Alto Alegre","cod_municipio_ibge":4300554,"m_fiscal":0.539,"tipo_imovel":"IRU"}},{"type":"Feature","id":"sicar_imoveis_rs.2144332","geometry":{"type":"MultiPolygon","coordinates":[[[[-52.97646992,-28.83709934],[-52.97678755,-28.83716551],[-52.97700831,-28.83732929],[-52.97718979,-28.83760959],[-52.97278381,-28.83911115],[-52.97286038,-28.8383129],[-52.97646992,-28.83709934]]]]},"geometry_name":"geo_area_imovel","properties":{"cod_imovel":"RS-4300554-F466723D170F4BAC8EAE5365B34400E1","status_imovel":"AT","dat_criacao":"2016-03-08T00:47:44.275Z","area":3.3881,"condicao":"Aguardando análise","uf":"RS","municipio":"Alto Alegre","cod_municipio_ibge":4300554,"m_fiscal":0.1882,"tipo_imovel":"IRU"}},{"type":"Feature","id":"sicar_imoveis_rs.2144335","geometry":{"type":"MultiPolygon","coordinates":[[[[-52.96927677,-28.83812489],[-52.96566365,-28.8390509],[-52.96566173,-28.83904975],[-52.96563043,-28.83895434],[-52.96555931,-28.83888204],[-52.96543046,-28.83879259],[-52.96536488,-28.83874706],[-52.96928893,-28.83774631],[-52.96928619,-28.83780926],[-52.96927953,-28.83796241],[-52.96927692,-28.83810452],[-52.96927677,-28.83812489]]]]},"geometry_name":"geo_area_imovel","properties":{"cod_imovel":"RS-4300554-7E3B4FD0F6234C7B8419DC980D906E95","status_imovel":"AT","dat_criacao":"2016-03-08T00:48:37.683Z","area":1.5273,"condicao":"Aguardando análise","uf":"RS","municipio":"Alto Alegre","cod_municipio_ibge":4300554,"m_fiscal":0.0849,"tipo_imovel":"IRU"}},{"type":"Feature","id":"sicar_imoveis_rs.2144341","geometry":{"type":"MultiPolygon","coordinates":[[[[-52.96946055,-28.83952157],[-52.96888998,-28.83987269],[-52.96846853,-28.83976505],[-52.96813832,-28.83944461],[-52.96797894,-28.83932354],[-52.9676733,-28.83936807],[-52.96763594,-28.8395556],[-52.96751056,-28.83958673],[-52.96720489,-28.83948701],[-52.96694298,-28.83949412],[-52.96897543,-28.83883995],[-52.96946055,-28.83952157]]]]},"geometry_name":"geo_area_imovel","properties":{"cod_imovel":"RS-4300554-DB8422B753514BC7BA7FC08B17A1BC31","status_imovel":"AT","dat_criacao":"2016-03-08T00:48:19.693Z","area":1.1507,"condicao":"Aguardando análise","uf":"RS","municipio":"Alto Alegre","cod_municipio_ibge":4300554,"m_fiscal":0.0639,"tipo_imovel":"IRU"}},{"type":"Feature","id":"sicar_imoveis_rs.2147471","geometry":{"type":"MultiPolygon","coordinates":[[[[-52.94007942,-28.84665613],[-52.93974805,-28.84655311],[-52.93973938,-28.84638274],[-52.93972825,-28.84625869],[-52.93972509,-28.84613035],[-52.93955053,-28.84599613],[-52.93948851,-28.84572389],[-52.93956025,-28.84553639],[-52.93991714,-28.8456024],[-52.93985392,-28.84529827],[-52.93973152,-28.84486265],[-52.93949745,-28.84453104],[-52.9396829,-28.84385729],[-52.94077727,-28.84418548],[-52.94138252,-28.84436236],[-52.94163484,-28.84444157],[-52.94184208,-28.84451977],[-52.94166346,-28.84479245],[-52.94139501,-28.84483848],[-52.94127663,-28.84502048],[-52.94109751,-28.84530669],[-52.94025842,-28.84672698],[-52.94007942,-28.84665613]]]]},"geometry_name":"geo_area_imovel","properties":{"cod_imovel":"RS-4300554-44DAA3D616F84781AB699ABDF8988B37","status_imovel":"AT","dat_criacao":"2016-03-08T02:52:24.454Z","area":3.7914,"condicao":"Aguardando análise","uf":"RS","municipio":"Alto Alegre","cod_municipio_ibge":4300554,"m_fiscal":0.2106,"tipo_imovel":"IRU"}},{"type":"Feature","id":"sicar_imoveis_rs.2158312","geometry":{"type":"MultiPolygon","coordinates":[[[[-53.00183058,-28.80641819],[-53.00182585,-28.80811634],[-52.99543151,-28.80518152],[-52.99564496,-28.80502393],[-52.99536861,-28.8045064],[-52.99523926,-28.80411423],[-52.99545211,-28.80380886],[-52.99535662,-28.80351688],[-52.99531813,-28.80324058],[-53.00183058,-28.80641819]]]]},"geometry_name":"geo_area_imovel","properties":{"cod_imovel":"RS-4300554-8FECA34EFF2248FA9EB982622299677C","status_imovel":"AT","dat_criacao":"2016-03-10T00:37:55.003Z","area":12.4665,"condicao":"Aguardando análise","uf":"RS","municipio":"Alto Alegre","cod_municipio_ibge":4300554,"m_fiscal":0.6926,"tipo_imovel":"IRU"}},{"type":"Feature","id":"sicar_imoveis_rs.2158320","geometry":{"type":"MultiPolygon","coordinates":[[[[-52.98721052,-28.79937078],[-52.99532887,-28.80322699],[-52.99535064,-28.80348731],[-52.99545158,-28.80380848],[-52.99537621,-28.80394623],[-52.99524103,-28.80409657],[-52.99538307,-28.80450529],[-52.99564117,-28.80501252],[-52.98649944,-28.80040485],[-52.98721052,-28.79937078]]]]},"geometry_name":"geo_area_imovel","properties":{"cod_imovel":"RS-4300554-DBC5EC7515E94C6F80993D360C144A36","status_imovel":"AT","dat_criacao":"2016-03-10T00:38:04.107Z","area":13.9084,"condicao":"Aguardando análise","uf":"RS","municipio":"Alto Alegre","cod_municipio_ibge":4300554,"m_fiscal":0.7727,"tipo_imovel":"IRU"}},{"type":"Feature","id":"sicar_imoveis_rs.2160081","geometry":{"type":"MultiPolygon","coordinates":[[[[-52.96540976,-28.77392243],[-52.96525955,-28.77834226],[-52.96242714,-28.77822942],[-52.96249151,-28.777684],[-52.96264172,-28.77678123],[-52.96324253,-28.77587846],[-52.96375751,-28.7752578],[-52.96470165,-28.77443025],[-52.96540976,-28.77392243]]]]},"geometry_name":"geo_area_imovel","properties":{"cod_imovel":"RS-4300554-79B184D5C36148FC980A6C30CDA45CC4","status_imovel":"AT","dat_criacao":"2016-03-10T02:47:19.306Z","area":9.2977,"condicao":"Aguardando análise","uf":"RS","municipio":"Alto Alegre","cod_municipio_ibge":4300554,"m_fiscal":0.5165,"tipo_imovel":"IRU"}},{"type":"Feature","id":"sicar_imoveis_rs.2160085","geometry":{"type":"MultiPolygon","coordinates":[[[[-52.98532248,-28.77031119],[-52.98362732,-28.77143971],[-52.98137426,-28.76985977],[-52.9828763,-28.76908861],[-52.98532248,-28.77031119]]]]},"geometry_name":"geo_area_imovel","properties":{"cod_imovel":"RS-4300554-D28BFB2750DC437E8179D9F3D9AB6693","status_imovel":"AT","dat_criacao":"2016-03-10T02:48:32.882Z","area":4.8405,"condicao":"Aguardando análise","uf":"RS","municipio":"Alto Alegre","cod_municipio_ibge":4300554,"m_fiscal":0.2689,"tipo_imovel":"IRU"}},{"type":"Feature","id":"sicar_imoveis_rs.2160092","geometry":{"type":"MultiPolygon","coordinates":[[[[-52.94744968,-28.76188448],[-52.94096947,-28.76382193],[-52.94049939,-28.76337836],[-52.94009531,-28.76307696],[-52.93974923,-28.76279249],[-52.93939572,-28.76257077],[-52.93948889,-28.76248641],[-52.93952107,-28.7624582],[-52.93955326,-28.76242998],[-52.94669867,-28.76011629],[-52.94744968,-28.76188448]]]]},"geometry_name":"geo_area_imovel","properties":{"cod_imovel":"RS-4300554-9BB05654677E4F178A530993D374302B","status_imovel":"AT","dat_criacao":"2016-03-10T02:49:42.129Z","area":14.2968,"condicao":"Aguardando análise","uf":"RS","municipio":"Alto Alegre","cod_municipio_ibge":4300554,"m_fiscal":0.7943,"tipo_imovel":"IRU"}},{"type":"Feature","id":"sicar_imoveis_rs.2160910","geometry":{"type":"MultiPolygon","coordinates":[[[[-52.98854631,-28.8345584],[-52.98314983,-28.83395764],[-52.98302934,-28.83366797],[-52.98338984,-28.8331397],[-52.98348281,-28.83292245],[-52.98866694,-28.83105105],[-52.98854631,-28.8345584]]]]},"geometry_name":"geo_area_imovel","properties":{"cod_imovel":"RS-4300554-4DBC8869502742C999F07A79CAB76C3A","status_imovel":"AT","dat_criacao":"2016-03-10T03:46:55.946Z","area":12.9467,"condicao":"Aguardando análise","uf":"RS","municipio":"Alto Alegre","cod_municipio_ibge":4300554,"m_fiscal":0.7193,"tipo_imovel":"IRU"}},{"type":"Feature","id":"sicar_imoveis_rs.2166925","geometry":{"type":"MultiPolygon","coordinates":[[[[-52.96574472,-28.81281553],[-52.96577794,-28.81325299],[-52.96617018,-28.81363653],[-52.96698326,-28.81386309],[-52.96771443,-28.81439617],[-52.96778648,-28.81509124],[-52.95430092,-28.81375028],[-52.95457985,-28.81136073],[-52.96143787,-28.81209311],[-52.96616775,-28.8124504],[-52.96574472,-28.81281553]]]]},"geometry_name":"geo_area_imovel","properties":{"cod_imovel":"RS-4300554-5FCF9FA9DCB8458BA97385CF606DBCE5","status_imovel":"AT","dat_criacao":"2016-03-11T00:37:17.430Z","area":31.9925,"condicao":"Aguardando análise","uf":"RS","municipio":"Alto Alegre","cod_municipio_ibge":4300554,"m_fiscal":1.7773,"tipo_imovel":"IRU"}},{"type":"Feature","id":"sicar_imoveis_rs.2177984","geometry":{"type":"MultiPolygon","coordinates":[[[[-52.98521519,-28.8458014],[-52.98549414,-28.84642164],[-52.98569366,-28.84728916],[-52.98602618,-28.84748786],[-52.9862237,-28.84777488],[-52.98517227,-28.84813198],[-52.98413634,-28.84832097],[-52.98309088,-28.84828234],[-52.9826533,-28.84733451],[-52.98178423,-28.84762255],[-52.98147546,-28.847056],[-52.98521519,-28.8458014]]]]},"geometry_name":"geo_area_imovel","properties":{"cod_imovel":"RS-4300554-8ABAEA99C5564F5DA14B2E95254C756D","status_imovel":"AT","dat_criacao":"2016-03-12T00:51:46.307Z","area":7.212,"condicao":"Aguardando análise","uf":"RS","municipio":"Alto Alegre","cod_municipio_ibge":4300554,"m_fiscal":0.4007,"tipo_imovel":"IRU"}},{"type":"Feature","id":"sicar_imoveis_rs.2178165","geometry":{"type":"MultiPolygon","coordinates":[[[[-52.98249371,-28.83920719],[-52.98327171,-28.83864999],[-52.98404776,-28.83834832],[-52.98496461,-28.83813454],[-52.9850177,-28.8386607],[-52.98517437,-28.83894079],[-52.98545814,-28.83932179],[-52.98548334,-28.83951643],[-52.98522926,-28.83962648],[-52.98519694,-28.83998652],[-52.98506753,-28.84036454],[-52.98506619,-28.8407612],[-52.98535378,-28.84124921],[-52.98583375,-28.84169952],[-52.98584667,-28.8418349],[-52.98617295,-28.84203741],[-52.98628807,-28.84228663],[-52.9806374,-28.84291515],[-52.98042328,-28.83920342],[-52.98249371,-28.83920719]]]]},"geometry_name":"geo_area_imovel","properties":{"cod_imovel":"RS-4300554-FCC03924CA4A400C899851E6338237EB","status_imovel":"AT","dat_criacao":"2016-03-12T01:02:29.911Z","area":20.2521,"condicao":"Aguardando análise","uf":"RS","municipio":"Alto Alegre","cod_municipio_ibge":4300554,"m_fiscal":1.1251,"tipo_imovel":"IRU"}},{"type":"Feature","id":"sicar_imoveis_rs.2179940","geometry":{"type":"MultiPolygon","coordinates":[[[[-52.97470293,-28.8245504],[-52.97442198,-28.82551937],[-52.97437906,-28.82649691],[-52.97180414,-28.82623372],[-52.97161102,-28.82805719],[-52.96801727,-28.82786254],[-52.96819587,-28.82712573],[-52.9682167,-28.82671648],[-52.96833988,-28.82646557],[-52.96830318,-28.82517331],[-52.96860058,-28.82427113],[-52.96888912,-28.82335962],[-52.96918631,-28.8226995],[-52.9684782,-28.8224363],[-52.96869278,-28.82190992],[-52.9701519,-28.82296269],[-52.97001256,-28.82336992],[-52.96947708,-28.82432265],[-52.97470293,-28.8245504]]]]},"geometry_name":"geo_area_imovel","properties":{"cod_imovel":"RS-4300554-15DA91F47B2640368EF422C7186FFEC5","status_imovel":"AT","dat_criacao":"2016-03-12T02:15:16.155Z","area":21.2859,"condicao":"Aguardando análise","uf":"RS","municipio":"Alto Alegre","cod_municipio_ibge":4300554,"m_fiscal":1.1826,"tipo_imovel":"IRU"}},{"type":"Feature","id":"sicar_imoveis_rs.2180825","geometry":{"type":"MultiPolygon","coordinates":[[[[-52.99412034,-28.79506996],[-52.99908428,-28.79724584],[-52.99799868,-28.79936753],[-52.996456,-28.7987364],[-52.99705517,-28.79751693],[-52.9904294,-28.79442135],[-52.99081564,-28.79372558],[-52.99412034,-28.79506996]]]]},"geometry_name":"geo_area_imovel","properties":{"cod_imovel":"RS-4300554-639300736A404B5F81BECC6B1B1D7AF2","status_imovel":"AT","dat_criacao":"2016-03-12T02:49:27.394Z","area":11.8922,"condicao":"Aguardando análise","uf":"RS","municipio":"Alto Alegre","cod_municipio_ibge":4300554,"m_fiscal":0.6607,"tipo_imovel":"IRU"}},{"type":"Feature","id":"sicar_imoveis_rs.2180982","geometry":{"type":"MultiPolygon","coordinates":[[[[-53.00178533,-28.79707532],[-53.00177083,-28.7977295],[-52.99739875,-28.79550326],[-52.99764288,-28.79536499],[-52.99838246,-28.79463481],[-53.00018641,-28.79473397],[-53.00178533,-28.79707532]]]]},"geometry_name":"geo_area_imovel","properties":{"cod_imovel":"RS-4300554-781AF7869F014028A224CF340D2EE1B2","status_imovel":"AT","dat_criacao":"2016-03-12T02:55:28.483Z","area":6.6218,"condicao":"Aguardando análise","uf":"RS","municipio":"Alto Alegre","cod_municipio_ibge":4300554,"m_fiscal":0.3679,"tipo_imovel":"IRU"}},{"type":"Feature","id":"sicar_imoveis_rs.2183594","geometry":{"type":"MultiPolygon","coordinates":[[[[-53.01268572,-28.82200553],[-53.01365212,-28.82112016],[-53.01579107,-28.8225191],[-53.01743093,-28.82395863],[-53.01482677,-28.82668489],[-53.0112648,-28.82330108],[-53.01216652,-28.82245133],[-53.01491981,-28.82507886],[-53.01560989,-28.8247775],[-53.01564392,-28.82445137],[-53.01268572,-28.82200553]]]]},"geometry_name":"geo_area_imovel","properties":{"cod_imovel":"RS-4300554-FD15B2A7FF6F40F6981C5A05734A7298","status_imovel":"AT","dat_criacao":"2016-03-13T00:16:53.871Z","area":15.1066,"condicao":"Aguardando análise","uf":"RS","municipio":"Alto Alegre","cod_municipio_ibge":4300554,"m_fiscal":0.8393,"tipo_imovel":"IRU"}},{"type":"Feature","id":"sicar_imoveis_rs.2186011","geometry":{"type":"MultiPolygon","coordinates":[[[[-52.93888807,-28.76449909],[-52.93386698,-28.76194091],[-52.93399572,-28.76242998],[-52.93390989,-28.76267451],[-52.93860912,-28.76521386],[-52.93888807,-28.76449909]]]]},"geometry_name":"geo_area_imovel","properties":{"cod_imovel":"RS-4300554-2A5DDBC3A16849DFBE681C3BB18291A4","status_imovel":"AT","dat_criacao":"2016-03-14T00:16:39.663Z","area":4.0958,"condicao":"Aguardando análise","uf":"RS","municipio":"Alto Alegre","cod_municipio_ibge":4300554,"m_fiscal":0.2275,"tipo_imovel":"IRU"}},{"type":"Feature","id":"sicar_imoveis_rs.2190923","geometry":{"type":"MultiPolygon","coordinates":[[[[-52.97992239,-28.81923196],[-52.98006457,-28.81888477],[-52.98027553,-28.8184994],[-52.98043851,-28.81822061],[-52.98068656,-28.81795667],[-52.98156968,-28.81866868],[-52.98151006,-28.82034222],[-52.98437993,-28.82056025],[-52.98408318,-28.8232343],[-52.98210074,-28.82132361],[-52.98018748,-28.82171215],[-52.98014461,-28.8221081],[-52.97811633,-28.82206293],[-52.97814906,-28.82127461],[-52.97772646,-28.82098874],[-52.97770331,-28.82056384],[-52.97746719,-28.82042892],[-52.97726796,-28.82021677],[-52.97719086,-28.82001345],[-52.97721196,-28.81993032],[-52.97722734,-28.81966725],[-52.97729161,-28.81945007],[-52.97742185,-28.81918843],[-52.97748335,-28.81903398],[-52.97753816,-28.81872527],[-52.97762508,-28.81857188],[-52.97767232,-28.81838299],[-52.97814094,-28.81838991],[-52.97852101,-28.81837497],[-52.97909776,-28.81867114],[-52.97992239,-28.81923196]]]]},"geometry_name":"geo_area_imovel","properties":{"cod_imovel":"RS-4300554-29FC48107C564729833A44ED7A408524","status_imovel":"AT","dat_criacao":"2016-03-15T00:36:08.191Z","area":19.2144,"condicao":"Aguardando análise","uf":"RS","municipio":"Alto Alegre","cod_municipio_ibge":4300554,"m_fiscal":1.0675,"tipo_imovel":"IRU"}},{"type":"Feature","id":"sicar_imoveis_rs.2192262","geometry":{"type":"MultiPolygon","coordinates":[[[[-53.05501813,-28.79619233],[-53.05570364,-28.79677189],[-53.05177689,-28.79949845],[-53.0509814,-28.79895553],[-53.05281465,-28.79760353],[-53.05501813,-28.79619233]]]]},"geometry_name":"geo_area_imovel","properties":{"cod_imovel":"RS-4300554-5BA819B30DA84803994B64AF0858A402","status_imovel":"AT","dat_criacao":"2016-03-15T01:37:53.182Z","area":4.8304,"condicao":"Aguardando análise","uf":"RS","municipio":"Alto Alegre","cod_municipio_ibge":4300554,"m_fiscal":0.2683,"tipo_imovel":"IRU"}},{"type":"Feature","id":"sicar_imoveis_rs.2193452","geometry":{"type":"MultiPolygon","coordinates":[[[[-52.97440765,-28.82637847],[-52.97343493,-28.82815118],[-52.97166293,-28.82807],[-52.97182768,-28.82632248],[-52.97440765,-28.82637847]]]]},"geometry_name":"geo_area_imovel","properties":{"cod_imovel":"RS-4300554-A9AAD51B19924D70A64397369248782B","status_imovel":"AT","dat_criacao":"2016-03-15T02:27:24.253Z","area":4.1857,"condicao":"Aguardando análise","uf":"RS","municipio":"Alto Alegre","cod_municipio_ibge":4300554,"m_fiscal":0.2325,"tipo_imovel":"IRU"}},{"type":"Feature","id":"sicar_imoveis_rs.2200872","geometry":{"type":"MultiPolygon","coordinates":[[[[-52.99994669,-28.77907237],[-52.99937651,-28.77927143],[-52.99778654,-28.77930761],[-52.99731166,-28.77925289],[-52.99694575,-28.77910669],[-52.99669113,-28.77893382],[-52.99654133,-28.77873242],[-52.99648857,-28.77846269],[-52.99637884,-28.77789745],[-52.99590386,-28.77721128],[-53.00175905,-28.77443025],[-52.99994669,-28.77907237]]]]},"geometry_name":"geo_area_imovel","properties":{"cod_imovel":"RS-4300554-3E29896ECCF44A01A465D2FDDAD5BF3F","status_imovel":"AT","dat_criacao":"2016-03-16T01:45:27.555Z","area":15.672,"condicao":"Aguardando análise","uf":"RS","municipio":"Alto Alegre","cod_municipio_ibge":4300554,"m_fiscal":0.8707,"tipo_imovel":"IRU"}},{"type":"Feature","id":"sicar_imoveis_rs.2201358","geometry":{"type":"MultiPolygon","coordinates":[[[[-53.02830296,-28.83850305],[-53.02496369,-28.84164861],[-53.02476168,-28.8419859],[-53.02206099,-28.8452507],[-53.02001035,-28.84425878],[-53.02625104,-28.83675355],[-53.02830296,-28.83850305]]]]},"geometry_name":"geo_area_imovel","properties":{"cod_imovel":"RS-4300554-9B7DCB8F82964351BCD0CC59992C4F85","status_imovel":"AT","dat_criacao":"2016-03-16T02:03:54.712Z","area":23.6363,"condicao":"Aguardando análise","uf":"RS","municipio":"Alto Alegre","cod_municipio_ibge":4300554,"m_fiscal":1.3132,"tipo_imovel":"IRU"}},{"type":"Feature","id":"sicar_imoveis_rs.2209009","geometry":{"type":"MultiPolygon","coordinates":[[[[-52.96927427,-28.83778255],[-52.96529278,-28.83882599],[-52.96508866,-28.83869375],[-52.96501179,-28.83844145],[-52.96518784,-28.83824825],[-52.9651694,-28.83795467],[-52.9649103,-28.83768161],[-52.96452287,-28.83789888],[-52.96188636,-28.83805552],[-52.96159428,-28.83781244],[-52.96151623,-28.8376435],[-52.96154181,-28.8366131],[-52.964248,-28.83648106],[-52.96549524,-28.83679193],[-52.96931734,-28.83694953],[-52.96927427,-28.83778255]]]]},"geometry_name":"geo_area_imovel","properties":{"cod_imovel":"RS-4300554-FC70E6BA193D48268E48A1425F32A3F7","status_imovel":"AT","dat_criacao":"2016-03-17T01:19:48.789Z","area":11.9706,"condicao":"Aguardando análise","uf":"RS","municipio":"Alto Alegre","cod_municipio_ibge":4300554,"m_fiscal":0.665,"tipo_imovel":"IRU"}},{"type":"Feature","id":"sicar_imoveis_rs.2209028","geometry":{"type":"MultiPolygon","coordinates":[[[[-52.96176016,-28.84270877],[-52.96210232,-28.84572998],[-52.9621078,-28.84663143],[-52.96204481,-28.84687922],[-52.96213771,-28.847253],[-52.96047449,-28.84672236],[-52.96042508,-28.84615879],[-52.95882225,-28.84610212],[-52.95835018,-28.84292569],[-52.96176016,-28.84270877]]]]},"geometry_name":"geo_area_imovel","properties":{"cod_imovel":"RS-4300554-17F75E39FF2345CBA788561BE7D96548","status_imovel":"AT","dat_criacao":"2016-03-17T01:20:28.682Z","area":13.6096,"condicao":"Aguardando análise","uf":"RS","municipio":"Alto Alegre","cod_municipio_ibge":4300554,"m_fiscal":0.7561,"tipo_imovel":"IRU"}},{"type":"Feature","id":"sicar_imoveis_rs.2209058","geometry":{"type":"MultiPolygon","coordinates":[[[[-52.98999717,-28.819967],[-52.98899313,-28.81987336],[-52.9884232,-28.81953775],[-52.99202475,-28.81569352],[-52.99391233,-28.81708106],[-52.99084473,-28.82041111],[-52.98999717,-28.819967]]]]},"geometry_name":"geo_area_imovel","properties":{"cod_imovel":"RS-4300554-019FF750FD37421EA3E7C7025FCA526A","status_imovel":"AT","dat_criacao":"2016-03-17T01:21:31.828Z","area":12.4128,"condicao":"Aguardando análise","uf":"RS","municipio":"Alto Alegre","cod_municipio_ibge":4300554,"m_fiscal":0.6896,"tipo_imovel":"IRU"}},{"type":"Feature","id":"sicar_imoveis_rs.2209069","geometry":{"type":"MultiPolygon","coordinates":[[[[-52.95258696,-28.85484415],[-52.95268228,-28.85249402],[-52.9527651,-28.8523318],[-52.95316076,-28.8523617],[-52.95407278,-28.85217997],[-52.95632339,-28.8510367],[-52.9570765,-28.85043926],[-52.95822051,-28.85030124],[-52.95841235,-28.85196159],[-52.9585352,-28.85262886],[-52.96142418,-28.85246137],[-52.96079377,-28.85379281],[-52.95916981,-28.85403819],[-52.95258696,-28.85484415]]]]},"geometry_name":"geo_area_imovel","properties":{"cod_imovel":"RS-4300554-05A826456D4443EFAC50F76658D92F05","status_imovel":"AT","dat_criacao":"2016-03-17T01:21:16.722Z","area":23.325,"condicao":"Aguardando análise","uf":"RS","municipio":"Alto Alegre","cod_municipio_ibge":4300554,"m_fiscal":1.2958,"tipo_imovel":"IRU"}},{"type":"Feature","id":"sicar_imoveis_rs.2209100","geometry":{"type":"MultiPolygon","coordinates":[[[[-53.02038514,-28.8142795],[-53.0182436,-28.81608907],[-53.01707786,-28.81705088],[-53.01553552,-28.81622614],[-53.01632314,-28.81527904],[-53.01297894,-28.81374791],[-53.01094561,-28.81298387],[-53.01071686,-28.81341822],[-53.01012697,-28.81325573],[-53.01005095,-28.8126233],[-53.0085872,-28.81217554],[-53.00850682,-28.81195353],[-53.0075986,-28.81144013],[-53.00889316,-28.81179547],[-53.01769385,-28.81247237],[-53.01780414,-28.81238744],[-53.02038514,-28.8142795]]]]},"geometry_name":"geo_area_imovel","properties":{"cod_imovel":"RS-4300554-91293BDCD8E3403EA78993C2A85D9CAA","status_imovel":"AT","dat_criacao":"2016-03-17T01:22:07.644Z","area":26.839,"condicao":"Aguardando análise","uf":"RS","municipio":"Alto Alegre","cod_municipio_ibge":4300554,"m_fiscal":1.4911,"tipo_imovel":"IRU"}},{"type":"Feature","id":"sicar_imoveis_rs.2209146","geometry":{"type":"MultiPolygon","coordinates":[[[[-52.98474793,-28.82059094],[-52.98491725,-28.82088466],[-52.98530695,-28.82109345],[-52.98565476,-28.82115986],[-52.98627177,-28.82123372],[-52.98661187,-28.82120782],[-52.98688894,-28.82111363],[-52.98712913,-28.82110853],[-52.98747783,-28.82130264],[-52.98768317,-28.82159676],[-52.98792463,-28.82232651],[-52.98817323,-28.8224747],[-52.9883776,-28.82264633],[-52.9884652,-28.82291472],[-52.98858199,-28.82306998],[-52.98870836,-28.82305757],[-52.98879369,-28.82317717],[-52.98893888,-28.8233487],[-52.98900756,-28.82348331],[-52.98409888,-28.82327549],[-52.98437124,-28.82055278],[-52.98474793,-28.82059094]]]]},"geometry_name":"geo_area_imovel","properties":{"cod_imovel":"RS-4300554-C2A18A00EB2E4B4888E66A1F331B844A","status_imovel":"AT","dat_criacao":"2016-03-17T01:23:59.970Z","area":9.6735,"condicao":"Aguardando análise","uf":"RS","municipio":"Alto Alegre","cod_municipio_ibge":4300554,"m_fiscal":0.5374,"tipo_imovel":"IRU"}},{"type":"Feature","id":"sicar_imoveis_rs.2209170","geometry":{"type":"MultiPolygon","coordinates":[[[[-52.96881908,-28.84779338],[-52.96851216,-28.84991308],[-52.96500848,-28.84964291],[-52.96479798,-28.85038302],[-52.96247561,-28.85026171],[-52.96242777,-28.84956733],[-52.95828517,-28.85029348],[-52.95706411,-28.85044561],[-52.95631919,-28.85104032],[-52.95405506,-28.85218963],[-52.95316931,-28.85236627],[-52.9532133,-28.85119343],[-52.95353671,-28.85065113],[-52.95350525,-28.84979206],[-52.95306311,-28.84862462],[-52.95263393,-28.8481308],[-52.95347584,-28.84777171],[-52.95891881,-28.84783902],[-52.96214757,-28.84788648],[-52.96881908,-28.84779338]]]]},"geometry_name":"geo_area_imovel","properties":{"cod_imovel":"RS-4300554-C090BDB869F4475B95A684DBD13A1D6B","status_imovel":"AT","dat_criacao":"2016-03-17T01:25:02.755Z","area":42.8038,"condicao":"Aguardando análise","uf":"RS","municipio":"Alto Alegre","cod_municipio_ibge":4300554,"m_fiscal":2.378,"tipo_imovel":"IRU"}},{"type":"Feature","id":"sicar_imoveis_rs.2217978","geometry":{"type":"MultiPolygon","coordinates":[[[[-52.99538612,-28.83482441],[-52.98845245,-28.83731091],[-52.98854608,-28.83582284],[-52.99393495,-28.83229379],[-52.99538612,-28.83482441]]]]},"geometry_name":"geo_area_imovel","properties":{"cod_imovel":"RS-4300554-502A14F8FAE04538A4D40369634AC071","status_imovel":"AT","dat_criacao":"2016-03-18T00:52:32.264Z","area":15.6014,"condicao":"Aguardando análise","uf":"RS","municipio":"Alto Alegre","cod_municipio_ibge":4300554,"m_fiscal":0.8667,"tipo_imovel":"IRU"}},{"type":"Feature","id":"sicar_imoveis_rs.2220465","geometry":{"type":"MultiPolygon","coordinates":[[[[-53.04885864,-28.79835142],[-53.04746389,-28.79964888],[-53.04262053,-28.79481136],[-53.03943695,-28.79179324],[-53.04013506,-28.79108321],[-53.04042203,-28.79022444],[-53.04885864,-28.79835142]]]]},"geometry_name":"geo_area_imovel","properties":{"cod_imovel":"RS-4300554-34D14C212D8D410780B365B19B35C9ED","status_imovel":"AT","dat_criacao":"2016-03-18T02:33:03.240Z","area":22.42,"condicao":"Aguardando análise","uf":"RS","municipio":"Alto Alegre","cod_municipio_ibge":4300554,"m_fiscal":1.2456,"tipo_imovel":"IRU"}},{"type":"Feature","id":"sicar_imoveis_rs.2248705","geometry":{"type":"MultiPolygon","coordinates":[[[[-53.02213196,-28.8390856],[-53.02324058,-28.83817133],[-53.02000958,-28.83441293],[-53.01886616,-28.83543347],[-53.02213196,-28.8390856]]]]},"geometry_name":"geo_area_imovel","properties":{"cod_imovel":"RS-4300554-C3F24A2BADBB4A76B1FA4C6D04753EBB","status_imovel":"AT","dat_criacao":"2016-03-22T03:12:38.687Z","area":7.9131,"condicao":"Aguardando análise","uf":"RS","municipio":"Alto Alegre","cod_municipio_ibge":4300554,"m_fiscal":0.4396,"tipo_imovel":"IRU"}},{"type":"Feature","id":"sicar_imoveis_rs.2248709","geometry":{"type":"MultiPolygon","coordinates":[[[[-52.9977863,-28.8264469],[-52.99478441,-28.82474517],[-52.99467128,-28.82510311],[-52.99434983,-28.82551452],[-52.99243519,-28.82779901],[-52.99303616,-28.82880624],[-52.99307032,-28.8288679],[-52.99280734,-28.82899903],[-52.99280931,-28.82913175],[-52.99361888,-28.83078962],[-52.99255133,-28.83111859],[-52.99165877,-28.83129165],[-52.99237144,-28.83128884],[-52.99517251,-28.83117213],[-52.99525574,-28.82805315],[-52.9951916,-28.82781015],[-52.99517382,-28.82774434],[-52.9977863,-28.8264469]]]]},"geometry_name":"geo_area_imovel","properties":{"cod_imovel":"RS-4300554-DFC213113ED64B93AC63B6BADB85B3E8","status_imovel":"AT","dat_criacao":"2016-03-22T03:12:49.086Z","area":17.0014,"condicao":"Aguardando análise","uf":"RS","municipio":"Alto Alegre","cod_municipio_ibge":4300554,"m_fiscal":0.9445,"tipo_imovel":"IRU"}},{"type":"Feature","id":"sicar_imoveis_rs.2255753","geometry":{"type":"MultiPolygon","coordinates":[[[[-53.05219376,-28.83262992],[-53.05277662,-28.83308509],[-53.05326001,-28.83410382],[-53.05227317,-28.83553274],[-53.04991256,-28.83533273],[-53.0487299,-28.83638456],[-53.04915905,-28.82892191],[-53.05251128,-28.82905713],[-53.05219376,-28.83262992]]]]},"geometry_name":"geo_area_imovel","properties":{"cod_imovel":"RS-4300554-11575FF4A7064C1B931AE93DB14D499D","status_imovel":"AT","dat_criacao":"2016-03-23T00:58:23.160Z","area":25.556,"condicao":"Aguardando análise","uf":"RS","municipio":"Alto Alegre","cod_municipio_ibge":4300554,"m_fiscal":1.4198,"tipo_imovel":"IRU"}},{"type":"Feature","id":"sicar_imoveis_rs.2257531","geometry":{"type":"MultiPolygon","coordinates":[[[[-52.98487186,-28.80331551],[-52.98976421,-28.80562824],[-52.98869133,-28.80747087],[-52.9838419,-28.80506416],[-52.98487186,-28.80331551]]]]},"geometry_name":"geo_area_imovel","properties":{"cod_imovel":"RS-4300554-01FEBAE8C91F42C2A8E8509F05D1F40F","status_imovel":"AT","dat_criacao":"2016-03-23T02:02:10.496Z","area":12.1492,"condicao":"Aguardando análise","uf":"RS","municipio":"Alto Alegre","cod_municipio_ibge":4300554,"m_fiscal":0.675,"tipo_imovel":"IRU"}},{"type":"Feature","id":"sicar_imoveis_rs.2257537","geometry":{"type":"MultiPolygon","coordinates":[[[[-52.98871279,-28.79699754],[-52.98978567,-28.79564364],[-53.00182343,-28.80120956],[-53.00186634,-28.80331551],[-52.99482984,-28.79995874],[-52.98871279,-28.79699754]]]]},"geometry_name":"geo_area_imovel","properties":{"cod_imovel":"RS-4300554-30BEAF7BF2EE47979FF80F0503F2FE3D","status_imovel":"AT","dat_criacao":"2016-03-23T02:02:19.349Z","area":27.054,"condicao":"Aguardando análise","uf":"RS","municipio":"Alto Alegre","cod_municipio_ibge":4300554,"m_fiscal":1.503,"tipo_imovel":"IRU"}},{"type":"Feature","id":"sicar_imoveis_rs.2257549","geometry":{"type":"MultiPolygon","coordinates":[[[[-52.98300342,-28.77952928],[-52.982609,-28.77987556],[-52.98283339,-28.78007253],[-52.98269625,-28.78034902],[-52.98246836,-28.78086525],[-52.98237144,-28.78086628],[-52.98150356,-28.78014874],[-52.98273979,-28.7792594],[-52.98281487,-28.77934239],[-52.98300342,-28.77952928]]]]},"geometry_name":"geo_area_imovel","properties":{"cod_imovel":"RS-4300554-2D9180EAC3A94653B3A73020BA3B235E","status_imovel":"AT","dat_criacao":"2016-03-23T02:02:01.192Z","area":1.1958,"condicao":"Aguardando análise","uf":"RS","municipio":"Alto Alegre","cod_municipio_ibge":4300554,"m_fiscal":0.0664,"tipo_imovel":"IRU"}},{"type":"Feature","id":"sicar_imoveis_rs.2267961","geometry":{"type":"MultiPolygon","coordinates":[[[[-52.96518358,-28.76899061],[-52.96530459,-28.76879896],[-52.96569037,-28.76891159],[-52.96618048,-28.76901342],[-52.9665387,-28.76912472],[-52.96667806,-28.76946464],[-52.96676106,-28.76969745],[-52.96685469,-28.76985385],[-52.96669793,-28.77002005],[-52.96700252,-28.77029213],[-52.96699951,-28.77056932],[-52.96675756,-28.77076904],[-52.96536684,-28.77091307],[-52.96049595,-28.76937074],[-52.96080458,-28.76890344],[-52.96324279,-28.7695536],[-52.96518358,-28.76899061]]]]},"geometry_name":"geo_area_imovel","properties":{"cod_imovel":"RS-4300554-C58AA509D89A4E98A3B25EEA0B491363","status_imovel":"AT","dat_criacao":"2016-03-24T02:00:05.372Z","area":7.6833,"condicao":"Aguardando análise","uf":"RS","municipio":"Alto Alegre","cod_municipio_ibge":4300554,"m_fiscal":0.4269,"tipo_imovel":"IRU"}},{"type":"Feature","id":"sicar_imoveis_rs.2268056","geometry":{"type":"MultiPolygon","coordinates":[[[[-52.96266317,-28.7670384],[-52.96326399,-28.76741458],[-52.96383338,-28.76751944],[-52.96423576,-28.76736462],[-52.96446895,-28.76744311],[-52.96493327,-28.76747614],[-52.96548168,-28.76764865],[-52.96585391,-28.76785232],[-52.96609812,-28.76804025],[-52.96641765,-28.76837899],[-52.96642639,-28.76849728],[-52.96640365,-28.76879016],[-52.96633675,-28.76905353],[-52.96530417,-28.76879352],[-52.96518968,-28.76898161],[-52.96325064,-28.76955024],[-52.96080243,-28.76889589],[-52.96266317,-28.7670384]]]]},"geometry_name":"geo_area_imovel","properties":{"cod_imovel":"RS-4300554-D71CF4BD2DF347F3B83283427FF599E9","status_imovel":"AT","dat_criacao":"2016-03-24T02:03:25.587Z","area":8.9838,"condicao":"Aguardando análise","uf":"RS","municipio":"Alto Alegre","cod_municipio_ibge":4300554,"m_fiscal":0.4991,"tipo_imovel":"IRU"}},{"type":"Feature","id":"sicar_imoveis_rs.2268155","geometry":{"type":"MultiPolygon","coordinates":[[[[-52.95901537,-28.80724524],[-52.96098948,-28.80685039],[-52.96073198,-28.81006553],[-52.95488366,-28.80985535],[-52.95528631,-28.80692673],[-52.95547029,-28.80715069],[-52.95567772,-28.80729297],[-52.95625354,-28.80732108],[-52.95659454,-28.80670302],[-52.9572773,-28.8060795],[-52.95901537,-28.80724524]]]]},"geometry_name":"geo_area_imovel","properties":{"cod_imovel":"RS-4300554-C58C29C8FD7D41CDBF0CE373BA45A4CF","status_imovel":"AT","dat_criacao":"2016-03-24T02:07:51.657Z","area":19.2635,"condicao":"Aguardando análise","uf":"RS","municipio":"Alto Alegre","cod_municipio_ibge":4300554,"m_fiscal":1.0702,"tipo_imovel":"IRU"}},{"type":"Feature","id":"sicar_imoveis_rs.2291519","geometry":{"type":"MultiPolygon","coordinates":[[[[-52.98349977,-28.83204803],[-52.98349007,-28.83253438],[-52.98349482,-28.8328569],[-52.98339216,-28.83314284],[-52.98322187,-28.83337924],[-52.98303238,-28.83365345],[-52.98315884,-28.83401],[-52.98341274,-28.83467403],[-52.98058936,-28.83493962],[-52.98029428,-28.83492057],[-52.97992489,-28.83498901],[-52.97963062,-28.83498189],[-52.97926655,-28.83503084],[-52.9789679,-28.83497019],[-52.97875332,-28.83487253],[-52.97837383,-28.83490149],[-52.97794465,-28.83506683],[-52.97783572,-28.83518051],[-52.9777445,-28.83508544],[-52.97769484,-28.83489256],[-52.97776333,-28.83483119],[-52.9776416,-28.83449146],[-52.97737834,-28.8340932],[-52.97771534,-28.83389508],[-52.98145076,-28.83284767],[-52.98210761,-28.83229687],[-52.98251884,-28.83235771],[-52.98294653,-28.83248818],[-52.98320027,-28.83225642],[-52.98337012,-28.83209647],[-52.98349977,-28.83204803]]]]},"geometry_name":"geo_area_imovel","properties":{"cod_imovel":"RS-4300554-66DA7BC6752A4D3088335DAFAA1E1DA9","status_imovel":"AT","dat_criacao":"2016-03-29T00:48:36.215Z","area":11.2693,"condicao":"Aguardando análise","uf":"RS","municipio":"Alto Alegre","cod_municipio_ibge":4300554,"m_fiscal":0.6261,"tipo_imovel":"IRU"}},{"type":"Feature","id":"sicar_imoveis_rs.2335005","geometry":{"type":"MultiPolygon","coordinates":[[[[-53.02478095,-28.83672905],[-53.02297307,-28.83532209],[-53.02384329,-28.83441884],[-53.02510765,-28.83556435],[-53.02526222,-28.83540829],[-53.02558951,-28.83595835],[-53.02478095,-28.83672905]]]]},"geometry_name":"geo_area_imovel","properties":{"cod_imovel":"RS-4300554-AAAC29FF7E674F99A6D69F0777A32754","status_imovel":"AT","dat_criacao":"2016-04-01T17:34:30.211Z","area":2.9914,"condicao":"Aguardando análise","uf":"RS","municipio":"Alto Alegre","cod_municipio_ibge":4300554,"m_fiscal":0.1662,"tipo_imovel":"IRU"}},{"type":"Feature","id":"sicar_imoveis_rs.2338357","geometry":{"type":"MultiPolygon","coordinates":[[[[-53.04291751,-28.80862056],[-53.04306502,-28.80945267],[-53.04025657,-28.8094927],[-53.03922264,-28.80758338],[-53.04187171,-28.80555205],[-53.03614122,-28.79972718],[-53.03802252,-28.79791893],[-53.04396629,-28.80406762],[-53.04230288,-28.80517588],[-53.04291751,-28.80862056]]]]},"geometry_name":"geo_area_imovel","properties":{"cod_imovel":"RS-4300554-37B63C5927B248209086EBEABB94DD8F","status_imovel":"AT","dat_criacao":"2016-04-02T00:15:12.483Z","area":34.1798,"condicao":"Aguardando análise","uf":"RS","municipio":"Alto Alegre","cod_municipio_ibge":4300554,"m_fiscal":1.8989,"tipo_imovel":"IRU"}},{"type":"Feature","id":"sicar_imoveis_rs.2338801","geometry":{"type":"MultiPolygon","coordinates":[[[[-53.02452584,-28.82264461],[-53.02314626,-28.82149721],[-53.02594773,-28.81917163],[-53.0273366,-28.82025555],[-53.02452584,-28.82264461]]]]},"geometry_name":"geo_area_imovel","properties":{"cod_imovel":"RS-4300554-3BA406C769A1429A8AFDC90C22CD1B5C","status_imovel":"AT","dat_criacao":"2016-04-02T00:41:53.958Z","area":6.9178,"condicao":"Aguardando análise","uf":"RS","municipio":"Alto Alegre","cod_municipio_ibge":4300554,"m_fiscal":0.3843,"tipo_imovel":"IRU"}},{"type":"Feature","id":"sicar_imoveis_rs.2345218","geometry":{"type":"MultiPolygon","coordinates":[[[[-53.03948047,-28.79185866],[-53.03927505,-28.79207892],[-53.03900307,-28.79220684],[-53.0387003,-28.79312045],[-53.03857631,-28.79346434],[-53.03876692,-28.79364785],[-53.04724766,-28.8018115],[-53.04816048,-28.80107702],[-53.04823258,-28.801019],[-53.04825196,-28.80096945],[-53.04822579,-28.80061508],[-53.04826747,-28.80051683],[-53.04832716,-28.80045287],[-53.04546909,-28.79770519],[-53.04258554,-28.79488179],[-53.03954136,-28.79191743],[-53.03948047,-28.79185866]]]]},"geometry_name":"geo_area_imovel","properties":{"cod_imovel":"RS-4300554-AE93EF079A03403AA0C39D9EACA60803","status_imovel":"AT","dat_criacao":"2016-04-03T00:15:44.743Z","area":23.4957,"condicao":"Aguardando análise","uf":"RS","municipio":"Alto Alegre","cod_municipio_ibge":4300554,"m_fiscal":1.3053,"tipo_imovel":"IRU"}},{"type":"Feature","id":"sicar_imoveis_rs.2345231","geometry":{"type":"MultiPolygon","coordinates":[[[[-52.97444471,-28.81326629],[-52.97412679,-28.81635467],[-52.97427116,-28.81635991],[-52.97428457,-28.81635808],[-52.97431231,-28.81636981],[-52.97436789,-28.81641072],[-52.97437266,-28.81642153],[-52.97448129,-28.81647995],[-52.97448548,-28.81657291],[-52.97449537,-28.81657634],[-52.97452714,-28.81658104],[-52.97453125,-28.81658054],[-52.97460593,-28.81649361],[-52.97461976,-28.81648973],[-52.974699,-28.81639403],[-52.97470819,-28.8163849],[-52.97478265,-28.81629908],[-52.9747967,-28.81629588],[-52.97484113,-28.81625716],[-52.97489813,-28.81628859],[-52.97500256,-28.8163321],[-52.97512217,-28.8163124],[-52.97531001,-28.81635338],[-52.9753448,-28.81632883],[-52.97545024,-28.81618474],[-52.97550849,-28.81614786],[-52.97556205,-28.81610235],[-52.97559852,-28.8160943],[-52.9757053,-28.81607091],[-52.97577278,-28.81606974],[-52.97579222,-28.81608139],[-52.97586473,-28.81607695],[-52.97588015,-28.81606086],[-52.97590454,-28.8160534],[-52.97587151,-28.81598332],[-52.97585458,-28.8159099],[-52.97583463,-28.81587394],[-52.97581906,-28.81581079],[-52.97580107,-28.81574068],[-52.9758032,-28.81573622],[-52.97591116,-28.81568719],[-52.97592968,-28.81570161],[-52.97596606,-28.815698],[-52.97600101,-28.81571653],[-52.97603655,-28.81574845],[-52.97604474,-28.81574148],[-52.97605684,-28.81572938],[-52.97605684,-28.81570384],[-52.97604209,-28.81568778],[-52.97605684,-28.81565006],[-52.97604943,-28.81558847],[-52.97604595,-28.815566],[-52.97605025,-28.81555824],[-52.97604988,-28.81555745],[-52.97618746,-28.81538582],[-52.97630492,-28.81520983],[-52.97631179,-28.81516657],[-52.97643459,-28.81439262],[-52.97643496,-28.81429479],[-52.97637285,-28.81423281],[-52.97628902,-28.8141278],[-52.97623343,-28.81401022],[-52.9762105,-28.81396437],[-52.97616869,-28.81377016],[-52.97613389,-28.81357252],[-52.97608493,-28.81354804],[-52.97525227,-28.81337381],[-52.97524749,-28.81332841],[-52.97444471,-28.81326629]]]]},"geometry_name":"geo_area_imovel","properties":{"cod_imovel":"RS-4300554-6536C7250AC645FA949A9CB483BD1663","status_imovel":"AT","dat_criacao":"2016-04-03T00:17:45.519Z","area":5.9847,"condicao":"Aguardando análise","uf":"RS","municipio":"Alto Alegre","cod_municipio_ibge":4300554,"m_fiscal":0.3325,"tipo_imovel":"IRU"}},{"type":"Feature","id":"sicar_imoveis_rs.2357485","geometry":{"type":"MultiPolygon","coordinates":[[[[-52.99654484,-28.82301909],[-53.0011797,-28.82606454],[-53.00562143,-28.82894071],[-53.00506353,-28.82978663],[-53.00027847,-28.82668489],[-52.99549341,-28.82350787],[-52.99654484,-28.82301909]]]]},"geometry_name":"geo_area_imovel","properties":{"cod_imovel":"RS-4300554-8FBF93C96D22484FB6DD1869030D2CD7","status_imovel":"AT","dat_criacao":"2016-04-05T01:35:50.854Z","area":12.1308,"condicao":"Aguardando análise","uf":"RS","municipio":"Alto Alegre","cod_municipio_ibge":4300554,"m_fiscal":0.6739,"tipo_imovel":"IRU"}},{"type":"Feature","id":"sicar_imoveis_rs.2373532","geometry":{"type":"MultiPolygon","coordinates":[[[[-52.99104425,-28.8444328],[-52.98976331,-28.84284998],[-52.9884547,-28.84099913],[-52.98856081,-28.83874272],[-52.98822025,-28.83834448],[-52.98790177,-28.83793009],[-52.98646625,-28.84216187],[-52.98652892,-28.84224917],[-52.9865893,-28.84231419],[-52.98664969,-28.84237225],[-52.98671007,-28.84241173],[-52.98677742,-28.84243264],[-52.98688657,-28.84245586],[-52.98697482,-28.84247212],[-52.98709094,-28.8424907],[-52.98715597,-28.8425116],[-52.98720706,-28.84254643],[-52.98725119,-28.84256733],[-52.98733479,-28.84259288],[-52.9874184,-28.84262307],[-52.98750665,-28.84265094],[-52.98759258,-28.84269042],[-52.98765993,-28.84273919],[-52.98773657,-28.84280422],[-52.98777605,-28.84289944],[-52.98782714,-28.84295518],[-52.98789217,-28.84301788],[-52.98793564,-28.8430314],[-52.98800514,-28.84305301],[-52.98811512,-28.84308755],[-52.98821498,-28.84312936],[-52.98833343,-28.84316651],[-52.98846116,-28.84322225],[-52.98857263,-28.84331282],[-52.98863069,-28.84337785],[-52.98870965,-28.84345217],[-52.98879791,-28.84349862],[-52.98885364,-28.843559],[-52.98891664,-28.84361412],[-52.98896047,-28.84374015],[-52.98901621,-28.84386091],[-52.9890673,-28.84398632],[-52.98912304,-28.84413031],[-52.98916484,-28.8442232],[-52.98921594,-28.84429752],[-52.98928561,-28.84437648],[-52.98932277,-28.84442293],[-52.98935528,-28.84447402],[-52.98941102,-28.84452047],[-52.98946676,-28.84459014],[-52.98952249,-28.84465517],[-52.98956894,-28.84471555],[-52.98962932,-28.84479452],[-52.98970364,-28.84488741],[-52.98974895,-28.84492196],[-52.98978028,-28.84497798],[-52.98979654,-28.84504533],[-52.98982441,-28.84512894],[-52.98984299,-28.84523113],[-52.98986389,-28.8453008],[-52.98989639,-28.84535187],[-52.9899173,-28.84539834],[-52.98994982,-28.8454773],[-52.98996375,-28.84556091],[-52.98997186,-28.84565009],[-52.99104425,-28.8444328]]]]},"geometry_name":"geo_area_imovel","properties":{"cod_imovel":"RS-4300554-A9923B3B43724031A3594730BB3E00FC","status_imovel":"AT","dat_criacao":"2016-04-06T02:50:29.947Z","area":11.9342,"condicao":"Aguardando análise","uf":"RS","municipio":"Alto Alegre","cod_municipio_ibge":4300554,"m_fiscal":0.663,"tipo_imovel":"IRU"}},{"type":"Feature","id":"sicar_imoveis_rs.2388152","geometry":{"type":"MultiPolygon","coordinates":[[[[-53.04568291,-28.79141259],[-53.04684865,-28.7929546],[-53.04491043,-28.79440255],[-53.04042578,-28.79019025],[-53.04039588,-28.79008668],[-53.04055767,-28.78994598],[-53.04098345,-28.78956653],[-53.04231822,-28.78997564],[-53.04301831,-28.78977325],[-53.04506592,-28.79170714],[-53.04568291,-28.79141259]]]]},"geometry_name":"geo_area_imovel","properties":{"cod_imovel":"RS-4300554-500BC5540DFA4B8FA6F966385A22FF0C","status_imovel":"AT","dat_criacao":"2016-04-07T02:52:10.940Z","area":13.9657,"condicao":"Aguardando análise","uf":"RS","municipio":"Alto Alegre","cod_municipio_ibge":4300554,"m_fiscal":0.7759,"tipo_imovel":"IRU"}},{"type":"Feature","id":"sicar_imoveis_rs.2398685","geometry":{"type":"MultiPolygon","coordinates":[[[[-53.03092003,-28.81403261],[-53.03043915,-28.81683954],[-53.02536044,-28.81850433],[-53.02502651,-28.81816293],[-53.03092003,-28.81403261]]]]},"geometry_name":"geo_area_imovel","properties":{"cod_imovel":"RS-4300554-5096762591F0405EA8DCA5950B6CBDF8","status_imovel":"AT","dat_criacao":"2016-04-08T00:13:54.016Z","area":9.1139,"condicao":"Aguardando análise","uf":"RS","municipio":"Alto Alegre","cod_municipio_ibge":4300554,"m_fiscal":0.5063,"tipo_imovel":"IRU"}},{"type":"Feature","id":"sicar_imoveis_rs.2399594","geometry":{"type":"MultiPolygon","coordinates":[[[[-53.01922049,-28.78864696],[-53.01923784,-28.78874716],[-53.02490728,-28.78700576],[-53.02478112,-28.78668705],[-53.0243859,-28.78599323],[-53.0237542,-28.78478424],[-53.01878787,-28.78721786],[-53.01878526,-28.78725965],[-53.01878526,-28.78732614],[-53.01880339,-28.78743193],[-53.01883966,-28.78748633],[-53.01889407,-28.78752563],[-53.01895754,-28.78763444],[-53.01900892,-28.78771907],[-53.01907542,-28.78784601],[-53.01910564,-28.78790344],[-53.01911169,-28.78794877],[-53.01908751,-28.78804247],[-53.01906937,-28.7881271],[-53.01906937,-28.78819057],[-53.01910262,-28.78823289],[-53.01915098,-28.78828427],[-53.01919027,-28.78835983],[-53.01920538,-28.78843237],[-53.01921294,-28.78853211],[-53.01922049,-28.78864696]]]]},"geometry_name":"geo_area_imovel","properties":{"cod_imovel":"RS-4300554-1E57D446A2B94B80B1A48F77D7E131A0","status_imovel":"AT","dat_criacao":"2016-04-08T00:55:22.019Z","area":12.5737,"condicao":"Aguardando análise","uf":"RS","municipio":"Alto Alegre","cod_municipio_ibge":4300554,"m_fiscal":0.6985,"tipo_imovel":"IRU"}},{"type":"Feature","id":"sicar_imoveis_rs.2399943","geometry":{"type":"MultiPolygon","coordinates":[[[[-52.97314688,-28.85195851],[-52.97316169,-28.85323903],[-52.97239506,-28.85349172],[-52.97093984,-28.8555659],[-52.97063325,-28.85569057],[-52.96988114,-28.85539775],[-52.97221588,-28.85187785],[-52.97314688,-28.85195851]]]]},"geometry_name":"geo_area_imovel","properties":{"cod_imovel":"RS-4300554-1D95A54FCFBE4CEAB9B579E0B7A30BFB","status_imovel":"AT","dat_criacao":"2016-04-08T01:15:21.863Z","area":5.1355,"condicao":"Aguardando análise","uf":"RS","municipio":"Alto Alegre","cod_municipio_ibge":4300554,"m_fiscal":0.2853,"tipo_imovel":"IRU"}},{"type":"Feature","id":"sicar_imoveis_rs.2417026","geometry":{"type":"MultiPolygon","coordinates":[[[[-52.98187837,-28.85453247],[-52.98205216,-28.85499746],[-52.98146223,-28.85520764],[-52.98069722,-28.85537245],[-52.98173578,-28.854554],[-52.98187837,-28.85453247]]]]},"geometry_name":"geo_area_imovel","properties":{"cod_imovel":"RS-4300554-F81972635B194948AE227D4586A58FE6","status_imovel":"AT","dat_criacao":"2016-04-09T01:01:49.827Z","area":0.4614,"condicao":"Aguardando análise","uf":"RS","municipio":"Alto Alegre","cod_municipio_ibge":4300554,"m_fiscal":0.0256,"tipo_imovel":"IRU"}},{"type":"Feature","id":"sicar_imoveis_rs.2422499","geometry":{"type":"MultiPolygon","coordinates":[[[[-53.00110351,-28.8309624],[-53.00285009,-28.83090428],[-53.00274266,-28.83141339],[-53.0023618,-28.83186123],[-53.00217395,-28.83257709],[-53.00232916,-28.83321597],[-52.99496909,-28.834109],[-52.9932121,-28.83102875],[-52.99509711,-28.83099154],[-52.99515586,-28.82972898],[-53.00077426,-28.82966495],[-53.00110351,-28.8309624]]]]},"geometry_name":"geo_area_imovel","properties":{"cod_imovel":"RS-4300554-30495BDFAB2345C7B01D002552B27340","status_imovel":"AT","dat_criacao":"2016-04-09T03:03:14.075Z","area":32.7029,"condicao":"Aguardando análise","uf":"RS","municipio":"Alto Alegre","cod_municipio_ibge":4300554,"m_fiscal":1.8168,"tipo_imovel":"IRU"}},{"type":"Feature","id":"sicar_imoveis_rs.2423298","geometry":{"type":"MultiPolygon","coordinates":[[[[-52.97657971,-28.81846802],[-52.97764455,-28.8185631],[-52.97754273,-28.81872787],[-52.97747845,-28.81905943],[-52.97727168,-28.81950404],[-52.97722242,-28.8197409],[-52.97719137,-28.82004134],[-52.97725331,-28.82021482],[-52.97746591,-28.82042964],[-52.97768079,-28.82055214],[-52.9778769,-28.82087644],[-52.97815379,-28.82127188],[-52.9781457,-28.8216111],[-52.97810823,-28.82197003],[-52.97813859,-28.82219379],[-52.97821847,-28.82240404],[-52.97839048,-28.82249202],[-52.97829956,-28.82275242],[-52.97842362,-28.82299284],[-52.97845416,-28.82314094],[-52.97837949,-28.82329983],[-52.97838314,-28.82339449],[-52.9784481,-28.8234809],[-52.9787447,-28.82349071],[-52.97881236,-28.82353856],[-52.97884851,-28.82362869],[-52.9788064,-28.82388759],[-52.97890211,-28.82418892],[-52.97904347,-28.82440971],[-52.97960053,-28.82466382],[-52.97956381,-28.82483655],[-52.97488776,-28.82452204],[-52.97517753,-28.82395049],[-52.97550588,-28.82336837],[-52.97604599,-28.82243108],[-52.97650283,-28.82162623],[-52.97663917,-28.82118053],[-52.9767199,-28.82076029],[-52.97657971,-28.81846802]]]]},"geometry_name":"geo_area_imovel","properties":{"cod_imovel":"RS-4300554-B54085E76A574FDB9F752AE9FBC8E8C4","status_imovel":"AT","dat_criacao":"2016-04-09T03:21:23.868Z","area":12.7997,"condicao":"Aguardando análise","uf":"RS","municipio":"Alto Alegre","cod_municipio_ibge":4300554,"m_fiscal":0.7111,"tipo_imovel":"IRU"}},{"type":"Feature","id":"sicar_imoveis_rs.2423424","geometry":{"type":"MultiPolygon","coordinates":[[[[-52.97477073,-28.8245134],[-52.97515076,-28.82331579],[-52.97535106,-28.82280292],[-52.97541347,-28.82264187],[-52.97593927,-28.82213815],[-52.97626474,-28.8217531],[-52.97639492,-28.82124282],[-52.97257714,-28.82105754],[-52.9726455,-28.82060198],[-52.97226189,-28.82009628],[-52.97192329,-28.81975226],[-52.97173338,-28.81946699],[-52.97190844,-28.81874774],[-52.97175351,-28.81850126],[-52.97162479,-28.8179644],[-52.97172869,-28.81797337],[-52.97212368,-28.81785059],[-52.97218878,-28.81755941],[-52.97220774,-28.8172159],[-52.97234894,-28.81704266],[-52.97276461,-28.81704634],[-52.97324089,-28.81709208],[-52.97346206,-28.81695283],[-52.97362699,-28.81695146],[-52.97391871,-28.81676802],[-52.97415037,-28.81664174],[-52.97446768,-28.8165422],[-52.97465803,-28.81628923],[-52.97473216,-28.8161734],[-52.97513206,-28.81629167],[-52.97501759,-28.81841376],[-52.9764833,-28.81850051],[-52.97662321,-28.8208279],[-52.97641875,-28.82162734],[-52.97477073,-28.8245134]]]]},"geometry_name":"geo_area_imovel","properties":{"cod_imovel":"RS-4300554-7C3881BA2C8E44B99940E62923E96528","status_imovel":"AT","dat_criacao":"2016-04-09T03:25:01.226Z","area":19.1505,"condicao":"Aguardando análise","uf":"RS","municipio":"Alto Alegre","cod_municipio_ibge":4300554,"m_fiscal":1.0639,"tipo_imovel":"IRU"}},{"type":"Feature","id":"sicar_imoveis_rs.2425495","geometry":{"type":"MultiPolygon","coordinates":[[[[-52.96174049,-28.83882814],[-52.9621911,-28.83805748],[-52.96180487,-28.83786951],[-52.96165466,-28.83766275],[-52.96169758,-28.83715523],[-52.95738459,-28.83724922],[-52.95764208,-28.83884693],[-52.96174049,-28.83882814]]]]},"geometry_name":"geo_area_imovel","properties":{"cod_imovel":"RS-4300554-782AD3F5139049D080DF246669274B74","status_imovel":"AT","dat_criacao":"2016-04-09T04:15:53.594Z","area":7.6902,"condicao":"Aguardando análise","uf":"RS","municipio":"Alto Alegre","cod_municipio_ibge":4300554,"m_fiscal":0.4272,"tipo_imovel":"IRU"}},{"type":"Feature","id":"sicar_imoveis_rs.2438387","geometry":{"type":"MultiPolygon","coordinates":[[[[-52.98785448,-28.83788831],[-52.98660994,-28.8419671],[-52.98594475,-28.84168516],[-52.98560143,-28.84125286],[-52.98532248,-28.84091453],[-52.98530102,-28.84038823],[-52.98542976,-28.83995592],[-52.98553705,-28.8395424],[-52.98560143,-28.83937323],[-52.98540831,-28.83895971],[-52.9852581,-28.8385086],[-52.98536539,-28.83830183],[-52.98560143,-28.83800109],[-52.98583746,-28.83754997],[-52.98768282,-28.83764395],[-52.98785448,-28.83788831]]]]},"geometry_name":"geo_area_imovel","properties":{"cod_imovel":"RS-4300554-A7BDB60F0FF24722890BB63A91E3B0D9","status_imovel":"AT","dat_criacao":"2016-04-11T00:41:39.738Z","area":8.2044,"condicao":"Aguardando análise","uf":"RS","municipio":"Alto Alegre","cod_municipio_ibge":4300554,"m_fiscal":0.4558,"tipo_imovel":"IRU"}},{"type":"Feature","id":"sicar_imoveis_rs.2438389","geometry":{"type":"MultiPolygon","coordinates":[[[[-52.97785838,-28.84688318],[-52.97673941,-28.84726742],[-52.9765892,-28.8473238],[-52.97639608,-28.84677875],[-52.9762888,-28.8461961],[-52.97631025,-28.84585779],[-52.97663212,-28.8454255],[-52.97736168,-28.84491802],[-52.97834873,-28.84672236],[-52.97785838,-28.84688318]]]]},"geometry_name":"geo_area_imovel","properties":{"cod_imovel":"RS-4300554-A67427E9CB714315998E66D34E41D029","status_imovel":"AT","dat_criacao":"2016-04-11T00:41:08.197Z","area":3.1837,"condicao":"Aguardando análise","uf":"RS","municipio":"Alto Alegre","cod_municipio_ibge":4300554,"m_fiscal":0.1769,"tipo_imovel":"IRU"}},{"type":"Feature","id":"sicar_imoveis_rs.2448634","geometry":{"type":"MultiPolygon","coordinates":[[[[-52.9960084,-28.77595369],[-52.9989481,-28.77352745],[-52.99946202,-28.77366133],[-52.99987926,-28.77380544],[-53.0005498,-28.77403808],[-53.00174887,-28.77432341],[-52.99626257,-28.77696307],[-52.99549786,-28.77600445],[-52.99573059,-28.77577214],[-52.9960084,-28.77595369]]]]},"geometry_name":"geo_area_imovel","properties":{"cod_imovel":"RS-4300554-661E2B84F57E41AEB2C26CA98A244902","status_imovel":"AT","dat_criacao":"2016-04-12T00:57:25.041Z","area":8.5902,"condicao":"Aguardando análise","uf":"RS","municipio":"Alto Alegre","cod_municipio_ibge":4300554,"m_fiscal":0.4767,"tipo_imovel":"IRU"}},{"type":"Feature","id":"sicar_imoveis_rs.2448943","geometry":{"type":"MultiPolygon","coordinates":[[[[-53.03177834,-28.82034954],[-53.03130627,-28.82034954],[-53.0313012,-28.82103863],[-53.03126335,-28.82149633],[-53.02862723,-28.82115477],[-53.02730392,-28.82020997],[-53.02577019,-28.81910875],[-53.02944426,-28.81901203],[-53.03128259,-28.81987234],[-53.03184271,-28.81995475],[-53.03177834,-28.82034954]]]]},"geometry_name":"geo_area_imovel","properties":{"cod_imovel":"RS-4300554-98FA354947E345BABE3389DFC579D51F","status_imovel":"AT","dat_criacao":"2016-04-12T01:13:47.989Z","area":9.3345,"condicao":"Aguardando análise","uf":"RS","municipio":"Alto Alegre","cod_municipio_ibge":4300554,"m_fiscal":0.5186,"tipo_imovel":"IRU"}},{"type":"Feature","id":"sicar_imoveis_rs.2452444","geometry":{"type":"MultiPolygon","coordinates":[[[[-52.94624805,-28.81121243],[-52.9469347,-28.81000913],[-52.94757843,-28.80858019],[-52.9491663,-28.80850498],[-52.95075417,-28.80858019],[-52.95092583,-28.80703842],[-52.94998169,-28.806888],[-52.95015335,-28.80651195],[-52.95032501,-28.80598548],[-52.95075417,-28.80500775],[-52.95144081,-28.80429325],[-52.95199871,-28.80380438],[-52.95345783,-28.80361635],[-52.95495987,-28.80376678],[-52.95440197,-28.80301466],[-52.95431614,-28.80230015],[-52.95465946,-28.80166084],[-52.95483112,-28.80109674],[-52.95491695,-28.80038221],[-52.9544878,-28.79970529],[-52.95423031,-28.79891553],[-52.9539299,-28.7982386],[-52.95350075,-28.79763688],[-52.953372,-28.79688472],[-52.95345783,-28.79601972],[-52.95397282,-28.79553081],[-52.95444489,-28.7950419],[-52.95470238,-28.79455299],[-52.95495987,-28.79398885],[-52.95375824,-28.7941769],[-52.95289993,-28.79447777],[-52.95126915,-28.79507951],[-52.94993877,-28.79530516],[-52.94929504,-28.79568125],[-52.94869423,-28.79767448],[-52.942729,-28.79714797],[-52.94350147,-28.79955486],[-52.94423103,-28.80214972],[-52.94517517,-28.80466931],[-52.94577599,-28.8069256],[-52.94611931,-28.80985871],[-52.94624805,-28.81121243]]]]},"geometry_name":"geo_area_imovel","properties":{"cod_imovel":"RS-4300554-7674B18397A24A84A30EE8C57FBBEFF9","status_imovel":"AT","dat_criacao":"2016-04-12T02:56:51.374Z","area":115.6101,"condicao":"Aguardando análise","uf":"RS","municipio":"Alto Alegre","cod_municipio_ibge":4300554,"m_fiscal":6.4228,"tipo_imovel":"IRU"}},{"type":"Feature","id":"sicar_imoveis_rs.2454381","geometry":{"type":"MultiPolygon","coordinates":[[[[-53.01166839,-28.84414038],[-53.01177146,-28.84405827],[-53.01271061,-28.84532333],[-53.01347333,-28.84668189],[-53.01309596,-28.84683457],[-53.0116957,-28.84495025],[-53.0100907,-28.84436841],[-53.01013694,-28.84419722],[-53.01157219,-28.84413473],[-53.01166839,-28.84414038]]]]},"geometry_name":"geo_area_imovel","properties":{"cod_imovel":"RS-4300554-D6F360D84C7F457CB376EFDA2A2E9DD9","status_imovel":"AT","dat_criacao":"2016-04-12T04:14:46.398Z","area":2.4858,"condicao":"Aguardando análise","uf":"RS","municipio":"Alto Alegre","cod_municipio_ibge":4300554,"m_fiscal":0.1381,"tipo_imovel":"IRU"}},{"type":"Feature","id":"sicar_imoveis_rs.2465790","geometry":{"type":"MultiPolygon","coordinates":[[[[-52.99310753,-28.8430345],[-52.99403517,-28.84377255],[-52.99449374,-28.84416518],[-52.99468262,-28.84458377],[-52.99497582,-28.84505597],[-52.99538631,-28.84555167],[-52.99579465,-28.84612725],[-52.99611874,-28.84681239],[-52.99617092,-28.84726177],[-52.99642561,-28.84776903],[-52.9968849,-28.84840852],[-52.99500213,-28.84979836],[-52.98862982,-28.84819582],[-52.98912499,-28.84776082],[-52.98968263,-28.84745933],[-52.98989169,-28.84687817],[-52.98998239,-28.84640128],[-52.98998711,-28.84619753],[-52.99067318,-28.8454421],[-52.99161878,-28.84535473],[-52.99262441,-28.84502232],[-52.99220476,-28.84395356],[-52.99310753,-28.8430345]]]]},"geometry_name":"geo_area_imovel","properties":{"cod_imovel":"RS-4300554-54CFD62379AE485B92AF8BEF3493BC74","status_imovel":"AT","dat_criacao":"2016-04-13T00:17:56.481Z","area":31.0327,"condicao":"Aguardando análise","uf":"RS","municipio":"Alto Alegre","cod_municipio_ibge":4300554,"m_fiscal":1.724,"tipo_imovel":"IRU"}},{"type":"Feature","id":"sicar_imoveis_rs.2490099","geometry":{"type":"MultiPolygon","coordinates":[[[[-52.99607673,-28.77766225],[-52.99625829,-28.77814212],[-52.996283,-28.77850698],[-52.99649619,-28.77899836],[-52.99674544,-28.77916607],[-52.99738699,-28.77935902],[-52.99803511,-28.77939211],[-52.99861092,-28.77934004],[-52.99935115,-28.77928651],[-53.00038601,-28.7796347],[-52.99958978,-28.78039025],[-52.99909393,-28.78047665],[-52.9987387,-28.78053902],[-52.99861756,-28.78064041],[-52.99845969,-28.78079795],[-52.99809315,-28.78096162],[-52.99588631,-28.77965895],[-52.99541298,-28.78019115],[-52.99450904,-28.7796697],[-52.9940289,-28.78029469],[-52.99262307,-28.7793819],[-52.99265806,-28.77932019],[-52.99285864,-28.7794274],[-52.99292181,-28.77936775],[-52.99312241,-28.77937935],[-52.99324595,-28.77942064],[-52.99334382,-28.77935123],[-52.99340134,-28.77921994],[-52.99372884,-28.77919093],[-52.99375585,-28.77915979],[-52.99390945,-28.77913486],[-52.99419536,-28.77920922],[-52.99423899,-28.77908369],[-52.99428883,-28.77907983],[-52.99447442,-28.77912417],[-52.99416122,-28.77791736],[-52.99572852,-28.77726484],[-52.99607673,-28.77766225]]]]},"geometry_name":"geo_area_imovel","properties":{"cod_imovel":"RS-4300554-4A092703C3B7432AAD026FCC3CD0254B","status_imovel":"AT","dat_criacao":"2016-04-14T07:28:56.234Z","area":10.9018,"condicao":"Aguardando análise","uf":"RS","municipio":"Alto Alegre","cod_municipio_ibge":4300554,"m_fiscal":0.6057,"tipo_imovel":"IRU"}},{"type":"Feature","id":"sicar_imoveis_rs.2490349","geometry":{"type":"MultiPolygon","coordinates":[[[[-52.99021482,-28.77219206],[-52.9900625,-28.77213278],[-52.9900967,-28.77205271],[-52.98931702,-28.7712966],[-52.98941136,-28.77064329],[-52.9894053,-28.77009249],[-52.98936058,-28.76977632],[-52.98944771,-28.76930857],[-52.98937941,-28.76891053],[-52.98989296,-28.76841148],[-52.99105167,-28.77036761],[-52.99111605,-28.77064975],[-52.99021482,-28.77219206]]]]},"geometry_name":"geo_area_imovel","properties":{"cod_imovel":"RS-4300554-8721B15AE00B4F528B7939D040EC4CC6","status_imovel":"AT","dat_criacao":"2016-04-14T07:50:27.240Z","area":4.4306,"condicao":"Aguardando análise","uf":"RS","municipio":"Alto Alegre","cod_municipio_ibge":4300554,"m_fiscal":0.2461,"tipo_imovel":"IRU"}},{"type":"Feature","id":"sicar_imoveis_rs.2491848","geometry":{"type":"MultiPolygon","coordinates":[[[[-52.97219038,-28.83820785],[-52.96955109,-28.83815146],[-52.96974421,-28.83858378],[-52.96998024,-28.83886573],[-52.9703021,-28.83892212],[-52.97090292,-28.83937323],[-52.97219038,-28.83820785]]]]},"geometry_name":"geo_area_imovel","properties":{"cod_imovel":"RS-4300554-D18FF2F9224D4C088D5FA033FCDF17C4","status_imovel":"AT","dat_criacao":"2016-04-14T09:40:58.506Z","area":1.9071,"condicao":"Aguardando análise","uf":"RS","municipio":"Alto Alegre","cod_municipio_ibge":4300554,"m_fiscal":0.1059,"tipo_imovel":"IRU"}},{"type":"Feature","id":"sicar_imoveis_rs.2491994","geometry":{"type":"MultiPolygon","coordinates":[[[[-52.97357444,-28.83312522],[-52.97089774,-28.83376625],[-52.97072618,-28.83059098],[-52.97117374,-28.82996981],[-52.97176555,-28.8301503],[-52.97208814,-28.83014823],[-52.97244972,-28.83035062],[-52.9724794,-28.83057672],[-52.97237436,-28.83075177],[-52.97229192,-28.8310828],[-52.97241444,-28.83126636],[-52.97252465,-28.831384],[-52.97255154,-28.83164967],[-52.97266691,-28.83187511],[-52.97310388,-28.83203734],[-52.97335773,-28.83218503],[-52.97339156,-28.83238211],[-52.97358665,-28.83255254],[-52.97362725,-28.83298283],[-52.97357444,-28.83312522]]]]},"geometry_name":"geo_area_imovel","properties":{"cod_imovel":"RS-4300554-C94E6879A95D4D619967E08F59F3690F","status_imovel":"AT","dat_criacao":"2016-04-14T09:51:40.333Z","area":7.567,"condicao":"Aguardando análise","uf":"RS","municipio":"Alto Alegre","cod_municipio_ibge":4300554,"m_fiscal":0.4204,"tipo_imovel":"IRU"}},{"type":"Feature","id":"sicar_imoveis_rs.2492611","geometry":{"type":"MultiPolygon","coordinates":[[[[-52.97917987,-28.83751781],[-52.9797864,-28.83747478],[-52.97991514,-28.83771914],[-52.98002243,-28.8379447],[-52.98030138,-28.83818905],[-52.98038721,-28.83862137],[-52.98045158,-28.83926045],[-52.97837062,-28.83914662],[-52.97831257,-28.83906378],[-52.97801332,-28.83894929],[-52.97767928,-28.83863062],[-52.97768459,-28.83854514],[-52.97756568,-28.8383218],[-52.97727907,-28.8378992],[-52.97718092,-28.83760263],[-52.97700529,-28.83732848],[-52.97678469,-28.83716612],[-52.97646219,-28.83709195],[-52.97589418,-28.83679883],[-52.97914267,-28.83689208],[-52.97917987,-28.83751781]]]]},"geometry_name":"geo_area_imovel","properties":{"cod_imovel":"RS-4300554-4F335133A67041D4A441964057D6DAEF","status_imovel":"AT","dat_criacao":"2016-04-14T10:33:02.905Z","area":6.5891,"condicao":"Aguardando análise","uf":"RS","municipio":"Alto Alegre","cod_municipio_ibge":4300554,"m_fiscal":0.3661,"tipo_imovel":"IRU"}},{"type":"Feature","id":"sicar_imoveis_rs.2505379","geometry":{"type":"MultiPolygon","coordinates":[[[[-52.98335456,-28.8311777],[-52.9830418,-28.83083347],[-52.98292352,-28.83064151],[-52.98276418,-28.83005226],[-52.98404639,-28.82973295],[-52.98477194,-28.82813066],[-52.98611719,-28.82823976],[-52.9860024,-28.83000241],[-52.98335456,-28.8311777]]]]},"geometry_name":"geo_area_imovel","properties":{"cod_imovel":"RS-4300554-1912F9B7AC3C43E69FC6C00BA58CF1DB","status_imovel":"AT","dat_criacao":"2016-04-15T01:19:18.903Z","area":5.7041,"condicao":"Aguardando análise","uf":"RS","municipio":"Alto Alegre","cod_municipio_ibge":4300554,"m_fiscal":0.3169,"tipo_imovel":"IRU"}},{"type":"Feature","id":"sicar_imoveis_rs.2510725","geometry":{"type":"MultiPolygon","coordinates":[[[[-52.98390627,-28.80455649],[-52.98244715,-28.80854258],[-52.9797864,-28.80848618],[-52.9792285,-28.80442487],[-52.98088074,-28.80444367],[-52.98150301,-28.80466931],[-52.98214674,-28.80448128],[-52.98390627,-28.80455649]]]]},"geometry_name":"geo_area_imovel","properties":{"cod_imovel":"RS-4300554-C970E8158E7A494E9DE7FAE82D509016","status_imovel":"AT","dat_criacao":"2016-04-15T04:27:53.689Z","area":15.9656,"condicao":"Aguardando análise","uf":"RS","municipio":"Alto Alegre","cod_municipio_ibge":4300554,"m_fiscal":0.887,"tipo_imovel":"IRU"}},{"type":"Feature","id":"sicar_imoveis_rs.2511277","geometry":{"type":"MultiPolygon","coordinates":[[[[-52.95796394,-28.74312885],[-52.9586935,-28.74312885],[-52.95942307,-28.74297834],[-52.95993805,-28.74282783],[-52.96053886,-28.74275258],[-52.96131134,-28.74279021],[-52.96182632,-28.74301597],[-52.96225548,-28.74339225],[-52.96264172,-28.74391903],[-52.96264172,-28.74437055],[-52.96255589,-28.7448597],[-52.9620409,-28.74516072],[-52.96169758,-28.74561224],[-52.96139717,-28.74613901],[-52.96101093,-28.74662815],[-52.96071053,-28.74704204],[-52.96023846,-28.7474183],[-52.95968056,-28.74749355],[-52.95899391,-28.74753118],[-52.95843601,-28.74753118],[-52.95800686,-28.74745593],[-52.95770645,-28.74730542],[-52.95723438,-28.74753118],[-52.95663357,-28.74768168],[-52.95592546,-28.74790744],[-52.95171976,-28.7414356],[-52.95208454,-28.74128509],[-52.95259953,-28.74128509],[-52.95315742,-28.74136035],[-52.95332909,-28.74181188],[-52.95371532,-28.74200002],[-52.95423031,-28.74200002],[-52.95465946,-28.74207528],[-52.95508862,-28.74207528],[-52.9556036,-28.74222579],[-52.95598984,-28.74241393],[-52.95641899,-28.74267732],[-52.95697689,-28.74290309],[-52.95736313,-28.74301597],[-52.95796394,-28.74312885]]]]},"geometry_name":"geo_area_imovel","properties":{"cod_imovel":"RS-4300554-1F5EAF17B66F4B7A88ABFE6FC6ED3F23","status_imovel":"AT","dat_criacao":"2016-04-15T04:43:00.146Z","area":42.5151,"condicao":"Aguardando análise","uf":"RS","municipio":"Alto Alegre","cod_municipio_ibge":4300554,"m_fiscal":2.3276,"tipo_imovel":"IRU"}},{"type":"Feature","id":"sicar_imoveis_rs.2511497","geometry":{"type":"MultiPolygon","coordinates":[[[[-53.02679648,-28.83727044],[-53.03069529,-28.83353638],[-53.03321903,-28.83562782],[-53.03378447,-28.83522584],[-53.03598991,-28.83697486],[-53.0324128,-28.83830126],[-53.03220061,-28.83759776],[-53.02989796,-28.83780788],[-53.02857666,-28.83914536],[-53.02679648,-28.83727044]]]]},"geometry_name":"geo_area_imovel","properties":{"cod_imovel":"RS-4300554-14EED97DC016448B9A2086A3E17C2A01","status_imovel":"AT","dat_criacao":"2016-04-15T04:49:39.066Z","area":25.3191,"condicao":"Aguardando análise","uf":"RS","municipio":"Alto Alegre","cod_municipio_ibge":4300554,"m_fiscal":1.4066,"tipo_imovel":"IRU"}},{"type":"Feature","id":"sicar_imoveis_rs.2511625","geometry":{"type":"MultiPolygon","coordinates":[[[[-52.99192817,-28.84460612],[-52.99186447,-28.8447156],[-52.99177122,-28.84481898],[-52.99165569,-28.84487336],[-52.99148049,-28.84487202],[-52.9911946,-28.84474871],[-52.99105564,-28.8447859],[-52.99050786,-28.84532988],[-52.9897291,-28.84554126],[-52.98971429,-28.84550796],[-52.99112455,-28.84397218],[-52.99192817,-28.84460612]]]]},"geometry_name":"geo_area_imovel","properties":{"cod_imovel":"RS-4300554-D55F5BFB4C2045FEBBE0524609DE825D","status_imovel":"AT","dat_criacao":"2016-04-15T04:52:13.548Z","area":1.2402,"condicao":"Aguardando análise","uf":"RS","municipio":"Alto Alegre","cod_municipio_ibge":4300554,"m_fiscal":0.0689,"tipo_imovel":"IRU"}},{"type":"Feature","id":"sicar_imoveis_rs.2515229","geometry":{"type":"MultiPolygon","coordinates":[[[[-52.93833017,-28.77749592],[-52.93856254,-28.77773175],[-52.93868111,-28.7779082],[-52.93894552,-28.77821355],[-52.93912411,-28.77834226],[-52.93009043,-28.78392791],[-52.92969379,-28.78346763],[-52.92946428,-28.78328915],[-52.92927572,-28.78308598],[-52.92919736,-28.7827955],[-52.92915018,-28.78255671],[-52.92918921,-28.78231055],[-52.93833017,-28.77749592]]]]},"geometry_name":"geo_area_imovel","properties":{"cod_imovel":"RS-4300554-3D8B6C7AA0574B5E806007BEF44A9DAE","status_imovel":"AT","dat_criacao":"2016-04-15T08:00:18.982Z","area":17.1832,"condicao":"Aguardando análise","uf":"RS","municipio":"Alto Alegre","cod_municipio_ibge":4300554,"m_fiscal":0.9546,"tipo_imovel":"IRU"}},{"type":"Feature","id":"sicar_imoveis_rs.2515230","geometry":{"type":"MultiPolygon","coordinates":[[[[-52.95077562,-28.77459952],[-52.95571089,-28.77337699],[-52.95577526,-28.77260584],[-52.95062542,-28.77377196],[-52.95053959,-28.77339579],[-52.9557538,-28.77219206],[-52.95573921,-28.77246153],[-52.95701981,-28.77217325],[-52.95714855,-28.77245538],[-52.95757771,-28.77236133],[-52.95811415,-28.77399766],[-52.95111895,-28.77591608],[-52.95077562,-28.77459952]]]]},"geometry_name":"geo_area_imovel","properties":{"cod_imovel":"RS-4300554-4C5329A9384B46C79E3163783551BB52","status_imovel":"AT","dat_criacao":"2016-04-15T08:01:09.891Z","area":13.849,"condicao":"Aguardando análise","uf":"RS","municipio":"Alto Alegre","cod_municipio_ibge":4300554,"m_fiscal":0.7694,"tipo_imovel":"IRU"}},{"type":"Feature","id":"sicar_imoveis_rs.2524953","geometry":{"type":"MultiPolygon","coordinates":[[[[-53.04013872,-28.79109186],[-53.03924353,-28.79195179],[-53.03671474,-28.79020847],[-53.03665109,-28.78784337],[-53.04026345,-28.79068397],[-53.04013872,-28.79109186]]]]},"geometry_name":"geo_area_imovel","properties":{"cod_imovel":"RS-4300554-55991750B53942E1AE57E5AEB3BF8AA6","status_imovel":"AT","dat_criacao":"2016-04-16T01:03:33.304Z","area":7.3622,"condicao":"Aguardando análise","uf":"RS","municipio":"Alto Alegre","cod_municipio_ibge":4300554,"m_fiscal":0.409,"tipo_imovel":"IRU"}},{"type":"Feature","id":"sicar_imoveis_rs.2525172","geometry":{"type":"MultiPolygon","coordinates":[[[[-52.98049307,-28.84284284],[-52.98091176,-28.84405482],[-52.98004407,-28.84426641],[-52.98177863,-28.84760633],[-52.97966077,-28.84835767],[-52.97808666,-28.84679747],[-52.97691464,-28.84491395],[-52.97631025,-28.84566983],[-52.97623094,-28.84245977],[-52.98046008,-28.84216946],[-52.98049307,-28.84284284]]]]},"geometry_name":"geo_area_imovel","properties":{"cod_imovel":"RS-4300554-8632E181B098488E9D20488507020888","status_imovel":"AT","dat_criacao":"2016-04-16T01:30:13.891Z","area":22.9469,"condicao":"Aguardando análise","uf":"RS","municipio":"Alto Alegre","cod_municipio_ibge":4300554,"m_fiscal":1.2748,"tipo_imovel":"IRU"}},{"type":"Feature","id":"sicar_imoveis_rs.2527397","geometry":{"type":"MultiPolygon","coordinates":[[[[-53.0330069,-28.81834431],[-53.03303933,-28.81838172],[-53.03317996,-28.81856072],[-53.03330581,-28.81875284],[-53.03346604,-28.8189368],[-53.03360009,-28.81904429],[-53.0337637,-28.81918485],[-53.03395893,-28.8192637],[-53.03421568,-28.81928498],[-53.03440286,-28.81926181],[-53.03468672,-28.81922055],[-53.03491136,-28.8192415],[-53.03519472,-28.81933524],[-53.03542229,-28.81944765],[-53.03559393,-28.81951252],[-53.03577681,-28.81949952],[-53.03601256,-28.81941604],[-53.03618772,-28.8193607],[-53.03646407,-28.81923483],[-53.03662173,-28.81911432],[-53.03678785,-28.81899928],[-53.0370071,-28.81885184],[-53.03710186,-28.81881088],[-53.03718922,-28.81881051],[-53.03727257,-28.81884242],[-53.03739286,-28.8188419],[-53.03750603,-28.81879662],[-53.03495027,-28.81699482],[-53.03461467,-28.8174082],[-53.03093084,-28.8146058],[-53.03090397,-28.81474502],[-53.03086912,-28.81496454],[-53.03083811,-28.81522158],[-53.03079198,-28.81552001],[-53.03069169,-28.81638407],[-53.03065066,-28.81656755],[-53.03062225,-28.81676209],[-53.03062225,-28.81693953],[-53.03066468,-28.81710733],[-53.03077076,-28.8172732],[-53.03091542,-28.81743521],[-53.0311295,-28.81759722],[-53.03129994,-28.81774471],[-53.03142459,-28.81787881],[-53.03150946,-28.8179926],[-53.03159432,-28.8181604],[-53.0316142,-28.8182637],[-53.03161747,-28.81839184],[-53.0330069,-28.81834431]]]]},"geometry_name":"geo_area_imovel","properties":{"cod_imovel":"RS-4300554-53F09BF418CC4436BB1593F283F7587A","status_imovel":"AT","dat_criacao":"2016-04-16T02:35:37.021Z","area":15.0226,"condicao":"Aguardando análise","uf":"RS","municipio":"Alto Alegre","cod_municipio_ibge":4300554,"m_fiscal":0.8346,"tipo_imovel":"IRU"}},{"type":"Feature","id":"sicar_imoveis_rs.2530497","geometry":{"type":"MultiPolygon","coordinates":[[[[-52.97086,-28.80816654],[-52.96518562,-28.80846781],[-52.96528276,-28.80743558],[-52.96547658,-28.80669098],[-52.96553839,-28.80638414],[-52.9656718,-28.80608107],[-52.96594007,-28.80543914],[-52.96602546,-28.80491587],[-52.96605679,-28.80451706],[-52.96637732,-28.80373029],[-52.96650702,-28.80299837],[-52.96703248,-28.80298812],[-52.96758626,-28.80290303],[-52.96775318,-28.80321768],[-52.96818665,-28.80386847],[-52.96845347,-28.8046015],[-52.96869128,-28.80507003],[-52.96919415,-28.80548521],[-52.9697238,-28.80515759],[-52.96993449,-28.80495439],[-52.97045231,-28.80497015],[-52.97086,-28.80816654]]]]},"geometry_name":"geo_area_imovel","properties":{"cod_imovel":"RS-4300554-1C24B0F7D6D44DD78D8AA39D1F8E1F84","status_imovel":"AT","dat_criacao":"2016-04-16T04:15:30.867Z","area":22.3003,"condicao":"Aguardando análise","uf":"RS","municipio":"Alto Alegre","cod_municipio_ibge":4300554,"m_fiscal":1.2389,"tipo_imovel":"IRU"}},{"type":"Feature","id":"sicar_imoveis_rs.2530652","geometry":{"type":"MultiPolygon","coordinates":[[[[-52.93389657,-28.76077422],[-52.93402387,-28.76004175],[-52.93945603,-28.76233185],[-52.93990621,-28.76093947],[-52.94448889,-28.75942552],[-52.94597655,-28.75863778],[-52.94655688,-28.76011633],[-52.93949313,-28.76233665],[-52.93875933,-28.76448028],[-52.93355925,-28.76181435],[-52.93362639,-28.76118597],[-52.93389657,-28.76077422]]]]},"geometry_name":"geo_area_imovel","properties":{"cod_imovel":"RS-4300554-F98AC6BCF4044D899297D14577447BA9","status_imovel":"AT","dat_criacao":"2016-04-16T04:35:05.347Z","area":22.6201,"condicao":"Aguardando análise","uf":"RS","municipio":"Alto Alegre","cod_municipio_ibge":4300554,"m_fiscal":1.2567,"tipo_imovel":"IRU"}},{"type":"Feature","id":"sicar_imoveis_rs.2532057","geometry":{"type":"MultiPolygon","coordinates":[[[[-53.03131677,-28.79745132],[-53.03184353,-28.79702268],[-53.03290922,-28.79637644],[-53.03512108,-28.79859621],[-53.03335084,-28.79979189],[-53.03122628,-28.79751255],[-53.03131677,-28.79745132]]]]},"geometry_name":"geo_area_imovel","properties":{"cod_imovel":"RS-4300554-3AA4D181B8624232BCA4F0B056D6EE5F","status_imovel":"AT","dat_criacao":"2016-04-16T05:25:12.439Z","area":7.0022,"condicao":"Aguardando análise","uf":"RS","municipio":"Alto Alegre","cod_municipio_ibge":4300554,"m_fiscal":0.389,"tipo_imovel":"IRU"}},{"type":"Feature","id":"sicar_imoveis_rs.2532917","geometry":{"type":"MultiPolygon","coordinates":[[[[-52.98924643,-28.76199761],[-52.98817674,-28.7636767],[-52.98155417,-28.76044494],[-52.98176486,-28.7599861],[-52.98140645,-28.75849445],[-52.98239317,-28.75852436],[-52.98268293,-28.75859753],[-52.98924643,-28.76199761]]]]},"geometry_name":"geo_area_imovel","properties":{"cod_imovel":"RS-4300554-27D2669BB93944D2ACA97EA70F2994F9","status_imovel":"AT","dat_criacao":"2016-04-16T06:02:33.765Z","area":17.6453,"condicao":"Aguardando análise","uf":"RS","municipio":"Alto Alegre","cod_municipio_ibge":4300554,"m_fiscal":0.9803,"tipo_imovel":"IRU"}},{"type":"Feature","id":"sicar_imoveis_rs.2533367","geometry":{"type":"MultiPolygon","coordinates":[[[[-52.9476428,-28.74256444],[-52.94869423,-28.74342987],[-52.94899464,-28.74384377],[-52.9491663,-28.74431411],[-52.94944525,-28.74461513],[-52.94959545,-28.74497258],[-52.94968128,-28.74534885],[-52.94985294,-28.74561224],[-52.95017481,-28.74566868],[-52.95071125,-28.74559343],[-52.95109749,-28.74538648],[-52.95176268,-28.74529241],[-52.9522562,-28.74531123],[-52.95264244,-28.74566868],[-52.95423031,-28.74809557],[-52.95373678,-28.74813319],[-52.95343637,-28.74828369],[-52.95320034,-28.74845301],[-52.95287848,-28.7485847],[-52.9528141,-28.74894214],[-52.95283556,-28.74960058],[-52.95279264,-28.74993921],[-52.95289993,-28.75027783],[-52.95277119,-28.75074815],[-52.95262098,-28.75116202],[-52.95264244,-28.75151945],[-52.94536829,-28.75204619],[-52.94429541,-28.75392739],[-52.94401646,-28.7536264],[-52.94360876,-28.75274224],[-52.94345856,-28.75215906],[-52.94277191,-28.75136895],[-52.94635534,-28.74924314],[-52.94635534,-28.7480015],[-52.94699907,-28.74792625],[-52.94661283,-28.74288427],[-52.94697762,-28.74277139],[-52.94725657,-28.74267732],[-52.9476428,-28.74256444]]]]},"geometry_name":"geo_area_imovel","properties":{"cod_imovel":"RS-4300554-AD21BAC6841047AEA32164D0B904A4B6","status_imovel":"AT","dat_criacao":"2016-04-16T06:32:01.372Z","area":59.7753,"condicao":"Aguardando análise","uf":"RS","municipio":"Alto Alegre","cod_municipio_ibge":4300554,"m_fiscal":3.3208,"tipo_imovel":"IRU"}},{"type":"Feature","id":"sicar_imoveis_rs.2533376","geometry":{"type":"MultiPolygon","coordinates":[[[[-52.94071198,-28.75641052],[-52.93521881,-28.7553947],[-52.93521881,-28.75513134],[-52.93513298,-28.75471748],[-52.93496132,-28.75449174],[-52.9349184,-28.754266],[-52.93487549,-28.75396501],[-52.94251442,-28.7553947],[-52.94418812,-28.75407788],[-52.9447031,-28.75520658],[-52.95208454,-28.75392739],[-52.95229912,-28.75449174],[-52.95259953,-28.75520658],[-52.95277119,-28.75569568],[-52.95298576,-28.75629765],[-52.95311451,-28.75678674],[-52.95350075,-28.75720059],[-52.95341492,-28.75753919],[-52.94629097,-28.75896883],[-52.94071198,-28.76043607],[-52.94036865,-28.76021034],[-52.93981075,-28.76002224],[-52.93959618,-28.75979651],[-52.93916702,-28.75983413],[-52.93865204,-28.75983413],[-52.9382658,-28.75983413],[-52.93779373,-28.75979651],[-52.93745041,-28.75975889],[-52.93727875,-28.75949554],[-52.93672085,-28.75942029],[-52.93637753,-28.75911932],[-52.93581963,-28.75900645],[-52.9354763,-28.75889359],[-52.93521881,-28.75870548],[-52.93466091,-28.75855499],[-52.93453217,-28.75829164],[-52.934618,-28.75791542],[-52.93509007,-28.75723821],[-52.93551922,-28.75836688],[-52.93599129,-28.75859261],[-52.93646336,-28.75851737],[-52.93852329,-28.75753919],[-52.94071198,-28.75641052]]]]},"geometry_name":"geo_area_imovel","properties":{"cod_imovel":"RS-4300554-77F69B8BA73641B7866F7BFBB0B262D2","status_imovel":"AT","dat_criacao":"2016-04-16T06:17:51.501Z","area":76.8402,"condicao":"Aguardando análise","uf":"RS","municipio":"Alto Alegre","cod_municipio_ibge":4300554,"m_fiscal":4.258,"tipo_imovel":"IRU"}},{"type":"Feature","id":"sicar_imoveis_rs.2533704","geometry":{"type":"MultiPolygon","coordinates":[[[[-52.94794321,-28.74265851],[-52.94813633,-28.74299716],[-52.94828653,-28.74320411],[-52.94882298,-28.74341106],[-52.9491663,-28.7438814],[-52.94923067,-28.74423886],[-52.94940233,-28.74446462],[-52.94963837,-28.74476564],[-52.94968128,-28.74504784],[-52.9497242,-28.74531123],[-52.94998169,-28.74551817],[-52.95041084,-28.74553699],[-52.95073271,-28.74540529],[-52.95101166,-28.74529241],[-52.95144081,-28.74521716],[-52.95182705,-28.74516072],[-52.95229912,-28.74525479],[-52.95272827,-28.74574393],[-52.95328617,-28.74657171],[-52.95412302,-28.74805794],[-52.95444489,-28.74803913],[-52.95465946,-28.74798269],[-52.9548955,-28.74796388],[-52.95515299,-28.74794506],[-52.95543194,-28.74792625],[-52.95571089,-28.74794506],[-52.95598984,-28.74788862],[-52.95603275,-28.74788862],[-52.95611858,-28.74783219],[-52.95161247,-28.74160493],[-52.95144081,-28.74158611],[-52.95096874,-28.741699],[-52.95060396,-28.74184951],[-52.95015335,-28.74198121],[-52.94968128,-28.74205646],[-52.94920921,-28.74226342],[-52.94856548,-28.74245156],[-52.94815779,-28.74256444],[-52.94794321,-28.74265851]]]]},"geometry_name":"geo_area_imovel","properties":{"cod_imovel":"RS-4300554-339DF288602745E486C2E02D47B89ADE","status_imovel":"AT","dat_criacao":"2016-04-16T06:40:55.449Z","area":20.8046,"condicao":"Aguardando análise","uf":"RS","municipio":"Alto Alegre","cod_municipio_ibge":4300554,"m_fiscal":1.1558,"tipo_imovel":"IRU"}},{"type":"Feature","id":"sicar_imoveis_rs.2533748","geometry":{"type":"MultiPolygon","coordinates":[[[[-52.93989658,-28.7610192],[-52.93944597,-28.75989056],[-52.93903828,-28.75987175],[-52.9386735,-28.7599658],[-52.93843746,-28.75992818],[-52.9382658,-28.75981532],[-52.93798685,-28.7599658],[-52.93772936,-28.75994699],[-52.93740749,-28.7597777],[-52.93727875,-28.75962721],[-52.93708563,-28.75949554],[-52.93689251,-28.75945791],[-52.93669939,-28.75942029],[-52.9365921,-28.75923218],[-52.93648481,-28.7590817],[-52.93584108,-28.75895002],[-52.9353261,-28.7587431],[-52.93472528,-28.75847975],[-52.93451071,-28.75842331],[-52.93444633,-28.7587431],[-52.93438196,-28.75906289],[-52.93431759,-28.75930743],[-52.93429613,-28.75947672],[-52.93423176,-28.7597777],[-52.93412447,-28.76000343],[-52.93393135,-28.76022915],[-52.93657064,-28.76126374],[-52.93912411,-28.76226069],[-52.93959618,-28.7624676],[-52.93983221,-28.76152708],[-52.93989658,-28.7610192]]]]},"geometry_name":"geo_area_imovel","properties":{"cod_imovel":"RS-4300554-310B7CC55A464382B911571F304EF5BB","status_imovel":"AT","dat_criacao":"2016-04-16T06:59:07.860Z","area":12.192,"condicao":"Aguardando análise","uf":"RS","municipio":"Alto Alegre","cod_municipio_ibge":4300554,"m_fiscal":0.6773,"tipo_imovel":"IRU"}},{"type":"Feature","id":"sicar_imoveis_rs.2541061","geometry":{"type":"MultiPolygon","coordinates":[[[[-52.97448635,-28.81160726],[-52.97371387,-28.81155085],[-52.97343493,-28.81734153],[-52.97373533,-28.81719113],[-52.97418594,-28.81687152],[-52.97431469,-28.81647671],[-52.97448635,-28.81160726]]]]},"geometry_name":"geo_area_imovel","properties":{"cod_imovel":"RS-4300554-029BD803188941729D0746E7462D5AA7","status_imovel":"AT","dat_criacao":"2016-04-18T00:41:28.854Z","area":4.8087,"condicao":"Aguardando análise","uf":"RS","municipio":"Alto Alegre","cod_municipio_ibge":4300554,"m_fiscal":0.2672,"tipo_imovel":"IRU"}},{"type":"Feature","id":"sicar_imoveis_rs.2543555","geometry":{"type":"MultiPolygon","coordinates":[[[[-52.98712492,-28.85433409],[-52.9873395,-28.85484151],[-52.98418522,-28.85649534],[-52.98401356,-28.85561205],[-52.98712492,-28.85433409]]]]},"geometry_name":"geo_area_imovel","properties":{"cod_imovel":"RS-4300554-B253CEF2C30743A390D048E908422696","status_imovel":"AT","dat_criacao":"2016-04-18T03:01:58.389Z","area":2.6624,"condicao":"Aguardando análise","uf":"RS","municipio":"Alto Alegre","cod_municipio_ibge":4300554,"m_fiscal":0.1479,"tipo_imovel":"IRU"}},{"type":"Feature","id":"sicar_imoveis_rs.2556975","geometry":{"type":"MultiPolygon","coordinates":[[[[-53.03126331,-28.80038539],[-53.03135902,-28.80106737],[-53.03168245,-28.80180063],[-53.03202939,-28.80228166],[-53.03206199,-28.80292391],[-53.03203746,-28.80348988],[-53.03200264,-28.80381857],[-53.03203865,-28.80424659],[-53.03201799,-28.80435905],[-53.0319486,-28.80435911],[-53.02838388,-28.80067308],[-53.03102858,-28.79986892],[-53.03126331,-28.80038539]]]]},"geometry_name":"geo_area_imovel","properties":{"cod_imovel":"RS-4300554-69D09F032AAD4C03832B19F86D9EA128","status_imovel":"AT","dat_criacao":"2016-04-19T01:08:20.768Z","area":7.9523,"condicao":"Aguardando análise","uf":"RS","municipio":"Alto Alegre","cod_municipio_ibge":4300554,"m_fiscal":0.4418,"tipo_imovel":"IRU"}},{"type":"Feature","id":"sicar_imoveis_rs.2601608","geometry":{"type":"MultiPolygon","coordinates":[[[[-52.97320919,-28.82866772],[-52.97376313,-28.82750708],[-52.97451418,-28.82634822],[-52.9745227,-28.82559103],[-52.97465102,-28.8251492],[-52.97487639,-28.82452896],[-52.97955093,-28.82483366],[-52.97924234,-28.82575912],[-52.97942575,-28.82630337],[-52.97933597,-28.82660323],[-52.97943675,-28.82687102],[-52.97974987,-28.82707228],[-52.97320919,-28.82866772]]]]},"geometry_name":"geo_area_imovel","properties":{"cod_imovel":"RS-4300554-AD37AF1C77B347DEB363A0374B82A698","status_imovel":"AT","dat_criacao":"2016-04-21T03:56:25.195Z","area":17.661,"condicao":"Aguardando análise","uf":"RS","municipio":"Alto Alegre","cod_municipio_ibge":4300554,"m_fiscal":0.9812,"tipo_imovel":"IRU"}},{"type":"Feature","id":"sicar_imoveis_rs.2601763","geometry":{"type":"MultiPolygon","coordinates":[[[[-52.97098875,-28.81034756],[-52.9743576,-28.8097271],[-52.97386408,-28.81141924],[-52.96599628,-28.81144168],[-52.96608456,-28.81131498],[-52.96604356,-28.81120387],[-52.96590765,-28.81119626],[-52.96588078,-28.81108088],[-52.96591382,-28.81100738],[-52.96603959,-28.81099287],[-52.96588017,-28.81094357],[-52.96592061,-28.81082461],[-52.96579236,-28.81079269],[-52.9658123,-28.81065909],[-52.96596174,-28.81056419],[-52.96589843,-28.81034032],[-52.97098875,-28.81034756]]]]},"geometry_name":"geo_area_imovel","properties":{"cod_imovel":"RS-4300554-7E5E183022034C24A31B6482B1D85695","status_imovel":"AT","dat_criacao":"2016-04-21T04:02:42.056Z","area":10.5709,"condicao":"Aguardando análise","uf":"RS","municipio":"Alto Alegre","cod_municipio_ibge":4300554,"m_fiscal":0.5873,"tipo_imovel":"IRU"}},{"type":"Feature","id":"sicar_imoveis_rs.2601948","geometry":{"type":"MultiPolygon","coordinates":[[[[-52.9672122,-28.80092751],[-52.96644068,-28.80106989],[-52.96623603,-28.80097278],[-52.9660486,-28.80117781],[-52.96584544,-28.80141449],[-52.96599103,-28.80161643],[-52.96599974,-28.80183371],[-52.96587293,-28.80193304],[-52.9653568,-28.80193297],[-52.96511508,-28.80161429],[-52.9648433,-28.80087997],[-52.96442464,-28.80051526],[-52.9642694,-28.80022157],[-52.96436806,-28.79984191],[-52.96434161,-28.79932304],[-52.96411673,-28.79902882],[-52.96424013,-28.79853787],[-52.96444801,-28.79841975],[-52.9646972,-28.79846848],[-52.9659462,-28.7982574],[-52.96622904,-28.79868319],[-52.96670619,-28.79947012],[-52.9672122,-28.80092751]]]]},"geometry_name":"geo_area_imovel","properties":{"cod_imovel":"RS-4300554-623E3FA5E20A4E2EB170484A8692600D","status_imovel":"AT","dat_criacao":"2016-04-21T04:08:58.836Z","area":7.6118,"condicao":"Aguardando análise","uf":"RS","municipio":"Alto Alegre","cod_municipio_ibge":4300554,"m_fiscal":0.4229,"tipo_imovel":"IRU"}},{"type":"Feature","id":"sicar_imoveis_rs.2602834","geometry":{"type":"MultiPolygon","coordinates":[[[[-52.98068762,-28.78855418],[-52.97976494,-28.79066038],[-52.97901392,-28.79240925],[-52.97890663,-28.79353754],[-52.97892809,-28.7946282],[-52.97788934,-28.79448101],[-52.97722844,-28.79399263],[-52.97576065,-28.79343366],[-52.97519445,-28.79293579],[-52.97493696,-28.79208957],[-52.97497556,-28.79192927],[-52.97415071,-28.79189645],[-52.97298431,-28.7918263],[-52.9722333,-28.79186391],[-52.97246933,-28.79081083],[-52.97270536,-28.79020906],[-52.97270536,-28.78994579],[-52.97596693,-28.7872942],[-52.9760045,-28.78598624],[-52.97662836,-28.78593279],[-52.97717779,-28.78502615],[-52.98068762,-28.78855418]]]]},"geometry_name":"geo_area_imovel","properties":{"cod_imovel":"RS-4300554-C6163CC28BEA4D6D8F642A76739490DB","status_imovel":"AT","dat_criacao":"2016-04-21T04:40:29.498Z","area":45.4235,"condicao":"Aguardando análise","uf":"RS","municipio":"Alto Alegre","cod_municipio_ibge":4300554,"m_fiscal":2.5235,"tipo_imovel":"IRU"}},{"type":"Feature","id":"sicar_imoveis_rs.2609247","geometry":{"type":"MultiPolygon","coordinates":[[[[-53.03474303,-28.79208134],[-53.03596862,-28.79116032],[-53.0336277,-28.78881495],[-53.03247932,-28.78974834],[-53.03474303,-28.79208134]]]]},"geometry_name":"geo_area_imovel","properties":{"cod_imovel":"RS-4300554-F1876E3F9E464F23ADC1023070E333D3","status_imovel":"AT","dat_criacao":"2016-04-21T09:39:22.162Z","area":5.3155,"condicao":"Aguardando análise","uf":"RS","municipio":"Alto Alegre","cod_municipio_ibge":4300554,"m_fiscal":0.2953,"tipo_imovel":"IRU"}},{"type":"Feature","id":"sicar_imoveis_rs.2610738","geometry":{"type":"MultiPolygon","coordinates":[[[[-53.01732613,-28.78041183],[-53.01402201,-28.78031673],[-53.01417223,-28.77962656],[-53.01308823,-28.77929781],[-53.01321717,-28.77850751],[-53.01202195,-28.77798711],[-53.01146201,-28.77862464],[-53.01096552,-28.77853349],[-53.00962066,-28.78086557],[-53.01112485,-28.78280084],[-53.01651029,-28.78286075],[-53.0172275,-28.78329729],[-53.01736659,-28.7832592],[-53.01758946,-28.78315922],[-53.01786552,-28.78295103],[-53.01786049,-28.78293638],[-53.01785894,-28.78291356],[-53.01785697,-28.78288471],[-53.01785598,-28.78287016],[-53.01785458,-28.78284964],[-53.01785617,-28.782826],[-53.01785516,-28.78281109],[-53.01785758,-28.78279912],[-53.01785657,-28.78278405],[-53.01786204,-28.78276894],[-53.01786104,-28.78275368],[-53.0178633,-28.78273835],[-53.01786577,-28.78272602],[-53.01787114,-28.78270744],[-53.01787694,-28.78269499],[-53.01788277,-28.78268248],[-53.01788513,-28.78266671],[-53.01789101,-28.78265405],[-53.01790007,-28.78263816],[-53.01790269,-28.78262533],[-53.01790514,-28.7826092],[-53.01791061,-28.78258645],[-53.01791311,-28.78257006],[-53.01791562,-28.78255357],[-53.01792137,-28.78253366],[-53.01793075,-28.782517],[-53.01793676,-28.78250019],[-53.01794266,-28.78247987],[-53.01794876,-28.78246282],[-53.0179546,-28.78243874],[-53.01796078,-28.78242142],[-53.0179737,-28.78239701],[-53.01798687,-28.78237594],[-53.0179935,-28.78236533],[-53.01800671,-28.78234041],[-53.01800965,-28.78232239],[-53.01801261,-28.78230426],[-53.01801489,-28.78226389],[-53.01802105,-28.78223044],[-53.01802014,-28.7822003],[-53.01802332,-28.78218514],[-53.01802264,-28.7821622],[-53.01802585,-28.78214682],[-53.01802885,-28.78212359],[-53.01803031,-28.78205725],[-53.01803735,-28.78204968],[-53.01804097,-28.78204048],[-53.01804463,-28.78202967],[-53.01804649,-28.78202345],[-53.01805197,-28.78201252],[-53.01805565,-28.78200465],[-53.01805936,-28.78199674],[-53.01806305,-28.78199039],[-53.01806866,-28.78197919],[-53.01807428,-28.78196952],[-53.01807809,-28.78196141],[-53.01807836,-28.78195156],[-53.01807859,-28.78194331],[-53.01808068,-28.78193335],[-53.01808096,-28.78192331],[-53.01808313,-28.78191152],[-53.01808935,-28.78188766],[-53.01809152,-28.78187731],[-53.01809377,-28.78186513],[-53.01809405,-28.78185636],[-53.01809667,-28.78183331],[-53.01809673,-28.78183152],[-53.0180972,-28.78181713],[-53.0180956,-28.78180804],[-53.01809209,-28.78179888],[-53.01809064,-28.78178414],[-53.01808517,-28.78177481],[-53.01808356,-28.78176359],[-53.01807822,-28.78174656],[-53.01807468,-28.7817332],[-53.01807301,-28.78172166],[-53.01807342,-28.78170421],[-53.01807375,-28.7816905],[-53.01807403,-28.78167865],[-53.0180703,-28.78166867],[-53.01806849,-28.78166064],[-53.01806862,-28.78165461],[-53.01806284,-28.78164446],[-53.01805501,-28.78163421],[-53.01804918,-28.78162186],[-53.0180452,-28.78161771],[-53.01803523,-28.78160727],[-53.01801705,-28.78159877],[-53.01800893,-28.7815966],[-53.0180008,-28.78159652],[-53.01798454,-28.78159427],[-53.01798046,-28.78159214],[-53.0179662,-28.78158991],[-53.017958,-28.78158563],[-53.01794366,-28.78158128],[-53.01792728,-28.78157901],[-53.01791702,-28.7815768],[-53.01791088,-28.78157674],[-53.01789644,-28.78157236],[-53.01787999,-28.78157008],[-53.01787171,-28.78156788],[-53.01786342,-28.78156567],[-53.01785082,-28.78155915],[-53.01779705,-28.78153232],[-53.01779475,-28.78153229],[-53.01778336,-28.78153028],[-53.01776781,-28.78152252],[-53.01775453,-28.78151475],[-53.01773905,-28.78150503],[-53.01773484,-28.78149924],[-53.01771915,-28.78149139],[-53.01771013,-28.78148745],[-53.01770123,-28.78148158],[-53.01768986,-28.7814776],[-53.01767835,-28.78147556],[-53.01765613,-28.78145788],[-53.01764504,-28.78144804],[-53.01763135,-28.78144204],[-53.01762008,-28.78143411],[-53.01761091,-28.7814301],[-53.01760164,-28.78142804],[-53.01759021,-28.78142204],[-53.01757866,-28.78141799],[-53.01756936,-28.78141593],[-53.01755535,-28.78141382],[-53.017553,-28.7814138],[-53.01753662,-28.78141167],[-53.01752251,-28.78141153],[-53.01751076,-28.78141142],[-53.01749665,-28.78141128],[-53.01748254,-28.78141115],[-53.01746608,-28.78141099],[-53.01745661,-28.78141287],[-53.01744016,-28.78141271],[-53.01742135,-28.78141253],[-53.0174096,-28.78141242],[-53.01740016,-28.7814143],[-53.01739072,-28.78141618],[-53.01736954,-28.78141794],[-53.01736247,-28.78141984],[-53.01734598,-28.78142361],[-53.01732956,-28.78142346],[-53.01732017,-28.78142337],[-53.01730844,-28.78142325],[-53.01729203,-28.78141916],[-53.0172709,-28.78141305],[-53.01725915,-28.78141097],[-53.01725442,-28.78139709],[-53.01725441,-28.78139114],[-53.01725438,-28.78137722],[-53.01725672,-28.78136326],[-53.01726146,-28.7813593],[-53.01726144,-28.78134323],[-53.01726381,-28.78132305],[-53.01726619,-28.78130682],[-53.01726619,-28.78129457],[-53.01726858,-28.78128436],[-53.01727099,-28.78125554],[-53.01727101,-28.78122435],[-53.01727102,-28.7812076],[-53.01727103,-28.78119708],[-53.01727347,-28.78118233],[-53.01727592,-28.78117388],[-53.01727837,-28.7811654],[-53.01728574,-28.78115055],[-53.01728821,-28.78114202],[-53.01729561,-28.78112922],[-53.01730306,-28.7811142],[-53.01730556,-28.78110774],[-53.01731064,-28.7810839],[-53.01731075,-28.78106642],[-53.01731076,-28.78106423],[-53.01730838,-28.78104882],[-53.01730348,-28.78103554],[-53.01729854,-28.78102663],[-53.01728613,-28.78101096],[-53.01727615,-28.78099747],[-53.01726865,-28.78097947],[-53.01726362,-28.78096816],[-53.0172611,-28.7809591],[-53.01726109,-28.78095231],[-53.01725349,-28.78093179],[-53.01725344,-28.78090662],[-53.01725343,-28.78090203],[-53.01725087,-28.7808928],[-53.01724573,-28.78087426],[-53.01724315,-28.78086495],[-53.01723799,-28.78085093],[-53.01723538,-28.78083922],[-53.01723014,-28.78081803],[-53.01723002,-28.7807944],[-53.01722992,-28.78077538],[-53.01722985,-28.78076344],[-53.01722978,-28.78074905],[-53.01722969,-28.7807322],[-53.01723207,-28.78068851],[-53.01723203,-28.78068117],[-53.01723452,-28.78065169],[-53.01723441,-28.78062691],[-53.01723434,-28.78061196],[-53.01723693,-28.78059948],[-53.01723689,-28.78058945],[-53.0172368,-28.78056929],[-53.01723941,-28.78055666],[-53.01724203,-28.78054145],[-53.01724465,-28.78052616],[-53.01724461,-28.78051336],[-53.01724726,-28.78050311],[-53.01725261,-28.78049285],[-53.01725261,-28.78049027],[-53.01725797,-28.7804722],[-53.01726335,-28.78046186],[-53.01726605,-28.78045146],[-53.01727147,-28.78044106],[-53.0172796,-28.78043328],[-53.01729047,-28.78042551],[-53.0173095,-28.78042043],[-53.01731766,-28.78041788],[-53.01732613,-28.78041183]]]]},"geometry_name":"geo_area_imovel","properties":{"cod_imovel":"RS-4300554-2C5D4D049AB04C2D866A8FB90A38F569","status_imovel":"AT","dat_criacao":"2016-04-21T10:52:36.001Z","area":26.9769,"condicao":"Aguardando análise","uf":"RS","municipio":"Alto Alegre","cod_municipio_ibge":4300554,"m_fiscal":1.4987,"tipo_imovel":"IRU"}},{"type":"Feature","id":"sicar_imoveis_rs.2612778","geometry":{"type":"MultiPolygon","coordinates":[[[[-53.00581965,-28.78010206],[-53.00688266,-28.78048958],[-53.00784559,-28.78072839],[-53.0084158,-28.78066178],[-53.00864592,-28.78034511],[-53.00857614,-28.77915667],[-53.00871184,-28.77883384],[-53.00909634,-28.77864015],[-53.00944613,-28.7789444],[-53.00982354,-28.77899714],[-53.01048504,-28.77849236],[-53.01067282,-28.77872996],[-53.00952216,-28.78068907],[-53.0091034,-28.78062116],[-53.00850945,-28.78096193],[-53.00767579,-28.78120551],[-53.00742533,-28.78161636],[-53.00583423,-28.78088925],[-53.00581965,-28.78010206]]]]},"geometry_name":"geo_area_imovel","properties":{"cod_imovel":"RS-4300554-AD496696FABA4385A68D3EC0C2A87E08","status_imovel":"AT","dat_criacao":"2016-04-21T12:50:54.852Z","area":5.1534,"condicao":"Aguardando análise","uf":"RS","municipio":"Alto Alegre","cod_municipio_ibge":4300554,"m_fiscal":0.2863,"tipo_imovel":"IRU"}},{"type":"Feature","id":"sicar_imoveis_rs.2612947","geometry":{"type":"MultiPolygon","coordinates":[[[[-52.98590183,-28.75526302],[-52.98658848,-28.75578974],[-52.98628807,-28.7562224],[-52.98487186,-28.75524421],[-52.98626661,-28.7531561],[-52.9874897,-28.75405907],[-52.98590183,-28.75526302]]]]},"geometry_name":"geo_area_imovel","properties":{"cod_imovel":"RS-4300554-3CC7A1DF62D04CC8B0EE5D877490103E","status_imovel":"AT","dat_criacao":"2016-04-21T13:00:59.456Z","area":3.529,"condicao":"Aguardando análise","uf":"RS","municipio":"Alto Alegre","cod_municipio_ibge":4300554,"m_fiscal":0.1961,"tipo_imovel":"IRU"}},{"type":"Feature","id":"sicar_imoveis_rs.2613236","geometry":{"type":"MultiPolygon","coordinates":[[[[-53.03085566,-28.79397004],[-53.03379536,-28.79568125],[-53.03319454,-28.79613255],[-53.03291618,-28.79638587],[-53.03187081,-28.79700956],[-53.03117764,-28.79754857],[-53.02961111,-28.79690352],[-53.02878409,-28.79507722],[-53.0290092,-28.79378622],[-53.03085566,-28.79397004]]]]},"geometry_name":"geo_area_imovel","properties":{"cod_imovel":"RS-4300554-BA8C7E751AF34958B608FF0D593D8487","status_imovel":"AT","dat_criacao":"2016-04-21T13:16:43.621Z","area":12.1947,"condicao":"Aguardando análise","uf":"RS","municipio":"Alto Alegre","cod_municipio_ibge":4300554,"m_fiscal":0.6775,"tipo_imovel":"IRU"}},{"type":"Feature","id":"sicar_imoveis_rs.2639022","geometry":{"type":"MultiPolygon","coordinates":[[[[-53.04096222,-28.79812578],[-53.03917293,-28.79923388],[-53.0372385,-28.7972302],[-53.03881645,-28.79613255],[-53.04096222,-28.79812578]]]]},"geometry_name":"geo_area_imovel","properties":{"cod_imovel":"RS-4300554-8BE0ED957DC84756A0070FA118976CF3","status_imovel":"AT","dat_criacao":"2016-04-23T01:46:32.424Z","area":6.0763,"condicao":"Aguardando análise","uf":"RS","municipio":"Alto Alegre","cod_municipio_ibge":4300554,"m_fiscal":0.3376,"tipo_imovel":"IRU"}},{"type":"Feature","id":"sicar_imoveis_rs.2643719","geometry":{"type":"MultiPolygon","coordinates":[[[[-52.95243657,-28.85256766],[-52.95227766,-28.85557446],[-52.94721726,-28.85598762],[-52.94670209,-28.85276983],[-52.95243657,-28.85256766]]]]},"geometry_name":"geo_area_imovel","properties":{"cod_imovel":"RS-4300554-DC6AB75F3B1341CA961CA3B796F4FB6B","status_imovel":"AT","dat_criacao":"2016-04-23T07:03:23.373Z","area":18.2278,"condicao":"Aguardando análise","uf":"RS","municipio":"Alto Alegre","cod_municipio_ibge":4300554,"m_fiscal":1.0127,"tipo_imovel":"IRU"}},{"type":"Feature","id":"sicar_imoveis_rs.2649515","geometry":{"type":"MultiPolygon","coordinates":[[[[-53.02531958,-28.78770793],[-53.02881718,-28.78768912],[-53.02830219,-28.78851657],[-53.02855968,-28.7889679],[-53.02808762,-28.78985176],[-53.02761555,-28.79047233],[-53.02765846,-28.79077322],[-53.02720785,-28.79126215],[-53.02712202,-28.79139378],[-53.02531958,-28.78770793]]]]},"geometry_name":"geo_area_imovel","properties":{"cod_imovel":"RS-4300554-217386994ACB4FB68855C1E540699EE0","status_imovel":"AT","dat_criacao":"2016-04-24T00:28:06.808Z","area":7.5011,"condicao":"Aguardando análise","uf":"RS","municipio":"Alto Alegre","cod_municipio_ibge":4300554,"m_fiscal":0.4167,"tipo_imovel":"IRU"}},{"type":"Feature","id":"sicar_imoveis_rs.2649528","geometry":{"type":"MultiPolygon","coordinates":[[[[-53.02274466,-28.79160064],[-53.02244425,-28.79199554],[-53.02673578,-28.79224001],[-53.02690744,-28.79178869],[-53.02274466,-28.79160064]]]]},"geometry_name":"geo_area_imovel","properties":{"cod_imovel":"RS-4300554-EA4235BE05D7440BB1E4BB1010875F05","status_imovel":"AT","dat_criacao":"2016-04-24T00:29:37.528Z","area":1.991,"condicao":"Aguardando análise","uf":"RS","municipio":"Alto Alegre","cod_municipio_ibge":4300554,"m_fiscal":0.1106,"tipo_imovel":"IRU"}},{"type":"Feature","id":"sicar_imoveis_rs.2652874","geometry":{"type":"MultiPolygon","coordinates":[[[[-52.98841662,-28.84560782],[-52.98979381,-28.84503401],[-52.98978028,-28.84497798],[-52.98974896,-28.84492196],[-52.98970365,-28.84488741],[-52.98962933,-28.84479451],[-52.98956895,-28.84471555],[-52.9895225,-28.84465517],[-52.98946676,-28.84459014],[-52.98941102,-28.84452047],[-52.98935528,-28.84447402],[-52.98932277,-28.84442293],[-52.98928561,-28.84437648],[-52.98921594,-28.84429752],[-52.98916485,-28.8442232],[-52.98912304,-28.84413031],[-52.98906731,-28.84398632],[-52.98901621,-28.84386091],[-52.98896047,-28.84374015],[-52.98891664,-28.84361412],[-52.98885364,-28.843559],[-52.98879791,-28.84349862],[-52.98870965,-28.84345217],[-52.98863069,-28.84337785],[-52.98857263,-28.84331283],[-52.98846116,-28.84322225],[-52.98833342,-28.84316651],[-52.98821498,-28.84312936],[-52.98811512,-28.84308755],[-52.98800514,-28.84305301],[-52.98793564,-28.8430314],[-52.98789217,-28.84301788],[-52.98782714,-28.84295518],[-52.98777605,-28.84289944],[-52.98777129,-28.84288797],[-52.98841662,-28.84560782]]]]},"geometry_name":"geo_area_imovel","properties":{"cod_imovel":"RS-4300554-5BC257EDC39547A3A908F9DE1F7197B2","status_imovel":"AT","dat_criacao":"2016-04-24T03:52:29.488Z","area":2.7132,"condicao":"Aguardando análise","uf":"RS","municipio":"Alto Alegre","cod_municipio_ibge":4300554,"m_fiscal":0.1507,"tipo_imovel":"IRU"}},{"type":"Feature","id":"sicar_imoveis_rs.2652958","geometry":{"type":"MultiPolygon","coordinates":[[[[-52.97873497,-28.85608188],[-52.9782629,-28.85531135],[-52.97613859,-28.85615706],[-52.97616005,-28.85638258],[-52.97787666,-28.85675844],[-52.97813416,-28.85643896],[-52.97843456,-28.85617585],[-52.97873497,-28.85608188]]]]},"geometry_name":"geo_area_imovel","properties":{"cod_imovel":"RS-4300554-3247F0C11E994E2B87E1E10FC7CCB8A2","status_imovel":"AT","dat_criacao":"2016-04-24T03:58:46.992Z","area":2.1396,"condicao":"Aguardando análise","uf":"RS","municipio":"Alto Alegre","cod_municipio_ibge":4300554,"m_fiscal":0.1189,"tipo_imovel":"IRU"}},{"type":"Feature","id":"sicar_imoveis_rs.2675223","geometry":{"type":"MultiPolygon","coordinates":[[[[-53.01609278,-28.82766242],[-53.01489115,-28.8265721],[-53.0211997,-28.82106394],[-53.02229404,-28.82232351],[-53.01609278,-28.82766242]]]]},"geometry_name":"geo_area_imovel","properties":{"cod_imovel":"RS-4300554-9DB97FF8A7434772B91091BEA63725ED","status_imovel":"AT","dat_criacao":"2016-04-26T01:59:40.436Z","area":14.6876,"condicao":"Aguardando análise","uf":"RS","municipio":"Alto Alegre","cod_municipio_ibge":4300554,"m_fiscal":0.816,"tipo_imovel":"IRU"}},{"type":"Feature","id":"sicar_imoveis_rs.2675238","geometry":{"type":"MultiPolygon","coordinates":[[[[-53.02218195,-28.82233403],[-53.02114944,-28.82102183],[-53.0273682,-28.81570766],[-53.02834072,-28.81570953],[-53.02502448,-28.81816133],[-53.02594913,-28.81917387],[-53.02218195,-28.82233403]]]]},"geometry_name":"geo_area_imovel","properties":{"cod_imovel":"RS-4300554-F9C5AF7358DD48D7A4E8FB1967F4D27C","status_imovel":"AT","dat_criacao":"2016-04-26T01:59:13.683Z","area":10.803,"condicao":"Aguardando análise","uf":"RS","municipio":"Alto Alegre","cod_municipio_ibge":4300554,"m_fiscal":0.6002,"tipo_imovel":"IRU"}},{"type":"Feature","id":"sicar_imoveis_rs.2675327","geometry":{"type":"MultiPolygon","coordinates":[[[[-53.02335649,-28.77039748],[-53.02364415,-28.76961507],[-53.02584818,-28.76661654],[-53.02742472,-28.76701842],[-53.02786565,-28.7664778],[-53.02813545,-28.76622899],[-53.0281837,-28.76578605],[-53.02821102,-28.76543527],[-53.0283748,-28.76513957],[-53.02922074,-28.76398619],[-53.029238,-28.76339191],[-53.02928676,-28.76308727],[-53.02957826,-28.76260739],[-53.02933329,-28.76247016],[-53.02901412,-28.76236348],[-53.02877157,-28.76230459],[-53.02859783,-28.76228202],[-53.02833828,-28.7622596],[-53.02791121,-28.76230495],[-53.02771601,-28.7623304],[-53.02746358,-28.76233419],[-53.02723153,-28.76241276],[-53.02706576,-28.7624831],[-53.02690784,-28.76251836],[-53.02673659,-28.76265673],[-53.02654207,-28.76283195],[-53.02633485,-28.763052],[-53.02611607,-28.76332785],[-53.02583809,-28.76364352],[-53.02572427,-28.7637987],[-53.02557076,-28.76402022],[-53.02542392,-28.76426161],[-53.02523156,-28.76459825],[-53.02511611,-28.76483082],[-53.02496616,-28.76507504],[-53.02491376,-28.76530389],[-53.02481403,-28.76553345],[-53.02459643,-28.76587046],[-53.02446862,-28.76611713],[-53.02427749,-28.76635362],[-53.02402287,-28.76673569],[-53.02388479,-28.76694079],[-53.02366396,-28.76712084],[-53.02360348,-28.76724816],[-53.02344137,-28.7673535],[-53.02323851,-28.76747335],[-53.02310411,-28.76754212],[-53.02293751,-28.76757799],[-53.02282824,-28.76764081],[-53.02268908,-28.7677903],[-53.02267887,-28.76791561],[-53.02266529,-28.76802985],[-53.02263342,-28.76815583],[-53.02256636,-28.76830111],[-53.02239559,-28.7684483],[-53.02218863,-28.76857866],[-53.02184284,-28.76864761],[-53.02086397,-28.77029573],[-53.02146436,-28.77049256],[-53.02165895,-28.77051607],[-53.02335649,-28.77039748]]]]},"geometry_name":"geo_area_imovel","properties":{"cod_imovel":"RS-4300554-EF08C60A0F0C47BBBE45DF0B32D5CD6C","status_imovel":"AT","dat_criacao":"2016-04-26T02:02:07.177Z","area":25.1265,"condicao":"Aguardando análise","uf":"RS","municipio":"Alto Alegre","cod_municipio_ibge":4300554,"m_fiscal":1.3887,"tipo_imovel":"IRU"}},{"type":"Feature","id":"sicar_imoveis_rs.2676233","geometry":{"type":"MultiPolygon","coordinates":[[[[-53.0162422,-28.81998859],[-53.01895699,-28.81722682],[-53.01992846,-28.8184524],[-53.01848777,-28.82044816],[-53.0162422,-28.81998859]]]]},"geometry_name":"geo_area_imovel","properties":{"cod_imovel":"RS-4300554-93BD015014524591ABEFB4A196E8A4B7","status_imovel":"AT","dat_criacao":"2016-04-26T02:25:02.825Z","area":6.0342,"condicao":"Aguardando análise","uf":"RS","municipio":"Alto Alegre","cod_municipio_ibge":4300554,"m_fiscal":0.3352,"tipo_imovel":"IRU"}},{"type":"Feature","id":"sicar_imoveis_rs.2677219","geometry":{"type":"MultiPolygon","coordinates":[[[[-53.02586932,-28.81698746],[-53.02528278,-28.81610259],[-53.02636115,-28.81574835],[-53.02736667,-28.81570556],[-53.02586932,-28.81698746]]]]},"geometry_name":"geo_area_imovel","properties":{"cod_imovel":"RS-4300554-2DF2664411FA4E4AA0FFA32F23434603","status_imovel":"AT","dat_criacao":"2016-04-26T02:54:18.544Z","area":1.2913,"condicao":"Aguardando análise","uf":"RS","municipio":"Alto Alegre","cod_municipio_ibge":4300554,"m_fiscal":0.0717,"tipo_imovel":"IRU"}},{"type":"Feature","id":"sicar_imoveis_rs.2677286","geometry":{"type":"MultiPolygon","coordinates":[[[[-53.02169124,-28.82056084],[-53.01760771,-28.82409302],[-53.01575768,-28.82257085],[-53.01448067,-28.82166297],[-53.01616287,-28.8200028],[-53.01845967,-28.82048926],[-53.01993218,-28.81843465],[-53.02169124,-28.82056084]]]]},"geometry_name":"geo_area_imovel","properties":{"cod_imovel":"RS-4300554-4CA804233C4748D3A0AB2B355A1D9EF5","status_imovel":"AT","dat_criacao":"2016-04-26T02:56:12.396Z","area":19.5611,"condicao":"Aguardando análise","uf":"RS","municipio":"Alto Alegre","cod_municipio_ibge":4300554,"m_fiscal":1.0867,"tipo_imovel":"IRU"}},{"type":"Feature","id":"sicar_imoveis_rs.2677354","geometry":{"type":"MultiPolygon","coordinates":[[[[-53.02141428,-28.80474452],[-53.01578006,-28.80428623],[-53.01592152,-28.80351223],[-53.00832473,-28.80292574],[-53.00821776,-28.80251411],[-53.00883603,-28.80240343],[-53.00894467,-28.80227452],[-53.00926277,-28.80225136],[-53.0159761,-28.80278765],[-53.01613441,-28.80077666],[-53.02079201,-28.80111554],[-53.02141428,-28.80474452]]]]},"geometry_name":"geo_area_imovel","properties":{"cod_imovel":"RS-4300554-6C2798F7CB6E4A07BED449CF6D8BFCA3","status_imovel":"AT","dat_criacao":"2016-04-26T02:58:03.375Z","area":25.6618,"condicao":"Aguardando análise","uf":"RS","municipio":"Alto Alegre","cod_municipio_ibge":4300554,"m_fiscal":1.4257,"tipo_imovel":"IRU"}},{"type":"Feature","id":"sicar_imoveis_rs.2679152","geometry":{"type":"MultiPolygon","coordinates":[[[[-52.99933243,-28.79172298],[-52.99917805,-28.79214714],[-52.99897275,-28.79218564],[-52.99871175,-28.79221924],[-52.99196945,-28.79213998],[-52.99074512,-28.79125766],[-52.99330918,-28.78902823],[-52.98256153,-28.78074418],[-52.98273337,-28.7802721],[-52.98291579,-28.77999022],[-52.99933243,-28.79172298]]]]},"geometry_name":"geo_area_imovel","properties":{"cod_imovel":"RS-4300554-70B5B00F79D64F868C02CF9D08EBC9AD","status_imovel":"AT","dat_criacao":"2016-04-26T03:58:19.721Z","area":37.0286,"condicao":"Aguardando análise","uf":"RS","municipio":"Alto Alegre","cod_municipio_ibge":4300554,"m_fiscal":2.0571,"tipo_imovel":"IRU"}},{"type":"Feature","id":"sicar_imoveis_rs.2685664","geometry":{"type":"MultiPolygon","coordinates":[[[[-52.95257807,-28.80888102],[-52.95296431,-28.80700081],[-52.95094728,-28.8069256],[-52.95064688,-28.80878701],[-52.95257807,-28.80888102]]]]},"geometry_name":"geo_area_imovel","properties":{"cod_imovel":"RS-4300554-8F8CC1B5907F46AF8070F34B5BDC5DE2","status_imovel":"AT","dat_criacao":"2016-04-26T09:43:43.758Z","area":4.0276,"condicao":"Aguardando análise","uf":"RS","municipio":"Alto Alegre","cod_municipio_ibge":4300554,"m_fiscal":0.2238,"tipo_imovel":"IRU"}},{"type":"Feature","id":"sicar_imoveis_rs.2732346","geometry":{"type":"MultiPolygon","coordinates":[[[[-52.99075127,-28.75985294],[-52.98905611,-28.76165876],[-52.98401356,-28.75603429],[-52.98482895,-28.75530064],[-52.99075127,-28.75985294]]]]},"geometry_name":"geo_area_imovel","properties":{"cod_imovel":"RS-4300554-9D5D1E687C7F4108AC49B694F7E65C21","status_imovel":"AT","dat_criacao":"2016-04-29T10:30:52.811Z","area":14.4508,"condicao":"Aguardando análise","uf":"RS","municipio":"Alto Alegre","cod_municipio_ibge":4300554,"m_fiscal":0.8028,"tipo_imovel":"IRU"}},{"type":"Feature","id":"sicar_imoveis_rs.2733047","geometry":{"type":"MultiPolygon","coordinates":[[[[-52.98776047,-28.76425535],[-52.98854786,-28.76302953],[-52.99299994,-28.76693868],[-52.99239702,-28.76724077],[-52.99168369,-28.76800806],[-52.98776047,-28.76425535]]]]},"geometry_name":"geo_area_imovel","properties":{"cod_imovel":"RS-4300554-72D7FB2EBC734E0AAC2341DE32999964","status_imovel":"AT","dat_criacao":"2016-04-29T10:55:39.798Z","area":9.4303,"condicao":"Aguardando análise","uf":"RS","municipio":"Alto Alegre","cod_municipio_ibge":4300554,"m_fiscal":0.5239,"tipo_imovel":"IRU"}},{"type":"Feature","id":"sicar_imoveis_rs.2740244","geometry":{"type":"MultiPolygon","coordinates":[[[[-52.98255444,-28.77307605],[-52.98294067,-28.77354626],[-52.97792717,-28.77729755],[-52.97751236,-28.77703126],[-52.98255444,-28.77307605]]]]},"geometry_name":"geo_area_imovel","properties":{"cod_imovel":"RS-4300554-7330AE1B46CA4E2196BE53AA84CE7A0F","status_imovel":"AT","dat_criacao":"2016-04-29T13:57:51.655Z","area":3.6745,"condicao":"Aguardando análise","uf":"RS","municipio":"Alto Alegre","cod_municipio_ibge":4300554,"m_fiscal":0.2041,"tipo_imovel":"IRU"}},{"type":"Feature","id":"sicar_imoveis_rs.2767083","geometry":{"type":"MultiPolygon","coordinates":[[[[-53.02583456,-28.83136566],[-53.0309844,-28.82612093],[-53.03207874,-28.82743684],[-53.02722931,-28.8326627],[-53.02583456,-28.83136566]]]]},"geometry_name":"geo_area_imovel","properties":{"cod_imovel":"RS-4300554-E732B46A8C3245069EB167F183970D22","status_imovel":"AT","dat_criacao":"2016-04-30T03:02:13.441Z","area":14.1159,"condicao":"Aguardando análise","uf":"RS","municipio":"Alto Alegre","cod_municipio_ibge":4300554,"m_fiscal":0.7842,"tipo_imovel":"IRU"}},{"type":"Feature","id":"sicar_imoveis_rs.2767236","geometry":{"type":"MultiPolygon","coordinates":[[[[-53.01005991,-28.83693168],[-53.01266256,-28.84068726],[-53.01122996,-28.84184157],[-53.00922431,-28.83870203],[-53.00860251,-28.8391338],[-53.00875534,-28.83809549],[-53.01005991,-28.83693168]]]]},"geometry_name":"geo_area_imovel","properties":{"cod_imovel":"RS-4300554-BC0ED88635BE4307B6BED0B03AEB0445","status_imovel":"AT","dat_criacao":"2016-04-30T03:06:33.220Z","area":8.9112,"condicao":"Aguardando análise","uf":"RS","municipio":"Alto Alegre","cod_municipio_ibge":4300554,"m_fiscal":0.4951,"tipo_imovel":"IRU"}},{"type":"Feature","id":"sicar_imoveis_rs.2767471","geometry":{"type":"MultiPolygon","coordinates":[[[[-53.03110356,-28.82246116],[-53.02668893,-28.8237564],[-53.02622587,-28.82333879],[-53.02863048,-28.82115456],[-53.03125782,-28.82136189],[-53.03110356,-28.82246116]]]]},"geometry_name":"geo_area_imovel","properties":{"cod_imovel":"RS-4300554-AD2DC7A4F6C74B0EBD2F257874B34E6B","status_imovel":"AT","dat_criacao":"2016-04-30T03:11:56.659Z","area":7.5236,"condicao":"Aguardando análise","uf":"RS","municipio":"Alto Alegre","cod_municipio_ibge":4300554,"m_fiscal":0.418,"tipo_imovel":"IRU"}},{"type":"Feature","id":"sicar_imoveis_rs.2772036","geometry":{"type":"MultiPolygon","coordinates":[[[[-53.02611244,-28.79508452],[-53.02632683,-28.79546164],[-53.02772149,-28.79728476],[-53.02969989,-28.79695461],[-53.02884148,-28.79515035],[-53.02861013,-28.79508326],[-53.02856813,-28.79481594],[-53.02852106,-28.79470522],[-53.02611244,-28.79508452]]]]},"geometry_name":"geo_area_imovel","properties":{"cod_imovel":"RS-4300554-187C9AD60ED34D6B9C96CE5FF56E49D9","status_imovel":"AT","dat_criacao":"2016-04-30T05:09:31.468Z","area":5.956,"condicao":"Aguardando análise","uf":"RS","municipio":"Alto Alegre","cod_municipio_ibge":4300554,"m_fiscal":0.3309,"tipo_imovel":"IRU"}},{"type":"Feature","id":"sicar_imoveis_rs.2794682","geometry":{"type":"MultiPolygon","coordinates":[[[[-52.9476902,-28.79542863],[-52.94844551,-28.79764059],[-52.94257116,-28.79701301],[-52.9421773,-28.79523055],[-52.94603793,-28.79231671],[-52.94815146,-28.79190104],[-52.94978834,-28.78863481],[-52.95025385,-28.78898612],[-52.95089423,-28.78904992],[-52.9511879,-28.78915356],[-52.95135801,-28.78942502],[-52.95195805,-28.78967998],[-52.95279739,-28.79015997],[-52.95329205,-28.79057929],[-52.95203496,-28.79133327],[-52.95177879,-28.79180423],[-52.95206286,-28.79272862],[-52.9520517,-28.79339076],[-52.95282889,-28.79436227],[-52.95186587,-28.79482096],[-52.95020075,-28.79518059],[-52.94942725,-28.79542545],[-52.9476902,-28.79542863]]]]},"geometry_name":"geo_area_imovel","properties":{"cod_imovel":"RS-4300554-3DAB01A3450842588F90C02650DA428D","status_imovel":"AT","dat_criacao":"2016-05-01T05:47:16.290Z","area":50.8953,"condicao":"Aguardando análise","uf":"RS","municipio":"Alto Alegre","cod_municipio_ibge":4300554,"m_fiscal":2.8275,"tipo_imovel":"IRU"}},{"type":"Feature","id":"sicar_imoveis_rs.2794739","geometry":{"type":"MultiPolygon","coordinates":[[[[-52.94158889,-28.77449425],[-52.94137716,-28.77335818],[-52.94990031,-28.7717885],[-52.95017413,-28.77292653],[-52.94726861,-28.7734518],[-52.94158889,-28.77449425]]]]},"geometry_name":"geo_area_imovel","properties":{"cod_imovel":"RS-4300554-471E61FBA21B4DCE943294CA9E7E93EF","status_imovel":"AT","dat_criacao":"2016-05-01T05:49:52.787Z","area":10.9152,"condicao":"Aguardando análise","uf":"RS","municipio":"Alto Alegre","cod_municipio_ibge":4300554,"m_fiscal":0.6064,"tipo_imovel":"IRU"}},{"type":"Feature","id":"sicar_imoveis_rs.2794790","geometry":{"type":"MultiPolygon","coordinates":[[[[-53.02872445,-28.82562392],[-53.02496761,-28.82897848],[-53.02134122,-28.83197232],[-53.02088037,-28.83182215],[-53.01992304,-28.8309579],[-53.02757263,-28.82448542],[-53.02872445,-28.82562392]]]]},"geometry_name":"geo_area_imovel","properties":{"cod_imovel":"RS-4300554-68EFCB943D0B4909871EF80A51C0AA3A","status_imovel":"AT","dat_criacao":"2016-05-01T05:51:53.284Z","area":18.2992,"condicao":"Aguardando análise","uf":"RS","municipio":"Alto Alegre","cod_municipio_ibge":4300554,"m_fiscal":1.0166,"tipo_imovel":"IRU"}},{"type":"Feature","id":"sicar_imoveis_rs.2794810","geometry":{"type":"MultiPolygon","coordinates":[[[[-53.02716494,-28.83375296],[-53.02898884,-28.83535073],[-53.02699327,-28.83743719],[-53.02656412,-28.83706125],[-53.02611351,-28.83655374],[-53.02568436,-28.83597103],[-53.02536249,-28.83533193],[-53.02716494,-28.83375296]]]]},"geometry_name":"geo_area_imovel","properties":{"cod_imovel":"RS-4300554-2C5B064FAFA049089A5A39D07D39CC8F","status_imovel":"AT","dat_criacao":"2016-05-01T05:52:39.192Z","area":7.5241,"condicao":"Aguardando análise","uf":"RS","municipio":"Alto Alegre","cod_municipio_ibge":4300554,"m_fiscal":0.418,"tipo_imovel":"IRU"}},{"type":"Feature","id":"sicar_imoveis_rs.2795931","geometry":{"type":"MultiPolygon","coordinates":[[[[-52.98389728,-28.81592497],[-52.98262891,-28.81529427],[-52.98181643,-28.81633637],[-52.98173783,-28.81620452],[-52.98136077,-28.8160651],[-52.98109985,-28.81605391],[-52.98087851,-28.81612703],[-52.98036672,-28.8165148],[-52.9796904,-28.81715012],[-52.98068731,-28.81796266],[-52.98044235,-28.81821394],[-52.9800757,-28.81885637],[-52.97993173,-28.81921266],[-52.97929528,-28.8187058],[-52.97861339,-28.81834099],[-52.97766321,-28.81828137],[-52.97767415,-28.81813508],[-52.97771241,-28.8179577],[-52.97773622,-28.81771543],[-52.97773175,-28.81760812],[-52.97760431,-28.81746888],[-52.97762321,-28.81733118],[-52.9775538,-28.81724139],[-52.97747805,-28.81704881],[-52.97744592,-28.81682487],[-52.97747153,-28.81659311],[-52.97747813,-28.81649619],[-52.97737065,-28.8162894],[-52.97720409,-28.81603926],[-52.97695638,-28.81601262],[-52.97706228,-28.81551764],[-52.97766973,-28.81532378],[-52.97789428,-28.81503516],[-52.97826059,-28.81489934],[-52.97855683,-28.81474649],[-52.97881068,-28.81461914],[-52.97936937,-28.81483759],[-52.98003013,-28.81515718],[-52.98038759,-28.81481143],[-52.98003317,-28.81441259],[-52.9802432,-28.8143187],[-52.98026792,-28.81432038],[-52.98049648,-28.81397949],[-52.9806335,-28.81363575],[-52.98074538,-28.81356345],[-52.98094996,-28.81348188],[-52.98124183,-28.81349909],[-52.98132715,-28.81348126],[-52.98143253,-28.81339435],[-52.98158883,-28.81340994],[-52.98169489,-28.81338259],[-52.98176716,-28.81336329],[-52.98206319,-28.81326368],[-52.98232062,-28.81321059],[-52.98215582,-28.8127277],[-52.98326328,-28.81209495],[-52.98378593,-28.81227871],[-52.98578976,-28.81354112],[-52.98389728,-28.81592497]]]]},"geometry_name":"geo_area_imovel","properties":{"cod_imovel":"RS-4300554-C6C4FA18F4764CBB99C756E6DAC0691F","status_imovel":"AT","dat_criacao":"2016-05-01T07:07:26.424Z","area":26.1999,"condicao":"Aguardando análise","uf":"RS","municipio":"Alto Alegre","cod_municipio_ibge":4300554,"m_fiscal":1.4556,"tipo_imovel":"IRU"}},{"type":"Feature","id":"sicar_imoveis_rs.2795948","geometry":{"type":"MultiPolygon","coordinates":[[[[-53.02229485,-28.78272779],[-53.02049547,-28.78386073],[-53.01864372,-28.78226224],[-53.01851191,-28.78206162],[-53.01835439,-28.78195412],[-53.018248,-28.78188405],[-53.01813511,-28.78190538],[-53.01802622,-28.78155942],[-53.01778981,-28.78146809],[-53.01751233,-28.78138678],[-53.01730468,-28.78132989],[-53.01733062,-28.78112887],[-53.0173233,-28.78089783],[-53.01736831,-28.78037879],[-53.017386,-28.78016228],[-53.01745592,-28.78002478],[-53.01756499,-28.77970635],[-53.01768911,-28.77941264],[-53.01992265,-28.78119657],[-53.02148012,-28.78245193],[-53.02152687,-28.78253844],[-53.02229485,-28.78272779]]]]},"geometry_name":"geo_area_imovel","properties":{"cod_imovel":"RS-4300554-E5DD0ED4639D43C6A1796056627E5E57","status_imovel":"AT","dat_criacao":"2016-05-01T07:08:39.420Z","area":8.8593,"condicao":"Aguardando análise","uf":"RS","municipio":"Alto Alegre","cod_municipio_ibge":4300554,"m_fiscal":0.4922,"tipo_imovel":"IRU"}},{"type":"Feature","id":"sicar_imoveis_rs.2812148","geometry":{"type":"MultiPolygon","coordinates":[[[[-52.99607752,-28.77538833],[-52.99527751,-28.77466108],[-52.99729586,-28.77269989],[-52.9973491,-28.77274044],[-52.99751824,-28.77282855],[-52.9976167,-28.77279074],[-52.99814539,-28.77323222],[-52.99607752,-28.77538833]]]]},"geometry_name":"geo_area_imovel","properties":{"cod_imovel":"RS-4300554-64502DF80D02472A80CD63D455C3BE00","status_imovel":"AT","dat_criacao":"2016-05-02T03:29:50.741Z","area":3.2688,"condicao":"Aguardando análise","uf":"RS","municipio":"Alto Alegre","cod_municipio_ibge":4300554,"m_fiscal":0.1806,"tipo_imovel":"IRU"}},{"type":"Feature","id":"sicar_imoveis_rs.3020806","geometry":{"type":"MultiPolygon","coordinates":[[[[-53.03887796,-28.79899185],[-53.04392627,-28.80406097],[-53.0452233,-28.80459953],[-53.04543544,-28.80429997],[-53.04545608,-28.80415873],[-53.04576549,-28.804085],[-53.04596293,-28.80393979],[-53.04607005,-28.80373032],[-53.04616685,-28.80358029],[-53.04622285,-28.80347292],[-53.0464313,-28.80337351],[-53.04646575,-28.80310487],[-53.04653365,-28.80296849],[-53.04664722,-28.80281301],[-53.04679633,-28.8026447],[-53.04698599,-28.80269447],[-53.04701963,-28.80269918],[-53.04697205,-28.80203327],[-53.04569596,-28.80283179],[-53.04110867,-28.79836984],[-53.03887796,-28.79899185]]]]},"geometry_name":"geo_area_imovel","properties":{"cod_imovel":"RS-4300554-84F2884E41E640C7A25E791E17079A92","status_imovel":"AT","dat_criacao":"2016-05-19T00:06:20.799Z","area":18.0907,"condicao":"Aguardando análise","uf":"RS","municipio":"Alto Alegre","cod_municipio_ibge":4300554,"m_fiscal":1.005,"tipo_imovel":"IRU"}},{"type":"Feature","id":"sicar_imoveis_rs.3027771","geometry":{"type":"MultiPolygon","coordinates":[[[[-53.01090002,-28.81752953],[-53.01062088,-28.81802017],[-53.01047005,-28.81822551],[-53.01025286,-28.81855243],[-53.01037297,-28.81905633],[-53.01017166,-28.81923699],[-53.00520861,-28.81577084],[-53.00678015,-28.81437103],[-53.01090002,-28.81752953]]]]},"geometry_name":"geo_area_imovel","properties":{"cod_imovel":"RS-4300554-1B058C00E40E44479B74DD8222A0FE60","status_imovel":"AT","dat_criacao":"2016-05-19T04:42:29.039Z","area":11.6424,"condicao":"Aguardando análise","uf":"RS","municipio":"Alto Alegre","cod_municipio_ibge":4300554,"m_fiscal":0.6468,"tipo_imovel":"IRU"}},{"type":"Feature","id":"sicar_imoveis_rs.3028352","geometry":{"type":"MultiPolygon","coordinates":[[[[-52.98570871,-28.80194289],[-52.99062252,-28.80419924],[-52.98957109,-28.80560944],[-52.98478603,-28.80339072],[-52.98570871,-28.80194289]]]]},"geometry_name":"geo_area_imovel","properties":{"cod_imovel":"RS-4300554-88AD22EB901A46D38E6FE9FA642DD645","status_imovel":"AT","dat_criacao":"2016-05-19T05:07:21.271Z","area":9.8889,"condicao":"Aguardando análise","uf":"RS","municipio":"Alto Alegre","cod_municipio_ibge":4300554,"m_fiscal":0.5494,"tipo_imovel":"IRU"}},{"type":"Feature","id":"sicar_imoveis_rs.3030562","geometry":{"type":"MultiPolygon","coordinates":[[[[-52.98545504,-28.81809178],[-52.98658706,-28.81519568],[-52.99036176,-28.81215432],[-52.99154244,-28.81242862],[-52.99190767,-28.81181588],[-52.99258798,-28.81129212],[-52.99295208,-28.81072256],[-52.99418987,-28.80924836],[-52.99533615,-28.80972184],[-52.99737904,-28.8103094],[-52.99836064,-28.81156246],[-52.99842107,-28.8119197],[-52.99813774,-28.81188988],[-52.99786748,-28.81219572],[-52.99722932,-28.81263416],[-52.99687731,-28.81245918],[-52.99679088,-28.81244512],[-52.9967011,-28.81257113],[-52.99668779,-28.81268812],[-52.99663816,-28.81281158],[-52.99528771,-28.81279697],[-52.99440699,-28.81320891],[-52.99372063,-28.81342369],[-52.99205851,-28.81565637],[-52.98844968,-28.81953553],[-52.98601022,-28.81814194],[-52.98545504,-28.81809178]]]]},"geometry_name":"geo_area_imovel","properties":{"cod_imovel":"RS-4300554-57413F3DA3CB48CAB3C2ED2DE87046DB","status_imovel":"AT","dat_criacao":"2016-05-19T06:28:29.973Z","area":50.9924,"condicao":"Aguardando análise","uf":"RS","municipio":"Alto Alegre","cod_municipio_ibge":4300554,"m_fiscal":2.8329,"tipo_imovel":"IRU"}},{"type":"Feature","id":"sicar_imoveis_rs.3030884","geometry":{"type":"MultiPolygon","coordinates":[[[[-52.99750155,-28.81036137],[-52.99995919,-28.81110111],[-52.99373388,-28.81690912],[-52.99204389,-28.81569039],[-52.99373388,-28.81348738],[-52.99450636,-28.81324297],[-52.99529092,-28.81280152],[-52.99662899,-28.81281127],[-52.99671595,-28.8125737],[-52.99679694,-28.81244635],[-52.99724017,-28.81261639],[-52.99786246,-28.81219086],[-52.9981018,-28.81191636],[-52.99840402,-28.81191025],[-52.99836953,-28.81158788],[-52.99750155,-28.81036137]]]]},"geometry_name":"geo_area_imovel","properties":{"cod_imovel":"RS-4300554-D999D959696A476C904FC1CB24742546","status_imovel":"AT","dat_criacao":"2016-05-19T06:39:45.301Z","area":15.2384,"condicao":"Aguardando análise","uf":"RS","municipio":"Alto Alegre","cod_municipio_ibge":4300554,"m_fiscal":0.8466,"tipo_imovel":"IRU"}},{"type":"Feature","id":"sicar_imoveis_rs.3031508","geometry":{"type":"MultiPolygon","coordinates":[[[[-52.97057724,-28.84089088],[-52.97001266,-28.84112358],[-52.97010803,-28.84141922],[-52.97011948,-28.8414917],[-52.97022629,-28.84183121],[-52.97086716,-28.84123421],[-52.97057724,-28.84089088]]]]},"geometry_name":"geo_area_imovel","properties":{"cod_imovel":"RS-4300554-6747BBCE7FFD414EBFBE0AC02926A045","status_imovel":"AT","dat_criacao":"2016-05-19T07:02:39.778Z","area":0.4553,"condicao":"Aguardando análise","uf":"RS","municipio":"Alto Alegre","cod_municipio_ibge":4300554,"m_fiscal":0.0253,"tipo_imovel":"IRU"}},{"type":"Feature","id":"sicar_imoveis_rs.3031764","geometry":{"type":"MultiPolygon","coordinates":[[[[-53.0009489,-28.81138667],[-53.00241635,-28.811581],[-53.00119221,-28.81288677],[-53.00196375,-28.81347513],[-53.00263501,-28.8139882],[-53.00212548,-28.81593096],[-53.00246204,-28.81637519],[-53.0025081,-28.81709751],[-53.00200194,-28.81825346],[-53.0012279,-28.81769887],[-52.99995686,-28.81890153],[-52.99717544,-28.8169697],[-52.99576694,-28.81842996],[-52.99534737,-28.81887791],[-52.99500118,-28.81877342],[-52.99471595,-28.81866323],[-52.99380413,-28.81970184],[-52.99418549,-28.82016267],[-52.9929746,-28.82157885],[-52.9922619,-28.82146567],[-52.99189222,-28.82127385],[-52.9913692,-28.82077168],[-52.99084856,-28.82041765],[-52.99390439,-28.81709138],[-52.99360353,-28.8168412],[-52.99995818,-28.81109712],[-53.0009489,-28.81138667]]]]},"geometry_name":"geo_area_imovel","properties":{"cod_imovel":"RS-4300554-A3558336D0F240BB939DE6A6E759A939","status_imovel":"AT","dat_criacao":"2016-05-19T07:12:50.941Z","area":52.7775,"condicao":"Aguardando análise","uf":"RS","municipio":"Alto Alegre","cod_municipio_ibge":4300554,"m_fiscal":2.9321,"tipo_imovel":"IRU"}},{"type":"Feature","id":"sicar_imoveis_rs.3032616","geometry":{"type":"MultiPolygon","coordinates":[[[[-52.96287391,-28.83802782],[-52.96461992,-28.83800226],[-52.96489175,-28.83772499],[-52.96517178,-28.83796588],[-52.96517503,-28.83824069],[-52.96502675,-28.83844243],[-52.96508758,-28.83869131],[-52.96529841,-28.83882468],[-52.96567204,-28.83909034],[-52.9662317,-28.839353],[-52.96609139,-28.84016055],[-52.96659054,-28.84087542],[-52.9657885,-28.8419943],[-52.96428249,-28.84220651],[-52.96173527,-28.84154659],[-52.96159636,-28.84138872],[-52.96136572,-28.84121444],[-52.96094071,-28.84100391],[-52.96000212,-28.84067146],[-52.96019761,-28.84045215],[-52.96094734,-28.83967892],[-52.96159635,-28.83895447],[-52.96204364,-28.83813302],[-52.96287391,-28.83802782]]]]},"geometry_name":"geo_area_imovel","properties":{"cod_imovel":"RS-4300554-77256ACE1C0B4D3990D3EAA91727B56B","status_imovel":"AT","dat_criacao":"2016-05-19T07:49:57.272Z","area":20.2032,"condicao":"Aguardando análise","uf":"RS","municipio":"Alto Alegre","cod_municipio_ibge":4300554,"m_fiscal":1.1224,"tipo_imovel":"IRU"}},{"type":"Feature","id":"sicar_imoveis_rs.3033217","geometry":{"type":"MultiPolygon","coordinates":[[[[-52.97144359,-28.83853523],[-52.9729019,-28.83725657],[-52.97286753,-28.83831836],[-52.97279938,-28.83909364],[-52.97144359,-28.83853523]]]]},"geometry_name":"geo_area_imovel","properties":{"cod_imovel":"RS-4300554-90EDBB5572B84ABEBA364F5301A91890","status_imovel":"AT","dat_criacao":"2016-05-19T08:14:30.698Z","area":1.4028,"condicao":"Aguardando análise","uf":"RS","municipio":"Alto Alegre","cod_municipio_ibge":4300554,"m_fiscal":0.0779,"tipo_imovel":"IRU"}},{"type":"Feature","id":"sicar_imoveis_rs.3033742","geometry":{"type":"MultiPolygon","coordinates":[[[[-52.98959351,-28.82576561],[-52.98964691,-28.82612991],[-52.9899025,-28.82607651],[-52.99015427,-28.82599449],[-52.99049759,-28.82585144],[-52.99039459,-28.82572556],[-52.99032593,-28.82563972],[-52.99030304,-28.82551003],[-52.99028778,-28.8253994],[-52.99021149,-28.82527924],[-52.99003601,-28.82510185],[-52.98983002,-28.82484818],[-52.98968124,-28.82456398],[-52.98952103,-28.82422829],[-52.98936844,-28.82395363],[-52.98921204,-28.82372284],[-52.9889679,-28.82339668],[-52.98717499,-28.82336807],[-52.98739243,-28.82344055],[-52.98787689,-28.82378197],[-52.98823166,-28.82408905],[-52.98869705,-28.82445908],[-52.98899841,-28.82472229],[-52.98920059,-28.82491493],[-52.98928452,-28.82501984],[-52.98944855,-28.82526016],[-52.98955917,-28.82544708],[-52.98957443,-28.82555771],[-52.98959351,-28.82576561]]]]},"geometry_name":"geo_area_imovel","properties":{"cod_imovel":"RS-4300554-0A92A43A81294C9F8706A380B5697C3D","status_imovel":"AT","dat_criacao":"2016-05-19T08:36:57.522Z","area":2.8183,"condicao":"Aguardando análise","uf":"RS","municipio":"Alto Alegre","cod_municipio_ibge":4300554,"m_fiscal":0.1566,"tipo_imovel":"IRU"}},{"type":"Feature","id":"sicar_imoveis_rs.3035242","geometry":{"type":"MultiPolygon","coordinates":[[[[-53.04923587,-28.79043818],[-53.04870607,-28.79094375],[-53.04801476,-28.79145061],[-53.04661155,-28.79266519],[-53.04616908,-28.7921777],[-53.0459471,-28.79182123],[-53.0457415,-28.79135755],[-53.04619674,-28.79110874],[-53.0463365,-28.79105078],[-53.046548,-28.79088114],[-53.04693718,-28.79066951],[-53.04732919,-28.79035923],[-53.04857854,-28.78918011],[-53.04928634,-28.78962596],[-53.04993385,-28.78994847],[-53.04923587,-28.79043818]]]]},"geometry_name":"geo_area_imovel","properties":{"cod_imovel":"RS-4300554-89CE14414BCE42B39975410F52BAA35B","status_imovel":"AT","dat_criacao":"2016-05-19T09:42:58.146Z","area":5.938,"condicao":"Aguardando análise","uf":"RS","municipio":"Alto Alegre","cod_municipio_ibge":4300554,"m_fiscal":0.3236,"tipo_imovel":"IRU"}},{"type":"Feature","id":"sicar_imoveis_rs.3038670","geometry":{"type":"MultiPolygon","coordinates":[[[[-53.03729296,-28.82311308],[-53.03543395,-28.82230827],[-53.034482,-28.82066914],[-53.03478241,-28.81912755],[-53.03858042,-28.82102634],[-53.03729296,-28.82311308]]]]},"geometry_name":"geo_area_imovel","properties":{"cod_imovel":"RS-4300554-665142BA7A2D4371A6D9DF2A2AFDB93A","status_imovel":"AT","dat_criacao":"2016-05-19T11:52:08.133Z","area":9.5856,"condicao":"Aguardando análise","uf":"RS","municipio":"Alto Alegre","cod_municipio_ibge":4300554,"m_fiscal":0.5325,"tipo_imovel":"IRU"}},{"type":"Feature","id":"sicar_imoveis_rs.3039337","geometry":{"type":"MultiPolygon","coordinates":[[[[-52.97094584,-28.84206108],[-52.97058105,-28.84191072],[-52.97038794,-28.84155359],[-52.97118759,-28.84101006],[-52.97124426,-28.84053733],[-52.97120181,-28.84037083],[-52.97138729,-28.84030036],[-52.97198494,-28.83985596],[-52.97259808,-28.84067018],[-52.97094584,-28.84206108]]]]},"geometry_name":"geo_area_imovel","properties":{"cod_imovel":"RS-4300554-EB88DC08D26A43D49EDB55F8BC70BF2A","status_imovel":"AT","dat_criacao":"2016-05-19T12:13:21.056Z","area":2.1585,"condicao":"Aguardando análise","uf":"RS","municipio":"Alto Alegre","cod_municipio_ibge":4300554,"m_fiscal":0.1199,"tipo_imovel":"IRU"}},{"type":"Feature","id":"sicar_imoveis_rs.3040158","geometry":{"type":"MultiPolygon","coordinates":[[[[-53.02158673,-28.80615144],[-53.02072469,-28.80620883],[-53.01823857,-28.80618871],[-53.01667229,-28.80614745],[-53.01530459,-28.80609022],[-53.01525122,-28.80701945],[-53.02166176,-28.8070512],[-53.02166572,-28.80663917],[-53.02166047,-28.80642373],[-53.02158673,-28.80615144]]]]},"geometry_name":"geo_area_imovel","properties":{"cod_imovel":"RS-4300554-96836656D2704021911869107E97801F","status_imovel":"AT","dat_criacao":"2016-05-19T12:43:26.475Z","area":5.9642,"condicao":"Aguardando análise","uf":"RS","municipio":"Alto Alegre","cod_municipio_ibge":4300554,"m_fiscal":0.3313,"tipo_imovel":"IRU"}},{"type":"Feature","id":"sicar_imoveis_rs.3040880","geometry":{"type":"MultiPolygon","coordinates":[[[[-53.02160682,-28.80615665],[-53.02146107,-28.80549452],[-53.01780085,-28.80541725],[-53.01762558,-28.80616807],[-53.02069471,-28.80619847],[-53.02160682,-28.80615665]]]]},"geometry_name":"geo_area_imovel","properties":{"cod_imovel":"RS-4300554-7DC699DBF730446D8557C0E4608D8508","status_imovel":"AT","dat_criacao":"2016-05-19T13:08:24.125Z","area":3.0059,"condicao":"Aguardando análise","uf":"RS","municipio":"Alto Alegre","cod_municipio_ibge":4300554,"m_fiscal":0.167,"tipo_imovel":"IRU"}},{"type":"Feature","id":"sicar_imoveis_rs.3041373","geometry":{"type":"MultiPolygon","coordinates":[[[[-53.02166576,-28.80705594],[-53.02167922,-28.80730847],[-53.02169933,-28.80754528],[-53.02168541,-28.80773217],[-53.02040091,-28.80790695],[-53.01913858,-28.80800178],[-53.01820732,-28.80802334],[-53.01764236,-28.8079893],[-53.01680545,-28.80794229],[-53.01513386,-28.80785617],[-53.01525629,-28.80701945],[-53.02166576,-28.80705594]]]]},"geometry_name":"geo_area_imovel","properties":{"cod_imovel":"RS-4300554-B0F1F3E709D643899DF388F28B7473AC","status_imovel":"AT","dat_criacao":"2016-05-19T13:25:33.147Z","area":6.2577,"condicao":"Aguardando análise","uf":"RS","municipio":"Alto Alegre","cod_municipio_ibge":4300554,"m_fiscal":0.3476,"tipo_imovel":"IRU"}},{"type":"Feature","id":"sicar_imoveis_rs.3060893","geometry":{"type":"MultiPolygon","coordinates":[[[[-52.94385513,-28.76485037],[-52.94387285,-28.76493001],[-52.94233061,-28.76550727],[-52.93789704,-28.7671424],[-52.93927253,-28.7625597],[-52.9397217,-28.76282076],[-52.94050898,-28.76344957],[-52.94191498,-28.76479132],[-52.94255635,-28.76531646],[-52.94385513,-28.76485037]]]]},"geometry_name":"geo_area_imovel","properties":{"cod_imovel":"RS-4300554-A250F7A45A7E4EE7A23949502E08420B","status_imovel":"AT","dat_criacao":"2016-05-20T00:17:09.287Z","area":10.8432,"condicao":"Aguardando análise","uf":"RS","municipio":"Alto Alegre","cod_municipio_ibge":4300554,"m_fiscal":0.6024,"tipo_imovel":"IRU"}},{"type":"Feature","id":"sicar_imoveis_rs.3062149","geometry":{"type":"MultiPolygon","coordinates":[[[[-52.98617817,-28.76474498],[-52.9816266,-28.76248182],[-52.98145271,-28.76075224],[-52.98698432,-28.76350791],[-52.98617817,-28.76474498]]]]},"geometry_name":"geo_area_imovel","properties":{"cod_imovel":"RS-4300554-73E15B27D75F420B8336F95266C31E4E","status_imovel":"AT","dat_criacao":"2016-05-20T00:53:04.150Z","area":8.9542,"condicao":"Aguardando análise","uf":"RS","municipio":"Alto Alegre","cod_municipio_ibge":4300554,"m_fiscal":0.4975,"tipo_imovel":"IRU"}},{"type":"Feature","id":"sicar_imoveis_rs.3063366","geometry":{"type":"MultiPolygon","coordinates":[[[[-53.0262049,-28.79538668],[-53.02759956,-28.79720981],[-53.02776834,-28.79769752],[-53.02579359,-28.7990285],[-53.02389942,-28.7966007],[-53.0262049,-28.79538668]]]]},"geometry_name":"geo_area_imovel","properties":{"cod_imovel":"RS-4300554-C3F500CB1ECB435AA61C081EEEA0FBF7","status_imovel":"AT","dat_criacao":"2016-05-20T01:30:26.573Z","area":8.0699,"condicao":"Aguardando análise","uf":"RS","municipio":"Alto Alegre","cod_municipio_ibge":4300554,"m_fiscal":0.4483,"tipo_imovel":"IRU"}},{"type":"Feature","id":"sicar_imoveis_rs.3069541","geometry":{"type":"MultiPolygon","coordinates":[[[[-52.966413,-28.77063211],[-52.96662789,-28.77077713],[-52.96660289,-28.77114274],[-52.96674449,-28.77135453],[-52.96694677,-28.77157343],[-52.96719907,-28.77198078],[-52.96548466,-28.77343092],[-52.96353802,-28.77506877],[-52.95858702,-28.77275576],[-52.95850748,-28.77273465],[-52.95854216,-28.77238276],[-52.95860864,-28.7720544],[-52.95858696,-28.77181447],[-52.9584863,-28.77140364],[-52.95849172,-28.77110556],[-52.9584409,-28.77093166],[-52.95849163,-28.7705404],[-52.95828542,-28.77035415],[-52.95823011,-28.77014983],[-52.96038352,-28.76935864],[-52.96530416,-28.77093572],[-52.966413,-28.77063211]]]]},"geometry_name":"geo_area_imovel","properties":{"cod_imovel":"RS-4300554-07607A0463744D3689DE60B7A78405A3","status_imovel":"AT","dat_criacao":"2016-05-20T04:54:03.190Z","area":32.9793,"condicao":"Aguardando análise","uf":"RS","municipio":"Alto Alegre","cod_municipio_ibge":4300554,"m_fiscal":1.8322,"tipo_imovel":"IRU"}},{"type":"Feature","id":"sicar_imoveis_rs.3091244","geometry":{"type":"MultiPolygon","coordinates":[[[[-52.97450068,-28.85695955],[-52.97585894,-28.85648074],[-52.97592012,-28.85623863],[-52.9758616,-28.8555227],[-52.97816817,-28.854477],[-52.97690168,-28.8521237],[-52.97320441,-28.85335979],[-52.97334598,-28.85350565],[-52.9735337,-28.85358009],[-52.9737757,-28.85362801],[-52.97401485,-28.85371777],[-52.974354,-28.85388004],[-52.97457227,-28.85402479],[-52.97484305,-28.85433556],[-52.97584447,-28.85553787],[-52.97415742,-28.85630254],[-52.97450068,-28.85695955]]]]},"geometry_name":"geo_area_imovel","properties":{"cod_imovel":"RS-4300554-CFE82CDD7ABC4E60A0B5606CF560B197","status_imovel":"AT","dat_criacao":"2016-05-20T19:54:29.002Z","area":10.6051,"condicao":"Aguardando análise","uf":"RS","municipio":"Alto Alegre","cod_municipio_ibge":4300554,"m_fiscal":0.5892,"tipo_imovel":"IRU"}},{"type":"Feature","id":"sicar_imoveis_rs.3100936","geometry":{"type":"MultiPolygon","coordinates":[[[[-52.98221762,-28.84675008],[-52.98151639,-28.84703933],[-52.98108782,-28.84635513],[-52.98089239,-28.84598265],[-52.9806057,-28.84551066],[-52.98039664,-28.84513036],[-52.98029014,-28.84488333],[-52.98023654,-28.84473152],[-52.98003802,-28.84426063],[-52.98093875,-28.84410579],[-52.98121087,-28.84465102],[-52.98163612,-28.84552502],[-52.98221762,-28.84675008]]]]},"geometry_name":"geo_area_imovel","properties":{"cod_imovel":"RS-4300554-ED85914F0B644DBA83C55FC1DC484571","status_imovel":"AT","dat_criacao":"2016-05-21T01:43:55.021Z","area":2.8792,"condicao":"Aguardando análise","uf":"RS","municipio":"Alto Alegre","cod_municipio_ibge":4300554,"m_fiscal":0.16,"tipo_imovel":"IRU"}},{"type":"Feature","id":"sicar_imoveis_rs.3113611","geometry":{"type":"MultiPolygon","coordinates":[[[[-53.04182053,-28.80555303],[-53.03512573,-28.79853946],[-53.03355932,-28.79963007],[-53.04040432,-28.80675638],[-53.04182053,-28.80555303]]]]},"geometry_name":"geo_area_imovel","properties":{"cod_imovel":"RS-4300554-826402DB9AAF474AACD019B56918C50F","status_imovel":"AT","dat_criacao":"2016-05-21T16:13:25.710Z","area":19.813,"condicao":"Aguardando análise","uf":"RS","municipio":"Alto Alegre","cod_municipio_ibge":4300554,"m_fiscal":1.1007,"tipo_imovel":"IRU"}},{"type":"Feature","id":"sicar_imoveis_rs.3116461","geometry":{"type":"MultiPolygon","coordinates":[[[[-52.99688679,-28.76765362],[-52.99588234,-28.76765486],[-52.99569264,-28.76754207],[-52.99564354,-28.76725635],[-52.9954862,-28.76696392],[-52.99512626,-28.76673572],[-52.99485733,-28.76682226],[-52.99330473,-28.76538315],[-52.9937768,-28.76495053],[-52.99688679,-28.76765362]]]]},"geometry_name":"geo_area_imovel","properties":{"cod_imovel":"RS-4300554-A2020317B28C4426BDFB8C695E92FE85","status_imovel":"AT","dat_criacao":"2016-05-21T19:16:35.087Z","area":2.5297,"condicao":"Aguardando análise","uf":"RS","municipio":"Alto Alegre","cod_municipio_ibge":4300554,"m_fiscal":0.1405,"tipo_imovel":"IRU"}},{"type":"Feature","id":"sicar_imoveis_rs.3116994","geometry":{"type":"MultiPolygon","coordinates":[[[[-53.00094366,-28.76626721],[-52.99611568,-28.76241117],[-52.99680233,-28.76199734],[-53.00208092,-28.7654772],[-53.00094366,-28.76626721]]]]},"geometry_name":"geo_area_imovel","properties":{"cod_imovel":"RS-4300554-AE21D54AF5414A93BC234F0E63AD1F2F","status_imovel":"AT","dat_criacao":"2016-05-21T19:42:48.022Z","area":6.9137,"condicao":"Aguardando análise","uf":"RS","municipio":"Alto Alegre","cod_municipio_ibge":4300554,"m_fiscal":0.3841,"tipo_imovel":"IRU"}},{"type":"Feature","id":"sicar_imoveis_rs.3118129","geometry":{"type":"MultiPolygon","coordinates":[[[[-53.03416584,-28.82818543],[-53.04018413,-28.82814],[-53.03970419,-28.83089977],[-53.03415864,-28.83068356],[-53.03404735,-28.82841297],[-53.03416584,-28.82818543]]]]},"geometry_name":"geo_area_imovel","properties":{"cod_imovel":"RS-4300554-1B4EA069D214475C98664618A7A562CC","status_imovel":"AT","dat_criacao":"2016-05-21T20:29:08.329Z","area":16.6271,"condicao":"Aguardando análise","uf":"RS","municipio":"Alto Alegre","cod_municipio_ibge":4300554,"m_fiscal":0.9237,"tipo_imovel":"IRU"}},{"type":"Feature","id":"sicar_imoveis_rs.3118644","geometry":{"type":"MultiPolygon","coordinates":[[[[-53.03172451,-28.82023322],[-53.0316817,-28.81995118],[-53.03126004,-28.81985837],[-53.03117511,-28.81946066],[-53.03125195,-28.81904695],[-53.03146597,-28.81829394],[-53.03314636,-28.81831302],[-53.03325981,-28.81853327],[-53.03316231,-28.82040108],[-53.03279919,-28.82337752],[-53.03125476,-28.82336017],[-53.03111531,-28.82291656],[-53.03117679,-28.82248355],[-53.03128705,-28.82178305],[-53.03134263,-28.82136946],[-53.03135043,-28.82070896],[-53.03129733,-28.82027959],[-53.03172451,-28.82023322]]]]},"geometry_name":"geo_area_imovel","properties":{"cod_imovel":"RS-4300554-45CEEC81DB49499A9EAF5DE840117DC6","status_imovel":"AT","dat_criacao":"2016-05-21T20:49:34.990Z","area":9.7389,"condicao":"Aguardando análise","uf":"RS","municipio":"Alto Alegre","cod_municipio_ibge":4300554,"m_fiscal":0.5411,"tipo_imovel":"IRU"}},{"type":"Feature","id":"sicar_imoveis_rs.3119044","geometry":{"type":"MultiPolygon","coordinates":[[[[-53.03465294,-28.82069548],[-53.03541554,-28.82230799],[-53.03411722,-28.82298149],[-53.03280739,-28.82335727],[-53.03326392,-28.81853772],[-53.03469818,-28.81918661],[-53.03465294,-28.82069548]]]]},"geometry_name":"geo_area_imovel","properties":{"cod_imovel":"RS-4300554-F48A576A05BD450E9F5F12B34A6BCF6D","status_imovel":"AT","dat_criacao":"2016-05-21T21:04:51.859Z","area":8.2626,"condicao":"Aguardando análise","uf":"RS","municipio":"Alto Alegre","cod_municipio_ibge":4300554,"m_fiscal":0.459,"tipo_imovel":"IRU"}},{"type":"Feature","id":"sicar_imoveis_rs.3119740","geometry":{"type":"MultiPolygon","coordinates":[[[[-53.03531885,-28.82296269],[-53.03709984,-28.82303789],[-53.03530386,-28.82607712],[-53.03427681,-28.82540426],[-53.0339613,-28.82435983],[-53.03280047,-28.82335455],[-53.03283502,-28.82306607],[-53.03356584,-28.82298171],[-53.03531885,-28.82296269]]]]},"geometry_name":"geo_area_imovel","properties":{"cod_imovel":"RS-4300554-E821D4060A73444B903CB501CBDC1024","status_imovel":"AT","dat_criacao":"2016-05-21T21:32:35.795Z","area":7.8165,"condicao":"Aguardando análise","uf":"RS","municipio":"Alto Alegre","cod_municipio_ibge":4300554,"m_fiscal":0.4343,"tipo_imovel":"IRU"}},{"type":"Feature","id":"sicar_imoveis_rs.3120096","geometry":{"type":"MultiPolygon","coordinates":[[[[-53.03677797,-28.81585629],[-53.03529739,-28.81730393],[-53.03714275,-28.81865755],[-53.03855896,-28.81713472],[-53.03677797,-28.81585629]]]]},"geometry_name":"geo_area_imovel","properties":{"cod_imovel":"RS-4300554-1A19C8A5CB644B1F8D1C4F04C8CC4EE8","status_imovel":"AT","dat_criacao":"2016-05-21T21:46:20.875Z","area":4.9764,"condicao":"Aguardando análise","uf":"RS","municipio":"Alto Alegre","cod_municipio_ibge":4300554,"m_fiscal":0.2765,"tipo_imovel":"IRU"}},{"type":"Feature","id":"sicar_imoveis_rs.3122422","geometry":{"type":"MultiPolygon","coordinates":[[[[-52.99806482,-28.76788798],[-52.99853357,-28.76819953],[-52.99364912,-28.77405741],[-52.99389318,-28.77437157],[-52.99323473,-28.77482916],[-52.99303567,-28.77465485],[-52.99320272,-28.7745125],[-52.9930524,-28.7743935],[-52.993222,-28.77424169],[-52.99302692,-28.77401869],[-52.99256876,-28.77362155],[-52.99282324,-28.77336592],[-52.99272537,-28.77320771],[-52.99725294,-28.76790363],[-52.99806482,-28.76788798]]]]},"geometry_name":"geo_area_imovel","properties":{"cod_imovel":"RS-4300554-A9612C11EC1645488FDF171ABAA462BC","status_imovel":"AT","dat_criacao":"2016-05-21T23:44:03.849Z","area":10.5279,"condicao":"Aguardando análise","uf":"RS","municipio":"Alto Alegre","cod_municipio_ibge":4300554,"m_fiscal":0.5849,"tipo_imovel":"IRU"}},{"type":"Feature","id":"sicar_imoveis_rs.3125426","geometry":{"type":"MultiPolygon","coordinates":[[[[-52.96238422,-28.77815419],[-52.96517372,-28.77830465],[-52.96796322,-28.77856795],[-52.96860695,-28.78011014],[-52.96564579,-28.77995968],[-52.96251297,-28.77958354],[-52.96238422,-28.77815419]]]]},"geometry_name":"geo_area_imovel","properties":{"cod_imovel":"RS-4300554-1155161E75A541D3AFBDACBD6F475D39","status_imovel":"AT","dat_criacao":"2016-05-22T02:20:08.453Z","area":9.7072,"condicao":"Aguardando análise","uf":"RS","municipio":"Alto Alegre","cod_municipio_ibge":4300554,"m_fiscal":0.5393,"tipo_imovel":"IRU"}},{"type":"Feature","id":"sicar_imoveis_rs.3129746","geometry":{"type":"MultiPolygon","coordinates":[[[[-52.9971186,-28.76532636],[-52.99646303,-28.76577344],[-52.99745566,-28.76669713],[-52.99805977,-28.7662835],[-52.99936318,-28.76728579],[-52.99870105,-28.76787627],[-52.99330615,-28.76296876],[-52.99461886,-28.76286657],[-52.9971186,-28.76532636]]]]},"geometry_name":"geo_area_imovel","properties":{"cod_imovel":"RS-4300554-EB070890070346DEA57989E40409A282","status_imovel":"AT","dat_criacao":"2016-05-22T06:13:00.957Z","area":5.2921,"condicao":"Aguardando análise","uf":"RS","municipio":"Alto Alegre","cod_municipio_ibge":4300554,"m_fiscal":0.294,"tipo_imovel":"IRU"}},{"type":"Feature","id":"sicar_imoveis_rs.3133702","geometry":{"type":"MultiPolygon","coordinates":[[[[-53.00377607,-28.79333069],[-53.00364257,-28.79344881],[-53.00241143,-28.79385414],[-53.00228411,-28.79351489],[-53.00112786,-28.79344019],[-53.00113381,-28.79352096],[-53.00131188,-28.79406003],[-53.00126901,-28.79425486],[-53.00012571,-28.79469756],[-52.99851328,-28.79463877],[-52.99852279,-28.79447831],[-52.99851798,-28.79437191],[-52.99861005,-28.79420539],[-52.99861043,-28.79394763],[-52.99881417,-28.79371157],[-52.99869295,-28.79357939],[-52.99871101,-28.79342169],[-52.99866416,-28.79334],[-52.99867737,-28.79327682],[-52.99955425,-28.79297075],[-53.00289631,-28.79150661],[-53.00377607,-28.79333069]]]]},"geometry_name":"geo_area_imovel","properties":{"cod_imovel":"RS-4300554-41EAB837F49043F8A5DDD19C81942D7E","status_imovel":"AT","dat_criacao":"2016-05-22T09:55:18.050Z","area":9.211,"condicao":"Aguardando análise","uf":"RS","municipio":"Alto Alegre","cod_municipio_ibge":4300554,"m_fiscal":0.5117,"tipo_imovel":"IRU"}},{"type":"Feature","id":"sicar_imoveis_rs.3134362","geometry":{"type":"MultiPolygon","coordinates":[[[[-53.00298214,-28.80993392],[-53.00285339,-28.81200209],[-52.99830437,-28.81068598],[-52.99379826,-28.80925705],[-52.99474239,-28.8087306],[-52.9961586,-28.80850498],[-52.99813271,-28.80827935],[-53.00057888,-28.80809133],[-53.00302505,-28.80805373],[-53.00298214,-28.80993392]]]]},"geometry_name":"geo_area_imovel","properties":{"cod_imovel":"RS-4300554-C2BF2518BFF94B26B08DC88B30C1D195","status_imovel":"AT","dat_criacao":"2016-05-22T10:27:08.087Z","area":23.0509,"condicao":"Aguardando análise","uf":"RS","municipio":"Alto Alegre","cod_municipio_ibge":4300554,"m_fiscal":1.2806,"tipo_imovel":"IRU"}},{"type":"Feature","id":"sicar_imoveis_rs.3136417","geometry":{"type":"MultiPolygon","coordinates":[[[[-52.97746897,-28.81429582],[-52.97682524,-28.8162323],[-52.97607422,-28.81598789],[-52.97600985,-28.81564948],[-52.97637463,-28.81527347],[-52.97626734,-28.81343098],[-52.97530174,-28.81335577],[-52.97525883,-28.81288574],[-52.97470093,-28.81282934],[-52.97470093,-28.81156965],[-52.97641754,-28.81147565],[-52.97691107,-28.81202089],[-52.97721148,-28.81250972],[-52.97744751,-28.81271653],[-52.97761917,-28.81311136],[-52.97744751,-28.81395741],[-52.97746897,-28.81429582]]]]},"geometry_name":"geo_area_imovel","properties":{"cod_imovel":"RS-4300554-1BF57D33EC26495A8D79EA965F2BABBC","status_imovel":"AT","dat_criacao":"2016-05-22T12:08:32.594Z","area":7.6557,"condicao":"Aguardando análise","uf":"RS","municipio":"Alto Alegre","cod_municipio_ibge":4300554,"m_fiscal":0.4253,"tipo_imovel":"IRU"}},{"type":"Feature","id":"sicar_imoveis_rs.3143034","geometry":{"type":"MultiPolygon","coordinates":[[[[-53.02729368,-28.79116812],[-53.02752972,-28.79195793],[-53.0287528,-28.79098007],[-53.02825928,-28.79026547],[-53.02729368,-28.79116812]]]]},"geometry_name":"geo_area_imovel","properties":{"cod_imovel":"RS-4300554-182F5939CA3546AD96D41FF8ACC9BCA2","status_imovel":"AT","dat_criacao":"2016-05-23T17:18:08.374Z","area":1.2621,"condicao":"Aguardando análise","uf":"RS","municipio":"Alto Alegre","cod_municipio_ibge":4300554,"m_fiscal":0.0701,"tipo_imovel":"IRU"}},{"type":"Feature","id":"sicar_imoveis_rs.3152469","geometry":{"type":"MultiPolygon","coordinates":[[[[-53.04707918,-28.7905923],[-53.04620349,-28.79114808],[-53.04569773,-28.79057986],[-53.04522787,-28.79019123],[-53.04379175,-28.78948861],[-53.04416833,-28.78911136],[-53.04439625,-28.7895755],[-53.04461348,-28.78970549],[-53.04488758,-28.78898497],[-53.04533123,-28.78943925],[-53.04580713,-28.7896318],[-53.04707918,-28.7905923]]]]},"geometry_name":"geo_area_imovel","properties":{"cod_imovel":"RS-4300554-9D23958C005C406AB0374D53FEA6B2AA","status_imovel":"AT","dat_criacao":"2016-05-24T15:15:16.386Z","area":2.4342,"condicao":"Aguardando análise","uf":"RS","municipio":"Alto Alegre","cod_municipio_ibge":4300554,"m_fiscal":0.1352,"tipo_imovel":"IRU"}},{"type":"Feature","id":"sicar_imoveis_rs.3153382","geometry":{"type":"MultiPolygon","coordinates":[[[[-52.97278738,-28.83926197],[-52.97200089,-28.8398524],[-52.97142247,-28.84031187],[-52.97135762,-28.84025013],[-52.97126565,-28.84033534],[-52.97118091,-28.84040292],[-52.97112931,-28.84043675],[-52.97072926,-28.84085211],[-52.97018712,-28.84109573],[-52.97010332,-28.84115227],[-52.96995115,-28.84109262],[-52.96984593,-28.8410211],[-52.96975682,-28.84098497],[-52.96961225,-28.84077304],[-52.97033003,-28.84049445],[-52.97043105,-28.84037285],[-52.97106456,-28.84006411],[-52.97099193,-28.84003407],[-52.9707776,-28.83990629],[-52.97069778,-28.83985646],[-52.97054441,-28.83976727],[-52.9704735,-28.83970985],[-52.97041426,-28.83965968],[-52.970379,-28.8396176],[-52.97036878,-28.83959129],[-52.970357,-28.83955269],[-52.97038824,-28.83948246],[-52.97055141,-28.8393603],[-52.97100746,-28.83893294],[-52.97151717,-28.83927526],[-52.97194717,-28.8387779],[-52.972779,-28.83913399],[-52.97278738,-28.83926197]]]]},"geometry_name":"geo_area_imovel","properties":{"cod_imovel":"RS-4300554-038031E3AE9041E0B21A0EC94D6A97EA","status_imovel":"AT","dat_criacao":"2016-05-24T15:55:38.345Z","area":2.9072,"condicao":"Aguardando análise","uf":"RS","municipio":"Alto Alegre","cod_municipio_ibge":4300554,"m_fiscal":0.1615,"tipo_imovel":"IRU"}},{"type":"Feature","id":"sicar_imoveis_rs.3154501","geometry":{"type":"MultiPolygon","coordinates":[[[[-53.0192256,-28.81715352],[-53.01447994,-28.82166605],[-53.01288009,-28.82049938],[-53.01811907,-28.81620413],[-53.0192256,-28.81715352]]]]},"geometry_name":"geo_area_imovel","properties":{"cod_imovel":"RS-4300554-7334B17B24944A51B255520E964D7345","status_imovel":"AT","dat_criacao":"2016-05-24T16:47:45.075Z","area":12.1629,"condicao":"Aguardando análise","uf":"RS","municipio":"Alto Alegre","cod_municipio_ibge":4300554,"m_fiscal":0.6757,"tipo_imovel":"IRU"}},{"type":"Feature","id":"sicar_imoveis_rs.3157811","geometry":{"type":"MultiPolygon","coordinates":[[[[-53.01249879,-28.78769229],[-53.0101734,-28.7881094],[-53.01019419,-28.78782675],[-53.01158789,-28.78728374],[-53.01210872,-28.78703025],[-53.01249879,-28.78769229]]]]},"geometry_name":"geo_area_imovel","properties":{"cod_imovel":"RS-4300554-14258A0CDEA74DA9A07455334F6AADDB","status_imovel":"AT","dat_criacao":"2016-05-24T20:36:23.208Z","area":1.1669,"condicao":"Aguardando análise","uf":"RS","municipio":"Alto Alegre","cod_municipio_ibge":4300554,"m_fiscal":0.0648,"tipo_imovel":"IRU"}},{"type":"Feature","id":"sicar_imoveis_rs.3174091","geometry":{"type":"MultiPolygon","coordinates":[[[[-52.95259179,-28.80886599],[-52.95285836,-28.80698905],[-52.95536757,-28.80718883],[-52.95517445,-28.80897503],[-52.95259179,-28.80886599]]]]},"geometry_name":"geo_area_imovel","properties":{"cod_imovel":"RS-4300554-BA7ACCB91B0C425CBF437CB23E079F0C","status_imovel":"AT","dat_criacao":"2016-05-25T20:51:24.031Z","area":5.084,"condicao":"Aguardando análise","uf":"RS","municipio":"Alto Alegre","cod_municipio_ibge":4300554,"m_fiscal":0.2824,"tipo_imovel":"IRU"}},{"type":"Feature","id":"sicar_imoveis_rs.3175987","geometry":{"type":"MultiPolygon","coordinates":[[[[-53.03562306,-28.81280023],[-53.03399968,-28.81154867],[-53.03574323,-28.81016531],[-53.0366205,-28.81108167],[-53.03734064,-28.811743],[-53.0368468,-28.81201941],[-53.03637314,-28.81234739],[-53.03583925,-28.81267733],[-53.03562306,-28.81280023]]]]},"geometry_name":"geo_area_imovel","properties":{"cod_imovel":"RS-4300554-1C1AEDE732B84B9EA236FDFB29E05A97","status_imovel":"AT","dat_criacao":"2016-05-25T22:15:04.066Z","area":4.7269,"condicao":"Aguardando análise","uf":"RS","municipio":"Alto Alegre","cod_municipio_ibge":4300554,"m_fiscal":0.2626,"tipo_imovel":"IRU"}},{"type":"Feature","id":"sicar_imoveis_rs.3176042","geometry":{"type":"MultiPolygon","coordinates":[[[[-52.98580099,-28.83069783],[-52.98871246,-28.82932048],[-52.9886657,-28.83013227],[-52.98332254,-28.83241176],[-52.98336983,-28.83134124],[-52.98346142,-28.83117655],[-52.98363989,-28.83101861],[-52.98395579,-28.83084275],[-52.98456165,-28.83061272],[-52.98493581,-28.83043605],[-52.98602347,-28.82992669],[-52.98580099,-28.83069783]]]]},"geometry_name":"geo_area_imovel","properties":{"cod_imovel":"RS-4300554-90D348D6DC4E4E33BE7B5548850F427A","status_imovel":"AT","dat_criacao":"2016-05-25T22:17:26.427Z","area":5.732,"condicao":"Aguardando análise","uf":"RS","municipio":"Alto Alegre","cod_municipio_ibge":4300554,"m_fiscal":0.3184,"tipo_imovel":"IRU"}},{"type":"Feature","id":"sicar_imoveis_rs.3176101","geometry":{"type":"MultiPolygon","coordinates":[[[[-53.0546967,-28.82488026],[-53.05397544,-28.82491975],[-53.05387087,-28.82473895],[-53.05378845,-28.82473293],[-53.05330631,-28.82488156],[-53.05283523,-28.82484701],[-53.05290034,-28.82410985],[-53.05306696,-28.82361408],[-53.05401377,-28.824098],[-53.05482426,-28.82432852],[-53.0546967,-28.82488026]]]]},"geometry_name":"geo_area_imovel","properties":{"cod_imovel":"RS-4300554-9759E55840F34EB4BB388831930A0F0C","status_imovel":"AT","dat_criacao":"2016-05-25T22:20:41.433Z","area":1.7585,"condicao":"Aguardando análise","uf":"RS","municipio":"Alto Alegre","cod_municipio_ibge":4300554,"m_fiscal":0.0977,"tipo_imovel":"IRU"}},{"type":"Feature","id":"sicar_imoveis_rs.3176168","geometry":{"type":"MultiPolygon","coordinates":[[[[-52.9412159,-28.78858715],[-52.94141109,-28.78878334],[-52.94162105,-28.78900559],[-52.94181075,-28.78921566],[-52.94184483,-28.78928064],[-52.94204124,-28.78962649],[-52.94204502,-28.78964115],[-52.94199093,-28.78965996],[-52.94192961,-28.78964328],[-52.9418629,-28.78963494],[-52.94158092,-28.78962839],[-52.9412159,-28.78858715]]]]},"geometry_name":"geo_area_imovel","properties":{"cod_imovel":"RS-4300554-996ABF37E100476EAD8D913B01E9C73A","status_imovel":"AT","dat_criacao":"2016-05-25T22:25:12.372Z","area":0.3224,"condicao":"Aguardando análise","uf":"RS","municipio":"Alto Alegre","cod_municipio_ibge":4300554,"m_fiscal":0.0179,"tipo_imovel":"IRU"}},{"type":"Feature","id":"sicar_imoveis_rs.3176620","geometry":{"type":"MultiPolygon","coordinates":[[[[-52.96140012,-28.77402522],[-52.96019806,-28.77346546],[-52.95858323,-28.77274865],[-52.95877818,-28.77215746],[-52.95917458,-28.77235929],[-52.96089429,-28.77308947],[-52.96115506,-28.77324062],[-52.96173466,-28.77349813],[-52.96267903,-28.77420592],[-52.96350144,-28.77508283],[-52.96140012,-28.77402522]]]]},"geometry_name":"geo_area_imovel","properties":{"cod_imovel":"RS-4300554-A045502E9ACF4B30A83EB43E2708978F","status_imovel":"AT","dat_criacao":"2016-05-25T22:48:04.279Z","area":3.0251,"condicao":"Aguardando análise","uf":"RS","municipio":"Alto Alegre","cod_municipio_ibge":4300554,"m_fiscal":0.1681,"tipo_imovel":"IRU"}},{"type":"Feature","id":"sicar_imoveis_rs.3176939","geometry":{"type":"MultiPolygon","coordinates":[[[[-53.03108673,-28.79984152],[-53.02836087,-28.80069194],[-53.02742651,-28.79968216],[-53.02768421,-28.79955881],[-53.02797787,-28.79951776],[-53.02807657,-28.79945139],[-53.02815703,-28.79935608],[-53.02828997,-28.79927985],[-53.02878866,-28.79928589],[-53.02909533,-28.79937052],[-53.02934403,-28.79940029],[-53.02986341,-28.79927343],[-53.03079171,-28.79882185],[-53.03099627,-28.79868394],[-53.03093899,-28.7985121],[-53.03113725,-28.79869793],[-53.03143201,-28.79871812],[-53.03143137,-28.79894323],[-53.0314315,-28.79917805],[-53.03152698,-28.79920859],[-53.03156722,-28.79940018],[-53.03165609,-28.79935968],[-53.03201921,-28.79978785],[-53.03216535,-28.79984792],[-53.03240023,-28.80003013],[-53.03251059,-28.80017354],[-53.03258975,-28.80027641],[-53.03260418,-28.80048843],[-53.03272554,-28.80069004],[-53.03294441,-28.80073445],[-53.03319418,-28.80082041],[-53.03339823,-28.80093734],[-53.03357605,-28.80104823],[-53.03371995,-28.80118779],[-53.03371131,-28.80129796],[-53.03399247,-28.80174704],[-53.03431036,-28.80183892],[-53.03440926,-28.80196197],[-53.03444346,-28.80208774],[-53.03469708,-28.80236155],[-53.03484736,-28.80271891],[-53.03484472,-28.8027958],[-53.03478602,-28.80294007],[-53.03478032,-28.80311708],[-53.0324155,-28.80486217],[-53.03210709,-28.80444954],[-53.03209445,-28.80422235],[-53.03206817,-28.80382322],[-53.03212645,-28.80272982],[-53.03208905,-28.80230112],[-53.03184207,-28.80191295],[-53.03158128,-28.80149508],[-53.03137734,-28.8009061],[-53.03131886,-28.80049952],[-53.03108673,-28.79984152]]]]},"geometry_name":"geo_area_imovel","properties":{"cod_imovel":"RS-4300554-8213D992684146C18EA216802BA8681B","status_imovel":"AT","dat_criacao":"2016-05-25T23:03:09.832Z","area":14.8381,"condicao":"Aguardando análise","uf":"RS","municipio":"Alto Alegre","cod_municipio_ibge":4300554,"m_fiscal":0.8243,"tipo_imovel":"IRU"}},{"type":"Feature","id":"sicar_imoveis_rs.3178608","geometry":{"type":"MultiPolygon","coordinates":[[[[-53.01627025,-28.83746775],[-53.01463521,-28.83597796],[-53.02009717,-28.83116241],[-53.02091901,-28.8318586],[-53.02134645,-28.83196353],[-53.03125252,-28.82336317],[-53.03363961,-28.82335939],[-53.03428534,-28.82541739],[-53.03353739,-28.82545037],[-53.03313595,-28.8248835],[-53.03260635,-28.82447227],[-53.03181083,-28.82458828],[-53.03132058,-28.8245747],[-53.03131667,-28.82531875],[-53.03102696,-28.82560684],[-53.03116428,-28.82597975],[-53.02562181,-28.83130492],[-53.02515136,-28.83093289],[-53.02308595,-28.83255949],[-53.02164898,-28.8327357],[-53.01627025,-28.83746775]]]]},"geometry_name":"geo_area_imovel","properties":{"cod_imovel":"RS-4300554-C3049D45F85B486E8A4044966B03CCF9","status_imovel":"AT","dat_criacao":"2016-05-26T00:17:41.625Z","area":47.5652,"condicao":"Aguardando análise","uf":"RS","municipio":"Alto Alegre","cod_municipio_ibge":4300554,"m_fiscal":2.6425,"tipo_imovel":"IRU"}},{"type":"Feature","id":"sicar_imoveis_rs.3180059","geometry":{"type":"MultiPolygon","coordinates":[[[[-52.95532082,-28.80710297],[-52.9540801,-28.8069256],[-52.95287848,-28.80685039],[-52.95086145,-28.80681279],[-52.94976711,-28.80671878],[-52.94998169,-28.8046129],[-52.95006752,-28.80378558],[-52.95476675,-28.80374797],[-52.95530354,-28.8040698],[-52.95563152,-28.80443071],[-52.95583963,-28.80478212],[-52.95596838,-28.80512057],[-52.95480967,-28.80557183],[-52.95399427,-28.80598548],[-52.95352221,-28.80639914],[-52.95433185,-28.80665013],[-52.95534986,-28.80692359],[-52.95549761,-28.80706668],[-52.95532082,-28.80710297]]]]},"geometry_name":"geo_area_imovel","properties":{"cod_imovel":"RS-4300554-B651DCB277F247D199A279B81DC02899","status_imovel":"AT","dat_criacao":"2016-05-26T01:23:25.537Z","area":16.9392,"condicao":"Aguardando análise","uf":"RS","municipio":"Alto Alegre","cod_municipio_ibge":4300554,"m_fiscal":0.9411,"tipo_imovel":"IRU"}},{"type":"Feature","id":"sicar_imoveis_rs.3182328","geometry":{"type":"MultiPolygon","coordinates":[[[[-52.97933578,-28.76226069],[-52.98165321,-28.76222307],[-52.98167467,-28.76316358],[-52.98259735,-28.76374669],[-52.98270464,-28.76459314],[-52.97871351,-28.764706],[-52.97884226,-28.76408527],[-52.97912121,-28.76361502],[-52.97933578,-28.76295667],[-52.97933578,-28.76226069]]]]},"geometry_name":"geo_area_imovel","properties":{"cod_imovel":"RS-4300554-6DAB327D304B4C13AE8D586BBCDE0A18","status_imovel":"AT","dat_criacao":"2016-05-26T03:17:51.358Z","area":7.9278,"condicao":"Aguardando análise","uf":"RS","municipio":"Alto Alegre","cod_municipio_ibge":4300554,"m_fiscal":0.4404,"tipo_imovel":"IRU"}},{"type":"Feature","id":"sicar_imoveis_rs.3185069","geometry":{"type":"MultiPolygon","coordinates":[[[[-52.93341637,-28.76429218],[-52.93369532,-28.76346454],[-52.93839455,-28.76602268],[-52.93820143,-28.76653054],[-52.93341637,-28.76429218]]]]},"geometry_name":"geo_area_imovel","properties":{"cod_imovel":"RS-4300554-A7C3551DCD08490994A3B844037AE236","status_imovel":"AT","dat_criacao":"2016-05-26T05:57:58.621Z","area":4.0404,"condicao":"Aguardando análise","uf":"RS","municipio":"Alto Alegre","cod_municipio_ibge":4300554,"m_fiscal":0.2245,"tipo_imovel":"IRU"}},{"type":"Feature","id":"sicar_imoveis_rs.3196586","geometry":{"type":"MultiPolygon","coordinates":[[[[-53.04003012,-28.81815651],[-53.03868978,-28.81718288],[-53.03527103,-28.81943963],[-53.03839158,-28.82095211],[-53.04003012,-28.81815651]]]]},"geometry_name":"geo_area_imovel","properties":{"cod_imovel":"RS-4300554-9C50CB606A014A70A078B8F25D0729B1","status_imovel":"AT","dat_criacao":"2016-05-26T20:01:06.869Z","area":9.4976,"condicao":"Aguardando análise","uf":"RS","municipio":"Alto Alegre","cod_municipio_ibge":4300554,"m_fiscal":0.5276,"tipo_imovel":"IRU"}},{"type":"Feature","id":"sicar_imoveis_rs.3199599","geometry":{"type":"MultiPolygon","coordinates":[[[[-52.98578291,-28.85701298],[-52.98529238,-28.85743016],[-52.9844037,-28.85816887],[-52.98419853,-28.85767626],[-52.98412721,-28.85743207],[-52.98469976,-28.857061],[-52.98720237,-28.85505893],[-52.98743257,-28.85565315],[-52.98578291,-28.85701298]]]]},"geometry_name":"geo_area_imovel","properties":{"cod_imovel":"RS-4300554-FA68CE21045E46EB9DF4F973FC34A8C7","status_imovel":"AT","dat_criacao":"2016-05-26T22:11:54.129Z","area":2.7446,"condicao":"Aguardando análise","uf":"RS","municipio":"Alto Alegre","cod_municipio_ibge":4300554,"m_fiscal":0.1525,"tipo_imovel":"IRU"}},{"type":"Feature","id":"sicar_imoveis_rs.3201238","geometry":{"type":"MultiPolygon","coordinates":[[[[-53.02026205,-28.83124179],[-53.01850132,-28.82971538],[-53.01304682,-28.83469359],[-53.01481507,-28.83615076],[-53.02026205,-28.83124179]]]]},"geometry_name":"geo_area_imovel","properties":{"cod_imovel":"RS-4300554-50FE5DE344A644E0B0ABA7E9CD168315","status_imovel":"AT","dat_criacao":"2016-05-26T23:29:49.732Z","area":18.2337,"condicao":"Aguardando análise","uf":"RS","municipio":"Alto Alegre","cod_municipio_ibge":4300554,"m_fiscal":1.013,"tipo_imovel":"IRU"}},{"type":"Feature","id":"sicar_imoveis_rs.3201551","geometry":{"type":"MultiPolygon","coordinates":[[[[-53.03672255,-28.83354788],[-53.03926011,-28.83358659],[-53.03873021,-28.83092767],[-53.03623667,-28.83082826],[-53.03672255,-28.83354788]]]]},"geometry_name":"geo_area_imovel","properties":{"cod_imovel":"RS-4300554-3393A7CD2D414395A3A0AC2AD4B9E724","status_imovel":"AT","dat_criacao":"2016-05-26T23:42:06.887Z","area":7.2809,"condicao":"Aguardando análise","uf":"RS","municipio":"Alto Alegre","cod_municipio_ibge":4300554,"m_fiscal":0.4045,"tipo_imovel":"IRU"}},{"type":"Feature","id":"sicar_imoveis_rs.3203948","geometry":{"type":"MultiPolygon","coordinates":[[[[-53.01201582,-28.81982315],[-53.01298141,-28.82049994],[-53.01283121,-28.82059394],[-53.01037068,-28.81903781],[-53.01030681,-28.81855324],[-53.01036169,-28.81835615],[-53.01047927,-28.81822333],[-53.01056042,-28.81801853],[-53.01061017,-28.81768918],[-53.01084636,-28.81754549],[-53.01096264,-28.81697973],[-53.01100835,-28.81684017],[-53.01107265,-28.8164118],[-53.011111,-28.81614679],[-53.01117209,-28.81579647],[-53.01112994,-28.81552984],[-53.01116737,-28.81538607],[-53.01113123,-28.81523132],[-53.01123037,-28.81502536],[-53.01118764,-28.81482501],[-53.01121887,-28.81453143],[-53.01112053,-28.81430579],[-53.01093085,-28.81401762],[-53.01086957,-28.81366402],[-53.01012754,-28.81329937],[-53.01090002,-28.81339338],[-53.01094037,-28.81297854],[-53.0128985,-28.81373009],[-53.01500188,-28.81466886],[-53.01634294,-28.81528018],[-53.01551918,-28.81623576],[-53.01463088,-28.8157675],[-53.01201582,-28.81982315]]]]},"geometry_name":"geo_area_imovel","properties":{"cod_imovel":"RS-4300554-08E087918AE249589B6F08B21DE51954","status_imovel":"AT","dat_criacao":"2016-05-27T01:32:48.022Z","area":21.1051,"condicao":"Aguardando análise","uf":"RS","municipio":"Alto Alegre","cod_municipio_ibge":4300554,"m_fiscal":1.1725,"tipo_imovel":"IRU"}},{"type":"Feature","id":"sicar_imoveis_rs.3204014","geometry":{"type":"MultiPolygon","coordinates":[[[[-53.03167105,-28.79447777],[-53.03598404,-28.79581288],[-53.03664923,-28.79519234],[-53.03654194,-28.79500429],[-53.02772284,-28.79192032],[-53.02755117,-28.79207076],[-53.02815199,-28.7933871],[-53.02937508,-28.79381961],[-53.03107023,-28.79410168],[-53.03167105,-28.79447777]]]]},"geometry_name":"geo_area_imovel","properties":{"cod_imovel":"RS-4300554-CB831C5D22AB4D6895A62118E6C2CB77","status_imovel":"AT","dat_criacao":"2016-05-27T01:35:28.747Z","area":10.5688,"condicao":"Aguardando análise","uf":"RS","municipio":"Alto Alegre","cod_municipio_ibge":4300554,"m_fiscal":0.5872,"tipo_imovel":"IRU"}},{"type":"Feature","id":"sicar_imoveis_rs.3215610","geometry":{"type":"MultiPolygon","coordinates":[[[[-53.033516,-28.78876834],[-53.03357551,-28.78871229],[-53.03592456,-28.79114265],[-53.03463561,-28.79197996],[-53.03294626,-28.79031168],[-53.03239529,-28.78961721],[-53.03345389,-28.7887064],[-53.033516,-28.78876834]]]]},"geometry_name":"geo_area_imovel","properties":{"cod_imovel":"RS-4300554-5C921BE3A1DE43D2B9F0DE98D28A106E","status_imovel":"AT","dat_criacao":"2016-05-27T11:50:22.669Z","area":5.5626,"condicao":"Aguardando análise","uf":"RS","municipio":"Alto Alegre","cod_municipio_ibge":4300554,"m_fiscal":0.309,"tipo_imovel":"IRU"}},{"type":"Feature","id":"sicar_imoveis_rs.3215804","geometry":{"type":"MultiPolygon","coordinates":[[[[-53.02563321,-28.78539654],[-53.02743153,-28.78523205],[-53.02774083,-28.78410933],[-53.02905092,-28.78499444],[-53.02975175,-28.78580508],[-53.0295195,-28.78602048],[-53.02928012,-28.78633449],[-53.02919422,-28.78656962],[-53.02907097,-28.78678605],[-53.02898629,-28.78718906],[-53.02898465,-28.78720045],[-53.0289582,-28.78740866],[-53.02890966,-28.78755938],[-53.02513133,-28.7875636],[-53.02388906,-28.7850838],[-53.02559241,-28.78393272],[-53.02563321,-28.78539654]]]]},"geometry_name":"geo_area_imovel","properties":{"cod_imovel":"RS-4300554-75D6C37799934AB79BAD3CBB0F497867","status_imovel":"AT","dat_criacao":"2016-05-27T11:58:58.538Z","area":14.2827,"condicao":"Aguardando análise","uf":"RS","municipio":"Alto Alegre","cod_municipio_ibge":4300554,"m_fiscal":0.7935,"tipo_imovel":"IRU"}},{"type":"Feature","id":"sicar_imoveis_rs.3215844","geometry":{"type":"MultiPolygon","coordinates":[[[[-52.95815706,-28.80183007],[-52.96517372,-28.80130358],[-52.96558142,-28.8020557],[-52.96652555,-28.80186767],[-52.9668045,-28.80233775],[-52.96663284,-28.80293945],[-52.96652555,-28.80354114],[-52.9662466,-28.80425565],[-52.96607494,-28.80495135],[-52.96586037,-28.80575986],[-52.96562433,-28.80641794],[-52.96555996,-28.80700081],[-52.96534538,-28.80835456],[-52.96575308,-28.80878701],[-52.96611786,-28.80914424],[-52.96577454,-28.8097835],[-52.96583891,-28.81027235],[-52.96083927,-28.81012194],[-52.9609251,-28.80735805],[-52.96047449,-28.80711362],[-52.95948744,-28.80726404],[-52.95867205,-28.80701961],[-52.95802832,-28.80666237],[-52.95757771,-28.80639914],[-52.95725584,-28.8060983],[-52.95701981,-28.80564704],[-52.95736313,-28.80493254],[-52.95740604,-28.80421804],[-52.95774937,-28.80340952],[-52.95807123,-28.80254458],[-52.95815706,-28.80183007]]]]},"geometry_name":"geo_area_imovel","properties":{"cod_imovel":"RS-4300554-47C0FF026D8E4D2CA9E58075E2697884","status_imovel":"AT","dat_criacao":"2016-05-27T12:01:15.777Z","area":66.8214,"condicao":"Aguardando análise","uf":"RS","municipio":"Alto Alegre","cod_municipio_ibge":4300554,"m_fiscal":3.7123,"tipo_imovel":"IRU"}},{"type":"Feature","id":"sicar_imoveis_rs.3219152","geometry":{"type":"MultiPolygon","coordinates":[[[[-52.98070908,-28.78879865],[-52.9886055,-28.79718558],[-52.98718929,-28.799254],[-52.985816,-28.79846424],[-52.9869318,-28.79707276],[-52.98362732,-28.79556842],[-52.9830265,-28.79428972],[-52.97903538,-28.79357515],[-52.97912121,-28.79240925],[-52.98070908,-28.78879865]]]]},"geometry_name":"geo_area_imovel","properties":{"cod_imovel":"RS-4300554-3EFA90D96BA6451AAD00FEBBE3A1C64B","status_imovel":"AT","dat_criacao":"2016-05-27T14:24:27.420Z","area":32.2905,"condicao":"Aguardando análise","uf":"RS","municipio":"Alto Alegre","cod_municipio_ibge":4300554,"m_fiscal":1.7939,"tipo_imovel":"IRU"}},{"type":"Feature","id":"sicar_imoveis_rs.3227394","geometry":{"type":"MultiPolygon","coordinates":[[[[-52.97965765,-28.79983691],[-52.97036648,-28.79936682],[-52.97045231,-28.79686591],[-52.96899319,-28.79675309],[-52.96781301,-28.79650863],[-52.96819925,-28.79598212],[-52.96854258,-28.79538038],[-52.96871424,-28.79479744],[-52.96916485,-28.79447777],[-52.96978712,-28.79425211],[-52.97062397,-28.79383841],[-52.97156811,-28.79318025],[-52.97221184,-28.79201435],[-52.97332764,-28.79193913],[-52.97500134,-28.79212718],[-52.975173,-28.79274774],[-52.97558069,-28.79331188],[-52.97656775,-28.79387602],[-52.97776937,-28.79436494],[-52.97892809,-28.79459059],[-52.97916412,-28.7958881],[-52.97955036,-28.79837023],[-52.97965765,-28.79983691]]]]},"geometry_name":"geo_area_imovel","properties":{"cod_imovel":"RS-4300554-FBB028A0115D4DB2A256B21BBD23EBE8","status_imovel":"AT","dat_criacao":"2016-05-30T17:01:21.730Z","area":67.0395,"condicao":"Aguardando análise","uf":"RS","municipio":"Alto Alegre","cod_municipio_ibge":4300554,"m_fiscal":3.7244,"tipo_imovel":"IRU"}},{"type":"Feature","id":"sicar_imoveis_rs.3239021","geometry":{"type":"MultiPolygon","coordinates":[[[[-53.04439545,-28.82629012],[-53.04662704,-28.82745564],[-53.04675579,-28.83595223],[-53.04890156,-28.83516276],[-53.04907322,-28.82899711],[-53.04868698,-28.82862114],[-53.04864407,-28.82805719],[-53.04993153,-28.82801959],[-53.05143356,-28.8279444],[-53.05224895,-28.82745564],[-53.05319309,-28.82674129],[-53.05383682,-28.82632772],[-53.05315018,-28.82610213],[-53.05207729,-28.82598934],[-53.04885864,-28.82640291],[-53.04679871,-28.8266661],[-53.04439545,-28.82629012]]]]},"geometry_name":"geo_area_imovel","properties":{"cod_imovel":"RS-4300554-4F2783B00E8D4C958A6C9E2DDFCFBD0E","status_imovel":"AT","dat_criacao":"2016-05-31T01:45:27.885Z","area":30.6608,"condicao":"Aguardando análise","uf":"RS","municipio":"Alto Alegre","cod_municipio_ibge":4300554,"m_fiscal":1.7034,"tipo_imovel":"IRU"}},{"type":"Feature","id":"sicar_imoveis_rs.3245676","geometry":{"type":"MultiPolygon","coordinates":[[[[-52.96247005,-28.77963996],[-52.96867132,-28.78020418],[-52.96920776,-28.78165231],[-52.96242714,-28.78099407],[-52.96247005,-28.77963996]]]]},"geometry_name":"geo_area_imovel","properties":{"cod_imovel":"RS-4300554-7B0FC0E50290426DB9761C7DCED03FD2","status_imovel":"AT","dat_criacao":"2016-05-31T07:52:13.701Z","area":9.6801,"condicao":"Aguardando análise","uf":"RS","municipio":"Alto Alegre","cod_municipio_ibge":4300554,"m_fiscal":0.5378,"tipo_imovel":"IRU"}},{"type":"Feature","id":"sicar_imoveis_rs.3246969","geometry":{"type":"MultiPolygon","coordinates":[[[[-53.06080918,-28.79811482],[-53.06065829,-28.7988066],[-53.06072783,-28.79890086],[-53.06044396,-28.79940927],[-53.06037341,-28.79956469],[-53.06017533,-28.79955937],[-53.05974375,-28.79965521],[-53.05891108,-28.79980351],[-53.05888522,-28.79978485],[-53.0589064,-28.79944162],[-53.05918055,-28.7987646],[-53.05944204,-28.79809769],[-53.05959446,-28.79809825],[-53.06013959,-28.7981201],[-53.06080918,-28.79811482]]]]},"geometry_name":"geo_area_imovel","properties":{"cod_imovel":"RS-4300554-1F30472A425C432480025D31EFBDEDA8","status_imovel":"AT","dat_criacao":"2016-05-31T10:25:32.727Z","area":2.5216,"condicao":"Aguardando análise","uf":"RS","municipio":"Alto Alegre","cod_municipio_ibge":4300554,"m_fiscal":0.1362,"tipo_imovel":"IRU"}},{"type":"Feature","id":"sicar_imoveis_rs.3262675","geometry":{"type":"MultiPolygon","coordinates":[[[[-53.04409504,-28.82651571],[-53.04342985,-28.83110249],[-53.04512501,-28.83260631],[-53.04495335,-28.83572667],[-53.04660559,-28.83636577],[-53.04714203,-28.82758723],[-53.04409504,-28.82651571]]]]},"geometry_name":"geo_area_imovel","properties":{"cod_imovel":"RS-4300554-DF7FB929D7E1456D990FAAF2603E8965","status_imovel":"AT","dat_criacao":"2016-06-01T14:28:47.866Z","area":25.1591,"condicao":"Aguardando análise","uf":"RS","municipio":"Alto Alegre","cod_municipio_ibge":4300554,"m_fiscal":1.3977,"tipo_imovel":"IRU"}},{"type":"Feature","id":"sicar_imoveis_rs.3284591","geometry":{"type":"MultiPolygon","coordinates":[[[[-52.9441452,-28.78926879],[-52.94393063,-28.78985176],[-52.94350147,-28.78992698],[-52.94320107,-28.78979534],[-52.94234276,-28.78956968],[-52.94172049,-28.78885507],[-52.94131279,-28.78834732],[-52.94109821,-28.78765151],[-52.94337273,-28.78751987],[-52.94369459,-28.78770793],[-52.94369459,-28.78817807],[-52.94405937,-28.78885507],[-52.9441452,-28.78926879]]]]},"geometry_name":"geo_area_imovel","properties":{"cod_imovel":"RS-4300554-6790C83697E646F79444E23F81EB9132","status_imovel":"AT","dat_criacao":"2016-06-02T14:35:30.881Z","area":5.3411,"condicao":"Aguardando análise","uf":"RS","municipio":"Alto Alegre","cod_municipio_ibge":4300554,"m_fiscal":0.2967,"tipo_imovel":"IRU"}},{"type":"Feature","id":"sicar_imoveis_rs.3288329","geometry":{"type":"MultiPolygon","coordinates":[[[[-53.01680088,-28.76888171],[-53.01617861,-28.7692767],[-53.01295562,-28.76551075],[-53.01294923,-28.76550541],[-53.0129385,-28.76550541],[-53.0129385,-28.76550541],[-53.0129385,-28.76550541],[-53.0129385,-28.76550541],[-53.0129385,-28.76550541],[-53.01294817,-28.76549568],[-53.01358223,-28.76491291],[-53.01680088,-28.76888171]]]]},"geometry_name":"geo_area_imovel","properties":{"cod_imovel":"RS-4300554-C1D3AC2E6D124FAF950841EA8A76652D","status_imovel":"AT","dat_criacao":"2016-06-02T17:36:31.272Z","area":4.3526,"condicao":"Aguardando análise","uf":"RS","municipio":"Alto Alegre","cod_municipio_ibge":4300554,"m_fiscal":0.2418,"tipo_imovel":"IRU"}},{"type":"Feature","id":"sicar_imoveis_rs.3288454","geometry":{"type":"MultiPolygon","coordinates":[[[[-53.00146579,-28.78263585],[-53.0014278,-28.78280365],[-53.00160288,-28.78330805],[-52.99888384,-28.78155166],[-52.99899673,-28.78143933],[-53.00146579,-28.78263585]]]]},"geometry_name":"geo_area_imovel","properties":{"cod_imovel":"RS-4300554-C88C794C468444108CD8DF411D1D4469","status_imovel":"AT","dat_criacao":"2016-06-02T17:43:16.660Z","area":1.0558,"condicao":"Aguardando análise","uf":"RS","municipio":"Alto Alegre","cod_municipio_ibge":4300554,"m_fiscal":0.0587,"tipo_imovel":"IRU"}},{"type":"Feature","id":"sicar_imoveis_rs.3288633","geometry":{"type":"MultiPolygon","coordinates":[[[[-53.02261591,-28.77497568],[-53.0188179,-28.77676243],[-53.01851749,-28.77619819],[-53.02203655,-28.77420455],[-53.02261591,-28.77497568]]]]},"geometry_name":"geo_area_imovel","properties":{"cod_imovel":"RS-4300554-8D08E79807584A0F8F09B50DB7D9F542","status_imovel":"AT","dat_criacao":"2016-06-02T17:53:38.312Z","area":3.5441,"condicao":"Aguardando análise","uf":"RS","municipio":"Alto Alegre","cod_municipio_ibge":4300554,"m_fiscal":0.1969,"tipo_imovel":"IRU"}},{"type":"Feature","id":"sicar_imoveis_rs.3290961","geometry":{"type":"MultiPolygon","coordinates":[[[[-52.94910192,-28.76750863],[-52.96139717,-28.76278737],[-52.96174049,-28.76291905],[-52.94920921,-28.76780958],[-52.94910192,-28.76750863]]]]},"geometry_name":"geo_area_imovel","properties":{"cod_imovel":"RS-4300554-CA344AE54DDC4FB4B9B40A042180DE24","status_imovel":"AT","dat_criacao":"2016-06-02T20:02:28.465Z","area":4.0788,"condicao":"Aguardando análise","uf":"RS","municipio":"Alto Alegre","cod_municipio_ibge":4300554,"m_fiscal":0.2262,"tipo_imovel":"IRU"}},{"type":"Feature","id":"sicar_imoveis_rs.3291114","geometry":{"type":"MultiPolygon","coordinates":[[[[-52.95071125,-28.77429859],[-52.95607567,-28.7727375],[-52.95592546,-28.77215444],[-52.9505825,-28.77365911],[-52.95071125,-28.77429859]]]]},"geometry_name":"geo_area_imovel","properties":{"cod_imovel":"RS-4300554-10A04DB937D04CDB83B2B9971181C3BB","status_imovel":"AT","dat_criacao":"2016-06-02T20:10:01.377Z","area":3.7736,"condicao":"Aguardando análise","uf":"RS","municipio":"Alto Alegre","cod_municipio_ibge":4300554,"m_fiscal":0.2096,"tipo_imovel":"IRU"}},{"type":"Feature","id":"sicar_imoveis_rs.3293166","geometry":{"type":"MultiPolygon","coordinates":[[[[-52.97353821,-28.83325285],[-52.9735982,-28.83344559],[-52.97368083,-28.83364038],[-52.97354509,-28.83410985],[-52.97347407,-28.83419735],[-52.97331378,-28.83421234],[-52.97224461,-28.83469156],[-52.97181263,-28.83496047],[-52.96946526,-28.83606502],[-52.96955109,-28.83407251],[-52.9735576,-28.83312871],[-52.97353821,-28.83325285]]]]},"geometry_name":"geo_area_imovel","properties":{"cod_imovel":"RS-4300554-9A5A9F7DC5D3483386FFF3840BE93A82","status_imovel":"AT","dat_criacao":"2016-06-02T21:55:17.127Z","area":6.477,"condicao":"Aguardando análise","uf":"RS","municipio":"Alto Alegre","cod_municipio_ibge":4300554,"m_fiscal":0.3598,"tipo_imovel":"IRU"}},{"type":"Feature","id":"sicar_imoveis_rs.3293326","geometry":{"type":"MultiPolygon","coordinates":[[[[-52.93820143,-28.76668102],[-52.9336524,-28.76408527],[-52.93382406,-28.76329525],[-52.938416,-28.7660603],[-52.93820143,-28.76668102]]]]},"geometry_name":"geo_area_imovel","properties":{"cod_imovel":"RS-4300554-7A94E9FB33064F57986ABB1ED375EBD5","status_imovel":"AT","dat_criacao":"2016-06-02T22:05:42.007Z","area":4.05,"condicao":"Aguardando análise","uf":"RS","municipio":"Alto Alegre","cod_municipio_ibge":4300554,"m_fiscal":0.225,"tipo_imovel":"IRU"}},{"type":"Feature","id":"sicar_imoveis_rs.3293880","geometry":{"type":"MultiPolygon","coordinates":[[[[-52.9839336,-28.85654392],[-52.9869488,-28.8547788],[-52.98706122,-28.85471273],[-52.98710296,-28.8548908],[-52.98716177,-28.85509619],[-52.98713554,-28.85519886],[-52.98562623,-28.85637666],[-52.98419503,-28.85739605],[-52.9839336,-28.85654392]]]]},"geometry_name":"geo_area_imovel","properties":{"cod_imovel":"RS-4300554-7698B1820F754A9E8C7E4C626C52DCE1","status_imovel":"AT","dat_criacao":"2016-06-02T22:34:25.678Z","area":2.6506,"condicao":"Aguardando análise","uf":"RS","municipio":"Alto Alegre","cod_municipio_ibge":4300554,"m_fiscal":0.1473,"tipo_imovel":"IRU"}},{"type":"Feature","id":"sicar_imoveis_rs.3294998","geometry":{"type":"MultiPolygon","coordinates":[[[[-52.98455,-28.80354114],[-52.98311234,-28.80273262],[-52.98184633,-28.80043862],[-52.98081636,-28.79835142],[-52.98012972,-28.79694113],[-52.97929287,-28.79528636],[-52.97909975,-28.79449657],[-52.97905684,-28.79359395],[-52.98294067,-28.79442135],[-52.98388481,-28.79596331],[-52.987082,-28.79694113],[-52.98590183,-28.79863348],[-52.98725367,-28.79932922],[-52.98455,-28.80354114]]]]},"geometry_name":"geo_area_imovel","properties":{"cod_imovel":"RS-4300554-375F8300FE0E44A6A0D4705AC360E429","status_imovel":"AT","dat_criacao":"2016-06-02T23:39:38.320Z","area":45.0017,"condicao":"Aguardando análise","uf":"RS","municipio":"Alto Alegre","cod_municipio_ibge":4300554,"m_fiscal":2.5001,"tipo_imovel":"IRU"}},{"type":"Feature","id":"sicar_imoveis_rs.3306243","geometry":{"type":"MultiPolygon","coordinates":[[[[-53.01289558,-28.77997849],[-53.01109314,-28.77886887],[-53.01201582,-28.77751473],[-53.01343203,-28.77781565],[-53.01289558,-28.77997849]]]]},"geometry_name":"geo_area_imovel","properties":{"cod_imovel":"RS-4300554-415D922E64A7447686F3F7EA4E4D13BE","status_imovel":"AT","dat_criacao":"2016-06-03T10:28:03.470Z","area":3.6201,"condicao":"Aguardando análise","uf":"RS","municipio":"Alto Alegre","cod_municipio_ibge":4300554,"m_fiscal":0.2011,"tipo_imovel":"IRU"}},{"type":"Feature","id":"sicar_imoveis_rs.3366768","geometry":{"type":"MultiPolygon","coordinates":[[[[-52.94438562,-28.87562913],[-52.94431264,-28.87554925],[-52.94409372,-28.87514186],[-52.94410285,-28.87503802],[-52.94414029,-28.87483217],[-52.9441467,-28.87474191],[-52.94422616,-28.87436898],[-52.94433786,-28.87331818],[-52.94448901,-28.87190057],[-52.94585267,-28.87166717],[-52.94789673,-28.87136564],[-52.94841221,-28.87118517],[-52.94927432,-28.87401467],[-52.94899612,-28.87437663],[-52.94864511,-28.8747222],[-52.94811672,-28.87488146],[-52.94757191,-28.87509183],[-52.94715142,-28.87523875],[-52.94659513,-28.87541442],[-52.94594711,-28.87544414],[-52.94522296,-28.87548561],[-52.9447029,-28.87558088],[-52.94438562,-28.87562913]]]]},"geometry_name":"geo_area_imovel","properties":{"cod_imovel":"RS-4300554-89CFF96DA57846D4914F61049A33AC53","status_imovel":"AT","dat_criacao":"2016-06-08T16:25:00.866Z","area":18.3661,"condicao":"Aguardando análise","uf":"RS","municipio":"Alto Alegre","cod_municipio_ibge":4300554,"m_fiscal":1.0203,"tipo_imovel":"IRU"}},{"type":"Feature","id":"sicar_imoveis_rs.4200338","geometry":{"type":"MultiPolygon","coordinates":[[[[-52.97045231,-28.779734],[-52.97371594,-28.77849107],[-52.97358748,-28.77924273],[-52.97437244,-28.78077835],[-52.97490081,-28.78145038],[-52.97407771,-28.78416753],[-52.9717041,-28.78412171],[-52.97045231,-28.779734]]]]},"geometry_name":"geo_area_imovel","properties":{"cod_imovel":"RS-4300554-B7EEC941DCF6410AA41D0FE8E2CB9D04","status_imovel":"AT","dat_criacao":"2017-05-10T00:03:01.384Z","area":18.093,"condicao":"Aguardando análise","uf":"RS","municipio":"Alto Alegre","cod_municipio_ibge":4300554,"m_fiscal":1.0052,"tipo_imovel":"IRU"}},{"type":"Feature","id":"sicar_imoveis_rs.4947248","geometry":{"type":"MultiPolygon","coordinates":[[[[-52.95053959,-28.7839091],[-52.95109749,-28.7860154],[-52.95219183,-28.78782076],[-52.9515481,-28.7882909],[-52.95071125,-28.78874224],[-52.94996023,-28.78876104],[-52.94918776,-28.78876104],[-52.94867277,-28.78887388],[-52.94839382,-28.78908074],[-52.94792175,-28.78936282],[-52.94770718,-28.7900022],[-52.94742823,-28.79041592],[-52.94706345,-28.79056636],[-52.94721365,-28.7910929],[-52.94727802,-28.79137498],[-52.94672012,-28.791469],[-52.9462266,-28.79105529],[-52.94607639,-28.79066038],[-52.94588327,-28.79017145],[-52.94588327,-28.78962609],[-52.9456687,-28.78924999],[-52.94538975,-28.78924999],[-52.94500351,-28.78940043],[-52.9447031,-28.78979534],[-52.94438124,-28.79011503],[-52.94395208,-28.79011503],[-52.9435873,-28.78977654],[-52.94341564,-28.78934401],[-52.94341564,-28.78815926],[-52.94335127,-28.78735062],[-52.94345856,-28.78635391],[-52.94339418,-28.7856957],[-52.94311523,-28.78556405],[-52.9428792,-28.78554525],[-52.94240713,-28.78573331],[-52.94212818,-28.78556405],[-52.94180632,-28.78507509],[-52.94118404,-28.78454852],[-52.94075489,-28.78404075],[-52.95053959,-28.7839091]]]]},"geometry_name":"geo_area_imovel","properties":{"cod_imovel":"RS-4300554-9BCAFC9D6FF04FBF8688554239B2C36A","status_imovel":"AT","dat_criacao":"2017-12-20T02:11:06.483Z","area":51.4276,"condicao":"Aguardando análise","uf":"RS","municipio":"Alto Alegre","cod_municipio_ibge":4300554,"m_fiscal":2.8571,"tipo_imovel":"IRU"}},{"type":"Feature","id":"sicar_imoveis_rs.4972372","geometry":{"type":"MultiPolygon","coordinates":[[[[-53.01401818,-28.84158475],[-53.01235137,-28.8430427],[-53.0155356,-28.8450533],[-53.01723541,-28.84345936],[-53.01718089,-28.84341962],[-53.01702649,-28.84332295],[-53.01683836,-28.84321364],[-53.01658707,-28.84309424],[-53.01625212,-28.8429419],[-53.01596392,-28.84280455],[-53.01569509,-28.84270387],[-53.01543994,-28.8425703],[-53.01525189,-28.84244767],[-53.01508899,-28.84234582],[-53.014917,-28.84224008],[-53.01482356,-28.84216492],[-53.01458693,-28.84199031],[-53.01449581,-28.84191408],[-53.01442323,-28.84187424],[-53.01401818,-28.84158475]]]]},"geometry_name":"geo_area_imovel","properties":{"cod_imovel":"RS-4300554-5F54B00E6FFF417C8286557529F3BD77","status_imovel":"AT","dat_criacao":"2017-12-22T01:08:55.786Z","area":8.5788,"condicao":"Aguardando análise","uf":"RS","municipio":"Alto Alegre","cod_municipio_ibge":4300554,"m_fiscal":0.4766,"tipo_imovel":"IRU"}},{"type":"Feature","id":"sicar_imoveis_rs.4989374","geometry":{"type":"MultiPolygon","coordinates":[[[[-53.00841978,-28.78309997],[-53.00827096,-28.78330602],[-53.00183188,-28.78176982],[-53.00196272,-28.78151664],[-53.00194414,-28.78118155],[-53.00841978,-28.78309997]]]]},"geometry_name":"geo_area_imovel","properties":{"cod_imovel":"RS-4300554-FDD88390CCDD40E1B40B1E490F1F585C","status_imovel":"AT","dat_criacao":"2017-12-25T00:33:06.520Z","area":2.9935,"condicao":"Aguardando análise","uf":"RS","municipio":"Alto Alegre","cod_municipio_ibge":4300554,"m_fiscal":0.1663,"tipo_imovel":"IRU"}},{"type":"Feature","id":"sicar_imoveis_rs.5034362","geometry":{"type":"MultiPolygon","coordinates":[[[[-52.95901595,-28.83302583],[-52.95848322,-28.83364331],[-52.95675986,-28.8326185],[-52.95664418,-28.83270657],[-52.95871653,-28.83518732],[-52.95985294,-28.83526447],[-52.95977465,-28.83473656],[-52.95967887,-28.83405118],[-52.95901595,-28.83302583]]]]},"geometry_name":"geo_area_imovel","properties":{"cod_imovel":"RS-4300554-265F44F550E34D59A874FFB93AF662A8","status_imovel":"AT","dat_criacao":"2017-12-29T04:59:16.871Z","area":3.7646,"condicao":"Aguardando análise","uf":"RS","municipio":"Alto Alegre","cod_municipio_ibge":4300554,"m_fiscal":0.2091,"tipo_imovel":"IRU"}},{"type":"Feature","id":"sicar_imoveis_rs.5063105","geometry":{"type":"MultiPolygon","coordinates":[[[[-53.02930536,-28.83245765],[-53.02819225,-28.83347051],[-53.02767485,-28.83320335],[-53.02705915,-28.83381949],[-53.0288493,-28.83536278],[-53.0307397,-28.83358732],[-53.02945351,-28.83243184],[-53.02937711,-28.83242645],[-53.02930536,-28.83245765]]]]},"geometry_name":"geo_area_imovel","properties":{"cod_imovel":"RS-4300554-BFC9DD9005924E79A0EFD2F6AE7CFF67","status_imovel":"AT","dat_criacao":"2017-12-31T01:10:20.422Z","area":5.6893,"condicao":"Aguardando análise","uf":"RS","municipio":"Alto Alegre","cod_municipio_ibge":4300554,"m_fiscal":0.3161,"tipo_imovel":"IRU"}},{"type":"Feature","id":"sicar_imoveis_rs.5101591","geometry":{"type":"MultiPolygon","coordinates":[[[[-52.94049028,-28.78391447],[-52.93839023,-28.78531087],[-52.93758841,-28.78517992],[-52.93665765,-28.78524082],[-52.9353702,-28.78547702],[-52.93431768,-28.78530917],[-52.93264463,-28.78514124],[-52.93180084,-28.78521737],[-52.93133972,-28.78562899],[-52.9307743,-28.78555267],[-52.93020021,-28.78531625],[-52.93017637,-28.78495623],[-52.92981121,-28.78404131],[-52.92974782,-28.7838326],[-52.93242309,-28.78232041],[-52.93698957,-28.77961826],[-52.93911362,-28.77836163],[-52.93939835,-28.77849778],[-52.9397003,-28.77901964],[-52.94007993,-28.77931462],[-52.94039918,-28.77948859],[-52.94096155,-28.77948862],[-52.94168636,-28.77949624],[-52.9423076,-28.77989161],[-52.94259233,-28.78008826],[-52.94236797,-28.78028488],[-52.94203144,-28.7802773],[-52.94171218,-28.78028484],[-52.94167764,-28.78051172],[-52.94178115,-28.78098819],[-52.94216082,-28.78101846],[-52.94245421,-28.78093529],[-52.94267855,-28.78112438],[-52.94281658,-28.78160085],[-52.94296279,-28.78201245],[-52.9430184,-28.78238508],[-52.94283825,-28.78242758],[-52.94188416,-28.78230734],[-52.94137508,-28.78208799],[-52.94137508,-28.78207286],[-52.94127156,-28.78178547],[-52.9411939,-28.78169471],[-52.94090914,-28.78185351],[-52.94042591,-28.78205011],[-52.94002898,-28.7820652],[-52.94002035,-28.7820652],[-52.93981325,-28.78221644],[-52.93971829,-28.78264751],[-52.94049028,-28.78391447]]]]},"geometry_name":"geo_area_imovel","properties":{"cod_imovel":"RS-4300554-C23035EC5265486BBC1D8390E1EC90BE","status_imovel":"AT","dat_criacao":"2018-01-12T04:17:57.700Z","area":54.2788,"condicao":"Aguardando análise","uf":"RS","municipio":"Alto Alegre","cod_municipio_ibge":4300554,"m_fiscal":3.0155,"tipo_imovel":"IRU"}},{"type":"Feature","id":"sicar_imoveis_rs.5574867","geometry":{"type":"MultiPolygon","coordinates":[[[[-53.03450955,-28.78585573],[-53.03310149,-28.7846796],[-53.03175578,-28.78586888],[-53.03211203,-28.78715499],[-53.03450955,-28.78585573]]]]},"geometry_name":"geo_area_imovel","properties":{"cod_imovel":"RS-4300554-C3005A92E53544DEA3475B799CAEAAF5","status_imovel":"AT","dat_criacao":"2018-05-30T04:26:58.462Z","area":3.6819,"condicao":"Aguardando análise","uf":"RS","municipio":"Alto Alegre","cod_municipio_ibge":4300554,"m_fiscal":0.2046,"tipo_imovel":"IRU"}},{"type":"Feature","id":"sicar_imoveis_rs.5599027","geometry":{"type":"MultiPolygon","coordinates":[[[[-52.97600422,-28.84562446],[-52.97569179,-28.84567362],[-52.9750376,-28.84582885],[-52.97427363,-28.84596929],[-52.973491,-28.84608472],[-52.97280854,-28.84625189],[-52.97285881,-28.84629262],[-52.97292217,-28.84634278],[-52.97296523,-28.84638233],[-52.97298539,-28.84645032],[-52.97301299,-28.84655414],[-52.9730286,-28.84668027],[-52.97302379,-28.84678733],[-52.97299963,-28.84692171],[-52.97300026,-28.84704209],[-52.97297483,-28.84711204],[-52.97296332,-28.84719438],[-52.97296835,-28.84730114],[-52.97299523,-28.84747468],[-52.97300719,-28.84752432],[-52.97304064,-28.84758558],[-52.97306728,-28.84763941],[-52.9730953,-28.84768071],[-52.97311959,-28.84772689],[-52.97463378,-28.84736557],[-52.97605244,-28.8470665],[-52.97595053,-28.84612527],[-52.97600422,-28.84562446]]]]},"geometry_name":"geo_area_imovel","properties":{"cod_imovel":"RS-4300554-F239CFDD41F54CFDA3BCDD95DEED39C6","status_imovel":"AT","dat_criacao":"2018-05-31T08:20:16.452Z","area":4.8393,"condicao":"Aguardando análise","uf":"RS","municipio":"Alto Alegre","cod_municipio_ibge":4300554,"m_fiscal":0.2689,"tipo_imovel":"IRU"}},{"type":"Feature","id":"sicar_imoveis_rs.5884625","geometry":{"type":"MultiPolygon","coordinates":[[[[-53.01803531,-28.7872745],[-53.01792208,-28.78728007],[-53.01786613,-28.78723345],[-53.01765849,-28.78725351],[-53.01738562,-28.78723215],[-53.01713962,-28.78726533],[-53.01631175,-28.78731532],[-53.01549975,-28.78731784],[-53.01549963,-28.78731641],[-53.01520358,-28.78732075],[-53.01504297,-28.78914312],[-53.01546856,-28.79135325],[-53.01584517,-28.79137089],[-53.01584607,-28.79136884],[-53.0192837,-28.79155883],[-53.01929016,-28.79155918],[-53.01928501,-28.79138268],[-53.01921205,-28.79086556],[-53.01917228,-28.79072043],[-53.01905505,-28.79055309],[-53.01895865,-28.79038246],[-53.01894491,-28.79035088],[-53.01902702,-28.79033731],[-53.01917711,-28.79031197],[-53.01903112,-28.78963561],[-53.01901583,-28.78956509],[-53.01899997,-28.78937485],[-53.01903014,-28.78918076],[-53.01904715,-28.7888092],[-53.01901503,-28.78854061],[-53.01894761,-28.78834807],[-53.01888682,-28.78807395],[-53.01890884,-28.78793078],[-53.01887637,-28.78776596],[-53.01881482,-28.78757487],[-53.0186987,-28.78745425],[-53.01856531,-28.7872507],[-53.01838039,-28.78725896],[-53.01803531,-28.7872745]]]]},"geometry_name":"geo_area_imovel","properties":{"cod_imovel":"RS-4300554-BAFA1CFE1BD543BDB9934CEB4DFB0A1D","status_imovel":"AT","dat_criacao":"2018-09-01T00:22:49.371Z","area":17.2671,"condicao":"Aguardando análise","uf":"RS","municipio":"Alto Alegre","cod_municipio_ibge":4300554,"m_fiscal":0.9593,"tipo_imovel":"IRU"}},{"type":"Feature","id":"sicar_imoveis_rs.6259454","geometry":{"type":"MultiPolygon","coordinates":[[[[-53.04358526,-28.83611326],[-53.0429155,-28.83607888],[-53.04207986,-28.83604798],[-53.04207989,-28.83743037],[-53.04173558,-28.83740611],[-53.0413622,-28.83728529],[-53.04081771,-28.83707884],[-53.04041911,-28.83714713],[-53.039875,-28.8372469],[-53.03945361,-28.83708124],[-53.03940073,-28.83665241],[-53.03942342,-28.83636145],[-53.03925649,-28.83621329],[-53.03868069,-28.83650877],[-53.03795936,-28.83679068],[-53.03717636,-28.8369102],[-53.03693685,-28.83539664],[-53.03660273,-28.83359876],[-53.03873905,-28.83316035],[-53.03934548,-28.83294612],[-53.03918168,-28.83090249],[-53.04155173,-28.83089968],[-53.04419269,-28.83092242],[-53.04414584,-28.83276548],[-53.04418906,-28.83625381],[-53.04358526,-28.83611326]]]]},"geometry_name":"geo_area_imovel","properties":{"cod_imovel":"RS-4300554-980B907A8DD74E5EA8D81A78097B7D01","status_imovel":"AT","dat_criacao":"2019-01-01T00:06:29.941Z","area":39.5085,"condicao":"Aguardando análise","uf":"RS","municipio":"Alto Alegre","cod_municipio_ibge":4300554,"m_fiscal":2.1949,"tipo_imovel":"IRU"}},{"type":"Feature","id":"sicar_imoveis_rs.6429335","geometry":{"type":"MultiPolygon","coordinates":[[[[-52.96623397,-28.81248585],[-52.96627109,-28.8128915],[-52.9662095,-28.81319148],[-52.96608133,-28.81345979],[-52.96617041,-28.81356386],[-52.96654974,-28.8135768],[-52.96666892,-28.81375467],[-52.96711884,-28.81406947],[-52.96749361,-28.81430319],[-52.96751247,-28.8143099],[-52.9628131,-28.81421073],[-52.95961763,-28.81405426],[-52.95407337,-28.81359969],[-52.95429096,-28.81249433],[-52.95443809,-28.81164778],[-52.9570445,-28.81181472],[-52.95954967,-28.81196708],[-52.96082012,-28.81201447],[-52.96156043,-28.81207397],[-52.96445384,-28.81223325],[-52.96621895,-28.81233941],[-52.96623397,-28.81248585]]]]},"geometry_name":"geo_area_imovel","properties":{"cod_imovel":"RS-4300554-EE0B67C376154418ABE84E0D52FB354F","status_imovel":"AT","dat_criacao":"2019-02-19T01:03:05.502Z","area":26.9207,"condicao":"Aguardando análise","uf":"RS","municipio":"Alto Alegre","cod_municipio_ibge":4300554,"m_fiscal":1.4956,"tipo_imovel":"IRU"}},{"type":"Feature","id":"sicar_imoveis_rs.6543738","geometry":{"type":"MultiPolygon","coordinates":[[[[-52.95006752,-28.86147544],[-52.9467845,-28.86260298],[-52.94532537,-28.86241506],[-52.94641972,-28.86081771],[-52.94601202,-28.8605922],[-52.94556141,-28.86034789],[-52.9456687,-28.85972774],[-52.94466019,-28.85997204],[-52.94427395,-28.86247144],[-52.94483185,-28.8625466],[-52.94481039,-28.86395601],[-52.94538975,-28.86410635],[-52.94586182,-28.86401239],[-52.95015335,-28.86282849],[-52.95006752,-28.86147544]]]]},"geometry_name":"geo_area_imovel","properties":{"cod_imovel":"RS-4300554-994F01DF36934710943BF81CDC06B945","status_imovel":"AT","dat_criacao":"2019-03-09T00:36:48.349Z","area":11.5432,"condicao":"Aguardando análise","uf":"RS","municipio":"Alto Alegre","cod_municipio_ibge":4300554,"m_fiscal":0.6413,"tipo_imovel":"IRU"}},{"type":"Feature","id":"sicar_imoveis_rs.6543792","geometry":{"type":"MultiPolygon","coordinates":[[[[-52.99040794,-28.79440255],[-52.99725294,-28.79754286],[-52.99658775,-28.79880271],[-52.98969984,-28.79562484],[-52.99040794,-28.79440255]]]]},"geometry_name":"geo_area_imovel","properties":{"cod_imovel":"RS-4300554-18A0EB6FC4394DB3988466C3338C8EBF","status_imovel":"AT","dat_criacao":"2019-03-09T00:45:40.934Z","area":11.5697,"condicao":"Aguardando análise","uf":"RS","municipio":"Alto Alegre","cod_municipio_ibge":4300554,"m_fiscal":0.6428,"tipo_imovel":"IRU"}},{"type":"Feature","id":"sicar_imoveis_rs.6610022","geometry":{"type":"MultiPolygon","coordinates":[[[[-52.96160395,-28.85187804],[-52.96135802,-28.85246505],[-52.96035978,-28.85256556],[-52.95935588,-28.85256555],[-52.95832845,-28.85242242],[-52.95834913,-28.85146277],[-52.95821633,-28.85021718],[-52.96245913,-28.84956019],[-52.96160395,-28.85187804]]]]},"geometry_name":"geo_area_imovel","properties":{"cod_imovel":"RS-4300554-13DB5348BD944A40A12F3FE051D1C915","status_imovel":"AT","dat_criacao":"2019-03-21T01:31:07.794Z","area":10.1037,"condicao":"Aguardando análise","uf":"RS","municipio":"Alto Alegre","cod_municipio_ibge":4300554,"m_fiscal":0.5613,"tipo_imovel":"IRU"}},{"type":"Feature","id":"sicar_imoveis_rs.6615612","geometry":{"type":"MultiPolygon","coordinates":[[[[-52.98221888,-28.80845798],[-52.98169289,-28.80848438],[-52.98109212,-28.80849313],[-52.98045974,-28.80849757],[-52.9799392,-28.80854634],[-52.97985976,-28.80869781],[-52.97975917,-28.80927775],[-52.98149358,-28.81048752],[-52.98177552,-28.80974136],[-52.98202395,-28.80915215],[-52.98208336,-28.80898813],[-52.98221888,-28.80845798]]]]},"geometry_name":"geo_area_imovel","properties":{"cod_imovel":"RS-4300554-B3ACCD45D26B4E4699EC178A5706BD34","status_imovel":"AT","dat_criacao":"2019-03-22T02:14:27.537Z","area":3.3621,"condicao":"Aguardando análise","uf":"RS","municipio":"Alto Alegre","cod_municipio_ibge":4300554,"m_fiscal":0.1868,"tipo_imovel":"IRU"}},{"type":"Feature","id":"sicar_imoveis_rs.6681752","geometry":{"type":"MultiPolygon","coordinates":[[[[-52.96311378,-28.78924999],[-52.96433687,-28.78789599],[-52.96669722,-28.7892876],[-52.96989441,-28.78586495],[-52.976439,-28.78599659],[-52.97594547,-28.7869557],[-52.97635317,-28.78759509],[-52.97463655,-28.78877985],[-52.97270536,-28.7900022],[-52.97216892,-28.79188271],[-52.97025919,-28.79178869],[-52.96693325,-28.79139378],[-52.96311378,-28.78924999]]]]},"geometry_name":"geo_area_imovel","properties":{"cod_imovel":"RS-4300554-2B1B3C38B6684C60AD0916C29E474631","status_imovel":"AT","dat_criacao":"2019-04-07T01:25:55.986Z","area":48.7736,"condicao":"Aguardando análise","uf":"RS","municipio":"Alto Alegre","cod_municipio_ibge":4300554,"m_fiscal":2.7096,"tipo_imovel":"IRU"}},{"type":"Feature","id":"sicar_imoveis_rs.6693522","geometry":{"type":"MultiPolygon","coordinates":[[[[-53.00380313,-28.82563549],[-53.00530425,-28.8263854],[-53.00487631,-28.8271039],[-53.00510145,-28.82762034],[-53.00497976,-28.82804331],[-53.00444175,-28.82841896],[-53.00298916,-28.82750346],[-53.00301458,-28.82686842],[-52.99916679,-28.82462035],[-52.99469804,-28.82188293],[-52.99460962,-28.82113707],[-52.99450832,-28.82081951],[-52.99529551,-28.82122593],[-52.99567173,-28.82071349],[-53.00380313,-28.82563549]]]]},"geometry_name":"geo_area_imovel","properties":{"cod_imovel":"RS-4300554-DB7F417F8AAA4B5A8C5AB16F4531B8C9","status_imovel":"AT","dat_criacao":"2019-04-09T02:16:57.535Z","area":20.397,"condicao":"Aguardando análise","uf":"RS","municipio":"Alto Alegre","cod_municipio_ibge":4300554,"m_fiscal":1.1332,"tipo_imovel":"IRU"}},{"type":"Feature","id":"sicar_imoveis_rs.6715795","geometry":{"type":"MultiPolygon","coordinates":[[[[-52.95867205,-28.79310503],[-52.95901537,-28.79190152],[-52.96515226,-28.79054755],[-52.96620369,-28.79099888],[-52.96631098,-28.79152542],[-52.95867205,-28.79310503]]]]},"geometry_name":"geo_area_imovel","properties":{"cod_imovel":"RS-4300554-59218FCAC5654A29A6D0874F752527E8","status_imovel":"AT","dat_criacao":"2019-04-12T01:00:32.293Z","area":9.0509,"condicao":"Aguardando análise","uf":"RS","municipio":"Alto Alegre","cod_municipio_ibge":4300554,"m_fiscal":0.5028,"tipo_imovel":"IRU"}},{"type":"Feature","id":"sicar_imoveis_rs.6726427","geometry":{"type":"MultiPolygon","coordinates":[[[[-53.01510932,-28.76983279],[-53.01419819,-28.77054671],[-53.01400114,-28.77095646],[-53.01346538,-28.77094145],[-53.01226778,-28.77227777],[-53.00939798,-28.77061213],[-53.01326036,-28.76540196],[-53.01650047,-28.76903218],[-53.01510932,-28.76983279]]]]},"geometry_name":"geo_area_imovel","properties":{"cod_imovel":"RS-4300554-DB1A579F1EEF472F8A757A5B269682C0","status_imovel":"AT","dat_criacao":"2019-04-14T00:55:34.837Z","area":24.7117,"condicao":"Aguardando análise","uf":"RS","municipio":"Alto Alegre","cod_municipio_ibge":4300554,"m_fiscal":1.3729,"tipo_imovel":"IRU"}},{"type":"Feature","id":"sicar_imoveis_rs.6747322","geometry":{"type":"MultiPolygon","coordinates":[[[[-52.95084292,-28.83780471],[-52.95084734,-28.83791358],[-52.95083312,-28.83805028],[-52.95085063,-28.8381763],[-52.95096292,-28.83829662],[-52.95120211,-28.83850679],[-52.95131016,-28.83863448],[-52.95136362,-28.83878716],[-52.9514199,-28.83892211],[-52.95139982,-28.83904381],[-52.95134468,-28.83918575],[-52.95121308,-28.83930758],[-52.95103335,-28.8394997],[-52.95086336,-28.83956992],[-52.95071116,-28.83960182],[-52.95051258,-28.83972822],[-52.9503482,-28.83987728],[-52.95030979,-28.84003501],[-52.95022568,-28.84013951],[-52.95012077,-28.84020787],[-52.95001521,-28.84025956],[-52.94998408,-28.84031663],[-52.949958,-28.84038172],[-52.94998978,-28.84048231],[-52.94998216,-28.84057398],[-52.9499681,-28.84063326],[-52.94993564,-28.84070915],[-52.94960799,-28.84064224],[-52.94966844,-28.83962554],[-52.94933239,-28.83959129],[-52.94900414,-28.83940681],[-52.94855024,-28.83924305],[-52.94828797,-28.83899721],[-52.94815546,-28.8388855],[-52.94803533,-28.83874894],[-52.94793056,-28.83853599],[-52.94765389,-28.83796335],[-52.94751849,-28.83782465],[-52.94740785,-28.83776627],[-52.94677408,-28.83758757],[-52.94645027,-28.83729239],[-52.94621474,-28.83709796],[-52.94609534,-28.83701156],[-52.94567207,-28.83687539],[-52.94556148,-28.83688603],[-52.94357375,-28.83614233],[-52.94374215,-28.8340771],[-52.94644732,-28.83507851],[-52.94750408,-28.83556074],[-52.94743239,-28.83580888],[-52.95027503,-28.83715132],[-52.9503233,-28.83728703],[-52.95046559,-28.83746158],[-52.95067504,-28.83765775],[-52.95081817,-28.8377528],[-52.95084292,-28.83780471]]]]},"geometry_name":"geo_area_imovel","properties":{"cod_imovel":"RS-4300554-E72D09BB71394943A57577E44DF074FE","status_imovel":"AT","dat_criacao":"2019-04-18T01:39:20.832Z","area":19.5252,"condicao":"Aguardando análise","uf":"RS","municipio":"Alto Alegre","cod_municipio_ibge":4300554,"m_fiscal":1.0847,"tipo_imovel":"IRU"}},{"type":"Feature","id":"sicar_imoveis_rs.6774662","geometry":{"type":"MultiPolygon","coordinates":[[[[-52.93691548,-28.80174218],[-52.94033466,-28.8018042],[-52.9402468,-28.80363318],[-52.94038255,-28.80398121],[-52.94067976,-28.804601],[-52.94129828,-28.80483912],[-52.94113743,-28.80485364],[-52.94102897,-28.80485178],[-52.94076732,-28.80488725],[-52.94057867,-28.80495626],[-52.94013519,-28.80508477],[-52.93961849,-28.80459413],[-52.93946308,-28.80448561],[-52.93924896,-28.80435991],[-52.93899787,-28.80420865],[-52.93883975,-28.80417674],[-52.93859674,-28.80416624],[-52.93843971,-28.80416371],[-52.93830148,-28.80414209],[-52.93819385,-28.80405888],[-52.93798599,-28.80391909],[-52.93756434,-28.8038313],[-52.93736825,-28.80380143],[-52.93701583,-28.80375189],[-52.93630664,-28.80350347],[-52.93691548,-28.80174218]]]]},"geometry_name":"geo_area_imovel","properties":{"cod_imovel":"RS-4300554-5C94EF45161B46829328D54F6598799D","status_imovel":"AT","dat_criacao":"2019-04-26T03:30:17.588Z","area":10.0551,"condicao":"Aguardando análise","uf":"RS","municipio":"Alto Alegre","cod_municipio_ibge":4300554,"m_fiscal":0.5586,"tipo_imovel":"IRU"}},{"type":"Feature","id":"sicar_imoveis_rs.6862337","geometry":{"type":"MultiPolygon","coordinates":[[[[-52.94599056,-28.84903413],[-52.95077562,-28.84854547],[-52.95096874,-28.84884618],[-52.95101166,-28.84933484],[-52.95339346,-28.84873342],[-52.95289993,-28.84820716],[-52.95232058,-28.84792524],[-52.95189142,-28.84760573],[-52.95189142,-28.84709826],[-52.95206308,-28.846572],[-52.95208454,-28.84640285],[-52.95180559,-28.84613971],[-52.95144081,-28.84598935],[-52.95105457,-28.84576381],[-52.95109749,-28.84525634],[-52.94551849,-28.84598935],[-52.94599056,-28.84903413]]]]},"geometry_name":"geo_area_imovel","properties":{"cod_imovel":"RS-4300554-FAC16A1947574E259DD11BC5F48E283B","status_imovel":"AT","dat_criacao":"2019-05-17T01:38:54.851Z","area":22.6649,"condicao":"Aguardando análise","uf":"RS","municipio":"Alto Alegre","cod_municipio_ibge":4300554,"m_fiscal":1.2592,"tipo_imovel":"IRU"}},{"type":"Feature","id":"sicar_imoveis_rs.6927502","geometry":{"type":"MultiPolygon","coordinates":[[[[-52.95597237,-28.86964509],[-52.95610968,-28.86594346],[-52.95649431,-28.86582597],[-52.95688054,-28.86569222],[-52.95717563,-28.86560135],[-52.95731787,-28.86555269],[-52.95746953,-28.86553043],[-52.95763807,-28.86550816],[-52.95778141,-28.86547845],[-52.95805116,-28.86545617],[-52.95831964,-28.86562689],[-52.95851241,-28.86573807],[-52.95840013,-28.86914627],[-52.95835502,-28.86987212],[-52.95713247,-28.86970907],[-52.95597237,-28.86964509]]]]},"geometry_name":"geo_area_imovel","properties":{"cod_imovel":"RS-4300554-5C61B6286482443FA53AE01BC419FCAD","status_imovel":"AT","dat_criacao":"2019-05-31T06:18:36.746Z","area":10.627,"condicao":"Aguardando análise","uf":"RS","municipio":"Alto Alegre","cod_municipio_ibge":4300554,"m_fiscal":0.5904,"tipo_imovel":"IRU"}},{"type":"Feature","id":"sicar_imoveis_rs.6946746","geometry":{"type":"MultiPolygon","coordinates":[[[[-53.03602695,-28.82508699],[-53.03995748,-28.81802341],[-53.03894089,-28.81745318],[-53.03982496,-28.81647671],[-53.04030068,-28.81630426],[-53.04074764,-28.8161947],[-53.04128716,-28.8159261],[-53.04207934,-28.81577087],[-53.04287369,-28.81594093],[-53.04362297,-28.81596909],[-53.04394797,-28.81631213],[-53.04452419,-28.81658951],[-53.04488897,-28.81673991],[-53.04521084,-28.81689032],[-53.04560759,-28.8169334],[-53.0459576,-28.8169007],[-53.04647684,-28.81702192],[-53.04682016,-28.81715352],[-53.04703474,-28.81739793],[-53.04714203,-28.81769873],[-53.04716349,-28.81813114],[-53.04746844,-28.81845464],[-53.04771075,-28.81867314],[-53.04800895,-28.81898801],[-53.04801642,-28.81917993],[-53.04805378,-28.81954286],[-53.04825783,-28.81989835],[-53.0484724,-28.82031194],[-53.04881828,-28.82055417],[-53.04947021,-28.82053091],[-53.04973375,-28.82062934],[-53.04990444,-28.82081803],[-53.05038494,-28.82103094],[-53.05128548,-28.82111411],[-53.05205521,-28.82124829],[-53.05248815,-28.82135154],[-53.05255874,-28.82172736],[-53.05245278,-28.82205021],[-53.05235624,-28.8226431],[-53.05220604,-28.82309428],[-53.05197001,-28.82375226],[-53.05184126,-28.82418464],[-53.05177689,-28.82469221],[-53.05069347,-28.82462953],[-53.0502851,-28.82594797],[-53.04952371,-28.82550837],[-53.04889444,-28.82558082],[-53.04841775,-28.82578985],[-53.04775828,-28.82595714],[-53.04709911,-28.82615853],[-53.04654121,-28.82632772],[-53.04581165,-28.82629012],[-53.04531378,-28.82612875],[-53.04439101,-28.82642778],[-53.04143375,-28.82563337],[-53.04016253,-28.82482108],[-53.0383593,-28.82465301],[-53.03602695,-28.82508699]]]]},"geometry_name":"geo_area_imovel","properties":{"cod_imovel":"RS-4300554-2F26FD7452E34FC0B3BB3A43D5CA1BF5","status_imovel":"AT","dat_criacao":"2019-06-11T00:42:06.429Z","area":116.5057,"condicao":"Aguardando análise","uf":"RS","municipio":"Alto Alegre","cod_municipio_ibge":4300554,"m_fiscal":6.4725,"tipo_imovel":"IRU"}},{"type":"Feature","id":"sicar_imoveis_rs.6946773","geometry":{"type":"MultiPolygon","coordinates":[[[[-53.04443108,-28.82652587],[-53.04401921,-28.83103538],[-53.03972459,-28.83093743],[-53.04001536,-28.82826659],[-53.0343605,-28.82813751],[-53.03581619,-28.82502951],[-53.03826932,-28.82461553],[-53.03960427,-28.82484333],[-53.04022751,-28.82488434],[-53.04147463,-28.82571187],[-53.04443108,-28.82652587]]]]},"geometry_name":"geo_area_imovel","properties":{"cod_imovel":"RS-4300554-40A2504DECC84AEFB5C276C1743E91D0","status_imovel":"AT","dat_criacao":"2019-06-11T00:45:07.336Z","area":42.1217,"condicao":"Aguardando análise","uf":"RS","municipio":"Alto Alegre","cod_municipio_ibge":4300554,"m_fiscal":2.3401,"tipo_imovel":"IRU"}},{"type":"Feature","id":"sicar_imoveis_rs.6948790","geometry":{"type":"MultiPolygon","coordinates":[[[[-53.05456638,-28.8265721],[-53.05677652,-28.82615853],[-53.05793524,-28.82651571],[-53.05869653,-28.82713591],[-53.05932443,-28.82812614],[-53.05944946,-28.8288858],[-53.05914316,-28.8294509],[-53.05847922,-28.82991229],[-53.0542016,-28.83076413],[-53.05604696,-28.83429808],[-53.05568218,-28.8355011],[-53.05458784,-28.83529434],[-53.05402994,-28.83497478],[-53.0536437,-28.83444846],[-53.05340767,-28.83397853],[-53.05306435,-28.8334334],[-53.05287123,-28.83301986],[-53.05257082,-28.8327191],[-53.0523777,-28.83247473],[-53.05269957,-28.82899711],[-53.04940329,-28.82885602],[-53.04952383,-28.82816998],[-53.05132627,-28.82807599],[-53.05209875,-28.82785041],[-53.05282831,-28.82717366],[-53.05456638,-28.8265721]]]]},"geometry_name":"geo_area_imovel","properties":{"cod_imovel":"RS-4300554-1CF2451DB0CE47B4AA71BDFD802F5A29","status_imovel":"AT","dat_criacao":"2019-06-11T05:00:43.718Z","area":41.0274,"condicao":"Aguardando análise","uf":"RS","municipio":"Alto Alegre","cod_municipio_ibge":4300554,"m_fiscal":2.2793,"tipo_imovel":"IRU"}},{"type":"Feature","id":"sicar_imoveis_rs.6975278","geometry":{"type":"MultiPolygon","coordinates":[[[[-53.0227232,-28.83608381],[-53.02077055,-28.83384695],[-53.02199364,-28.83285068],[-53.02218676,-28.83285068],[-53.02242279,-28.83313264],[-53.02405357,-28.83461764],[-53.02313089,-28.83536952],[-53.02480459,-28.8367793],[-53.02407503,-28.83749358],[-53.02338839,-28.83668531],[-53.0227232,-28.83608381]]]]},"geometry_name":"geo_area_imovel","properties":{"cod_imovel":"RS-4300554-587AB87AADC84D5AB204DE08FD360B76","status_imovel":"AT","dat_criacao":"2019-06-15T02:22:10.711Z","area":7.3409,"condicao":"Aguardando análise","uf":"RS","municipio":"Alto Alegre","cod_municipio_ibge":4300554,"m_fiscal":0.4078,"tipo_imovel":"IRU"}},{"type":"Feature","id":"sicar_imoveis_rs.6975281","geometry":{"type":"MultiPolygon","coordinates":[[[[-53.02441835,-28.8226431],[-53.02255154,-28.82422224],[-53.02122116,-28.82309428],[-53.02310944,-28.82153393],[-53.02441835,-28.8226431]]]]},"geometry_name":"geo_area_imovel","properties":{"cod_imovel":"RS-4300554-CA32FCF495A840DA9980844CC63BDB55","status_imovel":"AT","dat_criacao":"2019-06-15T02:22:59.767Z","area":4.5136,"condicao":"Aguardando análise","uf":"RS","municipio":"Alto Alegre","cod_municipio_ibge":4300554,"m_fiscal":0.2508,"tipo_imovel":"IRU"}},{"type":"Feature","id":"sicar_imoveis_rs.7006911","geometry":{"type":"MultiPolygon","coordinates":[[[[-53.02572727,-28.7886294],[-53.0204916,-28.79030309],[-53.0199337,-28.78996459],[-53.019526,-28.78970132],[-53.0192256,-28.7892876],[-53.01894665,-28.78909954],[-53.01901102,-28.78885507],[-53.02493334,-28.78691809],[-53.02572727,-28.7886294]]]]},"geometry_name":"geo_area_imovel","properties":{"cod_imovel":"RS-4300554-C46D9737777F4F34B0366CF42EA5A448","status_imovel":"AT","dat_criacao":"2019-06-26T02:35:08.861Z","area":12.1053,"condicao":"Aguardando análise","uf":"RS","municipio":"Alto Alegre","cod_municipio_ibge":4300554,"m_fiscal":0.6725,"tipo_imovel":"IRU"}},{"type":"Feature","id":"sicar_imoveis_rs.7069262","geometry":{"type":"MultiPolygon","coordinates":[[[[-52.95558214,-28.85908878],[-52.95538902,-28.8660419],[-52.95268536,-28.86683114],[-52.95026064,-28.86634256],[-52.95026064,-28.85927671],[-52.95341492,-28.8590324],[-52.95508862,-28.85899482],[-52.95558214,-28.85908878]]]]},"geometry_name":"geo_area_imovel","properties":{"cod_imovel":"RS-4300554-F57875315F2A4DA7B7532C6036F91847","status_imovel":"AT","dat_criacao":"2019-07-09T02:22:57.180Z","area":41.8093,"condicao":"Aguardando análise","uf":"RS","municipio":"Alto Alegre","cod_municipio_ibge":4300554,"m_fiscal":2.3227,"tipo_imovel":"IRU"}},{"type":"Feature","id":"sicar_imoveis_rs.7133346","geometry":{"type":"MultiPolygon","coordinates":[[[[-52.98324108,-28.80673758],[-52.98388481,-28.80523339],[-52.99354076,-28.8097083],[-52.99190998,-28.81237811],[-52.99100876,-28.81170126],[-52.98864841,-28.81369419],[-52.98779011,-28.81305496],[-52.98633099,-28.8138446],[-52.98512936,-28.81444623],[-52.98203945,-28.81344978],[-52.98309088,-28.81241571],[-52.98130989,-28.81177647],[-52.98156738,-28.81057317],[-52.98251152,-28.80827935],[-52.98324108,-28.80673758]]]]},"geometry_name":"geo_area_imovel","properties":{"cod_imovel":"RS-4300554-896D3A59ABEF484B981CE98ABB6B7E69","status_imovel":"AT","dat_criacao":"2019-07-19T06:30:24.808Z","area":70.0394,"condicao":"Aguardando análise","uf":"RS","municipio":"Alto Alegre","cod_municipio_ibge":4300554,"m_fiscal":3.8911,"tipo_imovel":"IRU"}},{"type":"Feature","id":"sicar_imoveis_rs.7189768","geometry":{"type":"MultiPolygon","coordinates":[[[[-52.96657733,-28.78510492],[-52.96341419,-28.78924999],[-52.96215045,-28.78947152],[-52.95842102,-28.79074678],[-52.9574394,-28.79107215],[-52.95695543,-28.79056636],[-52.95712709,-28.79011503],[-52.95723438,-28.78962609],[-52.95704639,-28.78881858],[-52.95676821,-28.78782612],[-52.95847893,-28.78731301],[-52.95852184,-28.78618465],[-52.95914412,-28.78515032],[-52.96032429,-28.78404075],[-52.96283257,-28.78393133],[-52.9639676,-28.78403355],[-52.96534124,-28.78418317],[-52.9658982,-28.78450661],[-52.96657733,-28.78510492]]]]},"geometry_name":"geo_area_imovel","properties":{"cod_imovel":"RS-4300554-10828DB221CC4383AF0EAEC3FE83C32B","status_imovel":"AT","dat_criacao":"2019-07-30T04:08:51.728Z","area":44.7616,"condicao":"Aguardando análise","uf":"RS","municipio":"Alto Alegre","cod_municipio_ibge":4300554,"m_fiscal":2.4868,"tipo_imovel":"IRU"}},{"type":"Feature","id":"sicar_imoveis_rs.7230366","geometry":{"type":"MultiPolygon","coordinates":[[[[-53.01521302,-28.78724806],[-53.0150392,-28.7891176],[-53.01085826,-28.7891518],[-53.01048307,-28.78907817],[-53.01024205,-28.78878366],[-53.00995622,-28.78861236],[-53.0102266,-28.78853107],[-53.01018649,-28.78727564],[-53.01157724,-28.78623929],[-53.01351707,-28.786108],[-53.01412794,-28.78727159],[-53.01521302,-28.78724806]]]]},"geometry_name":"geo_area_imovel","properties":{"cod_imovel":"RS-4300554-5CFE08B9C8D9477A9241814E467519B8","status_imovel":"AT","dat_criacao":"2019-08-06T04:40:10.791Z","area":13.3492,"condicao":"Aguardando análise","uf":"RS","municipio":"Alto Alegre","cod_municipio_ibge":4300554,"m_fiscal":0.7416,"tipo_imovel":"IRU"}},{"type":"Feature","id":"sicar_imoveis_rs.7241273","geometry":{"type":"MultiPolygon","coordinates":[[[[-53.00941944,-28.80216852],[-53.00208092,-28.80220613],[-53.00197363,-28.80545902],[-53.00836802,-28.8053462],[-53.00860405,-28.80470691],[-53.00845385,-28.80440607],[-53.00830364,-28.80410523],[-53.00858259,-28.80384199],[-53.00890446,-28.80363516],[-53.00868988,-28.80331551],[-53.00856113,-28.80299586],[-53.00826073,-28.80275142],[-53.00845385,-28.8026386],[-53.00877571,-28.8026198],[-53.00909758,-28.80254458],[-53.0092907,-28.80237536],[-53.00941944,-28.80216852]]]]},"geometry_name":"geo_area_imovel","properties":{"cod_imovel":"RS-4300554-4085234EEC364FC79225EED35C6DD400","status_imovel":"AT","dat_criacao":"2019-08-08T02:55:25.277Z","area":22.9499,"condicao":"Aguardando análise","uf":"RS","municipio":"Alto Alegre","cod_municipio_ibge":4300554,"m_fiscal":1.275,"tipo_imovel":"IRU"}},{"type":"Feature","id":"sicar_imoveis_rs.7241280","geometry":{"type":"MultiPolygon","coordinates":[[[[-52.93863058,-28.76504458],[-52.93386698,-28.76261808],[-52.93363094,-28.76329525],[-52.93839455,-28.76568411],[-52.93863058,-28.76504458]]]]},"geometry_name":"geo_area_imovel","properties":{"cod_imovel":"RS-4300554-0A40FDC703FE4C19914448E8A1F416FA","status_imovel":"AT","dat_criacao":"2019-08-08T02:57:29.280Z","area":4.0099,"condicao":"Aguardando análise","uf":"RS","municipio":"Alto Alegre","cod_municipio_ibge":4300554,"m_fiscal":0.2228,"tipo_imovel":"IRU"}},{"type":"Feature","id":"sicar_imoveis_rs.7241393","geometry":{"type":"MultiPolygon","coordinates":[[[[-53.04643378,-28.79599067],[-53.04893362,-28.79405193],[-53.04905938,-28.79417258],[-53.05132668,-28.79251079],[-53.05281791,-28.79434864],[-53.05191178,-28.79503988],[-53.05127008,-28.79444869],[-53.04771887,-28.79722627],[-53.04643378,-28.79599067]]]]},"geometry_name":"geo_area_imovel","properties":{"cod_imovel":"RS-4300554-A947FC5B3D2B47A3940FFD4CD79C498C","status_imovel":"AT","dat_criacao":"2019-08-08T03:39:29.247Z","area":11.6451,"condicao":"Aguardando análise","uf":"RS","municipio":"Alto Alegre","cod_municipio_ibge":4300554,"m_fiscal":0.647,"tipo_imovel":"IRU"}},{"type":"Feature","id":"sicar_imoveis_rs.7246722","geometry":{"type":"MultiPolygon","coordinates":[[[[-52.97779083,-28.81858235],[-52.97530174,-28.81837554],[-52.97543049,-28.81651431],[-52.97560215,-28.8163075],[-52.97585964,-28.8162135],[-52.97598839,-28.8161195],[-52.97594547,-28.81593149],[-52.97639608,-28.8160819],[-52.97665358,-28.8162135],[-52.97695398,-28.81604429],[-52.97729731,-28.81602549],[-52.97751188,-28.81655191],[-52.97764063,-28.81687152],[-52.97781229,-28.81700312],[-52.97800541,-28.81739793],[-52.97789812,-28.81767993],[-52.97774792,-28.81805594],[-52.97779083,-28.81858235]]]]},"geometry_name":"geo_area_imovel","properties":{"cod_imovel":"RS-4300554-A5E5FC614AF94B25B8FC14C4149C57D4","status_imovel":"AT","dat_criacao":"2019-08-09T00:56:56.980Z","area":5.988,"condicao":"Aguardando análise","uf":"RS","municipio":"Alto Alegre","cod_municipio_ibge":4300554,"m_fiscal":0.3327,"tipo_imovel":"IRU"}},{"type":"Feature","id":"sicar_imoveis_rs.7254372","geometry":{"type":"MultiPolygon","coordinates":[[[[-52.97300762,-28.85331821],[-52.97433772,-28.85390485],[-52.97454605,-28.85423848],[-52.97342725,-28.85487754],[-52.97322427,-28.85495437],[-52.97305782,-28.85516552],[-52.97281645,-28.85527508],[-52.97256016,-28.85500365],[-52.97238608,-28.85482596],[-52.97213827,-28.85455025],[-52.97195055,-28.85435726],[-52.97179014,-28.85421045],[-52.97207627,-28.85394442],[-52.97232806,-28.85359998],[-52.97248742,-28.853456],[-52.97300762,-28.85331821]]]]},"geometry_name":"geo_area_imovel","properties":{"cod_imovel":"RS-4300554-B24F5A5E6452413AAD81526BD04BB1DA","status_imovel":"AT","dat_criacao":"2019-08-11T01:18:36.192Z","area":3.2066,"condicao":"Aguardando análise","uf":"RS","municipio":"Alto Alegre","cod_municipio_ibge":4300554,"m_fiscal":0.1781,"tipo_imovel":"IRU"}},{"type":"Feature","id":"sicar_imoveis_rs.7260276","geometry":{"type":"MultiPolygon","coordinates":[[[[-52.98167467,-28.75913813],[-52.98176783,-28.75998775],[-52.98142525,-28.76068636],[-52.98147346,-28.76091702],[-52.98152964,-28.76143981],[-52.98130989,-28.76224188],[-52.98023701,-28.76222307],[-52.97924995,-28.76224188],[-52.97847748,-28.76224188],[-52.97768354,-28.76231712],[-52.97762412,-28.76196778],[-52.97737519,-28.76009904],[-52.98167467,-28.75913813]]]]},"geometry_name":"geo_area_imovel","properties":{"cod_imovel":"RS-4300554-50428E9C58854DF7915018158DFD1698","status_imovel":"AT","dat_criacao":"2019-08-13T03:57:27.337Z","area":11.4972,"condicao":"Aguardando análise","uf":"RS","municipio":"Alto Alegre","cod_municipio_ibge":4300554,"m_fiscal":0.6387,"tipo_imovel":"IRU"}},{"type":"Feature","id":"sicar_imoveis_rs.7266426","geometry":{"type":"MultiPolygon","coordinates":[[[[-52.99701691,-28.83852739],[-52.99695253,-28.84100851],[-52.99637155,-28.84261889],[-52.99414158,-28.84367752],[-52.99310982,-28.84303123],[-52.99220737,-28.84393712],[-52.99161912,-28.84339697],[-52.99259663,-28.84239941],[-52.9924896,-28.84219952],[-52.99701691,-28.83852739]]]]},"geometry_name":"geo_area_imovel","properties":{"cod_imovel":"RS-4300554-8F5AF8A5B5D94CBDA567A51E7C48AB57","status_imovel":"AT","dat_criacao":"2019-08-14T05:15:05.792Z","area":13.618,"condicao":"Aguardando análise","uf":"RS","municipio":"Alto Alegre","cod_municipio_ibge":4300554,"m_fiscal":0.7566,"tipo_imovel":"IRU"}},{"type":"Feature","id":"sicar_imoveis_rs.7277759","geometry":{"type":"MultiPolygon","coordinates":[[[[-52.98950672,-28.76209139],[-52.99499989,-28.76686911],[-52.99302578,-28.76690673],[-52.98877716,-28.76314477],[-52.98950672,-28.76209139]]]]},"geometry_name":"geo_area_imovel","properties":{"cod_imovel":"RS-4300554-9AE95779A9ED4E3E92FC291730C2C31D","status_imovel":"AT","dat_criacao":"2019-08-16T02:24:56.779Z","area":9.1245,"condicao":"Aguardando análise","uf":"RS","municipio":"Alto Alegre","cod_municipio_ibge":4300554,"m_fiscal":0.5069,"tipo_imovel":"IRU"}},{"type":"Feature","id":"sicar_imoveis_rs.7277778","geometry":{"type":"MultiPolygon","coordinates":[[[[-52.99248494,-28.84220209],[-52.99248112,-28.84230325],[-52.99218592,-28.84179045],[-52.99190887,-28.84108862],[-52.99237411,-28.84032323],[-52.9924799,-28.84011557],[-52.99321175,-28.83953236],[-52.99338777,-28.83946968],[-52.99375092,-28.83901037],[-52.9938871,-28.83893431],[-52.99421408,-28.838468],[-52.99515423,-28.83821946],[-52.99675348,-28.83791093],[-52.99684545,-28.83852031],[-52.99248494,-28.84220209]]]]},"geometry_name":"geo_area_imovel","properties":{"cod_imovel":"RS-4300554-F814EBA283554796A9D82D3C297E2347","status_imovel":"AT","dat_criacao":"2019-08-16T02:33:09.762Z","area":8.7708,"condicao":"Aguardando análise","uf":"RS","municipio":"Alto Alegre","cod_municipio_ibge":4300554,"m_fiscal":0.4873,"tipo_imovel":"IRU"}},{"type":"Feature","id":"sicar_imoveis_rs.7277801","geometry":{"type":"MultiPolygon","coordinates":[[[[-52.95021772,-28.77241776],[-52.9585433,-28.77010429],[-52.95835018,-28.77038642],[-52.95862913,-28.77057451],[-52.95867205,-28.77106354],[-52.95882225,-28.77143971],[-52.9505825,-28.7736403],[-52.95021772,-28.77241776]]]]},"geometry_name":"geo_area_imovel","properties":{"cod_imovel":"RS-4300554-18B8C7D1C46D421A953DCAF788B5C77D","status_imovel":"AT","dat_criacao":"2019-08-16T02:39:55.557Z","area":12.1504,"condicao":"Aguardando análise","uf":"RS","municipio":"Alto Alegre","cod_municipio_ibge":4300554,"m_fiscal":0.675,"tipo_imovel":"IRU"}},{"type":"Feature","id":"sicar_imoveis_rs.7277942","geometry":{"type":"MultiPolygon","coordinates":[[[[-53.01978602,-28.79613127],[-53.01558448,-28.79604385],[-53.0107069,-28.79594451],[-53.01061328,-28.79558562],[-53.01072778,-28.79525368],[-53.01065972,-28.79512001],[-53.0104728,-28.79503229],[-53.0102891,-28.79474612],[-53.01027268,-28.7944941],[-53.01018982,-28.79414761],[-53.01016267,-28.79380688],[-53.01006302,-28.79345767],[-53.00985528,-28.79304691],[-53.00960328,-28.79267892],[-53.0094583,-28.79223678],[-53.00918709,-28.79169292],[-53.00899029,-28.79101768],[-53.01950455,-28.79173227],[-53.01978602,-28.79613127]]]]},"geometry_name":"geo_area_imovel","properties":{"cod_imovel":"RS-4300554-7FD89A2186EE4D72B7EEDBF040F1EF08","status_imovel":"AT","dat_criacao":"2019-08-16T03:29:01.782Z","area":48.5127,"condicao":"Aguardando análise","uf":"RS","municipio":"Alto Alegre","cod_municipio_ibge":4300554,"m_fiscal":2.6952,"tipo_imovel":"IRU"}},{"type":"Feature","id":"sicar_imoveis_rs.7305005","geometry":{"type":"MultiPolygon","coordinates":[[[[-52.97521591,-28.76596625],[-52.97178268,-28.76728292],[-52.96697617,-28.76626721],[-52.96598911,-28.76468719],[-52.96976566,-28.76536434],[-52.96946526,-28.76483767],[-52.97521591,-28.76596625]]]]},"geometry_name":"geo_area_imovel","properties":{"cod_imovel":"RS-4300554-EEF1B0E79F084CD88B6682D11EFB60BD","status_imovel":"AT","dat_criacao":"2019-08-21T03:26:25.642Z","area":13.2083,"condicao":"Aguardando análise","uf":"RS","municipio":"Alto Alegre","cod_municipio_ibge":4300554,"m_fiscal":0.7338,"tipo_imovel":"IRU"}},{"type":"Feature","id":"sicar_imoveis_rs.7573449","geometry":{"type":"MultiPolygon","coordinates":[[[[-52.96661139,-28.76918265],[-52.9716754,-28.76735816],[-52.96695471,-28.76615435],[-52.96463728,-28.76754625],[-52.96517372,-28.76773434],[-52.96558142,-28.76773434],[-52.96592474,-28.76792244],[-52.96620369,-28.76811053],[-52.96656847,-28.76809172],[-52.96669722,-28.76837386],[-52.9665041,-28.768656],[-52.96661139,-28.76918265]]]]},"geometry_name":"geo_area_imovel","properties":{"cod_imovel":"RS-4300554-824D88304E664E96A9E00A5D4ECF5498","status_imovel":"AT","dat_criacao":"2019-10-09T01:25:29.852Z","area":10.4084,"condicao":"Aguardando análise","uf":"RS","municipio":"Alto Alegre","cod_municipio_ibge":4300554,"m_fiscal":0.5782,"tipo_imovel":"IRU"}},{"type":"Feature","id":"sicar_imoveis_rs.7614600","geometry":{"type":"MultiPolygon","coordinates":[[[[-52.97917321,-28.80351654],[-52.97605276,-28.80337192],[-52.97442198,-28.80316508],[-52.97290554,-28.80292503],[-52.97176111,-28.80483185],[-52.97117184,-28.80488703],[-52.9705596,-28.80504536],[-52.96993732,-28.8053274],[-52.96925902,-28.80543429],[-52.96865825,-28.80514502],[-52.96845169,-28.80459842],[-52.96747975,-28.80287567],[-52.96682286,-28.80305112],[-52.96650372,-28.80282451],[-52.96663382,-28.80236836],[-52.96654962,-28.80193703],[-52.96633689,-28.80133171],[-52.96652533,-28.80106668],[-52.96689944,-28.80096127],[-52.96715165,-28.80082344],[-52.96782944,-28.80083692],[-52.96830721,-28.80112645],[-52.96875762,-28.80128683],[-52.9693879,-28.80137959],[-52.96980858,-28.80119076],[-52.9712677,-28.80057025],[-52.97292429,-28.79952459],[-52.97482967,-28.79964888],[-52.97463655,-28.80177366],[-52.979417,-28.80198729],[-52.97917321,-28.80351654]]]]},"geometry_name":"geo_area_imovel","properties":{"cod_imovel":"RS-4300554-D472D560BBC6430696C186C5400C142B","status_imovel":"AT","dat_criacao":"2019-10-19T01:56:06.074Z","area":39.2409,"condicao":"Aguardando análise","uf":"RS","municipio":"Alto Alegre","cod_municipio_ibge":4300554,"m_fiscal":2.1801,"tipo_imovel":"IRU"}},{"type":"Feature","id":"sicar_imoveis_rs.7692636","geometry":{"type":"MultiPolygon","coordinates":[[[[-52.98099103,-28.80455252],[-52.98144838,-28.80478959],[-52.9818068,-28.80455348],[-52.98368566,-28.8046105],[-52.98352056,-28.80501201],[-52.98331048,-28.80541015],[-52.98307876,-28.80598393],[-52.98293131,-28.8065234],[-52.98284947,-28.80668003],[-52.98283102,-28.80674298],[-52.98236249,-28.80802475],[-52.98225914,-28.80824458],[-52.98216954,-28.8082967],[-52.98206348,-28.80833294],[-52.97971053,-28.80844277],[-52.97965843,-28.80843462],[-52.97962264,-28.80838476],[-52.9795633,-28.80785122],[-52.9794156,-28.80673911],[-52.97929749,-28.80602637],[-52.97920126,-28.80530767],[-52.9791795,-28.80451237],[-52.98099103,-28.80455252]]]]},"geometry_name":"geo_area_imovel","properties":{"cod_imovel":"RS-4300554-B60672A5EFBD4B7E8FBD7A00E78683EC","status_imovel":"AT","dat_criacao":"2019-11-11T01:12:59.409Z","area":14.6411,"condicao":"Aguardando análise","uf":"RS","municipio":"Alto Alegre","cod_municipio_ibge":4300554,"m_fiscal":0.8134,"tipo_imovel":"IRU"}},{"type":"Feature","id":"sicar_imoveis_rs.7701515","geometry":{"type":"MultiPolygon","coordinates":[[[[-53.0078327,-28.78391634],[-53.00873377,-28.78231501],[-53.00751355,-28.78171782],[-53.00754922,-28.78158218],[-53.00757796,-28.78151958],[-53.00763034,-28.78151609],[-53.00768486,-28.78145754],[-53.00772146,-28.78137064],[-53.00774281,-28.78128624],[-53.00772625,-28.78119913],[-53.00776518,-28.78115806],[-53.00783993,-28.78118504],[-53.00811895,-28.7810778],[-53.00831093,-28.78105473],[-53.00850491,-28.78095225],[-53.00869565,-28.78091486],[-53.00893682,-28.78073992],[-53.00913958,-28.78059699],[-53.00948002,-28.78080267],[-53.0109272,-28.78261582],[-53.01098691,-28.78391036],[-53.00949915,-28.78389711],[-53.00865029,-28.78385849],[-53.0078327,-28.78391634]]]]},"geometry_name":"geo_area_imovel","properties":{"cod_imovel":"RS-4300554-F99ACB80BD6F46F2AB25D515AB2FB51F","status_imovel":"AT","dat_criacao":"2019-11-13T01:40:59.074Z","area":7.9434,"condicao":"Aguardando análise","uf":"RS","municipio":"Alto Alegre","cod_municipio_ibge":4300554,"m_fiscal":0.4413,"tipo_imovel":"IRU"}},{"type":"Feature","id":"sicar_imoveis_rs.7856162","geometry":{"type":"MultiPolygon","coordinates":[[[[-53.00394773,-28.81138164],[-53.0035615,-28.81128763],[-53.00319672,-28.81128763],[-53.00238132,-28.80987751],[-53.00278902,-28.80961429],[-53.00220966,-28.80822295],[-53.00358295,-28.80794092],[-53.00484896,-28.80765889],[-53.00793886,-28.80895623],[-53.00742388,-28.80940747],[-53.00708055,-28.8097083],[-53.00658703,-28.80961429],[-53.00630808,-28.81002793],[-53.00394773,-28.81138164]]]]},"geometry_name":"geo_area_imovel","properties":{"cod_imovel":"RS-4300554-DEE9AA0EC20E4A7F82881D43E9BD5699","status_imovel":"AT","dat_criacao":"2019-12-31T01:24:39.793Z","area":13.4821,"condicao":"Aguardando análise","uf":"RS","municipio":"Alto Alegre","cod_municipio_ibge":4300554,"m_fiscal":0.749,"tipo_imovel":"IRU"}},{"type":"Feature","id":"sicar_imoveis_rs.8059488","geometry":{"type":"MultiPolygon","coordinates":[[[[-52.95041084,-28.77307605],[-52.93689251,-28.77540826],[-52.93697834,-28.77585965],[-52.93740749,-28.77634866],[-52.93783665,-28.77683766],[-52.93796539,-28.77732666],[-52.93843746,-28.77781565],[-52.93912411,-28.77826703],[-52.95105457,-28.77604773],[-52.95071125,-28.77446786],[-52.95041084,-28.77307605]]]]},"geometry_name":"geo_area_imovel","properties":{"cod_imovel":"RS-4300554-BD8FEA908C7D489A90EDB4B9AC7E8FA7","status_imovel":"AT","dat_criacao":"2020-03-13T01:46:08.114Z","area":44.4256,"condicao":"Aguardando análise","uf":"RS","municipio":"Alto Alegre","cod_municipio_ibge":4300554,"m_fiscal":2.4681,"tipo_imovel":"IRU"}},{"type":"Feature","id":"sicar_imoveis_rs.8125002","geometry":{"type":"MultiPolygon","coordinates":[[[[-53.04734798,-28.80512522],[-53.051724,-28.80403804],[-53.05203875,-28.80142688],[-53.0557622,-28.80099395],[-53.05509227,-28.79956533],[-53.05198898,-28.79806788],[-53.05093493,-28.79893486],[-53.04962408,-28.79815195],[-53.04956934,-28.79821669],[-53.04947254,-28.79831545],[-53.04938152,-28.79840915],[-53.04924826,-28.79854771],[-53.04920121,-28.79863249],[-53.049206,-28.79870986],[-53.04920058,-28.79877172],[-53.04915027,-28.7988035],[-53.04907788,-28.79888873],[-53.04906317,-28.79899151],[-53.04903407,-28.79909705],[-53.0490238,-28.7991907],[-53.04869285,-28.7994627],[-53.0486651,-28.79951155],[-53.04866957,-28.79961185],[-53.04861702,-28.79980745],[-53.04855214,-28.79991657],[-53.04842494,-28.80000586],[-53.04822691,-28.80033596],[-53.04819864,-28.80036619],[-53.04813896,-28.80043014],[-53.04809729,-28.8005284],[-53.04812349,-28.80088273],[-53.04810406,-28.8009323],[-53.04684358,-28.80194656],[-53.04689116,-28.80261247],[-53.04734798,-28.80512522]]]]},"geometry_name":"geo_area_imovel","properties":{"cod_imovel":"RS-4300554-9128523DA8B94174A66EDC642E2CEC11","status_imovel":"AT","dat_criacao":"2020-04-15T01:57:09.225Z","area":36.2668,"condicao":"Aguardando análise","uf":"RS","municipio":"Alto Alegre","cod_municipio_ibge":4300554,"m_fiscal":2.0148,"tipo_imovel":"IRU"}},{"type":"Feature","id":"sicar_imoveis_rs.8130156","geometry":{"type":"MultiPolygon","coordinates":[[[[-52.97927141,-28.76231712],[-52.97924995,-28.76310715],[-52.97884226,-28.76397241],[-52.97862768,-28.764706],[-52.9823184,-28.76461195],[-52.98465729,-28.76589101],[-52.98186779,-28.76677506],[-52.98186779,-28.76871242],[-52.977705,-28.76827981],[-52.97729731,-28.76752744],[-52.97864914,-28.76709482],[-52.9786706,-28.76579697],[-52.97654629,-28.76649292],[-52.97620296,-28.76485648],[-52.97635317,-28.76474362],[-52.97622442,-28.76399122],[-52.9754734,-28.76406646],[-52.97448635,-28.76274975],[-52.97585964,-28.76263689],[-52.97673941,-28.76237355],[-52.97761917,-28.76218545],[-52.97841311,-28.76229831],[-52.97927141,-28.76231712]]]]},"geometry_name":"geo_area_imovel","properties":{"cod_imovel":"RS-4300554-626B6C2A193E4B5E9E9CBD04A6079066","status_imovel":"AT","dat_criacao":"2020-04-17T01:30:33.469Z","area":31.1252,"condicao":"Aguardando análise","uf":"RS","municipio":"Alto Alegre","cod_municipio_ibge":4300554,"m_fiscal":1.7292,"tipo_imovel":"IRU"}},{"type":"Feature","id":"sicar_imoveis_rs.8168347","geometry":{"type":"MultiPolygon","coordinates":[[[[-52.94090509,-28.74832132],[-52.94122696,-28.74824607],[-52.94202089,-28.74749355],[-52.94283628,-28.74728661],[-52.94687033,-28.74788862],[-52.94661283,-28.74326055],[-52.94463873,-28.74378733],[-52.94397354,-28.74410716],[-52.94317961,-28.74444581],[-52.94223547,-28.74478445],[-52.94180632,-28.7449914],[-52.94094801,-28.74525479],[-52.94036865,-28.74548055],[-52.93951035,-28.74563105],[-52.93878078,-28.74566868],[-52.93693542,-28.74591325],[-52.93635607,-28.7461202],[-52.9353261,-28.74636477],[-52.9343605,-28.74636477],[-52.9338026,-28.74649646],[-52.93371677,-28.74685391],[-52.93388844,-28.74734305],[-52.93390989,-28.74760643],[-52.93433905,-28.74773812],[-52.93470383,-28.74796388],[-52.93485403,-28.74830251],[-52.93472528,-28.7488857],[-52.93463945,-28.74926196],[-52.9365921,-28.75035308],[-52.94090509,-28.74832132]]]]},"geometry_name":"geo_area_imovel","properties":{"cod_imovel":"RS-4300554-69A12AB54C5B4F94B8ED4772578FE6C7","status_imovel":"AT","dat_criacao":"2020-05-07T01:37:33.317Z","area":47.2782,"condicao":"Aguardando análise","uf":"RS","municipio":"Alto Alegre","cod_municipio_ibge":4300554,"m_fiscal":2.6266,"tipo_imovel":"IRU"}},{"type":"Feature","id":"sicar_imoveis_rs.8168348","geometry":{"type":"MultiPolygon","coordinates":[[[[-52.95232058,-28.752065],[-52.9519558,-28.75311848],[-52.95197725,-28.75377689],[-52.94468164,-28.75513134],[-52.94425249,-28.75388977],[-52.94433832,-28.75368284],[-52.94534683,-28.75217788],[-52.95262098,-28.75142539],[-52.95232058,-28.752065]]]]},"geometry_name":"geo_area_imovel","properties":{"cod_imovel":"RS-4300554-7DB75639792F471C9180CD018E731529","status_imovel":"AT","dat_criacao":"2020-05-07T01:37:57.928Z","area":21.0469,"condicao":"Aguardando análise","uf":"RS","municipio":"Alto Alegre","cod_municipio_ibge":4300554,"m_fiscal":1.1693,"tipo_imovel":"IRU"}},{"type":"Feature","id":"sicar_imoveis_rs.8219251","geometry":{"type":"MultiPolygon","coordinates":[[[[-52.94727802,-28.8560443],[-52.9474926,-28.85799879],[-52.9476428,-28.85942705],[-52.95011044,-28.8592955],[-52.95034647,-28.85882568],[-52.95068979,-28.85820551],[-52.95109749,-28.85773569],[-52.95081854,-28.85730345],[-52.95111895,-28.85673965],[-52.95171976,-28.85621344],[-52.95283556,-28.85544291],[-52.94727802,-28.8560443]]]]},"geometry_name":"geo_area_imovel","properties":{"cod_imovel":"RS-4300554-F24F82B5254C463798617726AE97134A","status_imovel":"AT","dat_criacao":"2020-05-28T01:06:59.931Z","area":13.7495,"condicao":"Aguardando análise","uf":"RS","municipio":"Alto Alegre","cod_municipio_ibge":4300554,"m_fiscal":0.7639,"tipo_imovel":"IRU"}},{"type":"Feature","id":"sicar_imoveis_rs.8305871","geometry":{"type":"MultiPolygon","coordinates":[[[[-52.94998617,-28.86499904],[-52.94993595,-28.86509417],[-52.94980404,-28.86517158],[-52.94941614,-28.86527486],[-52.94837776,-28.86556299],[-52.94512293,-28.86649387],[-52.94506384,-28.86487697],[-52.94374217,-28.86447965],[-52.94384426,-28.86365077],[-52.94526176,-28.86408914],[-52.94994757,-28.8627498],[-52.94998617,-28.86499904]]]]},"geometry_name":"geo_area_imovel","properties":{"cod_imovel":"RS-4300554-05A2561E6FE347D9BA5BA7C06C62067C","status_imovel":"AT","dat_criacao":"2020-07-01T01:22:15.396Z","area":13.6813,"condicao":"Aguardando análise","uf":"RS","municipio":"Alto Alegre","cod_municipio_ibge":4300554,"m_fiscal":0.7601,"tipo_imovel":"IRU"}},{"type":"Feature","id":"sicar_imoveis_rs.8309194","geometry":{"type":"MultiPolygon","coordinates":[[[[-53.0041194,-28.84600815],[-53.00579309,-28.84608333],[-53.00581455,-28.8473238],[-53.00452709,-28.84739898],[-53.00422668,-28.84700429],[-53.0041194,-28.84600815]]]]},"geometry_name":"geo_area_imovel","properties":{"cod_imovel":"RS-4300554-144221A425BB4F9F89058045542E58B5","status_imovel":"AT","dat_criacao":"2020-07-02T01:11:52.800Z","area":2.246,"condicao":"Aguardando análise","uf":"RS","municipio":"Alto Alegre","cod_municipio_ibge":4300554,"m_fiscal":0.1248,"tipo_imovel":"IRU"}},{"type":"Feature","id":"sicar_imoveis_rs.8328694","geometry":{"type":"MultiPolygon","coordinates":[[[[-52.94724791,-28.80917297],[-52.94736265,-28.80881194],[-52.94736003,-28.80870012],[-52.94741254,-28.80857005],[-52.94752847,-28.80853267],[-52.94910122,-28.80857184],[-52.94990693,-28.80860214],[-52.94985937,-28.80914663],[-52.9499482,-28.80931827],[-52.94990185,-28.80941908],[-52.94968101,-28.80971148],[-52.94928524,-28.8103374],[-52.94914638,-28.81035543],[-52.94674605,-28.81008044],[-52.94724791,-28.80917297]]]]},"geometry_name":"geo_area_imovel","properties":{"cod_imovel":"RS-4300554-7D33C34F2C33496F8E7903E59205F31F","status_imovel":"AT","dat_criacao":"2020-07-09T01:47:49.409Z","area":4.7879,"condicao":"Aguardando análise","uf":"RS","municipio":"Alto Alegre","cod_municipio_ibge":4300554,"m_fiscal":0.266,"tipo_imovel":"IRU"}},{"type":"Feature","id":"sicar_imoveis_rs.8357164","geometry":{"type":"MultiPolygon","coordinates":[[[[-53.00160939,-28.78383159],[-53.00143272,-28.78293519],[-53.00149555,-28.78251188],[-53.00154028,-28.78231902],[-53.00187124,-28.78180873],[-53.00189781,-28.78123314],[-53.00836929,-28.78292073],[-53.00783626,-28.78392069],[-53.00776936,-28.78396786],[-53.00666859,-28.78389633],[-53.00637009,-28.78387754],[-53.0061156,-28.78383051],[-53.00594492,-28.78373708],[-53.00577262,-28.78384553],[-53.00160939,-28.78383159]]]]},"geometry_name":"geo_area_imovel","properties":{"cod_imovel":"RS-4300554-70C0F3EDDCD049EBA34380A02FB03093","status_imovel":"AT","dat_criacao":"2020-07-18T01:51:25.056Z","area":12.9779,"condicao":"Aguardando análise","uf":"RS","municipio":"Alto Alegre","cod_municipio_ibge":4300554,"m_fiscal":0.721,"tipo_imovel":"IRU"}},{"type":"Feature","id":"sicar_imoveis_rs.8374953","geometry":{"type":"MultiPolygon","coordinates":[[[[-52.98802734,-28.77141306],[-52.98952458,-28.77196345],[-52.98967474,-28.77173893],[-52.98928427,-28.77136301],[-52.9893361,-28.77103954],[-52.98938787,-28.77074873],[-52.98938385,-28.77039392],[-52.98935463,-28.77012982],[-52.98936075,-28.76957042],[-52.9893468,-28.76921478],[-52.98931686,-28.7689746],[-52.9892479,-28.76915496],[-52.98910998,-28.76947589],[-52.98901715,-28.76974643],[-52.98896145,-28.76984456],[-52.98885801,-28.77009123],[-52.98878374,-28.77021589],[-52.98870417,-28.77038564],[-52.9885636,-28.77063496],[-52.98849199,-28.77077288],[-52.98838855,-28.77090019],[-52.98823736,-28.77115216],[-52.98802734,-28.77141306]]]]},"geometry_name":"geo_area_imovel","properties":{"cod_imovel":"RS-4300554-130150133C8F489782B9E510527E985C","status_imovel":"AT","dat_criacao":"2020-07-24T01:50:09.936Z","area":2.0291,"condicao":"Aguardando análise","uf":"RS","municipio":"Alto Alegre","cod_municipio_ibge":4300554,"m_fiscal":0.1127,"tipo_imovel":"IRU"}},{"type":"Feature","id":"sicar_imoveis_rs.8375025","geometry":{"type":"MultiPolygon","coordinates":[[[[-52.97596859,-28.76467561],[-52.976224,-28.7655777],[-52.97479842,-28.76607591],[-52.97074022,-28.76491618],[-52.97181675,-28.76288522],[-52.97273185,-28.76277502],[-52.97283315,-28.76469352],[-52.97413559,-28.76467611],[-52.97472194,-28.76472516],[-52.9756052,-28.76470545],[-52.97596859,-28.76467561]]]]},"geometry_name":"geo_area_imovel","properties":{"cod_imovel":"RS-4300554-257367680B414841930542153F9020CC","status_imovel":"AT","dat_criacao":"2020-07-24T02:03:54.689Z","area":8.0177,"condicao":"Aguardando análise","uf":"RS","municipio":"Alto Alegre","cod_municipio_ibge":4300554,"m_fiscal":0.4454,"tipo_imovel":"IRU"}},{"type":"Feature","id":"sicar_imoveis_rs.8397597","geometry":{"type":"MultiPolygon","coordinates":[[[[-52.97420161,-28.84987191],[-52.97386462,-28.85006666],[-52.97355446,-28.85023985],[-52.9734383,-28.85033454],[-52.97336006,-28.85043372],[-52.97329871,-28.85062744],[-52.97329163,-28.85078719],[-52.97333669,-28.85104285],[-52.97336386,-28.85127884],[-52.97334938,-28.85150846],[-52.97325595,-28.85179265],[-52.97321836,-28.85194335],[-52.97320428,-28.85211731],[-52.97321912,-28.85314928],[-52.9732361,-28.85319495],[-52.97327124,-28.85320481],[-52.97351891,-28.85311889],[-52.9759896,-28.85227828],[-52.97420161,-28.84987191]]]]},"geometry_name":"geo_area_imovel","properties":{"cod_imovel":"RS-4300554-60F66EDAF4A6444EAB3AE17F4E4794D2","status_imovel":"AT","dat_criacao":"2020-07-31T01:06:09.699Z","area":5.8353,"condicao":"Aguardando análise","uf":"RS","municipio":"Alto Alegre","cod_municipio_ibge":4300554,"m_fiscal":0.3242,"tipo_imovel":"IRU"}},{"type":"Feature","id":"sicar_imoveis_rs.8416371","geometry":{"type":"MultiPolygon","coordinates":[[[[-52.99540063,-28.83479744],[-52.99688512,-28.83734434],[-52.99688726,-28.83789749],[-52.9951731,-28.83819551],[-52.98968241,-28.8397064],[-52.98900798,-28.83920421],[-52.98866818,-28.83875925],[-52.98831614,-28.83825104],[-52.9877943,-28.83761918],[-52.98842911,-28.8376464],[-52.9884513,-28.83731529],[-52.99540063,-28.83479744]]]]},"geometry_name":"geo_area_imovel","properties":{"cod_imovel":"RS-4300554-03C0C6CFCB6C473F8CF29510D7B28A98","status_imovel":"AT","dat_criacao":"2020-08-06T02:55:50.195Z","area":25.2878,"condicao":"Aguardando análise","uf":"RS","municipio":"Alto Alegre","cod_municipio_ibge":4300554,"m_fiscal":1.4049,"tipo_imovel":"IRU"}},{"type":"Feature","id":"sicar_imoveis_rs.8490238","geometry":{"type":"MultiPolygon","coordinates":[[[[-52.98372883,-28.8045583],[-52.9831192,-28.80458774],[-52.98288823,-28.80458085],[-52.98265149,-28.80457213],[-52.98247202,-28.80455125],[-52.98232308,-28.8045469],[-52.9822328,-28.8045581],[-52.98212583,-28.80453804],[-52.9819759,-28.80453934],[-52.98187847,-28.80454907],[-52.98177145,-28.80456406],[-52.98170514,-28.80466214],[-52.98163947,-28.80463698],[-52.98157459,-28.80469771],[-52.98144168,-28.80474272],[-52.98132769,-28.80472008],[-52.98119496,-28.80464987],[-52.98096275,-28.80457282],[-52.98073229,-28.80453359],[-52.98060275,-28.80449588],[-52.98053074,-28.80447415],[-52.98044607,-28.80451267],[-52.98014833,-28.80450163],[-52.9798243,-28.80449936],[-52.97962908,-28.80450058],[-52.97937164,-28.80448848],[-52.979147,-28.80434316],[-52.97915643,-28.80449322],[-52.97916317,-28.80462705],[-52.97918327,-28.80482354],[-52.97921844,-28.80526133],[-52.97927757,-28.80574704],[-52.97931438,-28.80603823],[-52.97937597,-28.80639538],[-52.97946289,-28.80691505],[-52.97953625,-28.80747289],[-52.9796063,-28.8080685],[-52.9796452,-28.8083863],[-52.97967249,-28.80842185],[-52.97973812,-28.80844213],[-52.97984656,-28.80844075],[-52.98017673,-28.80841013],[-52.98042953,-28.80839193],[-52.98069887,-28.80838786],[-52.98087991,-28.80838559],[-52.98134838,-28.80836665],[-52.98197861,-28.8083354],[-52.98213821,-28.80831741],[-52.98224438,-28.80826653],[-52.98229806,-28.80819743],[-52.98237576,-28.80801015],[-52.98249539,-28.80765461],[-52.98263196,-28.80728377],[-52.98272766,-28.80700024],[-52.98279738,-28.80680445],[-52.98293216,-28.80650136],[-52.9830367,-28.8061815],[-52.98318696,-28.80575611],[-52.98330632,-28.80544321],[-52.98339014,-28.80527139],[-52.98352291,-28.80501336],[-52.98372883,-28.8045583]]]]},"geometry_name":"geo_area_imovel","properties":{"cod_imovel":"RS-4300554-DE2B4B0494084482A44A0F05A612C143","status_imovel":"AT","dat_criacao":"2020-08-28T03:19:03.052Z","area":14.6954,"condicao":"Aguardando análise","uf":"RS","municipio":"Alto Alegre","cod_municipio_ibge":4300554,"m_fiscal":0.8164,"tipo_imovel":"IRU"}},{"type":"Feature","id":"sicar_imoveis_rs.8502108","geometry":{"type":"MultiPolygon","coordinates":[[[[-53.01456484,-28.82488058],[-53.0141415,-28.82445446],[-53.01199709,-28.82250704],[-53.01248856,-28.82206349],[-53.01551482,-28.8244592],[-53.01456484,-28.82488058]]]]},"geometry_name":"geo_area_imovel","properties":{"cod_imovel":"RS-4300554-55CBCFDB51624451892084870CF41619","status_imovel":"AT","dat_criacao":"2020-09-01T01:55:54.936Z","area":3.1198,"condicao":"Aguardando análise","uf":"RS","municipio":"Alto Alegre","cod_municipio_ibge":4300554,"m_fiscal":0.1733,"tipo_imovel":"IRU"}},{"type":"Feature","id":"sicar_imoveis_rs.8511189","geometry":{"type":"MultiPolygon","coordinates":[[[[-52.95921406,-28.83526958],[-52.96079797,-28.83540669],[-52.96156051,-28.83544119],[-52.96160524,-28.83552682],[-52.96161184,-28.83569372],[-52.96159514,-28.83600286],[-52.96159299,-28.83654137],[-52.96163605,-28.8371996],[-52.96061495,-28.83712934],[-52.95973137,-28.83710315],[-52.95733788,-28.83699896],[-52.95705864,-28.83522062],[-52.9580648,-28.83523339],[-52.95921406,-28.83526958]]]]},"geometry_name":"geo_area_imovel","properties":{"cod_imovel":"RS-4300554-57B2B4283FE840D08D0247E57D3DEE4A","status_imovel":"AT","dat_criacao":"2020-09-03T01:20:26.749Z","area":8.4739,"condicao":"Aguardando análise","uf":"RS","municipio":"Alto Alegre","cod_municipio_ibge":4300554,"m_fiscal":0.4708,"tipo_imovel":"IRU"}},{"type":"Feature","id":"sicar_imoveis_rs.8667279","geometry":{"type":"MultiPolygon","coordinates":[[[[-53.00184184,-28.84996096],[-53.0009794,-28.84958524],[-53.00052063,-28.84946472],[-53.00002674,-28.84944508],[-52.99960383,-28.84952602],[-52.99936667,-28.84960565],[-52.99873572,-28.84964313],[-52.99821725,-28.84958186],[-52.9977417,-28.84935351],[-52.99732215,-28.84896999],[-52.99711652,-28.8487383],[-52.99704093,-28.84808497],[-52.99789928,-28.84744983],[-52.99790861,-28.84690625],[-52.99793683,-28.8462276],[-52.99793758,-28.84593699],[-52.99804412,-28.84567036],[-52.99822668,-28.84539044],[-52.99872399,-28.84502931],[-52.99905775,-28.84484252],[-52.99930297,-28.84447454],[-52.99936405,-28.84426665],[-52.99940147,-28.84408294],[-53.00048872,-28.84405262],[-53.00201142,-28.84403067],[-53.00295065,-28.84395906],[-53.00844623,-28.84405975],[-53.0086103,-28.84262962],[-53.01022295,-28.84289879],[-53.01013932,-28.84428661],[-53.00852152,-28.84412844],[-53.00824533,-28.84742902],[-53.00529203,-28.84735989],[-53.0054327,-28.84702986],[-53.00552629,-28.84671416],[-53.00550649,-28.84640277],[-53.00531641,-28.84619386],[-53.00478737,-28.84601171],[-53.00371931,-28.84579197],[-53.00377319,-28.84602748],[-53.00384495,-28.84656381],[-53.0038799,-28.84670377],[-53.00389393,-28.84683569],[-53.00392212,-28.8469248],[-53.00403236,-28.8470918],[-53.00411817,-28.84721342],[-53.0043706,-28.8474588],[-53.00201605,-28.8474582],[-53.00184184,-28.84996096]]]]},"geometry_name":"geo_area_imovel","properties":{"cod_imovel":"RS-4300554-9ADB73855F14493693607B939F16C5AB","status_imovel":"AT","dat_criacao":"2020-10-19T17:42:14.983Z","area":47.7859,"condicao":"Aguardando análise","uf":"RS","municipio":"Alto Alegre","cod_municipio_ibge":4300554,"m_fiscal":2.6548,"tipo_imovel":"IRU"}},{"type":"Feature","id":"sicar_imoveis_rs.8830475","geometry":{"type":"MultiPolygon","coordinates":[[[[-53.05112063,-28.81361769],[-53.04851375,-28.81330828],[-53.04826266,-28.81152903],[-53.04803333,-28.81147928],[-53.04702979,-28.81190082],[-53.04712093,-28.81235474],[-53.04590651,-28.8124864],[-53.046196,-28.81407775],[-53.04727764,-28.81375095],[-53.05134805,-28.81449461],[-53.05112063,-28.81361769]]]]},"geometry_name":"geo_area_imovel","properties":{"cod_imovel":"RS-4300554-FB45A3859C50428088292D39B55C6213","status_imovel":"AT","dat_criacao":"2020-12-15T22:10:35.402Z","area":7.165,"condicao":"Aguardando análise","uf":"RS","municipio":"Alto Alegre","cod_municipio_ibge":4300554,"m_fiscal":0.3981,"tipo_imovel":"IRU"}},{"type":"Feature","id":"sicar_imoveis_rs.8867193","geometry":{"type":"MultiPolygon","coordinates":[[[[-52.99843569,-28.82033929],[-52.99745079,-28.82125082],[-52.99865006,-28.82203778],[-52.99981456,-28.82134255],[-52.99843569,-28.82033929]]]]},"geometry_name":"geo_area_imovel","properties":{"cod_imovel":"RS-4300554-3C8F7F02DD784A37BFCB9E84CB25D32C","status_imovel":"AT","dat_criacao":"2020-12-29T16:13:52.645Z","area":2.1613,"condicao":"Aguardando análise","uf":"RS","municipio":"Alto Alegre","cod_municipio_ibge":4300554,"m_fiscal":0.1201,"tipo_imovel":"IRU"}},{"type":"Feature","id":"sicar_imoveis_rs.8944141","geometry":{"type":"MultiPolygon","coordinates":[[[[-53.04845938,-28.79796588],[-53.047099,-28.79927215],[-53.04832715,-28.80045287],[-53.04835538,-28.80042268],[-53.04855341,-28.80009258],[-53.04868061,-28.80000329],[-53.04874549,-28.79989417],[-53.04879804,-28.79969857],[-53.04879357,-28.79959827],[-53.04882132,-28.79954942],[-53.04915227,-28.79927742],[-53.04916254,-28.79918377],[-53.04919164,-28.79907823],[-53.04920635,-28.79897545],[-53.04927874,-28.79889021],[-53.04932905,-28.79885844],[-53.04933291,-28.79881442],[-53.04845938,-28.79796588]]]]},"geometry_name":"geo_area_imovel","properties":{"cod_imovel":"RS-4300554-A0FFDA05B33049589AC144F18AD12502","status_imovel":"AT","dat_criacao":"2021-01-28T04:12:59.272Z","area":3.0099,"condicao":"Aguardando análise","uf":"RS","municipio":"Alto Alegre","cod_municipio_ibge":4300554,"m_fiscal":0.1672,"tipo_imovel":"IRU"}},{"type":"Feature","id":"sicar_imoveis_rs.9021615","geometry":{"type":"MultiPolygon","coordinates":[[[[-52.97181675,-28.76288522],[-52.97129403,-28.76296468],[-52.96966417,-28.76146048],[-52.96943873,-28.76168327],[-52.96917269,-28.761873],[-52.96876238,-28.76212886],[-52.96826375,-28.76238083],[-52.96850776,-28.76310691],[-52.96887245,-28.76426133],[-52.97074022,-28.76491618],[-52.97181675,-28.76288522]]]]},"geometry_name":"geo_area_imovel","properties":{"cod_imovel":"RS-4300554-D7032222C7824B9A87768B0BE0A6D603","status_imovel":"AT","dat_criacao":"2021-02-25T03:16:43.557Z","area":7.4424,"condicao":"Aguardando análise","uf":"RS","municipio":"Alto Alegre","cod_municipio_ibge":4300554,"m_fiscal":0.4135,"tipo_imovel":"IRU"}},{"type":"Feature","id":"sicar_imoveis_rs.9060063","geometry":{"type":"MultiPolygon","coordinates":[[[[-52.9783676,-28.83490482],[-52.97875175,-28.83486813],[-52.97896746,-28.83497212],[-52.97924177,-28.83503262],[-52.97965634,-28.83497677],[-52.97992804,-28.83499488],[-52.98031013,-28.83492309],[-52.98061249,-28.83493327],[-52.98148274,-28.83482469],[-52.98347133,-28.8345418],[-52.9839316,-28.83517033],[-52.98382187,-28.83565081],[-52.98364728,-28.83600677],[-52.98109855,-28.83597433],[-52.98101643,-28.835966],[-52.9797765,-28.83567682],[-52.9785047,-28.83566168],[-52.9779109,-28.83512215],[-52.9779414,-28.83507325],[-52.9783676,-28.83490482]]]]},"geometry_name":"geo_area_imovel","properties":{"cod_imovel":"RS-4300554-9A088FC3465548A58A176ABDF311BD77","status_imovel":"AT","dat_criacao":"2021-03-10T21:32:44.347Z","area":6.2733,"condicao":"Aguardando análise","uf":"RS","municipio":"Alto Alegre","cod_municipio_ibge":4300554,"m_fiscal":0.3485,"tipo_imovel":"IRU"}},{"type":"Feature","id":"sicar_imoveis_rs.9088794","geometry":{"type":"MultiPolygon","coordinates":[[[[-52.96726429,-28.7765273],[-52.96612023,-28.77332499],[-52.96603405,-28.77339811],[-52.9656602,-28.77368928],[-52.96546911,-28.77381202],[-52.96545272,-28.77530226],[-52.96655031,-28.77522739],[-52.96700208,-28.77654519],[-52.96726429,-28.7765273]]]]},"geometry_name":"geo_area_imovel","properties":{"cod_imovel":"RS-4300554-78A609C83AC940908BA3350D299AD68B","status_imovel":"AT","dat_criacao":"2021-03-22T15:20:37.210Z","area":2.2838,"condicao":"Aguardando análise","uf":"RS","municipio":"Alto Alegre","cod_municipio_ibge":4300554,"m_fiscal":0.1269,"tipo_imovel":"IRU"}},{"type":"Feature","id":"sicar_imoveis_rs.9090592","geometry":{"type":"MultiPolygon","coordinates":[[[[-52.96798519,-28.77854512],[-52.96726429,-28.7765273],[-52.9653594,-28.77665725],[-52.96523709,-28.77823653],[-52.96798519,-28.77854512]]]]},"geometry_name":"geo_area_imovel","properties":{"cod_imovel":"RS-4300554-01174198067E404580B44C4F77E2406D","status_imovel":"AT","dat_criacao":"2021-03-23T03:33:29.404Z","area":4.5,"condicao":"Aguardando análise","uf":"RS","municipio":"Alto Alegre","cod_municipio_ibge":4300554,"m_fiscal":0.25,"tipo_imovel":"IRU"}},{"type":"Feature","id":"sicar_imoveis_rs.9146070","geometry":{"type":"MultiPolygon","coordinates":[[[[-53.0140543,-28.83963638],[-53.01265955,-28.84070777],[-53.01011833,-28.8369899],[-53.01151947,-28.83578031],[-53.0140543,-28.83963638]]]]},"geometry_name":"geo_area_imovel","properties":{"cod_imovel":"RS-4300554-CD87F3357E17425B94AF70B54DD18197","status_imovel":"AT","dat_criacao":"2021-04-14T22:17:34.443Z","area":8.8583,"condicao":"Aguardando análise","uf":"RS","municipio":"Alto Alegre","cod_municipio_ibge":4300554,"m_fiscal":0.4921,"tipo_imovel":"IRU"}},{"type":"Feature","id":"sicar_imoveis_rs.9170986","geometry":{"type":"MultiPolygon","coordinates":[[[[-52.96092546,-28.85859904],[-52.9610322,-28.86046308],[-52.96103425,-28.86104474],[-52.96117879,-28.86221168],[-52.96149229,-28.86289343],[-52.96171769,-28.86356631],[-52.96166826,-28.86416339],[-52.96190551,-28.86477154],[-52.96181908,-28.8651962],[-52.96260646,-28.86558181],[-52.96289367,-28.8660176],[-52.96231348,-28.86689898],[-52.96196984,-28.86658055],[-52.96154789,-28.86630013],[-52.96130396,-28.86608654],[-52.96091638,-28.86614391],[-52.96064499,-28.86617119],[-52.96032108,-28.86618012],[-52.96019031,-28.86620423],[-52.95985201,-28.86606551],[-52.95965594,-28.86626057],[-52.95944094,-28.8663318],[-52.9593175,-28.86637907],[-52.95912209,-28.86616414],[-52.95892938,-28.86596757],[-52.95867514,-28.86581911],[-52.95828706,-28.86566326],[-52.95794152,-28.86556747],[-52.95764006,-28.86550253],[-52.95728325,-28.86569574],[-52.95674991,-28.86579993],[-52.95579432,-28.8660067],[-52.95520624,-28.86618251],[-52.95532685,-28.8591751],[-52.95601729,-28.85931914],[-52.95677293,-28.85953291],[-52.95744398,-28.85968228],[-52.95806824,-28.85972167],[-52.95798891,-28.85826356],[-52.96092546,-28.85859904]]]]},"geometry_name":"geo_area_imovel","properties":{"cod_imovel":"RS-4300554-40B6BA8FD1A744EBB138981C76F93370","status_imovel":"AT","dat_criacao":"2021-04-23T22:03:48.596Z","area":47.723,"condicao":"Aguardando análise","uf":"RS","municipio":"Alto Alegre","cod_municipio_ibge":4300554,"m_fiscal":2.6513,"tipo_imovel":"IRU"}},{"type":"Feature","id":"sicar_imoveis_rs.9171031","geometry":{"type":"MultiPolygon","coordinates":[[[[-53.03093475,-28.79851631],[-53.03082403,-28.79843518],[-53.03073447,-28.79838925],[-53.03093042,-28.79777658],[-53.03118743,-28.79742652],[-53.03391071,-28.80040336],[-53.04027284,-28.80672166],[-53.03982496,-28.80713243],[-53.03581238,-28.80346593],[-53.03467512,-28.80406762],[-53.03478241,-28.80350354],[-53.03476704,-28.80312859],[-53.03478932,-28.80291592],[-53.03486955,-28.80277782],[-53.03471824,-28.80235108],[-53.03444508,-28.80211348],[-53.0344123,-28.80195912],[-53.03431931,-28.80183096],[-53.03402735,-28.80175947],[-53.0336882,-28.80129007],[-53.03370726,-28.80117252],[-53.03307042,-28.80074617],[-53.03276032,-28.80073433],[-53.03261873,-28.80049224],[-53.03256064,-28.80023198],[-53.03217689,-28.79986554],[-53.03199035,-28.79978665],[-53.03160954,-28.79934217],[-53.03156894,-28.79944583],[-53.03152193,-28.79923643],[-53.03139139,-28.79916918],[-53.03145245,-28.79872488],[-53.03116945,-28.79871179],[-53.03093475,-28.79851631]]]]},"geometry_name":"geo_area_imovel","properties":{"cod_imovel":"RS-4300554-E01C35D7FC80419DBDC1FE00F86BA43D","status_imovel":"AT","dat_criacao":"2021-04-23T22:21:00.258Z","area":12.1345,"condicao":"Aguardando análise","uf":"RS","municipio":"Alto Alegre","cod_municipio_ibge":4300554,"m_fiscal":0.6741,"tipo_imovel":"IRU"}},{"type":"Feature","id":"sicar_imoveis_rs.9171200","geometry":{"type":"MultiPolygon","coordinates":[[[[-53.03955543,-28.80716484],[-53.03523077,-28.80271771],[-53.0346439,-28.80315192],[-53.03897846,-28.80760926],[-53.03955543,-28.80716484]]]]},"geometry_name":"geo_area_imovel","properties":{"cod_imovel":"RS-4300554-9B6183FE2AB14B45ABD1A512179078E1","status_imovel":"AT","dat_criacao":"2021-04-24T03:24:42.269Z","area":4.862,"condicao":"Aguardando análise","uf":"RS","municipio":"Alto Alegre","cod_municipio_ibge":4300554,"m_fiscal":0.2701,"tipo_imovel":"IRU"}},{"type":"Feature","id":"sicar_imoveis_rs.9171201","geometry":{"type":"MultiPolygon","coordinates":[[[[-53.03463072,-28.80312441],[-53.03897811,-28.80760564],[-53.03841582,-28.8080742],[-53.03453777,-28.80416483],[-53.03463072,-28.80312441]]]]},"geometry_name":"geo_area_imovel","properties":{"cod_imovel":"RS-4300554-05B89AAB0D1E4C269A321F906FEA4B01","status_imovel":"AT","dat_criacao":"2021-04-24T03:25:17.464Z","area":4.8452,"condicao":"Aguardando análise","uf":"RS","municipio":"Alto Alegre","cod_municipio_ibge":4300554,"m_fiscal":0.2692,"tipo_imovel":"IRU"}},{"type":"Feature","id":"sicar_imoveis_rs.9195040","geometry":{"type":"MultiPolygon","coordinates":[[[[-53.0134934,-28.79129051],[-53.01288748,-28.79030224],[-53.01226628,-28.78928925],[-53.01256314,-28.78919969],[-53.01314602,-28.78916484],[-53.01506525,-28.78914466],[-53.01528077,-28.79003062],[-53.01534978,-28.79052061],[-53.01546293,-28.79138411],[-53.0134934,-28.79129051]]]]},"geometry_name":"geo_area_imovel","properties":{"cod_imovel":"RS-4300554-E7661E9A137A4D0793625620D5D7464B","status_imovel":"AT","dat_criacao":"2021-05-03T15:33:02.936Z","area":5.7088,"condicao":"Aguardando análise","uf":"RS","municipio":"Alto Alegre","cod_municipio_ibge":4300554,"m_fiscal":0.3172,"tipo_imovel":"IRU"}},{"type":"Feature","id":"sicar_imoveis_rs.9262286","geometry":{"type":"MultiPolygon","coordinates":[[[[-53.06168304,-28.8003668],[-53.06174499,-28.8003621],[-53.0617685,-28.80036004],[-53.06201906,-28.80033805],[-53.06210457,-28.80001243],[-53.06213245,-28.7997808],[-53.06211974,-28.79950046],[-53.06201696,-28.79927103],[-53.06180299,-28.79910165],[-53.06149731,-28.79898946],[-53.06118783,-28.79889282],[-53.06081402,-28.79880312],[-53.06064984,-28.79880247],[-53.06070377,-28.7989368],[-53.06038079,-28.79961069],[-53.0603538,-28.7996619],[-53.06028964,-28.79963295],[-53.06015688,-28.79956357],[-53.06005291,-28.7995915],[-53.05912485,-28.79984074],[-53.05542209,-28.80012314],[-53.05582591,-28.80101247],[-53.06166427,-28.80036887],[-53.06168304,-28.8003668]]]]},"geometry_name":"geo_area_imovel","properties":{"cod_imovel":"RS-4300554-2F83B1F2D9514616B93F372354872F6A","status_imovel":"AT","dat_criacao":"2021-05-26T03:40:32.468Z","area":7.0576,"condicao":"Aguardando análise","uf":"RS","municipio":"Alto Alegre","cod_municipio_ibge":4300554,"m_fiscal":0.3921,"tipo_imovel":"IRU"}},{"type":"Feature","id":"sicar_imoveis_rs.9311448","geometry":{"type":"MultiPolygon","coordinates":[[[[-52.95782955,-28.77409101],[-52.95726038,-28.77243946],[-52.95797276,-28.7721586],[-52.95804924,-28.77187725],[-52.95860297,-28.77209757],[-52.95848407,-28.772547],[-52.95845785,-28.77275221],[-52.95845789,-28.77293107],[-52.95851916,-28.77318936],[-52.95878107,-28.7735467],[-52.95898353,-28.77379918],[-52.95782955,-28.77409101]]]]},"geometry_name":"geo_area_imovel","properties":{"cod_imovel":"RS-4300554-A0DEA4B65AED49EE9160C47A59998845","status_imovel":"AT","dat_criacao":"2021-06-11T22:03:05.881Z","area":2.2196,"condicao":"Aguardando análise","uf":"RS","municipio":"Alto Alegre","cod_municipio_ibge":4300554,"m_fiscal":0.1233,"tipo_imovel":"IRU"}},{"type":"Feature","id":"sicar_imoveis_rs.9357130","geometry":{"type":"MultiPolygon","coordinates":[[[[-52.95334757,-28.75743503],[-52.95345861,-28.75748836],[-52.95355641,-28.75766169],[-52.95365473,-28.7579544],[-52.95378694,-28.75829229],[-52.94990874,-28.75903139],[-52.94881059,-28.75915775],[-52.94827135,-28.75924872],[-52.94792465,-28.7593267],[-52.947536,-28.75941504],[-52.94643145,-28.75976556],[-52.94610455,-28.7589038],[-52.95334757,-28.75743503]]]]},"geometry_name":"geo_area_imovel","properties":{"cod_imovel":"RS-4300554-958FB4E27D814F789F108700E2AC4F5C","status_imovel":"AT","dat_criacao":"2021-06-24T15:58:04.435Z","area":7,"condicao":"Aguardando análise","uf":"RS","municipio":"Alto Alegre","cod_municipio_ibge":4300554,"m_fiscal":0.387,"tipo_imovel":"IRU"}},{"type":"Feature","id":"sicar_imoveis_rs.9395240","geometry":{"type":"MultiPolygon","coordinates":[[[[-52.94142008,-28.8576981],[-52.94729948,-28.85709672],[-52.94755697,-28.85940826],[-52.9476428,-28.8595586],[-52.94765624,-28.85959487],[-52.94879957,-28.85941974],[-52.94982181,-28.85938475],[-52.94991732,-28.86017876],[-52.94929504,-28.86064857],[-52.94851817,-28.86099342],[-52.94761084,-28.86091827],[-52.94632787,-28.86082015],[-52.94543843,-28.86050885],[-52.94521817,-28.85983762],[-52.94246517,-28.86014049],[-52.94169903,-28.86023514],[-52.94142008,-28.8576981]]]]},"geometry_name":"geo_area_imovel","properties":{"cod_imovel":"RS-4300554-5F0318254448419B8FA36304C0D6BE5B","status_imovel":"AT","dat_criacao":"2021-07-06T18:11:08.608Z","area":21.9861,"condicao":"Aguardando análise","uf":"RS","municipio":"Alto Alegre","cod_municipio_ibge":4300554,"m_fiscal":1.2214,"tipo_imovel":"IRU"}},{"type":"Feature","id":"sicar_imoveis_rs.9473873","geometry":{"type":"MultiPolygon","coordinates":[[[[-52.98671985,-28.84638652],[-52.98664114,-28.84730711],[-52.98632896,-28.84743306],[-52.9862297,-28.84698569],[-52.9859496,-28.8469449],[-52.98591259,-28.84693663],[-52.98588666,-28.84695433],[-52.98586082,-28.84699172],[-52.98571336,-28.84699499],[-52.98536403,-28.847008],[-52.98535335,-28.84628734],[-52.9857061,-28.84636999],[-52.98587124,-28.84641143],[-52.98671985,-28.84638652]]]]},"geometry_name":"geo_area_imovel","properties":{"cod_imovel":"RS-4300554-54215041E52945BDB8E9A1C4977BD4AF","status_imovel":"AT","dat_criacao":"2021-07-29T23:23:18.608Z","area":1.0314,"condicao":"Aguardando análise","uf":"RS","municipio":"Alto Alegre","cod_municipio_ibge":4300554,"m_fiscal":0.0573,"tipo_imovel":"IRU"}},{"type":"Feature","id":"sicar_imoveis_rs.9492297","geometry":{"type":"MultiPolygon","coordinates":[[[[-52.97369228,-28.83915633],[-52.97679772,-28.83868715],[-52.97625318,-28.83808646],[-52.97615343,-28.83792908],[-52.97283077,-28.83904771],[-52.97282412,-28.83920879],[-52.97204056,-28.83982093],[-52.97254446,-28.84048886],[-52.97325007,-28.83993472],[-52.9737307,-28.83994987],[-52.97369228,-28.83915633]]]]},"geometry_name":"geo_area_imovel","properties":{"cod_imovel":"RS-4300554-BEFAC93705874069AE7A1155A7F417DA","status_imovel":"AT","dat_criacao":"2021-08-05T06:01:35.990Z","area":3.6283,"condicao":"Aguardando análise","uf":"RS","municipio":"Alto Alegre","cod_municipio_ibge":4300554,"m_fiscal":0.2016,"tipo_imovel":"IRU"}},{"type":"Feature","id":"sicar_imoveis_rs.9506422","geometry":{"type":"MultiPolygon","coordinates":[[[[-52.96655031,-28.77522739],[-52.96545272,-28.77530226],[-52.9653594,-28.77665725],[-52.96700208,-28.77654519],[-52.96655031,-28.77522739]]]]},"geometry_name":"geo_area_imovel","properties":{"cod_imovel":"RS-4300554-FEAC89F63F6D4041B33B8DF242FAD12B","status_imovel":"AT","dat_criacao":"2021-08-10T05:12:17.924Z","area":2,"condicao":"Aguardando análise","uf":"RS","municipio":"Alto Alegre","cod_municipio_ibge":4300554,"m_fiscal":0.1111,"tipo_imovel":"IRU"}},{"type":"Feature","id":"sicar_imoveis_rs.9528801","geometry":{"type":"MultiPolygon","coordinates":[[[[-53.04744409,-28.79266643],[-53.04703156,-28.79222559],[-53.04907395,-28.7905251],[-53.04945705,-28.79050936],[-53.04993362,-28.79058166],[-53.05034824,-28.79083603],[-53.04744409,-28.79266643]]]]},"geometry_name":"geo_area_imovel","properties":{"cod_imovel":"RS-4300554-CB981C3363FD432F8783D68CAEDBD8CA","status_imovel":"AT","dat_criacao":"2021-08-16T18:13:48.425Z","area":2.7424,"condicao":"Aguardando análise","uf":"RS","municipio":"Alto Alegre","cod_municipio_ibge":4300554,"m_fiscal":0.1523,"tipo_imovel":"IRU"}},{"type":"Feature","id":"sicar_imoveis_rs.9530578","geometry":{"type":"MultiPolygon","coordinates":[[[[-53.03516292,-28.81046006],[-53.03279895,-28.80794573],[-53.0332386,-28.80878809],[-53.03343028,-28.80910639],[-53.03379782,-28.8099083],[-53.03391213,-28.81017209],[-53.03404578,-28.8104095],[-53.03438035,-28.81083199],[-53.03455621,-28.81092344],[-53.03483143,-28.81074055],[-53.03516292,-28.81046006]]]]},"geometry_name":"geo_area_imovel","properties":{"cod_imovel":"RS-4300554-10926FB9E7B24069A0FF17A1E944D2AA","status_imovel":"AT","dat_criacao":"2021-08-17T00:18:25.327Z","area":1.7497,"condicao":"Aguardando análise","uf":"RS","municipio":"Alto Alegre","cod_municipio_ibge":4300554,"m_fiscal":0.0972,"tipo_imovel":"IRU"}},{"type":"Feature","id":"sicar_imoveis_rs.9542505","geometry":{"type":"MultiPolygon","coordinates":[[[[-52.98792026,-28.77722297],[-52.98782916,-28.77739285],[-52.98796189,-28.77755422],[-52.98828253,-28.77776715],[-52.98882404,-28.77773169],[-52.98921098,-28.77802131],[-52.98986234,-28.77807467],[-52.99000067,-28.77816152],[-52.98979912,-28.77857556],[-52.98949558,-28.77894383],[-52.98812277,-28.77802842],[-52.98667156,-28.77701103],[-52.98706526,-28.77670995],[-52.98711774,-28.77669159],[-52.9872751,-28.77678078],[-52.98792026,-28.77722297]]]]},"geometry_name":"geo_area_imovel","properties":{"cod_imovel":"RS-4300554-619AA1E0C57141F4B719C80DC070764D","status_imovel":"AT","dat_criacao":"2021-08-19T17:21:45.966Z","area":2.0418,"condicao":"Aguardando análise","uf":"RS","municipio":"Alto Alegre","cod_municipio_ibge":4300554,"m_fiscal":0.1134,"tipo_imovel":"IRU"}},{"type":"Feature","id":"sicar_imoveis_rs.9542680","geometry":{"type":"MultiPolygon","coordinates":[[[[-53.04825698,-28.79346383],[-53.05090148,-28.7914531],[-53.05137592,-28.79238214],[-53.05042988,-28.79313313],[-53.04899969,-28.7942087],[-53.04825698,-28.79346383]]]]},"geometry_name":"geo_area_imovel","properties":{"cod_imovel":"RS-4300554-63B3ACDCF8764F9C84750B51A0544FF9","status_imovel":"AT","dat_criacao":"2021-08-19T17:44:34.690Z","area":3.5682,"condicao":"Aguardando análise","uf":"RS","municipio":"Alto Alegre","cod_municipio_ibge":4300554,"m_fiscal":0.1982,"tipo_imovel":"IRU"}},{"type":"Feature","id":"sicar_imoveis_rs.9542774","geometry":{"type":"MultiPolygon","coordinates":[[[[-53.04825373,-28.79346556],[-53.04745975,-28.79265803],[-53.05034211,-28.7908369],[-53.05065621,-28.79111404],[-53.05082255,-28.79131399],[-53.05090222,-28.79145917],[-53.04825373,-28.79346556]]]]},"geometry_name":"geo_area_imovel","properties":{"cod_imovel":"RS-4300554-74251CCE02FD4036BCCE9424AE71DAF1","status_imovel":"AT","dat_criacao":"2021-08-19T17:57:56.862Z","area":3.5683,"condicao":"Aguardando análise","uf":"RS","municipio":"Alto Alegre","cod_municipio_ibge":4300554,"m_fiscal":0.1979,"tipo_imovel":"IRU"}},{"type":"Feature","id":"sicar_imoveis_rs.9550509","geometry":{"type":"MultiPolygon","coordinates":[[[[-52.99216747,-28.831892],[-52.99332619,-28.83279429],[-52.98989296,-28.83606502],[-52.98871279,-28.83503118],[-52.99216747,-28.831892]]]]},"geometry_name":"geo_area_imovel","properties":{"cod_imovel":"RS-4300554-7E4F58C28C1644639EC69AE35F535982","status_imovel":"AT","dat_criacao":"2021-08-22T05:04:29.039Z","area":7.6613,"condicao":"Aguardando análise","uf":"RS","municipio":"Alto Alegre","cod_municipio_ibge":4300554,"m_fiscal":0.4256,"tipo_imovel":"IRU"}},{"type":"Feature","id":"sicar_imoveis_rs.9603580","geometry":{"type":"MultiPolygon","coordinates":[[[[-53.04926634,-28.79052875],[-53.04881573,-28.79098007],[-53.04793596,-28.79092366],[-53.04730006,-28.79072035],[-53.04637066,-28.79007289],[-53.0470601,-28.78942665],[-53.04926634,-28.79052875]]]]},"geometry_name":"geo_area_imovel","properties":{"cod_imovel":"RS-4300554-ADA202A2C8ED43D1AF7FC4350045119F","status_imovel":"AT","dat_criacao":"2021-09-07T01:17:12.023Z","area":2.4789,"condicao":"Aguardando análise","uf":"RS","municipio":"Alto Alegre","cod_municipio_ibge":4300554,"m_fiscal":0.1376,"tipo_imovel":"IRU"}},{"type":"Feature","id":"sicar_imoveis_rs.9631342","geometry":{"type":"MultiPolygon","coordinates":[[[[-53.02968801,-28.78593494],[-53.02980034,-28.78574718],[-53.03007957,-28.78525304],[-53.0302881,-28.78503001],[-53.03053321,-28.78492172],[-53.03082095,-28.78470055],[-53.03105689,-28.78431138],[-53.03229865,-28.78343736],[-53.03311706,-28.78468439],[-53.03297835,-28.78482842],[-53.03212523,-28.78543336],[-53.03195757,-28.78552535],[-53.03162651,-28.78575117],[-53.03044049,-28.78674132],[-53.02968801,-28.78593494]]]]},"geometry_name":"geo_area_imovel","properties":{"cod_imovel":"RS-4300554-38EDB6556FB0421B8E4E6FD00CB3D60D","status_imovel":"AT","dat_criacao":"2021-09-15T06:49:19.920Z","area":5.3404,"condicao":"Aguardando análise","uf":"RS","municipio":"Alto Alegre","cod_municipio_ibge":4300554,"m_fiscal":0.2967,"tipo_imovel":"IRU"}},{"type":"Feature","id":"sicar_imoveis_rs.10044787","geometry":{"type":"MultiPolygon","coordinates":[[[[-52.95646725,-28.78766658],[-52.95618882,-28.78765567],[-52.9556603,-28.78759645],[-52.95534828,-28.78700317],[-52.95510898,-28.78681646],[-52.95481839,-28.78670454],[-52.95446952,-28.78664836],[-52.95420173,-28.78655056],[-52.95397165,-28.78634197],[-52.95380732,-28.78618867],[-52.95386422,-28.78558667],[-52.95487161,-28.78443035],[-52.95504301,-28.78431006],[-52.95532277,-28.78425533],[-52.95559302,-28.7836493],[-52.95599241,-28.78325978],[-52.95622023,-28.7831549],[-52.95659563,-28.7826565],[-52.95714103,-28.78247864],[-52.95850784,-28.78136949],[-52.95979087,-28.78179466],[-52.96047776,-28.7822244],[-52.96074185,-28.78259066],[-52.96095414,-28.78280452],[-52.96012093,-28.78384692],[-52.95902394,-28.78495673],[-52.95829885,-28.78634282],[-52.95822078,-28.78717623],[-52.95808779,-28.78721709],[-52.95788049,-28.78724006],[-52.95762165,-28.78729236],[-52.95726673,-28.78737897],[-52.95702993,-28.78739604],[-52.95669092,-28.78759282],[-52.95646725,-28.78766658]]]]},"geometry_name":"geo_area_imovel","properties":{"cod_imovel":"RS-4300554-1A2425C6891B4D4FAEEC6D256656DD68","status_imovel":"AT","dat_criacao":"2022-01-21T16:38:50.938Z","area":25.5237,"condicao":"Aguardando análise","uf":"RS","municipio":"Alto Alegre","cod_municipio_ibge":4300554,"m_fiscal":1.418,"tipo_imovel":"IRU"}},{"type":"Feature","id":"sicar_imoveis_rs.10148046","geometry":{"type":"MultiPolygon","coordinates":[[[[-52.94659139,-28.83858459],[-52.94579801,-28.83832357],[-52.94613417,-28.83709882],[-52.94687692,-28.83769919],[-52.94659139,-28.83858459]]]]},"geometry_name":"geo_area_imovel","properties":{"cod_imovel":"RS-4300554-E056A423B91C4355B331B4101ED7B904","status_imovel":"AT","dat_criacao":"2022-02-24T04:29:19.875Z","area":1.0214,"condicao":"Aguardando análise","uf":"RS","municipio":"Alto Alegre","cod_municipio_ibge":4300554,"m_fiscal":0.0567,"tipo_imovel":"IRU"}},{"type":"Feature","id":"sicar_imoveis_rs.10271722","geometry":{"type":"MultiPolygon","coordinates":[[[[-52.96514046,-28.79049831],[-52.96511261,-28.79047974],[-52.96491193,-28.79037548],[-52.96406188,-28.79002515],[-52.96392575,-28.78988884],[-52.96369324,-28.78979027],[-52.96350927,-28.78957311],[-52.9632819,-28.78941425],[-52.96189545,-28.78953262],[-52.95732619,-28.79110976],[-52.9567668,-28.79061552],[-52.95683872,-28.78956132],[-52.95662965,-28.78910414],[-52.95651792,-28.7887687],[-52.95620573,-28.78868249],[-52.95602248,-28.78837116],[-52.95610564,-28.78827616],[-52.95711469,-28.78766583],[-52.95771513,-28.78752721],[-52.95820056,-28.78739209],[-52.95822078,-28.78717623],[-52.95808779,-28.78721709],[-52.95788049,-28.78724006],[-52.95762165,-28.78729236],[-52.95726673,-28.78737897],[-52.95702993,-28.78739604],[-52.95669092,-28.78759282],[-52.95646725,-28.78766658],[-52.95618882,-28.78765567],[-52.9556603,-28.78759645],[-52.95534828,-28.78700317],[-52.95510898,-28.78681646],[-52.95481839,-28.78670454],[-52.95446952,-28.78664836],[-52.95420173,-28.78655056],[-52.95397165,-28.78634197],[-52.95380732,-28.78618867],[-52.95379652,-28.78630294],[-52.95363122,-28.78632747],[-52.95338428,-28.78617594],[-52.95304567,-28.7863238],[-52.95266233,-28.78676768],[-52.95268242,-28.78703204],[-52.95245943,-28.78704867],[-52.95236828,-28.78711951],[-52.95244999,-28.78725081],[-52.95232536,-28.78732699],[-52.95218435,-28.78732081],[-52.95219284,-28.78747813],[-52.95231393,-28.78762953],[-52.95192748,-28.78790362],[-52.95192524,-28.78806832],[-52.95166019,-28.78808204],[-52.95153604,-28.78815991],[-52.95160127,-28.78824847],[-52.95132825,-28.78846229],[-52.9511578,-28.78844574],[-52.95118139,-28.78853724],[-52.95099956,-28.78862492],[-52.95030839,-28.78850058],[-52.9502093,-28.7884044],[-52.9497926,-28.78848045],[-52.94970583,-28.78859646],[-52.94997784,-28.7888905],[-52.95106444,-28.78915634],[-52.95140154,-28.78953848],[-52.95200851,-28.78965819],[-52.95216243,-28.78988964],[-52.95304219,-28.79038748],[-52.95358693,-28.79089475],[-52.95343105,-28.79130275],[-52.952902,-28.79129588],[-52.95327743,-28.7920713],[-52.95320162,-28.79250364],[-52.95470396,-28.79207222],[-52.95693882,-28.79238935],[-52.95917925,-28.79187283],[-52.96514046,-28.79049831]]]]},"geometry_name":"geo_area_imovel","properties":{"cod_imovel":"RS-4300554-2D4CCE6239464B2BAF71EBB6B26B0A25","status_imovel":"AT","dat_criacao":"2022-04-12T19:02:00.889Z","area":38.1556,"condicao":"Aguardando análise","uf":"RS","municipio":"Alto Alegre","cod_municipio_ibge":4300554,"m_fiscal":2.1198,"tipo_imovel":"IRU"}},{"type":"Feature","id":"sicar_imoveis_rs.10272676","geometry":{"type":"MultiPolygon","coordinates":[[[[-52.98663139,-28.80053264],[-53.00201654,-28.80797852],[-53.00205946,-28.80826055],[-52.99974203,-28.80835456],[-52.98585892,-28.80173605],[-52.98663139,-28.80053264]]]]},"geometry_name":"geo_area_imovel","properties":{"cod_imovel":"RS-4300554-BE4AA81E475A4E00AAA56C0B70ED719D","status_imovel":"AT","dat_criacao":"2022-04-12T23:00:08.213Z","area":24.4538,"condicao":"Aguardando análise","uf":"RS","municipio":"Alto Alegre","cod_municipio_ibge":4300554,"m_fiscal":1.3585,"tipo_imovel":"IRU"}},{"type":"Feature","id":"sicar_imoveis_rs.10272846","geometry":{"type":"MultiPolygon","coordinates":[[[[-52.98121151,-28.8464204],[-52.9809051,-28.84657211],[-52.98064489,-28.84629034],[-52.98019667,-28.84604043],[-52.97992076,-28.84599602],[-52.97965175,-28.8460948],[-52.97893253,-28.84434098],[-52.98097707,-28.84385381],[-52.98105484,-28.84402852],[-52.98007302,-28.84419507],[-52.98028757,-28.84480529],[-52.98050054,-28.84506385],[-52.98121151,-28.8464204]]]]},"geometry_name":"geo_area_imovel","properties":{"cod_imovel":"RS-4300554-A46F83A63D164D6A9FD03AE6CCCF9713","status_imovel":"AT","dat_criacao":"2022-04-12T23:59:09.364Z","area":2.9436,"condicao":"Aguardando análise","uf":"RS","municipio":"Alto Alegre","cod_municipio_ibge":4300554,"m_fiscal":0.1635,"tipo_imovel":"IRU"}},{"type":"Feature","id":"sicar_imoveis_rs.10290466","geometry":{"type":"MultiPolygon","coordinates":[[[[-53.00892826,-28.79107936],[-53.00884588,-28.79079105],[-53.00874008,-28.79061966],[-53.00856644,-28.79047724],[-53.00773295,-28.79039457],[-53.00738506,-28.78952119],[-53.00766835,-28.78937553],[-53.00800261,-28.78932994],[-53.00821362,-28.78925417],[-53.008389,-28.78909095],[-53.00860135,-28.7889346],[-53.00880037,-28.78869379],[-53.00897071,-28.78879513],[-53.00926298,-28.78884416],[-53.00954451,-28.78874277],[-53.00987092,-28.78860995],[-53.01026297,-28.78869058],[-53.01046131,-28.78902786],[-53.01076992,-28.78918842],[-53.01141007,-28.78921618],[-53.01258974,-28.78919727],[-53.0122761,-28.78929377],[-53.01356467,-28.79127844],[-53.01074919,-28.79116],[-53.01048843,-28.79117335],[-53.00892826,-28.79107936]]]]},"geometry_name":"geo_area_imovel","properties":{"cod_imovel":"RS-4300554-3739F9F43B394692B58EEA55AF3FBA3A","status_imovel":"AT","dat_criacao":"2022-04-19T22:38:31.858Z","area":11.261,"condicao":"Aguardando análise","uf":"RS","municipio":"Alto Alegre","cod_municipio_ibge":4300554,"m_fiscal":0.6256,"tipo_imovel":"IRU"}},{"type":"Feature","id":"sicar_imoveis_rs.10303417","geometry":{"type":"MultiPolygon","coordinates":[[[[-52.99165907,-28.8621747],[-52.9913868,-28.8618805],[-52.9901362,-28.86035343],[-52.99137309,-28.85889375],[-52.99153039,-28.85871671],[-52.99163986,-28.8585536],[-52.99147941,-28.85839247],[-52.99047724,-28.85755663],[-52.9887487,-28.8562761],[-52.98827267,-28.85677223],[-52.98806081,-28.85650174],[-52.98779764,-28.85627749],[-52.98748432,-28.8556407],[-52.98742565,-28.85519377],[-52.98730905,-28.85492047],[-52.9931581,-28.85144101],[-52.99316734,-28.8530747],[-52.99308886,-28.85423412],[-52.99313204,-28.85549865],[-52.99344292,-28.8568071],[-52.9936669,-28.85730479],[-52.99485003,-28.85961496],[-52.99544102,-28.86054816],[-52.99560433,-28.86083285],[-52.99568008,-28.86103779],[-52.99563783,-28.86114029],[-52.99417769,-28.86154416],[-52.99165907,-28.8621747]]]]},"geometry_name":"geo_area_imovel","properties":{"cod_imovel":"RS-4300554-6FBC59EA42054F6585925BB5834F4FA4","status_imovel":"AT","dat_criacao":"2022-04-25T16:40:29.327Z","area":42.7592,"condicao":"Aguardando análise","uf":"RS","municipio":"Alto Alegre","cod_municipio_ibge":4300554,"m_fiscal":2.3755,"tipo_imovel":"IRU"}},{"type":"Feature","id":"sicar_imoveis_rs.10420352","geometry":{"type":"MultiPolygon","coordinates":[[[[-53.02274466,-28.82424104],[-53.02322372,-28.82382025],[-53.02737951,-28.82021795],[-53.02866697,-28.82132713],[-53.02345276,-28.82591415],[-53.02274466,-28.82424104]]]]},"geometry_name":"geo_area_imovel","properties":{"cod_imovel":"RS-4300554-18581E749B3F4641AC6DD8BD549CDAA6","status_imovel":"AT","dat_criacao":"2022-06-02T04:49:56.720Z","area":12.0723,"condicao":"Aguardando análise","uf":"RS","municipio":"Alto Alegre","cod_municipio_ibge":4300554,"m_fiscal":0.6707,"tipo_imovel":"IRU"}},{"type":"Feature","id":"sicar_imoveis_rs.10431567","geometry":{"type":"MultiPolygon","coordinates":[[[[-52.9404796,-28.78390719],[-52.93846384,-28.78524661],[-52.93885108,-28.78542167],[-52.93904906,-28.78554642],[-52.93914371,-28.78582645],[-52.93908448,-28.78624654],[-52.9390175,-28.78694656],[-52.93895637,-28.78766636],[-52.94302451,-28.78735389],[-52.94303379,-28.78710855],[-52.94301523,-28.78686719],[-52.94304971,-28.7865993],[-52.94302318,-28.78635794],[-52.9429887,-28.7860821],[-52.94296058,-28.78586984],[-52.94296945,-28.785788],[-52.94299213,-28.78574264],[-52.94300643,-28.78562657],[-52.94296107,-28.78555163],[-52.94289994,-28.78553783],[-52.94281908,-28.7855398],[-52.94270471,-28.78556544],[-52.94256666,-28.7856522],[-52.94236798,-28.7857387],[-52.94217179,-28.7858036],[-52.94197021,-28.78583013],[-52.94182272,-28.78578307],[-52.94177539,-28.78570616],[-52.94177933,-28.78548135],[-52.94180497,-28.78518357],[-52.94180102,-28.78508694],[-52.94175764,-28.78499426],[-52.94167383,-28.78493805],[-52.94156838,-28.78487529],[-52.94133233,-28.78481429],[-52.94113605,-28.78473206],[-52.94099018,-28.78461006],[-52.94091591,-28.78450927],[-52.94081778,-28.78434217],[-52.94064272,-28.78412203],[-52.94054459,-28.78398411],[-52.9404796,-28.78390719]]]]},"geometry_name":"geo_area_imovel","properties":{"cod_imovel":"RS-4300554-78097B2AC19B41CEBBEA20BD88923ED8","status_imovel":"AT","dat_criacao":"2022-06-06T17:26:28.710Z","area":11.57,"condicao":"Aguardando análise","uf":"RS","municipio":"Alto Alegre","cod_municipio_ibge":4300554,"m_fiscal":0.6428,"tipo_imovel":"IRU"}},{"type":"Feature","id":"sicar_imoveis_rs.10616821","geometry":{"type":"MultiPolygon","coordinates":[[[[-53.01115121,-28.82965971],[-53.01103797,-28.82975505],[-53.01076583,-28.83001917],[-53.01047393,-28.83027957],[-53.01025042,-28.83043362],[-53.01024138,-28.83043768],[-53.00832947,-28.83212557],[-53.01071344,-28.83313454],[-53.01212294,-28.83518143],[-53.01279884,-28.83458679],[-53.01478945,-28.83276864],[-53.01115121,-28.82965971]]]]},"geometry_name":"geo_area_imovel","properties":{"cod_imovel":"RS-4300554-898408BFC2A047DAAEDA73C22C89B72F","status_imovel":"AT","dat_criacao":"2022-08-03T01:14:38.312Z","area":17.1164,"condicao":"Aguardando análise","uf":"RS","municipio":"Alto Alegre","cod_municipio_ibge":4300554,"m_fiscal":0.9509,"tipo_imovel":"IRU"}},{"type":"Feature","id":"sicar_imoveis_rs.10620864","geometry":{"type":"MultiPolygon","coordinates":[[[[-53.01364798,-28.84770838],[-53.01147971,-28.84764542],[-53.01054873,-28.84759724],[-53.00950909,-28.84747241],[-53.00845068,-28.84735627],[-53.00861481,-28.84403181],[-53.01014572,-28.84432509],[-53.01108307,-28.84454672],[-53.01188609,-28.84482104],[-53.01204979,-28.84543057],[-53.01287161,-28.84642324],[-53.01364798,-28.84770838]]]]},"geometry_name":"geo_area_imovel","properties":{"cod_imovel":"RS-4300554-E944A0A0C0A24024AE089A3312C3A666","status_imovel":"AT","dat_criacao":"2022-08-03T19:07:50.272Z","area":14.0357,"condicao":"Aguardando análise","uf":"RS","municipio":"Alto Alegre","cod_municipio_ibge":4300554,"m_fiscal":0.7798,"tipo_imovel":"IRU"}},{"type":"Feature","id":"sicar_imoveis_rs.10653057","geometry":{"type":"MultiPolygon","coordinates":[[[[-53.01274487,-28.82822741],[-53.01113665,-28.82964727],[-53.01478945,-28.83276864],[-53.01636993,-28.83132504],[-53.01274487,-28.82822741]]]]},"geometry_name":"geo_area_imovel","properties":{"cod_imovel":"RS-4300554-E9E273B12CF549DABAF85DE1397DAC21","status_imovel":"AT","dat_criacao":"2022-08-11T05:04:39.852Z","area":11,"condicao":"Aguardando análise","uf":"RS","municipio":"Alto Alegre","cod_municipio_ibge":4300554,"m_fiscal":0.6111,"tipo_imovel":"IRU"}},{"type":"Feature","id":"sicar_imoveis_rs.10656161","geometry":{"type":"MultiPolygon","coordinates":[[[[-53.0165919,-28.82823567],[-53.01647948,-28.82825315],[-53.0161161,-28.82834457],[-53.01569333,-28.82844255],[-53.01407118,-28.82705639],[-53.01274487,-28.82822741],[-53.01636993,-28.83132504],[-53.01825425,-28.82960382],[-53.01724194,-28.82874684],[-53.01664274,-28.82822974],[-53.0165919,-28.82823567]]]]},"geometry_name":"geo_area_imovel","properties":{"cod_imovel":"RS-4300554-33F8EDF232724E6BB186CA78B564FC98","status_imovel":"AT","dat_criacao":"2022-08-11T19:18:50.011Z","area":11,"condicao":"Aguardando análise","uf":"RS","municipio":"Alto Alegre","cod_municipio_ibge":4300554,"m_fiscal":0.6111,"tipo_imovel":"IRU"}},{"type":"Feature","id":"sicar_imoveis_rs.10656579","geometry":{"type":"MultiPolygon","coordinates":[[[[-53.01647948,-28.82825315],[-53.0165919,-28.82823567],[-53.01664274,-28.82822974],[-53.01724194,-28.82874684],[-53.01727428,-28.82877421],[-53.02256621,-28.82418458],[-53.02123211,-28.82303897],[-53.01594525,-28.82762782],[-53.01592141,-28.82760725],[-53.01466227,-28.82653449],[-53.01407118,-28.82705639],[-53.01569333,-28.82844255],[-53.0161161,-28.82834457],[-53.01647948,-28.82825315]]]]},"geometry_name":"geo_area_imovel","properties":{"cod_imovel":"RS-4300554-1C23678CB8224650A21F87FEC66D9CEA","status_imovel":"AT","dat_criacao":"2022-08-11T20:29:30.386Z","area":15.1701,"condicao":"Aguardando análise","uf":"RS","municipio":"Alto Alegre","cod_municipio_ibge":4300554,"m_fiscal":0.8428,"tipo_imovel":"IRU"}},{"type":"Feature","id":"sicar_imoveis_rs.10680598","geometry":{"type":"MultiPolygon","coordinates":[[[[-52.95600501,-28.77074493],[-52.95001214,-28.77238223],[-52.94982714,-28.7713455],[-52.94982785,-28.77123886],[-52.94988081,-28.77118535],[-52.95008051,-28.77118631],[-52.95028041,-28.77116381],[-52.95058073,-28.77108758],[-52.95100419,-28.77097106],[-52.95374592,-28.77030595],[-52.95411459,-28.77024374],[-52.95443174,-28.77023366],[-52.95507441,-28.77033478],[-52.95542931,-28.77042817],[-52.9557346,-28.77055208],[-52.95600501,-28.77074493]]]]},"geometry_name":"geo_area_imovel","properties":{"cod_imovel":"RS-4300554-56C39C303F8248CAA3136E6348E7E828","status_imovel":"AT","dat_criacao":"2022-08-18T18:14:49.388Z","area":6.3146,"condicao":"Aguardando análise","uf":"RS","municipio":"Alto Alegre","cod_municipio_ibge":4300554,"m_fiscal":0.3508,"tipo_imovel":"IRU"}},{"type":"Feature","id":"sicar_imoveis_rs.10683107","geometry":{"type":"MultiPolygon","coordinates":[[[[-52.93812151,-28.78533862],[-52.93690318,-28.785296],[-52.93606908,-28.78545699],[-52.93645337,-28.78406908],[-52.93913835,-28.78278395],[-52.93991184,-28.78295006],[-52.9404063,-28.78386028],[-52.93863576,-28.78550863],[-52.93812151,-28.78533862]]]]},"geometry_name":"geo_area_imovel","properties":{"cod_imovel":"RS-4300554-0DA22CCEB6FF45D8B6EB2957E976E392","status_imovel":"AT","dat_criacao":"2022-08-19T05:33:47.174Z","area":7.6993,"condicao":"Aguardando análise","uf":"RS","municipio":"Alto Alegre","cod_municipio_ibge":4300554,"m_fiscal":0.4277,"tipo_imovel":"IRU"}},{"type":"Feature","id":"sicar_imoveis_rs.10686233","geometry":{"type":"MultiPolygon","coordinates":[[[[-52.98039837,-28.83922246],[-52.97847775,-28.83915278],[-52.97848936,-28.83921781],[-52.97849168,-28.83927355],[-52.97850097,-28.83933625],[-52.97851491,-28.83941754],[-52.97855207,-28.83947792],[-52.97861709,-28.83952669],[-52.97868444,-28.83956849],[-52.97877037,-28.83960101],[-52.97883772,-28.83962888],[-52.97893758,-28.8396939],[-52.97898635,-28.83973338],[-52.97902583,-28.83978215],[-52.97904906,-28.83984021],[-52.97904441,-28.83989827],[-52.97904441,-28.83996795],[-52.97905138,-28.84002136],[-52.97908389,-28.840098],[-52.97909783,-28.84016071],[-52.97911641,-28.84020715],[-52.97914892,-28.84026754],[-52.97917679,-28.84032792],[-52.97920466,-28.84038598],[-52.97923253,-28.84044172],[-52.97926736,-28.840523],[-52.97929756,-28.84059499],[-52.97931613,-28.84066002],[-52.97932775,-28.84071576],[-52.97935329,-28.84078543],[-52.97937419,-28.84084581],[-52.97939277,-28.84092245],[-52.97939974,-28.84099677],[-52.97940206,-28.84105715],[-52.97939742,-28.84111986],[-52.97941368,-28.84117792],[-52.97942645,-28.84121507],[-52.98047269,-28.84116863],[-52.98039837,-28.83922246]]]]},"geometry_name":"geo_area_imovel","properties":{"cod_imovel":"RS-4300554-AD7483546AAA4AE1B55DDB31BBABA81D","status_imovel":"AT","dat_criacao":"2022-08-19T18:57:07.875Z","area":2.9735,"condicao":"Aguardando análise","uf":"RS","municipio":"Alto Alegre","cod_municipio_ibge":4300554,"m_fiscal":0.1652,"tipo_imovel":"IRU"}},{"type":"Feature","id":"sicar_imoveis_rs.10716130","geometry":{"type":"MultiPolygon","coordinates":[[[[-52.98130789,-28.75646272],[-52.98387051,-28.75593038],[-52.98399381,-28.75595779],[-52.98485168,-28.75691741],[-52.98561562,-28.75776233],[-52.98283457,-28.75866315],[-52.9826641,-28.75858203],[-52.98238421,-28.75852796],[-52.98151666,-28.75849914],[-52.98153854,-28.75794204],[-52.98170378,-28.7577267],[-52.98141039,-28.75702273],[-52.98130789,-28.75646272]]]]},"geometry_name":"geo_area_imovel","properties":{"cod_imovel":"RS-4300554-0B46556D97C34F03973878883B01E1E2","status_imovel":"AT","dat_criacao":"2022-08-29T16:27:09.838Z","area":8.3668,"condicao":"Aguardando análise","uf":"RS","municipio":"Alto Alegre","cod_municipio_ibge":4300554,"m_fiscal":0.4648,"tipo_imovel":"IRU"}},{"type":"Feature","id":"sicar_imoveis_rs.10723763","geometry":{"type":"MultiPolygon","coordinates":[[[[-53.01585792,-28.79840485],[-53.01586785,-28.7985905],[-53.01137268,-28.79853466],[-53.01100829,-28.79896492],[-53.01040927,-28.79937748],[-53.01020867,-28.79947754],[-53.00993966,-28.79976141],[-53.00987489,-28.79967831],[-53.00191445,-28.79960954],[-53.00188735,-28.79932644],[-53.01031524,-28.79928453],[-53.01048996,-28.79907827],[-53.00188018,-28.79899329],[-53.00182997,-28.79776183],[-53.01135409,-28.79775147],[-53.01151831,-28.79775386],[-53.01109599,-28.79704869],[-53.01090066,-28.79610217],[-53.01054902,-28.79579048],[-53.01563664,-28.79601844],[-53.01578207,-28.7978865],[-53.01158479,-28.79768321],[-53.01143331,-28.79840425],[-53.01585792,-28.79840485]]]]},"geometry_name":"geo_area_imovel","properties":{"cod_imovel":"RS-4300554-3E664D81680B44D6941777EB732CC3C5","status_imovel":"AT","dat_criacao":"2022-08-31T08:34:54.557Z","area":26.4253,"condicao":"Aguardando análise","uf":"RS","municipio":"Alto Alegre","cod_municipio_ibge":4300554,"m_fiscal":1.4681,"tipo_imovel":"IRU"}},{"type":"Feature","id":"sicar_imoveis_rs.10744248","geometry":{"type":"MultiPolygon","coordinates":[[[[-53.00941543,-28.83141483],[-53.01041756,-28.83045453],[-53.01037205,-28.83045052],[-53.01027347,-28.83044829],[-53.01017279,-28.83039479],[-53.01004664,-28.83031923],[-53.00884615,-28.82941227],[-53.00866619,-28.82908336],[-53.0051941,-28.82664605],[-53.00517409,-28.82670971],[-53.00513025,-28.82678905],[-53.00504496,-28.82689704],[-53.0049322,-28.827068],[-53.00490673,-28.82720259],[-53.00493583,-28.82731535],[-53.00497367,-28.82740525],[-53.00502341,-28.82748212],[-53.00508588,-28.82758547],[-53.00510498,-28.82766456],[-53.0051068,-28.82775004],[-53.00510658,-28.82781794],[-53.0050977,-28.82792646],[-53.00503041,-28.82801739],[-53.00941543,-28.83141483]]]]},"geometry_name":"geo_area_imovel","properties":{"cod_imovel":"RS-4300554-46BB70B02CA341EEB02B4723CADEFA02","status_imovel":"AT","dat_criacao":"2022-09-05T18:12:14.732Z","area":8.4244,"condicao":"Aguardando análise","uf":"RS","municipio":"Alto Alegre","cod_municipio_ibge":4300554,"m_fiscal":0.468,"tipo_imovel":"IRU"}},{"type":"Feature","id":"sicar_imoveis_rs.10744253","geometry":{"type":"MultiPolygon","coordinates":[[[[-52.98494949,-28.82830056],[-52.98012242,-28.8280313],[-52.9801097,-28.82810733],[-52.98012731,-28.82820754],[-52.98014689,-28.82835931],[-52.98021247,-28.82852468],[-52.98021639,-28.82863916],[-52.98026186,-28.82872663],[-52.98030863,-28.82884698],[-52.98036163,-28.82890987],[-52.98044775,-28.82899395],[-52.98045777,-28.82909854],[-52.98047369,-28.82920261],[-52.98051593,-28.82935337],[-52.98053947,-28.82950648],[-52.98054038,-28.82961875],[-52.98058786,-28.82973031],[-52.98062285,-28.82980286],[-52.98067884,-28.82986835],[-52.98069609,-28.82992431],[-52.9807359,-28.82997705],[-52.98084331,-28.83007787],[-52.98090382,-28.83020012],[-52.98099398,-28.83021583],[-52.98110629,-28.83018779],[-52.98126544,-28.83019639],[-52.98138549,-28.8302637],[-52.98146176,-28.83035828],[-52.98152491,-28.83043611],[-52.98165964,-28.8304889],[-52.98177713,-28.83046442],[-52.98190289,-28.83042818],[-52.98207577,-28.83041057],[-52.98226001,-28.83038908],[-52.9823793,-28.83033714],[-52.982473,-28.83027057],[-52.98258491,-28.83022943],[-52.98269991,-28.83021734],[-52.98284438,-28.83024412],[-52.98413193,-28.82990632],[-52.98494949,-28.82830056]]]]},"geometry_name":"geo_area_imovel","properties":{"cod_imovel":"RS-4300554-0B89CB4400864425A91E50B80B773609","status_imovel":"AT","dat_criacao":"2022-09-05T18:12:57.970Z","area":9.0189,"condicao":"Aguardando análise","uf":"RS","municipio":"Alto Alegre","cod_municipio_ibge":4300554,"m_fiscal":0.5011,"tipo_imovel":"IRU"}},{"type":"Feature","id":"sicar_imoveis_rs.10772634","geometry":{"type":"MultiPolygon","coordinates":[[[[-52.94864583,-28.76960645],[-52.94948947,-28.76945542],[-52.94905694,-28.767685],[-52.95301698,-28.7661905],[-52.96131134,-28.76306953],[-52.96148746,-28.76321071],[-52.96193015,-28.76302712],[-52.96215073,-28.76300265],[-52.96290157,-28.76294682],[-52.96311162,-28.76305804],[-52.96297899,-28.76338746],[-52.96297606,-28.76390781],[-52.95425177,-28.76711363],[-52.95527958,-28.76992451],[-52.95479535,-28.77005977],[-52.9544117,-28.76908279],[-52.95344007,-28.76952402],[-52.95324508,-28.76962279],[-52.95331495,-28.77035704],[-52.95143153,-28.77082961],[-52.95133352,-28.77004786],[-52.95013523,-28.77026806],[-52.95008503,-28.77008298],[-52.94956955,-28.77014184],[-52.94970005,-28.77073881],[-52.94890365,-28.77083409],[-52.94864583,-28.76960645]]]]},"geometry_name":"geo_area_imovel","properties":{"cod_imovel":"RS-4300554-B89C5E3612904F759CAFC96E98E06FC6","status_imovel":"AT","dat_criacao":"2022-09-14T05:59:55.787Z","area":34.1381,"condicao":"Aguardando análise","uf":"RS","municipio":"Alto Alegre","cod_municipio_ibge":4300554,"m_fiscal":1.8945,"tipo_imovel":"IRU"}},{"type":"Feature","id":"sicar_imoveis_rs.10863332","geometry":{"type":"MultiPolygon","coordinates":[[[[-53.02552878,-28.81287628],[-53.02556602,-28.81291116],[-53.02563468,-28.81298214],[-53.02568833,-28.81305398],[-53.02575047,-28.81316999],[-53.0258796,-28.81345352],[-53.02600277,-28.81372545],[-53.02615369,-28.81399318],[-53.02630175,-28.81421675],[-53.02650654,-28.81450537],[-53.02664527,-28.81467321],[-53.02676634,-28.81480067],[-53.02703072,-28.81503077],[-53.02735396,-28.81530062],[-53.02761767,-28.81553122],[-53.02767212,-28.81556505],[-53.02779335,-28.8156192],[-53.02789336,-28.8156524],[-53.02801649,-28.81566109],[-53.02821621,-28.81566825],[-53.02843047,-28.81566139],[-53.02858914,-28.81563684],[-53.02868926,-28.81560889],[-53.02879201,-28.81555356],[-53.02893266,-28.81544472],[-53.02917331,-28.81525419],[-53.02944031,-28.81503805],[-53.02958931,-28.81493695],[-53.02997032,-28.81464125],[-53.03033104,-28.81435745],[-53.03059826,-28.81414527],[-53.03085421,-28.81396557],[-53.02988244,-28.81326047],[-53.02794204,-28.81410098],[-53.02794204,-28.81410098],[-53.02552878,-28.81287628]]]]},"geometry_name":"geo_area_imovel","properties":{"cod_imovel":"RS-4300554-C654AABE9A974085AEFC347FC16514A7","status_imovel":"AT","dat_criacao":"2022-10-08T00:15:43.326Z","area":7.1111,"condicao":"Aguardando análise","uf":"RS","municipio":"Alto Alegre","cod_municipio_ibge":4300554,"m_fiscal":0.3951,"tipo_imovel":"IRU"}},{"type":"Feature","id":"sicar_imoveis_rs.10863421","geometry":{"type":"MultiPolygon","coordinates":[[[[-52.95951532,-28.83702419],[-52.95938172,-28.83661983],[-52.95940104,-28.83615372],[-52.95925244,-28.83609162],[-52.95918672,-28.83598807],[-52.95919349,-28.83524369],[-52.9613367,-28.83537332],[-52.96147762,-28.83539733],[-52.9615538,-28.83545707],[-52.96151454,-28.8362218],[-52.96153626,-28.83654983],[-52.96155902,-28.83716285],[-52.95951532,-28.83702419]]]]},"geometry_name":"geo_area_imovel","properties":{"cod_imovel":"RS-4300554-53FAFA6368664231BC7FECFC661CCA96","status_imovel":"AT","dat_criacao":"2022-10-08T00:47:11.577Z","area":4.2607,"condicao":"Aguardando análise","uf":"RS","municipio":"Alto Alegre","cod_municipio_ibge":4300554,"m_fiscal":0.2367,"tipo_imovel":"IRU"}},{"type":"Feature","id":"sicar_imoveis_rs.10915067","geometry":{"type":"MultiPolygon","coordinates":[[[[-52.9816019,-28.81210205],[-52.98224398,-28.81300728],[-52.98168146,-28.8133746],[-52.98139566,-28.81360746],[-52.98078315,-28.81424364],[-52.98033386,-28.81397952],[-52.98046125,-28.81385519],[-52.98044158,-28.81373636],[-52.98058834,-28.81359376],[-52.98081255,-28.81349269],[-52.98084652,-28.81330451],[-52.98092065,-28.8130675],[-52.98042787,-28.81270533],[-52.98059217,-28.81236414],[-52.98068271,-28.81217748],[-52.98102969,-28.81149305],[-52.9816019,-28.81210205]]]]},"geometry_name":"geo_area_imovel","properties":{"cod_imovel":"RS-4300554-349DBB14B82748D8BB870E1959F68154","status_imovel":"CA","dat_criacao":"2022-10-25T07:01:25.562Z","area":2.6301,"condicao":"Cancelado por decisão administrativa","uf":"RS","municipio":"Alto Alegre","cod_municipio_ibge":4300554,"m_fiscal":0.1461,"tipo_imovel":"IRU"}},{"type":"Feature","id":"sicar_imoveis_rs.11330253","geometry":{"type":"MultiPolygon","coordinates":[[[[-52.945557,-28.77140803],[-52.94385126,-28.77172662],[-52.9436064,-28.77073526],[-52.94143689,-28.77113724],[-52.94095116,-28.7691519],[-52.94313085,-28.7687391],[-52.94236949,-28.76549927],[-52.943995,-28.76491291],[-52.945557,-28.77140803]]]]},"geometry_name":"geo_area_imovel","properties":{"cod_imovel":"RS-4300554-824A10C3FA374A459F7F1037C8388000","status_imovel":"AT","dat_criacao":"2023-02-23T20:01:50.257Z","area":17.1535,"condicao":"Aguardando análise","uf":"RS","municipio":"Alto Alegre","cod_municipio_ibge":4300554,"m_fiscal":0.953,"tipo_imovel":"IRU"}},{"type":"Feature","id":"sicar_imoveis_rs.11330332","geometry":{"type":"MultiPolygon","coordinates":[[[[-52.98813454,-28.76365299],[-52.98642195,-28.76651889],[-52.98983832,-28.76853412],[-52.9894334,-28.7689727],[-52.98172759,-28.767749],[-52.98170654,-28.76665086],[-52.98185448,-28.76655715],[-52.98186478,-28.76627395],[-52.98199679,-28.76606762],[-52.98227348,-28.76550956],[-52.98225857,-28.76451461],[-52.98225165,-28.76362335],[-52.98195525,-28.76336134],[-52.98175877,-28.76325906],[-52.98160508,-28.76308092],[-52.98164831,-28.76249482],[-52.98616273,-28.76476092],[-52.98697951,-28.76351972],[-52.98143911,-28.76075277],[-52.98143549,-28.76068711],[-52.98154765,-28.76045076],[-52.98813454,-28.76365299]]]]},"geometry_name":"geo_area_imovel","properties":{"cod_imovel":"RS-4300554-195DA11797344CFFAB31667EE1264D0B","status_imovel":"AT","dat_criacao":"2023-02-23T20:15:10.532Z","area":30.6512,"condicao":"Aguardando análise","uf":"RS","municipio":"Alto Alegre","cod_municipio_ibge":4300554,"m_fiscal":1.7028,"tipo_imovel":"IRU"}},{"type":"Feature","id":"sicar_imoveis_rs.11349869","geometry":{"type":"MultiPolygon","coordinates":[[[[-53.02612216,-28.82337654],[-53.02737856,-28.82445983],[-53.02423348,-28.8271924],[-53.02395749,-28.82626454],[-53.0236873,-28.82550567],[-53.02545461,-28.82397337],[-53.02612216,-28.82337654]]]]},"geometry_name":"geo_area_imovel","properties":{"cod_imovel":"RS-4300554-13F8BC9B2A2C40E3B31AD4CD5ABE7DBA","status_imovel":"AT","dat_criacao":"2023-03-02T00:56:57.688Z","area":6.5116,"condicao":"Aguardando análise","uf":"RS","municipio":"Alto Alegre","cod_municipio_ibge":4300554,"m_fiscal":0.3618,"tipo_imovel":"IRU"}},{"type":"Feature","id":"sicar_imoveis_rs.11354529","geometry":{"type":"MultiPolygon","coordinates":[[[[-53.02586634,-28.81698876],[-53.02168441,-28.82056115],[-53.01810154,-28.81618809],[-53.02270582,-28.81219631],[-53.02586634,-28.81698876]]]]},"geometry_name":"geo_area_imovel","properties":{"cod_imovel":"RS-4300554-8D2231743A61482FAB97035D7F834746","status_imovel":"AT","dat_criacao":"2023-03-03T06:27:49.681Z","area":35.5817,"condicao":"Aguardando análise","uf":"RS","municipio":"Alto Alegre","cod_municipio_ibge":4300554,"m_fiscal":1.9768,"tipo_imovel":"IRU"}},{"type":"Feature","id":"sicar_imoveis_rs.11401294","geometry":{"type":"MultiPolygon","coordinates":[[[[-52.97461237,-28.83550433],[-52.97487589,-28.83568564],[-52.97498234,-28.83577409],[-52.97507679,-28.83575396],[-52.97515791,-28.83590071],[-52.97515651,-28.83604934],[-52.97521712,-28.83624882],[-52.97521303,-28.83641495],[-52.97547171,-28.83649635],[-52.97581606,-28.8366528],[-52.9760042,-28.83678658],[-52.97611661,-28.83681515],[-52.9762361,-28.83690013],[-52.97649547,-28.83703537],[-52.97290656,-28.83827465],[-52.97296091,-28.83759688],[-52.97249229,-28.83757338],[-52.972956,-28.83715944],[-52.97425835,-28.83533598],[-52.97461237,-28.83550433]]]]},"geometry_name":"geo_area_imovel","properties":{"cod_imovel":"RS-4300554-8C6011DF4615462DB1EEBAAC103541AB","status_imovel":"AT","dat_criacao":"2023-03-17T01:11:25.522Z","area":5.5125,"condicao":"Aguardando análise","uf":"RS","municipio":"Alto Alegre","cod_municipio_ibge":4300554,"m_fiscal":0.3062,"tipo_imovel":"IRU"}},{"type":"Feature","id":"sicar_imoveis_rs.11415141","geometry":{"type":"MultiPolygon","coordinates":[[[[-52.94371605,-28.75298679],[-52.9434371,-28.75208382],[-52.93330908,-28.75082339],[-52.93315887,-28.75123727],[-52.93313742,-28.75165114],[-52.94371605,-28.75298679]]]]},"geometry_name":"geo_area_imovel","properties":{"cod_imovel":"RS-4300554-815F26F803EA424A81C95185EC0C2927","status_imovel":"AT","dat_criacao":"2023-03-22T00:50:04.595Z","area":9.6529,"condicao":"Aguardando análise","uf":"RS","municipio":"Alto Alegre","cod_municipio_ibge":4300554,"m_fiscal":0.5363,"tipo_imovel":"IRU"}},{"type":"Feature","id":"sicar_imoveis_rs.11415146","geometry":{"type":"MultiPolygon","coordinates":[[[[-52.98263194,-28.83817602],[-52.9826304,-28.83911203],[-52.98261277,-28.83917814],[-52.98209847,-28.83921016],[-52.98035534,-28.83919892],[-52.98036671,-28.83905356],[-52.98033466,-28.83893069],[-52.98034154,-28.83878435],[-52.98026589,-28.83856118],[-52.98021229,-28.83836744],[-52.98003658,-28.83808255],[-52.97992433,-28.83782437],[-52.97973547,-28.83749275],[-52.97959745,-28.8371321],[-52.98011703,-28.8370421],[-52.98087461,-28.8373343],[-52.98263194,-28.83817602]]]]},"geometry_name":"geo_area_imovel","properties":{"cod_imovel":"RS-4300554-9446A35DEF1D484882DF49E7692B6D8D","status_imovel":"AT","dat_criacao":"2023-03-22T00:51:07.389Z","area":4.5633,"condicao":"Aguardando análise","uf":"RS","municipio":"Alto Alegre","cod_municipio_ibge":4300554,"m_fiscal":0.2535,"tipo_imovel":"IRU"}},{"type":"Feature","id":"sicar_imoveis_rs.11422067","geometry":{"type":"MultiPolygon","coordinates":[[[[-53.0478066,-28.80772496],[-53.0540178,-28.80686148],[-53.05376852,-28.80867471],[-53.04797917,-28.80907689],[-53.0480521,-28.8096714],[-53.04566108,-28.81085244],[-53.04576742,-28.81160093],[-53.04431889,-28.81080649],[-53.04373391,-28.80956091],[-53.04318535,-28.8086698],[-53.04292925,-28.80869676],[-53.04230535,-28.80516975],[-53.04394317,-28.80408638],[-53.0443312,-28.80443708],[-53.04498063,-28.80430755],[-53.04557917,-28.80403347],[-53.04593002,-28.80368915],[-53.04614061,-28.80297945],[-53.0463915,-28.80223974],[-53.04689056,-28.80173874],[-53.0478066,-28.80772496]]]]},"geometry_name":"geo_area_imovel","properties":{"cod_imovel":"RS-4300554-18BCDE67C50C41D3A17458E0BBFF735E","status_imovel":"AT","dat_criacao":"2023-03-23T19:42:21.797Z","area":45.2425,"condicao":"Aguardando análise","uf":"RS","municipio":"Alto Alegre","cod_municipio_ibge":4300554,"m_fiscal":2.5135,"tipo_imovel":"IRU"}},{"type":"Feature","id":"sicar_imoveis_rs.11427495","geometry":{"type":"MultiPolygon","coordinates":[[[[-52.97436844,-28.84974184],[-52.97614707,-28.8522168],[-52.97581747,-28.85234492],[-52.97421951,-28.85004955],[-52.97436844,-28.84974184]]]]},"geometry_name":"geo_area_imovel","properties":{"cod_imovel":"RS-4300554-AE558098EDD9498FAA45EFB90DD35BD8","status_imovel":"CA","dat_criacao":"2023-03-24T19:00:23.296Z","area":1.0152,"condicao":"Cancelado por decisão administrativa","uf":"RS","municipio":"Alto Alegre","cod_municipio_ibge":4300554,"m_fiscal":0.0564,"tipo_imovel":"IRU"}},{"type":"Feature","id":"sicar_imoveis_rs.11452689","geometry":{"type":"MultiPolygon","coordinates":[[[[-52.97807261,-28.84900111],[-52.97892789,-28.84952874],[-52.97949525,-28.8501643],[-52.97981409,-28.85082118],[-52.97964104,-28.85114262],[-52.97947567,-28.85131296],[-52.9785124,-28.85142394],[-52.97869379,-28.851724],[-52.9780138,-28.85184983],[-52.97715678,-28.85196625],[-52.97662441,-28.85207214],[-52.97601229,-28.85227221],[-52.97423628,-28.84987305],[-52.97466273,-28.84937378],[-52.97492417,-28.84901563],[-52.97496075,-28.84847757],[-52.97535017,-28.84803851],[-52.97626866,-28.847647],[-52.9764219,-28.84794846],[-52.97656841,-28.84838119],[-52.97677078,-28.84870815],[-52.9776017,-28.84901551],[-52.97807261,-28.84900111]]]]},"geometry_name":"geo_area_imovel","properties":{"cod_imovel":"RS-4300554-4805025DC8A74021A026479F127FF7EF","status_imovel":"AT","dat_criacao":"2023-04-01T06:57:05.124Z","area":15.6994,"condicao":"Aguardando análise","uf":"RS","municipio":"Alto Alegre","cod_municipio_ibge":4300554,"m_fiscal":0.8722,"tipo_imovel":"IRU"}},{"type":"Feature","id":"sicar_imoveis_rs.11517334","geometry":{"type":"MultiPolygon","coordinates":[[[[-52.93779373,-28.76698197],[-52.93809414,-28.76683149],[-52.93285847,-28.76483767],[-52.93272972,-28.76543958],[-52.9377079,-28.76713244],[-52.93779373,-28.76698197]]]]},"geometry_name":"geo_area_imovel","properties":{"cod_imovel":"RS-4300554-C2ABA61ED96741B9B55E5E60518FFA11","status_imovel":"AT","dat_criacao":"2023-05-07T00:04:06.222Z","area":2.9918,"condicao":"Aguardando análise","uf":"RS","municipio":"Alto Alegre","cod_municipio_ibge":4300554,"m_fiscal":0.1662,"tipo_imovel":"IRU"}},{"type":"Feature","id":"sicar_imoveis_rs.11517395","geometry":{"type":"MultiPolygon","coordinates":[[[[-52.94224183,-28.77199128],[-52.93972691,-28.77245465],[-52.93801586,-28.77274283],[-52.93730266,-28.77275477],[-52.93674699,-28.77270201],[-52.93629984,-28.77262526],[-52.93585328,-28.77253171],[-52.93510624,-28.77238843],[-52.93514441,-28.77223157],[-52.94356475,-28.77072418],[-52.94376279,-28.77170195],[-52.94224183,-28.77199128]]]]},"geometry_name":"geo_area_imovel","properties":{"cod_imovel":"RS-4300554-F046DA0CD94B4A90AEAB16253969FD33","status_imovel":"AT","dat_criacao":"2023-05-07T00:15:04.030Z","area":8.3664,"condicao":"Aguardando análise","uf":"RS","municipio":"Alto Alegre","cod_municipio_ibge":4300554,"m_fiscal":0.4648,"tipo_imovel":"IRU"}},{"type":"Feature","id":"sicar_imoveis_rs.11517399","geometry":{"type":"MultiPolygon","coordinates":[[[[-52.93692568,-28.772777],[-52.93736177,-28.77279941],[-52.9377346,-28.77281185],[-52.93239355,-28.77378269],[-52.9323585,-28.77341415],[-52.93190896,-28.7729125],[-52.93182316,-28.7726398],[-52.93152439,-28.77240652],[-52.93132739,-28.77221572],[-52.9326639,-28.77212477],[-52.9330376,-28.77214392],[-52.93329355,-28.77215651],[-52.93351982,-28.77226758],[-52.93369115,-28.77242218],[-52.93385293,-28.77263189],[-52.93399615,-28.77259562],[-52.93398169,-28.77249002],[-52.93406035,-28.77241247],[-52.93420166,-28.77231126],[-52.93483281,-28.77238976],[-52.93692568,-28.772777]]]]},"geometry_name":"geo_area_imovel","properties":{"cod_imovel":"RS-4300554-DCADB2C1F4804DDBAB20A7E8F1DDED4E","status_imovel":"AT","dat_criacao":"2023-05-07T00:15:49.803Z","area":5.445,"condicao":"Aguardando análise","uf":"RS","municipio":"Alto Alegre","cod_municipio_ibge":4300554,"m_fiscal":0.3025,"tipo_imovel":"IRU"}},{"type":"Feature","id":"sicar_imoveis_rs.11518144","geometry":{"type":"MultiPolygon","coordinates":[[[[-53.00554433,-28.75737756],[-53.00724293,-28.75754674],[-53.00810333,-28.75758207],[-53.0087204,-28.75752464],[-53.00953728,-28.75738212],[-53.00976521,-28.75745435],[-53.01052234,-28.75757108],[-53.01101684,-28.75799913],[-52.99951023,-28.76247844],[-52.99753122,-28.76152076],[-53.00554433,-28.75737756]]]]},"geometry_name":"geo_area_imovel","properties":{"cod_imovel":"RS-4300554-C29CBAF088C0419FAEF3C4E87755E19F","status_imovel":"AT","dat_criacao":"2023-05-07T05:32:34.053Z","area":26.7211,"condicao":"Aguardando análise","uf":"RS","municipio":"Alto Alegre","cod_municipio_ibge":4300554,"m_fiscal":1.4792,"tipo_imovel":"IRU"}},{"type":"Feature","id":"sicar_imoveis_rs.11518911","geometry":{"type":"MultiPolygon","coordinates":[[[[-52.93744494,-28.76736024],[-52.93164899,-28.76615505],[-52.93241982,-28.76529199],[-52.93773921,-28.76718488],[-52.93746209,-28.76727883],[-52.93744494,-28.76736024]]]]},"geometry_name":"geo_area_imovel","properties":{"cod_imovel":"RS-4300554-85AF936DAC704364948DACC282590171","status_imovel":"AT","dat_criacao":"2023-05-07T07:56:42.182Z","area":4.0051,"condicao":"Aguardando análise","uf":"RS","municipio":"Alto Alegre","cod_municipio_ibge":4300554,"m_fiscal":0.2225,"tipo_imovel":"IRU"}},{"type":"Feature","id":"sicar_imoveis_rs.11529282","geometry":{"type":"MultiPolygon","coordinates":[[[[-53.00154062,-28.78001379],[-53.00165709,-28.77961415],[-53.00170126,-28.77940941],[-53.0017726,-28.77920601],[-53.00185536,-28.77903243],[-53.00280194,-28.77944078],[-53.00344813,-28.77975073],[-53.00415342,-28.78009304],[-53.00540962,-28.78071235],[-53.00874697,-28.78229466],[-53.00855078,-28.78267106],[-53.00154062,-28.78001379]]]]},"geometry_name":"geo_area_imovel","properties":{"cod_imovel":"RS-4300554-73324A17F74645BE8A5D82E4F05CACAE","status_imovel":"AT","dat_criacao":"2023-05-08T18:08:11.680Z","area":6.0383,"condicao":"Aguardando análise","uf":"RS","municipio":"Alto Alegre","cod_municipio_ibge":4300554,"m_fiscal":0.3355,"tipo_imovel":"IRU"}},{"type":"Feature","id":"sicar_imoveis_rs.11539174","geometry":{"type":"MultiPolygon","coordinates":[[[[-52.95436828,-28.81200782],[-52.94609824,-28.81128581],[-52.94627247,-28.81080126],[-52.94669578,-28.8100783],[-52.94819891,-28.81029835],[-52.94932715,-28.81034705],[-52.94994734,-28.8094555],[-52.94983926,-28.80857018],[-52.95078796,-28.80865308],[-52.95076839,-28.80768552],[-52.95098074,-28.80773789],[-52.95163299,-28.80768085],[-52.95192809,-28.80752803],[-52.95214815,-28.80733662],[-52.95239107,-28.8071541],[-52.95268529,-28.80685678],[-52.95279447,-28.80683638],[-52.95248763,-28.80882017],[-52.95414563,-28.80876218],[-52.95504847,-28.80857076],[-52.95436828,-28.81200782]]]]},"geometry_name":"geo_area_imovel","properties":{"cod_imovel":"RS-4300554-142EF6F141334907A5A4EFEEA38C3EC7","status_imovel":"AT","dat_criacao":"2023-05-09T23:17:38.413Z","area":23.5071,"condicao":"Aguardando análise","uf":"RS","municipio":"Alto Alegre","cod_municipio_ibge":4300554,"m_fiscal":1.306,"tipo_imovel":"IRU"}},{"type":"Feature","id":"sicar_imoveis_rs.11545716","geometry":{"type":"MultiPolygon","coordinates":[[[[-52.93154274,-28.76708803],[-52.93169975,-28.76639887],[-52.9375577,-28.76730173],[-52.93782399,-28.76716626],[-52.94245005,-28.76560887],[-52.9430294,-28.76786601],[-52.93584108,-28.76910741],[-52.93133311,-28.76979864],[-52.93154274,-28.76708803]]]]},"geometry_name":"geo_area_imovel","properties":{"cod_imovel":"RS-4300554-A0CFF6FCF4DB4E77A2C86EDFFA15724D","status_imovel":"AT","dat_criacao":"2023-05-11T00:20:08.668Z","area":27.3668,"condicao":"Aguardando análise","uf":"RS","municipio":"Alto Alegre","cod_municipio_ibge":4300554,"m_fiscal":1.5204,"tipo_imovel":"IRU"}},{"type":"Feature","id":"sicar_imoveis_rs.11566445","geometry":{"type":"MultiPolygon","coordinates":[[[[-52.99441752,-28.76254831],[-52.99645901,-28.7604925],[-52.99732012,-28.7616462],[-52.99607323,-28.76237192],[-53.00093848,-28.76627194],[-52.99945191,-28.7673666],[-52.9989481,-28.7678472],[-52.99641609,-28.76543958],[-52.99405575,-28.7630131],[-52.99441752,-28.76254831]]]]},"geometry_name":"geo_area_imovel","properties":{"cod_imovel":"RS-4300554-A2903E9CE9EC472885A2101F2283C6A5","status_imovel":"AT","dat_criacao":"2023-05-17T05:56:57.377Z","area":18.6339,"condicao":"Aguardando análise","uf":"RS","municipio":"Alto Alegre","cod_municipio_ibge":4300554,"m_fiscal":1.0352,"tipo_imovel":"IRU"}},{"type":"Feature","id":"sicar_imoveis_rs.11593757","geometry":{"type":"MultiPolygon","coordinates":[[[[-53.00364733,-28.82783161],[-53.00472021,-28.82833917],[-53.00499916,-28.82816998],[-53.00508499,-28.82785041],[-53.00504208,-28.82747444],[-53.00491333,-28.82715486],[-53.00512791,-28.82670369],[-53.00540686,-28.82608333],[-53.0052352,-28.82585775],[-53.00532103,-28.82576375],[-53.00433397,-28.82535018],[-53.00270319,-28.82730525],[-53.00364733,-28.82783161]]]]},"geometry_name":"geo_area_imovel","properties":{"cod_imovel":"RS-4300554-1E84C923BE7D4D7598B83FB39DA4BF49","status_imovel":"AT","dat_criacao":"2023-05-24T18:15:51.407Z","area":4.8468,"condicao":"Aguardando análise","uf":"RS","municipio":"Alto Alegre","cod_municipio_ibge":4300554,"m_fiscal":0.2693,"tipo_imovel":"IRU"}},{"type":"Feature","id":"sicar_imoveis_rs.11647932","geometry":{"type":"MultiPolygon","coordinates":[[[[-52.97257662,-28.83770034],[-52.96955109,-28.83747478],[-52.96961546,-28.836159],[-52.97179464,-28.83496111],[-52.97231014,-28.83465067],[-52.97330618,-28.8341853],[-52.97431469,-28.83561389],[-52.97341347,-28.8367793],[-52.97257662,-28.83770034]]]]},"geometry_name":"geo_area_imovel","properties":{"cod_imovel":"RS-4300554-66FD7E463F1C4CE48D075297F8DD57A1","status_imovel":"AT","dat_criacao":"2023-06-07T17:46:16.833Z","area":11.0612,"condicao":"Aguardando análise","uf":"RS","municipio":"Alto Alegre","cod_municipio_ibge":4300554,"m_fiscal":0.6145,"tipo_imovel":"IRU"}},{"type":"Feature","id":"sicar_imoveis_rs.11721103","geometry":{"type":"MultiPolygon","coordinates":[[[[-52.97652483,-28.76242998],[-52.97548953,-28.76259582],[-52.97497988,-28.76267451],[-52.97447408,-28.7626289],[-52.97326326,-28.76098158],[-52.9740973,-28.76057072],[-52.97753334,-28.76218545],[-52.97652483,-28.76242998]]]]},"geometry_name":"geo_area_imovel","properties":{"cod_imovel":"RS-4300554-D568DA92D7FA4CD79F0AB7C0BF016E95","status_imovel":"AT","dat_criacao":"2023-06-27T23:42:02.480Z","area":4.781,"condicao":"Aguardando análise","uf":"RS","municipio":"Alto Alegre","cod_municipio_ibge":4300554,"m_fiscal":0.2656,"tipo_imovel":"IRU"}},{"type":"Feature","id":"sicar_imoveis_rs.11759963","geometry":{"type":"MultiPolygon","coordinates":[[[[-52.94092655,-28.78763271],[-52.93908119,-28.78770793],[-52.93895245,-28.7886294],[-52.93884516,-28.78924999],[-52.94150591,-28.78951326],[-52.94107676,-28.78857299],[-52.94092655,-28.78763271]]]]},"geometry_name":"geo_area_imovel","properties":{"cod_imovel":"RS-4300554-71893854033E4EEDB006FE907E291645","status_imovel":"AT","dat_criacao":"2023-07-06T23:15:34.954Z","area":4.003,"condicao":"Aguardando análise","uf":"RS","municipio":"Alto Alegre","cod_municipio_ibge":4300554,"m_fiscal":0.2224,"tipo_imovel":"IRU"}},{"type":"Feature","id":"sicar_imoveis_rs.11777009","geometry":{"type":"MultiPolygon","coordinates":[[[[-52.94641972,-28.81358139],[-52.94963837,-28.81365659],[-52.95277119,-28.81369419],[-52.95272827,-28.81286694],[-52.94633389,-28.81279174],[-52.94641972,-28.81358139]]]]},"geometry_name":"geo_area_imovel","properties":{"cod_imovel":"RS-4300554-06A996DA95254C4B9865BFF4D4C726A3","status_imovel":"AT","dat_criacao":"2023-07-11T19:33:07.205Z","area":5.6299,"condicao":"Aguardando análise","uf":"RS","municipio":"Alto Alegre","cod_municipio_ibge":4300554,"m_fiscal":0.3128,"tipo_imovel":"IRU"}},{"type":"Feature","id":"sicar_imoveis_rs.11784048","geometry":{"type":"MultiPolygon","coordinates":[[[[-52.94716196,-28.79129586],[-52.94689722,-28.79078612],[-52.94753603,-28.79003653],[-52.94759026,-28.78962211],[-52.94774908,-28.78950638],[-52.94754593,-28.78898308],[-52.947736,-28.78894849],[-52.94805405,-28.7887738],[-52.94901609,-28.78877985],[-52.94816236,-28.79189098],[-52.94599834,-28.79232498],[-52.94716196,-28.79129586]]]]},"geometry_name":"geo_area_imovel","properties":{"cod_imovel":"RS-4300554-115D70F7286642BA94F1090219C51952","status_imovel":"AT","dat_criacao":"2023-07-13T05:10:05.792Z","area":4.7778,"condicao":"Aguardando análise","uf":"RS","municipio":"Alto Alegre","cod_municipio_ibge":4300554,"m_fiscal":0.2654,"tipo_imovel":"IRU"}},{"type":"Feature","id":"sicar_imoveis_rs.11784052","geometry":{"type":"MultiPolygon","coordinates":[[[[-52.94104832,-28.7916987],[-52.94137266,-28.79280989],[-52.94294774,-28.79922944],[-52.94029849,-28.79946841],[-52.93789747,-28.79961383],[-52.93689952,-28.79963502],[-52.9364983,-28.79986269],[-52.9363068,-28.80081892],[-52.93671565,-28.80157959],[-52.93624837,-28.80337921],[-52.93610142,-28.80576045],[-52.93559683,-28.80710493],[-52.931564,-28.80631974],[-52.93173169,-28.80620406],[-52.93178963,-28.80612216],[-52.93183573,-28.80599864],[-52.93197424,-28.80560057],[-52.93201052,-28.80547857],[-52.93204516,-28.80514848],[-52.93201455,-28.80478112],[-52.93209735,-28.80434383],[-52.93227222,-28.80382189],[-52.93240377,-28.80359253],[-52.9324867,-28.80333399],[-52.93268274,-28.80296921],[-52.93283684,-28.80232103],[-52.93326363,-28.80157253],[-52.93346903,-28.80112649],[-52.93366501,-28.80077305],[-52.93371473,-28.80051135],[-52.93374355,-28.80017649],[-52.93383736,-28.7997121],[-52.9338889,-28.79949781],[-52.93391555,-28.79918311],[-52.93394398,-28.79902627],[-52.93412358,-28.79870453],[-52.93425592,-28.7984409],[-52.93454198,-28.79789954],[-52.934664,-28.79742927],[-52.93470418,-28.79692722],[-52.93479074,-28.79645856],[-52.93473506,-28.79615508],[-52.93469526,-28.79593397],[-52.93463514,-28.79584001],[-52.93450583,-28.7957922],[-52.93415104,-28.79581386],[-52.93386463,-28.7958554],[-52.93356635,-28.79588696],[-52.93332814,-28.79588157],[-52.9326077,-28.79570729],[-52.93220747,-28.79555237],[-52.93187609,-28.79538822],[-52.9316562,-28.79516873],[-52.93125929,-28.79467148],[-52.93109313,-28.79428555],[-52.93100899,-28.79396114],[-52.93107227,-28.79350139],[-52.93116549,-28.79310989],[-52.93125367,-28.79278419],[-52.93131183,-28.79243668],[-52.93133818,-28.79206514],[-52.93126756,-28.79188412],[-52.93116026,-28.79167975],[-52.93086866,-28.79145627],[-52.93041811,-28.79123815],[-52.92997902,-28.79114768],[-52.92957552,-28.79100321],[-52.92921239,-28.79092617],[-52.92880215,-28.79086404],[-52.9284646,-28.7908172],[-52.92809029,-28.79071754],[-52.927832,-28.79066271],[-52.92755278,-28.79054801],[-52.92723955,-28.79042273],[-52.92703942,-28.79032841],[-52.92674687,-28.7901697],[-52.92653652,-28.78992428],[-52.92626474,-28.78961672],[-52.92608208,-28.78930023],[-52.92598017,-28.78914578],[-52.92593729,-28.78899979],[-52.92574473,-28.7888828],[-52.9258533,-28.78867798],[-52.92601753,-28.7886471],[-52.92625311,-28.78848674],[-52.92639161,-28.78828628],[-52.92648911,-28.7879954],[-52.92654292,-28.78763408],[-52.92674944,-28.78750469],[-52.92716806,-28.78723168],[-52.92762482,-28.78711271],[-52.92811684,-28.78714284],[-52.92845423,-28.78720051],[-52.92874846,-28.78738961],[-52.92910947,-28.78776364],[-52.92942076,-28.78857209],[-52.92968695,-28.78888599],[-52.92994545,-28.78912228],[-52.93007588,-28.78932459],[-52.93029785,-28.78936498],[-52.93035366,-28.78929999],[-52.93052007,-28.78930819],[-52.93069029,-28.78938516],[-52.93095853,-28.78948761],[-52.93119897,-28.78936931],[-52.93141384,-28.78916889],[-52.93175913,-28.78915337],[-52.93225504,-28.78921071],[-52.93280014,-28.7892818],[-52.93394842,-28.78926284],[-52.93444582,-28.78958638],[-52.9348253,-28.78974315],[-52.93548401,-28.79009305],[-52.93730389,-28.79145667],[-52.93738885,-28.79148571],[-52.9374572,-28.79147421],[-52.93752178,-28.79145109],[-52.93872336,-28.79093046],[-52.9389078,-28.79089689],[-52.93915466,-28.79089368],[-52.94074704,-28.79094769],[-52.94116535,-28.79092575],[-52.94106133,-28.79118301],[-52.94102727,-28.79141519],[-52.94104832,-28.7916987]]]]},"geometry_name":"geo_area_imovel","properties":{"cod_imovel":"RS-4300554-8C699BE470EC42B18F1FD79363815767","status_imovel":"AT","dat_criacao":"2023-07-13T05:11:06.735Z","area":136.034,"condicao":"Aguardando análise","uf":"RS","municipio":"Alto Alegre","cod_municipio_ibge":4300554,"m_fiscal":7.5574,"tipo_imovel":"IRU"}},{"type":"Feature","id":"sicar_imoveis_rs.11788148","geometry":{"type":"MultiPolygon","coordinates":[[[[-52.95616759,-28.79448927],[-52.95637608,-28.79489147],[-52.9563117,-28.79581288],[-52.95611858,-28.79884032],[-52.95586162,-28.80147869],[-52.95478821,-28.80198049],[-52.95425115,-28.79913126],[-52.95353272,-28.79764567],[-52.95327449,-28.79634121],[-52.95317369,-28.79601975],[-52.95373769,-28.7954802],[-52.95395136,-28.79412048],[-52.95289993,-28.79440255],[-52.95244932,-28.79376319],[-52.95208454,-28.79287937],[-52.95202017,-28.7918451],[-52.95221329,-28.79120573],[-52.95367241,-28.79075441],[-52.95365095,-28.79116812],[-52.95324326,-28.79158183],[-52.95356512,-28.7925973],[-52.95345783,-28.79312383],[-52.95397282,-28.79395124],[-52.95604276,-28.79378521],[-52.95616759,-28.79448927]]]]},"geometry_name":"geo_area_imovel","properties":{"cod_imovel":"RS-4300554-63C16A80D20943EFA2B140597842BFA8","status_imovel":"AT","dat_criacao":"2023-07-13T20:01:59.820Z","area":23.4487,"condicao":"Aguardando análise","uf":"RS","municipio":"Alto Alegre","cod_municipio_ibge":4300554,"m_fiscal":1.3027,"tipo_imovel":"IRU"}},{"type":"Feature","id":"sicar_imoveis_rs.11788862","geometry":{"type":"MultiPolygon","coordinates":[[[[-52.98182102,-28.76858126],[-52.98265941,-28.7689873],[-52.98122692,-28.76973733],[-52.98229208,-28.77048519],[-52.97988964,-28.77168757],[-52.97953299,-28.77188069],[-52.97929388,-28.77212586],[-52.97900402,-28.77252097],[-52.97875544,-28.77290483],[-52.97855906,-28.77309632],[-52.97772092,-28.77357295],[-52.97719712,-28.77378252],[-52.97646987,-28.77409253],[-52.9749174,-28.77471394],[-52.97429156,-28.77333953],[-52.97210169,-28.77453373],[-52.97229934,-28.77458829],[-52.97237009,-28.77468435],[-52.97249821,-28.77473669],[-52.97260869,-28.77486032],[-52.97270932,-28.77487572],[-52.97278537,-28.77493964],[-52.97273351,-28.77495953],[-52.96929777,-28.77652337],[-52.96906525,-28.77618014],[-52.96857151,-28.77539098],[-52.96853586,-28.77528103],[-52.96824207,-28.7735742],[-52.97913951,-28.76836052],[-52.9807301,-28.76849759],[-52.98145772,-28.76862162],[-52.98182102,-28.76858126]]]]},"geometry_name":"geo_area_imovel","properties":{"cod_imovel":"RS-4300554-B94C9B88B4604A7F981A59518C9C0588","status_imovel":"AT","dat_criacao":"2023-07-13T23:30:15.383Z","area":51.203,"condicao":"Aguardando análise","uf":"RS","municipio":"Alto Alegre","cod_municipio_ibge":4300554,"m_fiscal":2.8446,"tipo_imovel":"IRU"}},{"type":"Feature","id":"sicar_imoveis_rs.11789068","geometry":{"type":"MultiPolygon","coordinates":[[[[-52.97639404,-28.81136101],[-52.97485474,-28.81138018],[-52.97564643,-28.80815983],[-52.97652087,-28.8090641],[-52.97579401,-28.81020749],[-52.97802792,-28.81184331],[-52.97840828,-28.81229224],[-52.97795102,-28.81317576],[-52.97749853,-28.8141365],[-52.9770869,-28.81396304],[-52.97719881,-28.81354338],[-52.97724258,-28.81327353],[-52.97718842,-28.81309239],[-52.97706862,-28.81294275],[-52.97700736,-28.81248861],[-52.97681141,-28.8120488],[-52.97667766,-28.81177843],[-52.97639404,-28.81136101]]]]},"geometry_name":"geo_area_imovel","properties":{"cod_imovel":"RS-4300554-5E0A1E0309E043CE8AF08EFB178F7EE2","status_imovel":"AT","dat_criacao":"2023-07-14T00:23:32.404Z","area":6.5051,"condicao":"Aguardando análise","uf":"RS","municipio":"Alto Alegre","cod_municipio_ibge":4300554,"m_fiscal":0.3614,"tipo_imovel":"IRU"}},{"type":"Feature","id":"sicar_imoveis_rs.11792598","geometry":{"type":"MultiPolygon","coordinates":[[[[-52.97216048,-28.77450014],[-52.97428622,-28.77333596],[-52.97491873,-28.77471774],[-52.97348281,-28.77537526],[-52.97332824,-28.77513743],[-52.97309043,-28.77504613],[-52.97293446,-28.77502368],[-52.96938227,-28.77665107],[-52.96930143,-28.77652472],[-52.97277795,-28.77494003],[-52.97271314,-28.77487322],[-52.97260305,-28.77485956],[-52.97249242,-28.77473175],[-52.97236725,-28.77468072],[-52.97229868,-28.77458984],[-52.97210229,-28.7745374],[-52.97216048,-28.77450014]]]]},"geometry_name":"geo_area_imovel","properties":{"cod_imovel":"RS-4300554-CBEDCAD0C9044B6BB5A5ED7878A34223","status_imovel":"AT","dat_criacao":"2023-07-14T18:42:58.888Z","area":3.7267,"condicao":"Aguardando análise","uf":"RS","municipio":"Alto Alegre","cod_municipio_ibge":4300554,"m_fiscal":0.207,"tipo_imovel":"IRU"}},{"type":"Feature","id":"sicar_imoveis_rs.11793647","geometry":{"type":"MultiPolygon","coordinates":[[[[-52.98323536,-28.85070275],[-52.98252275,-28.85086893],[-52.98170519,-28.85103098],[-52.98077735,-28.85113929],[-52.98042418,-28.85120164],[-52.98020874,-28.85123922],[-52.98004884,-28.85127844],[-52.97984405,-28.85129809],[-52.97962536,-28.85134279],[-52.97953124,-28.85137468],[-52.97952885,-28.85127379],[-52.97960073,-28.85119005],[-52.97962722,-28.85108871],[-52.97958158,-28.85099636],[-52.97957025,-28.85088123],[-52.97957855,-28.85077435],[-52.97960707,-28.8506763],[-52.97960941,-28.85059879],[-52.97955288,-28.85050883],[-52.97945013,-28.85045055],[-52.97936964,-28.85034828],[-52.97933748,-28.85024605],[-52.97927486,-28.85014248],[-52.97920936,-28.85001771],[-52.97912281,-28.84989353],[-52.97901697,-28.84979138],[-52.97892329,-28.84971326],[-52.97882646,-28.84962114],[-52.97871523,-28.84958011],[-52.97857144,-28.84953822],[-52.97846313,-28.84952303],[-52.9783637,-28.84944187],[-52.97830773,-28.84936532],[-52.97821113,-28.84930245],[-52.97807698,-28.8492754],[-52.9779739,-28.84918666],[-52.9778755,-28.84918421],[-52.97777327,-28.84916643],[-52.97767506,-28.84906908],[-52.97783354,-28.84898225],[-52.9781951,-28.84883509],[-52.97899613,-28.84851822],[-52.97943607,-28.84834152],[-52.98005734,-28.84813089],[-52.98093168,-28.84790045],[-52.98180304,-28.84762097],[-52.98257991,-28.84737317],[-52.98267699,-28.84754025],[-52.98281159,-28.84782596],[-52.98289561,-28.84816317],[-52.98293637,-28.84838873],[-52.98305151,-28.84867987],[-52.98309697,-28.84900031],[-52.98314606,-28.84917658],[-52.98317191,-28.84940176],[-52.98319831,-28.84956541],[-52.9832311,-28.8497378],[-52.98326753,-28.85005478],[-52.98325787,-28.85025973],[-52.9832513,-28.85044596],[-52.98323536,-28.85070275]]]]},"geometry_name":"geo_area_imovel","properties":{"cod_imovel":"RS-4300554-3D76DE828F74491B86255C2D659F715D","status_imovel":"AT","dat_criacao":"2023-07-14T23:34:01.624Z","area":14.381,"condicao":"Aguardando análise","uf":"RS","municipio":"Alto Alegre","cod_municipio_ibge":4300554,"m_fiscal":0.7989,"tipo_imovel":"IRU"}},{"type":"Feature","id":"sicar_imoveis_rs.11840040","geometry":{"type":"MultiPolygon","coordinates":[[[[-52.98365591,-28.77739814],[-52.98427545,-28.77809751],[-52.9829447,-28.77891202],[-52.98281243,-28.77899261],[-52.9825951,-28.77912469],[-52.98196178,-28.77841544],[-52.98169774,-28.77859161],[-52.98128507,-28.77888501],[-52.98085916,-28.77915385],[-52.98058258,-28.77933356],[-52.98058157,-28.77939623],[-52.98060533,-28.77943995],[-52.98065621,-28.77950014],[-52.98126614,-28.78001817],[-52.98158574,-28.78027126],[-52.98267688,-28.77938334],[-52.98290273,-28.77947535],[-52.98318843,-28.77978755],[-52.9833072,-28.77965811],[-52.98334022,-28.77961879],[-52.98333336,-28.77959571],[-52.98345364,-28.77948588],[-52.98350298,-28.77947952],[-52.98352952,-28.77946913],[-52.98358572,-28.77942952],[-52.98404423,-28.779112],[-52.98444967,-28.77883322],[-52.98469119,-28.77866759],[-52.98506883,-28.77839982],[-52.98522507,-28.77828248],[-52.98534636,-28.77817818],[-52.98546103,-28.77807185],[-52.98558484,-28.77794609],[-52.98584811,-28.77766778],[-52.98602901,-28.77747291],[-52.98523097,-28.77646401],[-52.98512506,-28.77653119],[-52.98471145,-28.77679179],[-52.98431505,-28.77702408],[-52.98410037,-28.77714232],[-52.98365591,-28.77739814]]]]},"geometry_name":"geo_area_imovel","properties":{"cod_imovel":"RS-4300554-71C4F4B4B19B401F95776D5F3D183BE0","status_imovel":"AT","dat_criacao":"2023-07-26T01:12:22.972Z","area":6.7166,"condicao":"Aguardando análise","uf":"RS","municipio":"Alto Alegre","cod_municipio_ibge":4300554,"m_fiscal":0.3731,"tipo_imovel":"IRU"}},{"type":"Feature","id":"sicar_imoveis_rs.11852652","geometry":{"type":"MultiPolygon","coordinates":[[[[-52.99890873,-28.76763516],[-52.99865339,-28.76787073],[-52.99836949,-28.76813685],[-52.99818542,-28.76801682],[-52.99808693,-28.76788295],[-52.99792081,-28.7677428],[-52.99776177,-28.76764626],[-52.99761145,-28.76757434],[-52.99736059,-28.76755861],[-52.99709575,-28.76758869],[-52.99690848,-28.76754561],[-52.99629028,-28.76722811],[-52.99501394,-28.76601055],[-52.99362941,-28.76480021],[-52.99180741,-28.76316584],[-52.99091671,-28.76233004],[-52.98951585,-28.76105448],[-52.99073474,-28.75974693],[-52.99459001,-28.76284454],[-52.99376376,-28.76294261],[-52.99664593,-28.76557756],[-52.99890873,-28.76763516]]]]},"geometry_name":"geo_area_imovel","properties":{"cod_imovel":"RS-4300554-E7636F34976847E2A9635BB940E7FA54","status_imovel":"AT","dat_criacao":"2023-07-28T01:32:49.054Z","area":19.228,"condicao":"Aguardando análise","uf":"RS","municipio":"Alto Alegre","cod_municipio_ibge":4300554,"m_fiscal":1.0682,"tipo_imovel":"IRU"}},{"type":"Feature","id":"sicar_imoveis_rs.11916995","geometry":{"type":"MultiPolygon","coordinates":[[[[-53.0158782,-28.79861467],[-53.01566344,-28.79604372],[-53.01989079,-28.79622657],[-53.02019119,-28.79908477],[-53.0158782,-28.79861467]]]]},"geometry_name":"geo_area_imovel","properties":{"cod_imovel":"RS-4300554-A56AA22180F842C69270DFAF1E79BBA2","status_imovel":"AT","dat_criacao":"2023-08-11T00:54:18.432Z","area":12.4536,"condicao":"Aguardando análise","uf":"RS","municipio":"Alto Alegre","cod_municipio_ibge":4300554,"m_fiscal":0.6919,"tipo_imovel":"IRU"}},{"type":"Feature","id":"sicar_imoveis_rs.11918395","geometry":{"type":"MultiPolygon","coordinates":[[[[-53.02341989,-28.80859169],[-53.02295746,-28.80718285],[-53.02328267,-28.80643698],[-53.02333043,-28.80613946],[-53.03474242,-28.81439511],[-53.03845455,-28.81416391],[-53.03514322,-28.81712046],[-53.02341989,-28.80859169]]]]},"geometry_name":"geo_area_imovel","properties":{"cod_imovel":"RS-4300554-2215B0049E47449591982AA9FA5BB497","status_imovel":"AT","dat_criacao":"2023-08-11T07:48:35.591Z","area":36.2142,"condicao":"Aguardando análise","uf":"RS","municipio":"Alto Alegre","cod_municipio_ibge":4300554,"m_fiscal":2.0119,"tipo_imovel":"IRU"}},{"type":"Feature","id":"sicar_imoveis_rs.11922883","geometry":{"type":"MultiPolygon","coordinates":[[[[-53.00949831,-28.79254847],[-53.00980916,-28.79312343],[-53.01007241,-28.79351059],[-53.01011038,-28.79390593],[-53.01029135,-28.79434212],[-53.0103113,-28.7949545],[-53.01062143,-28.7950856],[-53.01071735,-28.79545322],[-53.01079298,-28.79599076],[-53.01077572,-28.79627649],[-53.01086031,-28.7968228],[-53.01112291,-28.79715356],[-53.01145433,-28.79761499],[-53.01147495,-28.79776636],[-53.00840185,-28.79775528],[-53.00773549,-28.79744103],[-53.00645127,-28.79712623],[-53.00603938,-28.79689294],[-53.00582784,-28.79670917],[-53.00556148,-28.79635729],[-53.0053492,-28.79600704],[-53.00388711,-28.7933882],[-53.00642796,-28.79249387],[-53.00899606,-28.79158015],[-53.00916219,-28.79185408],[-53.00937677,-28.7922147],[-53.00949831,-28.79254847]]]]},"geometry_name":"geo_area_imovel","properties":{"cod_imovel":"RS-4300554-DF9A48649E3C4B6DB6C9B77ED98E8C14","status_imovel":"AT","dat_criacao":"2023-08-12T01:05:11.727Z","area":31.0375,"condicao":"Aguardando análise","uf":"RS","municipio":"Alto Alegre","cod_municipio_ibge":4300554,"m_fiscal":1.7243,"tipo_imovel":"IRU"}},{"type":"Feature","id":"sicar_imoveis_rs.11922961","geometry":{"type":"MultiPolygon","coordinates":[[[[-53.00063532,-28.79561525],[-53.00018488,-28.79471735],[-53.00389201,-28.7933915],[-53.00472044,-28.79487333],[-53.00520381,-28.79575099],[-53.0055543,-28.79634135],[-53.00582748,-28.79671178],[-53.00603485,-28.79688702],[-53.00644988,-28.79712321],[-53.00711117,-28.79728894],[-53.00773928,-28.79744444],[-53.00840299,-28.79775774],[-53.00717776,-28.79775881],[-53.00167421,-28.79777621],[-53.00170359,-28.7970646],[-53.00145878,-28.79652011],[-53.00076306,-28.79586387],[-53.00063532,-28.79561525]]]]},"geometry_name":"geo_area_imovel","properties":{"cod_imovel":"RS-4300554-1D0BC9E3D991466487575BD148B33CBC","status_imovel":"AT","dat_criacao":"2023-08-12T01:29:01.780Z","area":18.8191,"condicao":"Aguardando análise","uf":"RS","municipio":"Alto Alegre","cod_municipio_ibge":4300554,"m_fiscal":1.0455,"tipo_imovel":"IRU"}},{"type":"Feature","id":"sicar_imoveis_rs.11923472","geometry":{"type":"MultiPolygon","coordinates":[[[[-52.96607302,-28.83642446],[-52.96564248,-28.83663193],[-52.96552401,-28.83674688],[-52.96424748,-28.83642277],[-52.96470524,-28.83553509],[-52.96393089,-28.83518668],[-52.96402829,-28.83505669],[-52.96481675,-28.83508318],[-52.96561535,-28.83502796],[-52.96587594,-28.83490444],[-52.96654882,-28.83498727],[-52.96665173,-28.83524845],[-52.9665477,-28.83539649],[-52.96674382,-28.83548746],[-52.96646873,-28.83563157],[-52.96682855,-28.83614689],[-52.96607302,-28.83642446]]]]},"geometry_name":"geo_area_imovel","properties":{"cod_imovel":"RS-4300554-DDB8562B9FD746B79B615E5288F8BCD7","status_imovel":"AT","dat_criacao":"2023-08-12T06:03:06.453Z","area":3.6633,"condicao":"Aguardando análise","uf":"RS","municipio":"Alto Alegre","cod_municipio_ibge":4300554,"m_fiscal":0.2035,"tipo_imovel":"IRU"}},{"type":"Feature","id":"sicar_imoveis_rs.11944047","geometry":{"type":"MultiPolygon","coordinates":[[[[-52.94901581,-28.83428155],[-52.94857777,-28.8319715],[-52.94975611,-28.83187273],[-52.94996193,-28.83211232],[-52.95013156,-28.83236303],[-52.95016205,-28.83259469],[-52.95012831,-28.8328512],[-52.94995373,-28.83310955],[-52.94982049,-28.83345753],[-52.94974882,-28.83414834],[-52.94958736,-28.83420481],[-52.94955763,-28.83432167],[-52.94988256,-28.83464039],[-52.94901581,-28.83428155]]]]},"geometry_name":"geo_area_imovel","properties":{"cod_imovel":"RS-4300554-1B9826FDC76C4C0E893C3B3DFF69D6F0","status_imovel":"AT","dat_criacao":"2023-08-17T01:06:16.138Z","area":3,"condicao":"Aguardando análise","uf":"RS","municipio":"Alto Alegre","cod_municipio_ibge":4300554,"m_fiscal":0.1667,"tipo_imovel":"IRU"}},{"type":"Feature","id":"sicar_imoveis_rs.11983828","geometry":{"type":"MultiPolygon","coordinates":[[[[-52.94397215,-28.75404871],[-52.94320215,-28.75457825],[-52.942241,-28.75429743],[-52.94206492,-28.75447794],[-52.94178025,-28.75462013],[-52.94101521,-28.75471104],[-52.94044267,-28.75469001],[-52.93968725,-28.75465751],[-52.93916245,-28.75456502],[-52.93739587,-28.75425729],[-52.93725334,-28.75354287],[-52.93714787,-28.75216347],[-52.94063752,-28.75270378],[-52.94353911,-28.75313251],[-52.94397215,-28.75404871]]]]},"geometry_name":"geo_area_imovel","properties":{"cod_imovel":"RS-4300554-16D5AE5E8C8D44E6A19E263AA0D51ADF","status_imovel":"AT","dat_criacao":"2023-08-26T06:16:45.491Z","area":12.9914,"condicao":"Aguardando análise","uf":"RS","municipio":"Alto Alegre","cod_municipio_ibge":4300554,"m_fiscal":0.7217,"tipo_imovel":"IRU"}},{"type":"Feature","id":"sicar_imoveis_rs.11984683","geometry":{"type":"MultiPolygon","coordinates":[[[[-52.94316894,-28.75457602],[-52.94185776,-28.75544255],[-52.93447148,-28.75395643],[-52.93377753,-28.75329629],[-52.93333832,-28.75303916],[-52.93301801,-28.75269715],[-52.93287873,-28.75220319],[-52.93288702,-28.75155825],[-52.93714588,-28.75216281],[-52.9372509,-28.75353927],[-52.93739028,-28.75425954],[-52.93967565,-28.75465551],[-52.94100842,-28.75470983],[-52.94178822,-28.75461699],[-52.94206759,-28.75447485],[-52.94223575,-28.75429527],[-52.94316894,-28.75457602]]]]},"geometry_name":"geo_area_imovel","properties":{"cod_imovel":"RS-4300554-6E63DCF9DF794F0AAEC32F57744CEBF4","status_imovel":"AT","dat_criacao":"2023-08-26T08:26:25.130Z","area":12.4002,"condicao":"Aguardando análise","uf":"RS","municipio":"Alto Alegre","cod_municipio_ibge":4300554,"m_fiscal":0.6889,"tipo_imovel":"IRU"}},{"type":"Feature","id":"sicar_imoveis_rs.11986802","geometry":{"type":"MultiPolygon","coordinates":[[[[-53.00183777,-28.80116249],[-52.99799208,-28.79938455],[-52.99877782,-28.79790863],[-53.00183167,-28.79937173],[-53.00183777,-28.80116249]]]]},"geometry_name":"geo_area_imovel","properties":{"cod_imovel":"RS-4300554-50EB854E16E247AB969E5A9D65E5A895","status_imovel":"AT","dat_criacao":"2023-08-27T07:25:26.989Z","area":6.7813,"condicao":"Aguardando análise","uf":"RS","municipio":"Alto Alegre","cod_municipio_ibge":4300554,"m_fiscal":0.3767,"tipo_imovel":"IRU"}},{"type":"Feature","id":"sicar_imoveis_rs.11992895","geometry":{"type":"MultiPolygon","coordinates":[[[[-52.98485279,-28.76821024],[-52.98425222,-28.76810161],[-52.98163788,-28.76761988],[-52.98160705,-28.76837018],[-52.98188672,-28.76850195],[-52.982296,-28.76869784],[-52.98346824,-28.76928647],[-52.98405773,-28.76958032],[-52.98485279,-28.76821024]]]]},"geometry_name":"geo_area_imovel","properties":{"cod_imovel":"RS-4300554-C52DCA46DCB54E91A06873DB9D0691D4","status_imovel":"AT","dat_criacao":"2023-08-29T07:06:08.322Z","area":3.6348,"condicao":"Aguardando análise","uf":"RS","municipio":"Alto Alegre","cod_municipio_ibge":4300554,"m_fiscal":0.2019,"tipo_imovel":"IRU"}},{"type":"Feature","id":"sicar_imoveis_rs.11998030","geometry":{"type":"MultiPolygon","coordinates":[[[[-52.98618902,-28.77066214],[-52.98736766,-28.76863631],[-52.9894039,-28.76897163],[-52.98939735,-28.7691158],[-52.98933178,-28.76933484],[-52.98922023,-28.76954851],[-52.98913454,-28.76968252],[-52.98902737,-28.76987545],[-52.98899952,-28.76998947],[-52.98889584,-28.77017517],[-52.98875177,-28.77050054],[-52.98868506,-28.77061632],[-52.9884666,-28.77096268],[-52.98791322,-28.77074891],[-52.98771954,-28.77132398],[-52.98694212,-28.77100852],[-52.98618902,-28.77066214]]]]},"geometry_name":"geo_area_imovel","properties":{"cod_imovel":"RS-4300554-7F3B81B037CA47F7B4AE8F4B7A4315F5","status_imovel":"AT","dat_criacao":"2023-08-30T06:10:55.620Z","area":5.5725,"condicao":"Aguardando análise","uf":"RS","municipio":"Alto Alegre","cod_municipio_ibge":4300554,"m_fiscal":0.3096,"tipo_imovel":"IRU"}},{"type":"Feature","id":"sicar_imoveis_rs.11998434","geometry":{"type":"MultiPolygon","coordinates":[[[[-53.05526961,-28.79607265],[-53.05281674,-28.79755617],[-53.05093286,-28.79630748],[-53.05067618,-28.79650146],[-53.05045617,-28.79668182],[-53.05012383,-28.79686218],[-53.04992524,-28.79698685],[-53.04971588,-28.79707721],[-53.04966738,-28.79724898],[-53.0495983,-28.79742701],[-53.04961927,-28.79765805],[-53.0494504,-28.79797859],[-53.04922377,-28.79825845],[-53.04902961,-28.79847507],[-53.04768149,-28.79724627],[-53.04940312,-28.79587337],[-53.05131357,-28.79445116],[-53.05145281,-28.79457452],[-53.05183404,-28.7950718],[-53.05297004,-28.79421125],[-53.05345108,-28.79470711],[-53.05419758,-28.79517225],[-53.05472527,-28.79568497],[-53.0548832,-28.79577676],[-53.05526961,-28.79607265]]]]},"geometry_name":"geo_area_imovel","properties":{"cod_imovel":"RS-4300554-AF3A001FC7C5430FA54AAB047019EC70","status_imovel":"AT","dat_criacao":"2023-08-30T07:07:18.225Z","area":14.3468,"condicao":"Aguardando análise","uf":"RS","municipio":"Alto Alegre","cod_municipio_ibge":4300554,"m_fiscal":0.7963,"tipo_imovel":"IRU"}},{"type":"Feature","id":"sicar_imoveis_rs.11998476","geometry":{"type":"MultiPolygon","coordinates":[[[[-52.98405773,-28.76958032],[-52.986212,-28.77061376],[-52.98734514,-28.76866101],[-52.98485279,-28.76821024],[-52.98405773,-28.76958032]]]]},"geometry_name":"geo_area_imovel","properties":{"cod_imovel":"RS-4300554-75E8191418704FC6B118FCA092DF940B","status_imovel":"AT","dat_criacao":"2023-08-30T07:15:13.003Z","area":4.9528,"condicao":"Aguardando análise","uf":"RS","municipio":"Alto Alegre","cod_municipio_ibge":4300554,"m_fiscal":0.2752,"tipo_imovel":"IRU"}},{"type":"Feature","id":"sicar_imoveis_rs.12012887","geometry":{"type":"MultiPolygon","coordinates":[[[[-52.99342521,-28.77324927],[-52.99322504,-28.7735113],[-52.99313845,-28.77358932],[-52.99266233,-28.77317936],[-52.99374251,-28.7718909],[-52.99573951,-28.76944844],[-52.99700867,-28.76790192],[-52.9973347,-28.76790518],[-52.99765718,-28.76788656],[-52.99792521,-28.76784522],[-52.99592065,-28.77024234],[-52.99482261,-28.77154549],[-52.99342521,-28.77324927]]]]},"geometry_name":"geo_area_imovel","properties":{"cod_imovel":"RS-4300554-D5FBFA64B6724BAD8ED3841958F9522D","status_imovel":"AT","dat_criacao":"2023-09-02T04:51:51.347Z","area":4.9252,"condicao":"Aguardando análise","uf":"RS","municipio":"Alto Alegre","cod_municipio_ibge":4300554,"m_fiscal":0.2736,"tipo_imovel":"IRU"}},{"type":"Feature","id":"sicar_imoveis_rs.12020598","geometry":{"type":"MultiPolygon","coordinates":[[[[-52.94227839,-28.79536158],[-52.94180632,-28.79349993],[-52.94126987,-28.79160064],[-52.94165611,-28.79077322],[-52.94169903,-28.78956968],[-52.94324398,-28.78968251],[-52.94335127,-28.78972012],[-52.94354439,-28.78975773],[-52.94378042,-28.78987056],[-52.94423103,-28.78994579],[-52.94504642,-28.78938162],[-52.94545412,-28.78926879],[-52.94588327,-28.7896449],[-52.94599056,-28.7899834],[-52.9459691,-28.79032189],[-52.94611931,-28.79088605],[-52.94646263,-28.79114932],[-52.94687033,-28.79163825],[-52.94695616,-28.79180749],[-52.94227839,-28.79536158]]]]},"geometry_name":"geo_area_imovel","properties":{"cod_imovel":"RS-4300554-30A0383201FE4A1FA47F677304668C1E","status_imovel":"AT","dat_criacao":"2023-09-05T07:50:32.634Z","area":21.8131,"condicao":"Aguardando análise","uf":"RS","municipio":"Alto Alegre","cod_municipio_ibge":4300554,"m_fiscal":1.2118,"tipo_imovel":"IRU"}},{"type":"Feature","id":"sicar_imoveis_rs.12026654","geometry":{"type":"MultiPolygon","coordinates":[[[[-52.98444271,-28.81852595],[-52.98283339,-28.81741673],[-52.9843998,-28.81568708],[-52.98600912,-28.81662711],[-52.98444271,-28.81852595]]]]},"geometry_name":"geo_area_imovel","properties":{"cod_imovel":"RS-4300554-F2CCF01AAC6D4D879254FC9DB349650A","status_imovel":"AT","dat_criacao":"2023-09-06T07:00:41.805Z","area":4.8956,"condicao":"Aguardando análise","uf":"RS","municipio":"Alto Alegre","cod_municipio_ibge":4300554,"m_fiscal":0.272,"tipo_imovel":"IRU"}},{"type":"Feature","id":"sicar_imoveis_rs.12026912","geometry":{"type":"MultiPolygon","coordinates":[[[[-52.99411189,-28.77444158],[-52.99356715,-28.77396335],[-52.99645563,-28.77050047],[-52.99659849,-28.77065339],[-52.99647901,-28.77091473],[-52.996395,-28.77131316],[-52.99668021,-28.77184717],[-52.99706946,-28.77258354],[-52.9973612,-28.77279408],[-52.99713078,-28.77311084],[-52.99663931,-28.77321133],[-52.99635231,-28.77346977],[-52.99600618,-28.77391148],[-52.995571,-28.774325],[-52.99500405,-28.77511392],[-52.99411189,-28.77444158]]]]},"geometry_name":"geo_area_imovel","properties":{"cod_imovel":"RS-4300554-0E721FF7369F4DE5A38F1AD1EF23D176","status_imovel":"AT","dat_criacao":"2023-09-06T07:45:26.516Z","area":7.6314,"condicao":"Aguardando análise","uf":"RS","municipio":"Alto Alegre","cod_municipio_ibge":4300554,"m_fiscal":0.4236,"tipo_imovel":"IRU"}},{"type":"Feature","id":"sicar_imoveis_rs.12036315","geometry":{"type":"MultiPolygon","coordinates":[[[[-52.97094584,-28.80942627],[-52.9749155,-28.80824175],[-52.97450781,-28.8097083],[-52.97101021,-28.81046037],[-52.96611786,-28.81042276],[-52.96590328,-28.81017834],[-52.96581745,-28.80987751],[-52.96598911,-28.80963309],[-52.96618223,-28.80946387],[-52.96794176,-28.80936987],[-52.97094584,-28.80942627]]]]},"geometry_name":"geo_area_imovel","properties":{"cod_imovel":"RS-4300554-F9EEE588392640ADA418674AE2D7D855","status_imovel":"AT","dat_criacao":"2023-09-09T05:16:18.806Z","area":10.4918,"condicao":"Aguardando análise","uf":"RS","municipio":"Alto Alegre","cod_municipio_ibge":4300554,"m_fiscal":0.5829,"tipo_imovel":"IRU"}},{"type":"Feature","id":"sicar_imoveis_rs.12043553","geometry":{"type":"MultiPolygon","coordinates":[[[[-52.99440965,-28.78359613],[-52.99342224,-28.78459366],[-52.98922842,-28.78151974],[-52.98931707,-28.78143317],[-52.98907537,-28.78124663],[-52.98897073,-28.78134068],[-52.98530842,-28.7787792],[-52.98612309,-28.77810566],[-52.99440965,-28.78359613]]]]},"geometry_name":"geo_area_imovel","properties":{"cod_imovel":"RS-4300554-78BB7D4BD68642138736BDFFD4254940","status_imovel":"AT","dat_criacao":"2023-09-12T05:18:17.609Z","area":12.5852,"condicao":"Aguardando análise","uf":"RS","municipio":"Alto Alegre","cod_municipio_ibge":4300554,"m_fiscal":0.6992,"tipo_imovel":"IRU"}},{"type":"Feature","id":"sicar_imoveis_rs.12056375","geometry":{"type":"MultiPolygon","coordinates":[[[[-53.01183776,-28.80392804],[-53.00859111,-28.80367689],[-53.00849678,-28.80334134],[-53.00828851,-28.80294097],[-53.01157232,-28.80321955],[-53.01575437,-28.80356724],[-53.0156839,-28.80428728],[-53.01183776,-28.80392804]]]]},"geometry_name":"geo_area_imovel","properties":{"cod_imovel":"RS-4300554-30045A3FE3A64DDC87822F37FCD10632","status_imovel":"AT","dat_criacao":"2023-09-15T05:17:46.848Z","area":5.5185,"condicao":"Aguardando análise","uf":"RS","municipio":"Alto Alegre","cod_municipio_ibge":4300554,"m_fiscal":0.3066,"tipo_imovel":"IRU"}},{"type":"Feature","id":"sicar_imoveis_rs.12056646","geometry":{"type":"MultiPolygon","coordinates":[[[[-52.98274755,-28.83920407],[-52.98281193,-28.83817026],[-52.98111677,-28.83747478],[-52.98255444,-28.8367981],[-52.98255444,-28.83602742],[-52.98349857,-28.83621539],[-52.98379898,-28.8361778],[-52.98412085,-28.83642216],[-52.98437834,-28.83636577],[-52.98493624,-28.83683569],[-52.98532248,-28.83704245],[-52.98542976,-28.83726802],[-52.98521519,-28.83813266],[-52.98459291,-28.83818905],[-52.98405647,-28.83833943],[-52.98347712,-28.83854619],[-52.98274755,-28.83920407]]]]},"geometry_name":"geo_area_imovel","properties":{"cod_imovel":"RS-4300554-CE749E7BD43D4F69A4B2A3DB5ABDD8A6","status_imovel":"AT","dat_criacao":"2023-09-15T05:42:16.957Z","area":7.0598,"condicao":"Aguardando análise","uf":"RS","municipio":"Alto Alegre","cod_municipio_ibge":4300554,"m_fiscal":0.3922,"tipo_imovel":"IRU"}},{"type":"Feature","id":"sicar_imoveis_rs.12119874","geometry":{"type":"MultiPolygon","coordinates":[[[[-52.99449539,-28.83844185],[-52.99464417,-28.8382988],[-52.991436,-28.83921242],[-52.98958206,-28.83971596],[-52.98947525,-28.8397522],[-52.98888016,-28.83927345],[-52.98830795,-28.83855057],[-52.98826599,-28.83863258],[-52.98826599,-28.8410511],[-52.99077988,-28.84439659],[-52.99250031,-28.84240913],[-52.99230576,-28.84209442],[-52.99206161,-28.84170532],[-52.99193573,-28.841362],[-52.99182892,-28.84120941],[-52.9920845,-28.84078407],[-52.99225616,-28.84052277],[-52.9924736,-28.84018898],[-52.99262619,-28.84006882],[-52.99288177,-28.83987045],[-52.99311066,-28.839674],[-52.99332047,-28.83953857],[-52.99342728,-28.83941841],[-52.99357224,-28.83922005],[-52.9936676,-28.83903885],[-52.99385452,-28.8389492],[-52.99401093,-28.83872223],[-52.9942131,-28.83856964],[-52.99449539,-28.83844185]]]]},"geometry_name":"geo_area_imovel","properties":{"cod_imovel":"RS-4300554-CBE78FF851BC406FB13145A84985A8BF","status_imovel":"AT","dat_criacao":"2023-09-30T04:21:54.302Z","area":17.5576,"condicao":"Aguardando análise","uf":"RS","municipio":"Alto Alegre","cod_municipio_ibge":4300554,"m_fiscal":0.9754,"tipo_imovel":"IRU"}},{"type":"Feature","id":"sicar_imoveis_rs.12119883","geometry":{"type":"MultiPolygon","coordinates":[[[[-52.99817657,-28.83987236],[-52.99742508,-28.84480476],[-52.99815369,-28.8446312],[-52.99794769,-28.8473587],[-52.99688339,-28.84832573],[-52.99650574,-28.84786797],[-52.99629211,-28.8474102],[-52.99619675,-28.84695435],[-52.99601364,-28.8463974],[-52.99547577,-28.84552574],[-52.99490738,-28.84485626],[-52.99467468,-28.84447098],[-52.99459839,-28.84421349],[-52.99433899,-28.84391403],[-52.99382019,-28.84358597],[-52.99638367,-28.84255981],[-52.99702835,-28.84097481],[-52.99698639,-28.83991051],[-52.99817657,-28.83987236]]]]},"geometry_name":"geo_area_imovel","properties":{"cod_imovel":"RS-4300554-D6F2360F27064D04B979AA5A096F4E2F","status_imovel":"AT","dat_criacao":"2023-09-30T04:23:10.276Z","area":17.5266,"condicao":"Aguardando análise","uf":"RS","municipio":"Alto Alegre","cod_municipio_ibge":4300554,"m_fiscal":0.9737,"tipo_imovel":"IRU"}},{"type":"Feature","id":"sicar_imoveis_rs.12120102","geometry":{"type":"MultiPolygon","coordinates":[[[[-52.97811359,-28.84677392],[-52.97952518,-28.84817373],[-52.97968816,-28.84828538],[-52.97789915,-28.84889505],[-52.97760937,-28.84901083],[-52.97700673,-28.8488154],[-52.97676445,-28.8487045],[-52.97658039,-28.84838641],[-52.97641046,-28.8479209],[-52.97629959,-28.84773907],[-52.97625898,-28.84765402],[-52.97625158,-28.8474562],[-52.9762576,-28.84736431],[-52.97811359,-28.84677392]]]]},"geometry_name":"geo_area_imovel","properties":{"cod_imovel":"RS-4300554-C149970081E2435EA97C90C2577E8BF5","status_imovel":"AT","dat_criacao":"2023-09-30T04:52:15.245Z","area":4.9703,"condicao":"Aguardando análise","uf":"RS","municipio":"Alto Alegre","cod_municipio_ibge":4300554,"m_fiscal":0.2761,"tipo_imovel":"IRU"}},{"type":"Feature","id":"sicar_imoveis_rs.12120107","geometry":{"type":"MultiPolygon","coordinates":[[[[-52.97598525,-28.84592102],[-52.97603132,-28.84644544],[-52.97610644,-28.84715597],[-52.97623031,-28.84767777],[-52.97629294,-28.84788045],[-52.97643224,-28.84802764],[-52.97649898,-28.8482254],[-52.97650405,-28.84838915],[-52.9764115,-28.84835148],[-52.97630148,-28.84816563],[-52.97609715,-28.84814497],[-52.97588497,-28.84816562],[-52.97565195,-28.84810767],[-52.97530805,-28.84801303],[-52.97501281,-28.8479109],[-52.97472757,-28.84772316],[-52.97443457,-28.84768542],[-52.9739832,-28.8477113],[-52.97345668,-28.84776635],[-52.97315866,-28.84772163],[-52.97298952,-28.84749171],[-52.97296479,-28.84724207],[-52.97304022,-28.84682378],[-52.97305021,-28.84642745],[-52.97285761,-28.84614776],[-52.97609717,-28.84560502],[-52.97598525,-28.84592102]]]]},"geometry_name":"geo_area_imovel","properties":{"cod_imovel":"RS-4300554-881967C22C04458FBE77E8E8D8992B72","status_imovel":"AT","dat_criacao":"2023-09-30T04:53:02.813Z","area":6.7497,"condicao":"Aguardando análise","uf":"RS","municipio":"Alto Alegre","cod_municipio_ibge":4300554,"m_fiscal":0.375,"tipo_imovel":"IRU"}},{"type":"Feature","id":"sicar_imoveis_rs.12120109","geometry":{"type":"MultiPolygon","coordinates":[[[[-52.97314909,-28.85212577],[-52.97317264,-28.85274527],[-52.97314905,-28.85313762],[-52.97308618,-28.85323398],[-52.97263035,-28.85336475],[-52.97248103,-28.85341981],[-52.97234743,-28.85346799],[-52.97198589,-28.85398423],[-52.97104273,-28.85545035],[-52.97091697,-28.85560866],[-52.97075193,-28.85565684],[-52.97059475,-28.85560865],[-52.97042185,-28.85556734],[-52.96991887,-28.85536771],[-52.97226105,-28.85184804],[-52.97314123,-28.85196056],[-52.97314909,-28.85212577]]]]},"geometry_name":"geo_area_imovel","properties":{"cod_imovel":"RS-4300554-A468EA2E5C8F4839897816D862285258","status_imovel":"AT","dat_criacao":"2023-09-30T04:53:22.365Z","area":4.9356,"condicao":"Aguardando análise","uf":"RS","municipio":"Alto Alegre","cod_municipio_ibge":4300554,"m_fiscal":0.2742,"tipo_imovel":"IRU"}},{"type":"Feature","id":"sicar_imoveis_rs.12167424","geometry":{"type":"MultiPolygon","coordinates":[[[[-53.0546724,-28.82498135],[-53.05472027,-28.82454709],[-53.05523794,-28.82443037],[-53.05546998,-28.82471871],[-53.0560187,-28.82429929],[-53.05667213,-28.82439429],[-53.0566787,-28.82488561],[-53.0565804,-28.82541896],[-53.0564673,-28.82573729],[-53.05622457,-28.825904],[-53.05501048,-28.82650064],[-53.05456893,-28.82630292],[-53.0546724,-28.82498135]]]]},"geometry_name":"geo_area_imovel","properties":{"cod_imovel":"RS-4300554-3B59EBBDFB8240A1A50329598E483C32","status_imovel":"AT","dat_criacao":"2023-10-14T05:01:11.638Z","area":3.6409,"condicao":"Aguardando análise","uf":"RS","municipio":"Alto Alegre","cod_municipio_ibge":4300554,"m_fiscal":0.2023,"tipo_imovel":"IRU"}},{"type":"Feature","id":"sicar_imoveis_rs.12221090","geometry":{"type":"MultiPolygon","coordinates":[[[[-52.99741799,-28.7805826],[-52.9955842,-28.78282755],[-52.99078004,-28.77965889],[-52.99116559,-28.77899281],[-52.99139981,-28.77851857],[-52.99272487,-28.77940346],[-52.99414981,-28.78030732],[-52.99463766,-28.77964837],[-52.99550409,-28.7801827],[-52.99599153,-28.77966032],[-52.99741799,-28.7805826]]]]},"geometry_name":"geo_area_imovel","properties":{"cod_imovel":"RS-4300554-623AEED44A9B4B15BD12F31408BA9570","status_imovel":"AT","dat_criacao":"2023-10-28T05:27:21.310Z","area":12.1036,"condicao":"Aguardando análise","uf":"RS","municipio":"Alto Alegre","cod_municipio_ibge":4300554,"m_fiscal":0.6724,"tipo_imovel":"IRU"}},{"type":"Feature","id":"sicar_imoveis_rs.12228150","geometry":{"type":"MultiPolygon","coordinates":[[[[-53.0242331,-28.82719168],[-53.02283062,-28.82838612],[-53.02172109,-28.82938637],[-53.02099586,-28.82772001],[-53.02198168,-28.82692469],[-53.02368213,-28.8255072],[-53.02401182,-28.82643102],[-53.0242331,-28.82719168]]]]},"geometry_name":"geo_area_imovel","properties":{"cod_imovel":"RS-4300554-2323261061C3471BB66E2771E4E5CD83","status_imovel":"AT","dat_criacao":"2023-10-31T05:29:38.055Z","area":6.1915,"condicao":"Aguardando análise","uf":"RS","municipio":"Alto Alegre","cod_municipio_ibge":4300554,"m_fiscal":0.344,"tipo_imovel":"IRU"}},{"type":"Feature","id":"sicar_imoveis_rs.12228429","geometry":{"type":"MultiPolygon","coordinates":[[[[-53.03754948,-28.7838143],[-53.03778086,-28.78391409],[-53.03790697,-28.78393383],[-53.03803418,-28.78393822],[-53.03817838,-28.78392177],[-53.03829901,-28.78389984],[-53.03843718,-28.78385378],[-53.03856,-28.78379675],[-53.03869708,-28.78373754],[-53.03879906,-28.78370793],[-53.0388846,-28.78369696],[-53.03896465,-28.78369587],[-53.0390447,-28.78370793],[-53.03912914,-28.78374083],[-53.03924127,-28.78381019],[-53.0394562,-28.783967],[-53.03982631,-28.78426802],[-53.04022246,-28.78458837],[-53.04051025,-28.78482049],[-53.04097241,-28.78448938],[-53.04146427,-28.78410519],[-53.04171286,-28.78373696],[-53.04230709,-28.78260567],[-53.04228243,-28.782558],[-53.04218812,-28.78243737],[-53.04207188,-28.78232771],[-53.04192494,-28.78217638],[-53.04178896,-28.7820075],[-53.04168588,-28.78185617],[-53.04157731,-28.78165988],[-53.04152248,-28.78156338],[-53.04142818,-28.78146249],[-53.04131852,-28.78140766],[-53.04114306,-28.78134186],[-53.04099118,-28.78124536],[-53.04076966,-28.78107429],[-53.04048893,-28.78089883],[-53.04019943,-28.78071022],[-53.03990115,-28.78051721],[-53.03722104,-28.78368696],[-53.03737073,-28.7837496],[-53.03754948,-28.7838143]]]]},"geometry_name":"geo_area_imovel","properties":{"cod_imovel":"RS-4300554-475BB13885094FE3BA7D84DD984932E7","status_imovel":"AT","dat_criacao":"2023-10-31T06:03:21.948Z","area":12.2414,"condicao":"Aguardando análise","uf":"RS","municipio":"Alto Alegre","cod_municipio_ibge":4300554,"m_fiscal":0.6801,"tipo_imovel":"IRU"}},{"type":"Feature","id":"sicar_imoveis_rs.12228482","geometry":{"type":"MultiPolygon","coordinates":[[[[-52.94824524,-28.76347267],[-52.95535263,-28.76078762],[-52.95512981,-28.76047269],[-52.9548951,-28.760134],[-52.95470068,-28.7598201],[-52.95462473,-28.75962002],[-52.95458314,-28.75945661],[-52.95446133,-28.75921002],[-52.95427713,-28.75880893],[-52.95404321,-28.75832334],[-52.94669842,-28.75977685],[-52.94706906,-28.76071672],[-52.94824524,-28.76347267]]]]},"geometry_name":"geo_area_imovel","properties":{"cod_imovel":"RS-4300554-28BCCF77C6E04C65AE2C7452E22B1312","status_imovel":"AT","dat_criacao":"2023-10-31T06:08:19.987Z","area":27.1757,"condicao":"Aguardando análise","uf":"RS","municipio":"Alto Alegre","cod_municipio_ibge":4300554,"m_fiscal":1.5046,"tipo_imovel":"IRU"}},{"type":"Feature","id":"sicar_imoveis_rs.12273735","geometry":{"type":"MultiPolygon","coordinates":[[[[-53.0472334,-28.8077818],[-53.04673588,-28.80777925],[-53.04612807,-28.80786638],[-53.04533164,-28.80810718],[-53.044497,-28.8083797],[-53.04440349,-28.80535068],[-53.04446492,-28.80526275],[-53.04468488,-28.80499928],[-53.0451108,-28.80474612],[-53.04535757,-28.80423317],[-53.0453693,-28.80409983],[-53.04548063,-28.80405605],[-53.04556916,-28.80406985],[-53.04565361,-28.80403611],[-53.04574334,-28.80395995],[-53.0458442,-28.80392374],[-53.04602009,-28.80367113],[-53.04614571,-28.80342187],[-53.04623504,-28.80325045],[-53.04638767,-28.80311818],[-53.04646058,-28.80294116],[-53.0468917,-28.80260598],[-53.04733598,-28.80494845],[-53.04769086,-28.80782487],[-53.0475391,-28.80782853],[-53.0472334,-28.8077818]]]]},"geometry_name":"geo_area_imovel","properties":{"cod_imovel":"RS-4300554-D02BBACA9CAA41ACB605348C4E01FF16","status_imovel":"AT","dat_criacao":"2023-11-14T06:41:03.993Z","area":13.2292,"condicao":"Aguardando análise","uf":"RS","municipio":"Alto Alegre","cod_municipio_ibge":4300554,"m_fiscal":0.735,"tipo_imovel":"IRU"}},{"type":"Feature","id":"sicar_imoveis_rs.12308626","geometry":{"type":"MultiPolygon","coordinates":[[[[-52.98092365,-28.84277532],[-52.98688889,-28.84213627],[-52.98753262,-28.84253098],[-52.98774719,-28.84296328],[-52.98785448,-28.84326401],[-52.98828363,-28.84426018],[-52.98817635,-28.84518116],[-52.98832655,-28.84563224],[-52.98832655,-28.84602694],[-52.9880476,-28.84613971],[-52.9880476,-28.84674116],[-52.98770428,-28.84681634],[-52.9873395,-28.84630887],[-52.98570871,-28.84651562],[-52.9852581,-28.84587658],[-52.98266172,-28.84674116],[-52.98115969,-28.84399704],[-52.98092365,-28.84277532]]]]},"geometry_name":"geo_area_imovel","properties":{"cod_imovel":"RS-4300554-F43A415F97814CE29A942CA60B6B1FCD","status_imovel":"AT","dat_criacao":"2023-11-23T05:30:00.567Z","area":28.0331,"condicao":"Aguardando análise","uf":"RS","municipio":"Alto Alegre","cod_municipio_ibge":4300554,"m_fiscal":1.5574,"tipo_imovel":"IRU"}},{"type":"Feature","id":"sicar_imoveis_rs.12328951","geometry":{"type":"MultiPolygon","coordinates":[[[[-53.03916856,-28.83886519],[-53.03868771,-28.83967397],[-53.03716421,-28.83997472],[-53.03645271,-28.83889311],[-53.03589821,-28.83758756],[-53.03750753,-28.83661013],[-53.03941548,-28.8378505],[-53.0392816,-28.83848464],[-53.03916856,-28.83886519]]]]},"geometry_name":"geo_area_imovel","properties":{"cod_imovel":"RS-4300554-B2F6330ECD324A1C8E168949383D6741","status_imovel":"AT","dat_criacao":"2023-11-29T06:22:38.651Z","area":8.1794,"condicao":"Aguardando análise","uf":"RS","municipio":"Alto Alegre","cod_municipio_ibge":4300554,"m_fiscal":0.4544,"tipo_imovel":"IRU"}},{"type":"Feature","id":"sicar_imoveis_rs.12353749","geometry":{"type":"MultiPolygon","coordinates":[[[[-53.0545808,-28.81178796],[-53.05429401,-28.81225194],[-53.05399518,-28.81277571],[-53.05370228,-28.81323915],[-53.05358252,-28.8137785],[-53.05359611,-28.81427374],[-53.05363928,-28.81455126],[-53.05355252,-28.81486629],[-53.05044748,-28.81427182],[-53.05047565,-28.81338581],[-53.04850995,-28.81318289],[-53.04822941,-28.81139351],[-53.04679538,-28.81198443],[-53.04684584,-28.81239546],[-53.04595111,-28.81252136],[-53.04578027,-28.81160725],[-53.04564209,-28.81081853],[-53.04644092,-28.8104258],[-53.04795473,-28.80964851],[-53.04787022,-28.80908653],[-53.04845858,-28.8091037],[-53.04992983,-28.80902324],[-53.05116148,-28.80893629],[-53.05283914,-28.80879747],[-53.05275008,-28.81039161],[-53.05382969,-28.81079743],[-53.0542138,-28.81094434],[-53.05444166,-28.81115085],[-53.05478269,-28.81149562],[-53.0545808,-28.81178796]]]]},"geometry_name":"geo_area_imovel","properties":{"cod_imovel":"RS-4300554-CB64D1CBFD764C95A926B5496FAFFE36","status_imovel":"AT","dat_criacao":"2023-12-06T05:50:06.519Z","area":34.7286,"condicao":"Aguardando análise","uf":"RS","municipio":"Alto Alegre","cod_municipio_ibge":4300554,"m_fiscal":1.9294,"tipo_imovel":"IRU"}},{"type":"Feature","id":"sicar_imoveis_rs.12353752","geometry":{"type":"MultiPolygon","coordinates":[[[[-53.05543179,-28.81043419],[-53.05382397,-28.81079188],[-53.05420572,-28.81093745],[-53.05438467,-28.81109059],[-53.05478008,-28.81149556],[-53.05495834,-28.81128231],[-53.05508841,-28.81118495],[-53.05519302,-28.81109857],[-53.0552882,-28.81102155],[-53.05533294,-28.81099031],[-53.05543179,-28.81043419]]]]},"geometry_name":"geo_area_imovel","properties":{"cod_imovel":"RS-4300554-2C49D4A8D0F04DB28F1181660115E0D3","status_imovel":"AT","dat_criacao":"2023-12-06T05:50:35.060Z","area":0.8451,"condicao":"Aguardando análise","uf":"RS","municipio":"Alto Alegre","cod_municipio_ibge":4300554,"m_fiscal":0.047,"tipo_imovel":"IRU"}},{"type":"Feature","id":"sicar_imoveis_rs.12353760","geometry":{"type":"MultiPolygon","coordinates":[[[[-53.0592284,-28.80611638],[-53.05919878,-28.80625078],[-53.05922739,-28.80660339],[-53.05920316,-28.80680071],[-53.05914691,-28.80700507],[-53.05902628,-28.80729821],[-53.05878157,-28.80743521],[-53.05853092,-28.80753392],[-53.05846781,-28.80765288],[-53.05881387,-28.80789494],[-53.05887399,-28.80798307],[-53.0588684,-28.80810857],[-53.05830871,-28.80800975],[-53.05785106,-28.80792649],[-53.0576457,-28.80841078],[-53.05755108,-28.80881681],[-53.05753568,-28.80930566],[-53.05690141,-28.80953046],[-53.05702562,-28.81010789],[-53.05652943,-28.81045451],[-53.05627664,-28.8104685],[-53.05603402,-28.81045449],[-53.0554318,-28.81043966],[-53.05380145,-28.81078576],[-53.05274647,-28.8103868],[-53.05283967,-28.80880615],[-53.05371805,-28.80875409],[-53.05385399,-28.80746136],[-53.05397348,-28.80687541],[-53.0592284,-28.80611638]]]]},"geometry_name":"geo_area_imovel","properties":{"cod_imovel":"RS-4300554-DE667C827BB14952AB8B82B4B944E576","status_imovel":"AT","dat_criacao":"2023-12-06T05:51:29.997Z","area":19.8429,"condicao":"Aguardando análise","uf":"RS","municipio":"Alto Alegre","cod_municipio_ibge":4300554,"m_fiscal":1.1024,"tipo_imovel":"IRU"}},{"type":"Feature","id":"sicar_imoveis_rs.12353764","geometry":{"type":"MultiPolygon","coordinates":[[[[-53.05887698,-28.8081141],[-53.05850247,-28.80805719],[-53.05839194,-28.80804143],[-53.05830964,-28.80802969],[-53.05822421,-28.80801751],[-53.05784107,-28.80795093],[-53.05765949,-28.80839541],[-53.05755714,-28.80881531],[-53.05753553,-28.80933144],[-53.05690613,-28.80955133],[-53.05695955,-28.80978502],[-53.05703458,-28.81011326],[-53.05700571,-28.81013698],[-53.05688853,-28.8102154],[-53.05677199,-28.81029449],[-53.05664587,-28.8103803],[-53.05652896,-28.81045674],[-53.05640663,-28.81046774],[-53.05628415,-28.81047692],[-53.05616067,-28.81047438],[-53.05603583,-28.81045575],[-53.05591217,-28.81045108],[-53.05578851,-28.81044641],[-53.05566485,-28.81044174],[-53.05543125,-28.81043292],[-53.0553299,-28.81099562],[-53.05559259,-28.81081941],[-53.05575317,-28.81085426],[-53.05610813,-28.81092489],[-53.05629515,-28.81089172],[-53.05660727,-28.81085766],[-53.056873,-28.8108287],[-53.05707705,-28.81063287],[-53.05719875,-28.81046205],[-53.05737154,-28.81033077],[-53.05764727,-28.8102469],[-53.05779267,-28.81024413],[-53.05809805,-28.81018391],[-53.05830206,-28.81008943],[-53.0584754,-28.8099438],[-53.05863681,-28.80983042],[-53.0588467,-28.80976447],[-53.05889927,-28.80967966],[-53.05870503,-28.80950698],[-53.05857641,-28.80942616],[-53.05856728,-28.80915426],[-53.05856153,-28.80879918],[-53.05861232,-28.80863508],[-53.05871973,-28.80855661],[-53.05883341,-28.80842802],[-53.05887651,-28.80819504],[-53.05887698,-28.8081141]]]]},"geometry_name":"geo_area_imovel","properties":{"cod_imovel":"RS-4300554-FF47B40F900A4A328B08D3D4704B3CAC","status_imovel":"AT","dat_criacao":"2023-12-06T05:51:52.407Z","area":3.9141,"condicao":"Aguardando análise","uf":"RS","municipio":"Alto Alegre","cod_municipio_ibge":4300554,"m_fiscal":0.2175,"tipo_imovel":"IRU"}},{"type":"Feature","id":"sicar_imoveis_rs.12366337","geometry":{"type":"MultiPolygon","coordinates":[[[[-53.05519004,-28.799678],[-53.0573133,-28.79832314],[-53.05711259,-28.79822693],[-53.05698745,-28.79809859],[-53.05679999,-28.79797568],[-53.05659185,-28.79791657],[-53.05635908,-28.79788568],[-53.05620914,-28.79780568],[-53.05604184,-28.7976868],[-53.05586305,-28.79757461],[-53.0556072,-28.7974558],[-53.05541238,-28.79735],[-53.05346056,-28.79885399],[-53.05519004,-28.799678]]]]},"geometry_name":"geo_area_imovel","properties":{"cod_imovel":"RS-4300554-8CF5A861484C40988D5243525A596004","status_imovel":"AT","dat_criacao":"2023-12-09T06:04:22.187Z","area":4.8036,"condicao":"Aguardando análise","uf":"RS","municipio":"Alto Alegre","cod_municipio_ibge":4300554,"m_fiscal":0.2669,"tipo_imovel":"IRU"}},{"type":"Feature","id":"sicar_imoveis_rs.12402857","geometry":{"type":"MultiPolygon","coordinates":[[[[-53.01495192,-28.84238542],[-53.01388174,-28.841563],[-53.01503109,-28.84057553],[-53.01760536,-28.84256829],[-53.01710978,-28.84340129],[-53.01495192,-28.84238542]]]]},"geometry_name":"geo_area_imovel","properties":{"cod_imovel":"RS-4300554-37A6E2E37B5C41C1BD688B30C54F5AFF","status_imovel":"AT","dat_criacao":"2023-12-21T06:46:36.338Z","area":4.9327,"condicao":"Aguardando análise","uf":"RS","municipio":"Alto Alegre","cod_municipio_ibge":4300554,"m_fiscal":0.274,"tipo_imovel":"IRU"}},{"type":"Feature","id":"sicar_imoveis_rs.12499503","geometry":{"type":"MultiPolygon","coordinates":[[[[-53.00913759,-28.84044067],[-53.01152229,-28.84414741],[-53.01028033,-28.84414134],[-53.01044941,-28.84296328],[-53.00171614,-28.84145961],[-53.00273503,-28.83966198],[-53.00290836,-28.83967967],[-53.00284732,-28.83946605],[-53.00293042,-28.83914883],[-53.00285827,-28.83883137],[-53.00306153,-28.83864175],[-53.00866842,-28.84050101],[-53.00868988,-28.83907249],[-53.0092435,-28.8387068],[-53.00949021,-28.83911357],[-53.00996053,-28.83984177],[-53.00913759,-28.84044067]]]]},"geometry_name":"geo_area_imovel","properties":{"cod_imovel":"RS-4300554-5358439C6764456F80F6628E851E6ED3","status_imovel":"AT","dat_criacao":"2024-01-26T07:47:25.789Z","area":23.5213,"condicao":"Aguardando análise","uf":"RS","municipio":"Alto Alegre","cod_municipio_ibge":4300554,"m_fiscal":1.3067,"tipo_imovel":"IRU"}},{"type":"Feature","id":"sicar_imoveis_rs.12515468","geometry":{"type":"MultiPolygon","coordinates":[[[[-53.01861012,-28.78220262],[-53.01850839,-28.78215964],[-53.01842239,-28.78214688],[-53.01835348,-28.78217855],[-53.01824851,-28.7821276],[-53.01811181,-28.78204023],[-53.01802183,-28.7819749],[-53.01797296,-28.78191887],[-53.01798402,-28.78184927],[-53.01797821,-28.78175038],[-53.01797333,-28.78166714],[-53.01793054,-28.7815696],[-53.01782223,-28.78150612],[-53.01768548,-28.7814787],[-53.01754452,-28.78139554],[-53.01739315,-28.78132681],[-53.01727272,-28.78132343],[-53.01715954,-28.78139157],[-53.01715118,-28.78131457],[-53.01716782,-28.78122483],[-53.01716635,-28.78114003],[-53.01718698,-28.78106913],[-53.01718359,-28.78098211],[-53.01714667,-28.7809128],[-53.0171168,-28.78066243],[-53.0171104,-28.78048504],[-53.01896931,-28.78195859],[-53.01861012,-28.78220262]]]]},"geometry_name":"geo_area_imovel","properties":{"cod_imovel":"RS-4300554-6721E9D1B2894B37B1F8AA585E22D532","status_imovel":"AT","dat_criacao":"2024-01-31T06:58:03.700Z","area":1.0968,"condicao":"Aguardando análise","uf":"RS","municipio":"Alto Alegre","cod_municipio_ibge":4300554,"m_fiscal":0.0609,"tipo_imovel":"IRU"}},{"type":"Feature","id":"sicar_imoveis_rs.12524970","geometry":{"type":"MultiPolygon","coordinates":[[[[-52.95989513,-28.83055735],[-52.95957327,-28.83040697],[-52.95867205,-28.83050096],[-52.95695543,-28.83044456],[-52.95661211,-28.8309897],[-52.95775193,-28.83163381],[-52.95719064,-28.83221909],[-52.95785961,-28.8326673],[-52.95880079,-28.83311385],[-52.96025991,-28.83091451],[-52.95989513,-28.83055735]]]]},"geometry_name":"geo_area_imovel","properties":{"cod_imovel":"RS-4300554-087ED69BD5BE4BFD83076F519E9D73EF","status_imovel":"AT","dat_criacao":"2024-02-02T07:58:30.265Z","area":6.2931,"condicao":"Aguardando análise","uf":"RS","municipio":"Alto Alegre","cod_municipio_ibge":4300554,"m_fiscal":0.3496,"tipo_imovel":"IRU"}},{"type":"Feature","id":"sicar_imoveis_rs.12525052","geometry":{"type":"MultiPolygon","coordinates":[[[[-52.96109676,-28.82995581],[-52.96034575,-28.83068894],[-52.96019554,-28.83048216],[-52.95983076,-28.83042577],[-52.95871496,-28.83050096],[-52.95695543,-28.83023778],[-52.95693398,-28.82986182],[-52.95665503,-28.82952346],[-52.95665503,-28.82924148],[-52.95691252,-28.8290723],[-52.95708418,-28.82877153],[-52.95819998,-28.82884672],[-52.95892954,-28.82886552],[-52.95916557,-28.82879033],[-52.96109676,-28.82995581]]]]},"geometry_name":"geo_area_imovel","properties":{"cod_imovel":"RS-4300554-75F35138F44441B5B3E51A097116FC3E","status_imovel":"AT","dat_criacao":"2024-02-02T08:11:53.455Z","area":6.0915,"condicao":"Aguardando análise","uf":"RS","municipio":"Alto Alegre","cod_municipio_ibge":4300554,"m_fiscal":0.3384,"tipo_imovel":"IRU"}},{"type":"Feature","id":"sicar_imoveis_rs.12554643","geometry":{"type":"MultiPolygon","coordinates":[[[[-53.01850773,-28.84222092],[-53.02042501,-28.84044599],[-53.02058331,-28.84025915],[-53.02071825,-28.84014583],[-53.02083503,-28.84003078],[-53.0212018,-28.83963461],[-53.02136269,-28.83951869],[-53.02161355,-28.83932147],[-53.02185575,-28.83910781],[-53.01863097,-28.83545831],[-53.01478066,-28.83883604],[-53.01850773,-28.84222092]]]]},"geometry_name":"geo_area_imovel","properties":{"cod_imovel":"RS-4300554-A37676D4F65B4D52A3034C693160B927","status_imovel":"AT","dat_criacao":"2024-02-09T08:16:18.913Z","area":25.855,"condicao":"Aguardando análise","uf":"RS","municipio":"Alto Alegre","cod_municipio_ibge":4300554,"m_fiscal":1.4364,"tipo_imovel":"IRU"}},{"type":"Feature","id":"sicar_imoveis_rs.12606522","geometry":{"type":"MultiPolygon","coordinates":[[[[-52.98491565,-28.77850748],[-52.98381988,-28.77924318],[-52.98794145,-28.78221279],[-52.98888257,-28.782827],[-52.9887812,-28.78243175],[-52.98876378,-28.78220025],[-52.98892753,-28.78192395],[-52.98920852,-28.78154406],[-52.98491565,-28.77850748]]]]},"geometry_name":"geo_area_imovel","properties":{"cod_imovel":"RS-4300554-A7ECB905A0B84CBCABE9637CBFF177C1","status_imovel":"AT","dat_criacao":"2024-03-18T08:12:20.145Z","area":7.5891,"condicao":"Aguardando análise","uf":"RS","municipio":"Alto Alegre","cod_municipio_ibge":4300554,"m_fiscal":0.4216,"tipo_imovel":"IRU"}},{"type":"Feature","id":"sicar_imoveis_rs.12617889","geometry":{"type":"MultiPolygon","coordinates":[[[[-52.93913212,-28.79088793],[-52.93890632,-28.79089909],[-52.93872591,-28.79092387],[-52.93748268,-28.79146721],[-52.93738778,-28.7914869],[-52.93730672,-28.79146033],[-52.93725546,-28.79142669],[-52.93547976,-28.79009255],[-52.93481409,-28.78973525],[-52.93443524,-28.78958634],[-52.93394183,-28.789265],[-52.93438,-28.78924023],[-52.93482853,-28.78917381],[-52.93506998,-28.7891197],[-52.9353603,-28.78909499],[-52.93580429,-28.78908441],[-52.93630769,-28.78905607],[-52.93668852,-28.78914187],[-52.93767061,-28.78947621],[-52.93808581,-28.78955893],[-52.93840764,-28.78956429],[-52.93851388,-28.78951671],[-52.93866555,-28.7891937],[-52.94135991,-28.78940865],[-52.94141188,-28.78971747],[-52.94142863,-28.78994189],[-52.94141696,-28.79015386],[-52.94140299,-28.79028678],[-52.94130572,-28.79058651],[-52.94116856,-28.79092875],[-52.94081764,-28.79094365],[-52.93913212,-28.79088793]]]]},"geometry_name":"geo_area_imovel","properties":{"cod_imovel":"RS-4300554-52607707D8C64706A8B7497C2727F007","status_imovel":"AT","dat_criacao":"2024-03-20T06:27:47.046Z","area":11.392,"condicao":"Aguardando análise","uf":"RS","municipio":"Alto Alegre","cod_municipio_ibge":4300554,"m_fiscal":0.6329,"tipo_imovel":"IRU"}},{"type":"Feature","id":"sicar_imoveis_rs.12618363","geometry":{"type":"MultiPolygon","coordinates":[[[[-53.00846027,-28.82534803],[-53.00915425,-28.82598502],[-53.01054556,-28.82463039],[-53.01101637,-28.82501163],[-53.01210782,-28.82402279],[-53.01479135,-28.8265645],[-53.01046333,-28.83036368],[-53.01035339,-28.8304628],[-53.0101319,-28.8302995],[-53.00660959,-28.8275638],[-53.00846027,-28.82534803]]]]},"geometry_name":"geo_area_imovel","properties":{"cod_imovel":"RS-4300554-456EB88E3FFF4AE082E32B3EF63DEABB","status_imovel":"AT","dat_criacao":"2024-03-20T08:12:37.518Z","area":29.0667,"condicao":"Aguardando análise","uf":"RS","municipio":"Alto Alegre","cod_municipio_ibge":4300554,"m_fiscal":1.6148,"tipo_imovel":"IRU"}},{"type":"Feature","id":"sicar_imoveis_rs.12630475","geometry":{"type":"MultiPolygon","coordinates":[[[[-52.97632556,-28.76868782],[-52.97500322,-28.76904754],[-52.97343295,-28.76940406],[-52.97185355,-28.76976202],[-52.97133123,-28.77015605],[-52.97048204,-28.77086521],[-52.97007788,-28.77121692],[-52.96945727,-28.77163742],[-52.96925644,-28.77166572],[-52.9694089,-28.77130017],[-52.96964801,-28.77078333],[-52.9700455,-28.77020079],[-52.97085608,-28.76904917],[-52.97164623,-28.76868057],[-52.97309271,-28.76832537],[-52.97484173,-28.7678936],[-52.97659654,-28.7674585],[-52.9771302,-28.76789248],[-52.97715656,-28.76799521],[-52.9774096,-28.7682087],[-52.97748153,-28.76840538],[-52.97632556,-28.76868782]]]]},"geometry_name":"geo_area_imovel","properties":{"cod_imovel":"RS-4300554-0E9DA471CF4E4090A5FF674CCBF1C580","status_imovel":"AT","dat_criacao":"2024-03-22T07:30:52.283Z","area":9.7158,"condicao":"Aguardando análise","uf":"RS","municipio":"Alto Alegre","cod_municipio_ibge":4300554,"m_fiscal":0.5398,"tipo_imovel":"IRU"}},{"type":"Feature","id":"sicar_imoveis_rs.12653775","geometry":{"type":"MultiPolygon","coordinates":[[[[-53.03333431,-28.82548935],[-53.03303172,-28.82557079],[-53.03238896,-28.82571258],[-53.03213869,-28.82565899],[-53.03193031,-28.82567588],[-53.03157194,-28.82591399],[-53.03138829,-28.82597708],[-53.03129467,-28.8260047],[-53.03125006,-28.82605986],[-53.03092044,-28.82627259],[-53.03056553,-28.82590141],[-53.0312746,-28.82538767],[-53.03129723,-28.82511836],[-53.03132523,-28.82461176],[-53.03180433,-28.82462576],[-53.03221965,-28.82450639],[-53.03242952,-28.82448074],[-53.03260214,-28.8245572],[-53.03295115,-28.82481742],[-53.03316416,-28.82501824],[-53.03346682,-28.82538694],[-53.03353239,-28.82541302],[-53.03333431,-28.82548935]]]]},"geometry_name":"geo_area_imovel","properties":{"cod_imovel":"RS-4300554-A8991072C8F74A1F9050281ACDCA01AB","status_imovel":"CA","dat_criacao":"2024-03-28T07:51:39.166Z","area":2.6754,"condicao":"Cancelado por decisão administrativa","uf":"RS","municipio":"Alto Alegre","cod_municipio_ibge":4300554,"m_fiscal":0.1486,"tipo_imovel":"IRU"}},{"type":"Feature","id":"sicar_imoveis_rs.12708424","geometry":{"type":"MultiPolygon","coordinates":[[[[-53.01139226,-28.78590121],[-53.01104835,-28.78524722],[-53.01076759,-28.7847353],[-53.01050938,-28.78427977],[-53.01043834,-28.78416137],[-53.0103752,-28.78407342],[-53.01033799,-28.78404072],[-53.0102895,-28.78401592],[-53.01020381,-28.78400126],[-53.00996476,-28.78398886],[-53.00924087,-28.78396856],[-53.0086737,-28.78397082],[-53.00815333,-28.7839928],[-53.00760872,-28.78403058],[-53.00723888,-28.78402156],[-53.00688369,-28.78399675],[-53.00642703,-28.78394939],[-53.00626579,-28.78392346],[-53.0061068,-28.78388174],[-53.00596952,-28.7838248],[-53.00177752,-28.78387892],[-53.00192551,-28.78417829],[-53.00207435,-28.7844878],[-53.00214539,-28.78485905],[-53.00219782,-28.78502988],[-53.00222065,-28.7852117],[-53.00227393,-28.78548739],[-53.00229592,-28.78572333],[-53.00233313,-28.78604469],[-53.00238894,-28.78623581],[-53.00240247,-28.78633222],[-53.00244476,-28.78644554],[-53.00256146,-28.78655886],[-53.00271368,-28.78665526],[-53.00281854,-28.7868041],[-53.00284899,-28.78696816],[-53.00283377,-28.78717112],[-53.00278133,-28.7873132],[-53.00272045,-28.78746711],[-53.00267647,-28.78767515],[-53.00256992,-28.78792208],[-53.00255469,-28.78804555],[-53.00258514,-28.78818424],[-53.00274413,-28.78837198],[-53.00295723,-28.78857494],[-53.0031991,-28.78868826],[-53.00349508,-28.78869841],[-53.00396189,-28.78862399],[-53.00450989,-28.78854788],[-53.00484478,-28.78849037],[-53.00541814,-28.78839228],[-53.00563971,-28.78836691],[-53.00582745,-28.78835676],[-53.0060524,-28.7884667],[-53.00624267,-28.78859608],[-53.00654881,-28.78883118],[-53.0067856,-28.78902061],[-53.00705621,-28.78918975],[-53.00725889,-28.78947401],[-53.00741647,-28.78942146],[-53.00758053,-28.78936565],[-53.0077818,-28.78932505],[-53.00800337,-28.78928108],[-53.00817419,-28.7891982],[-53.00831457,-28.78906966],[-53.00847018,-28.78895465],[-53.00863762,-28.78887516],[-53.00878382,-28.78873312],[-53.00881606,-28.78871109],[-53.00886426,-28.78870602],[-53.00892177,-28.78873308],[-53.00909428,-28.78884133],[-53.00917209,-28.7888667],[-53.00924651,-28.7888853],[-53.00932769,-28.78884979],[-53.00950866,-28.7887204],[-53.0096389,-28.78866712],[-53.00976744,-28.78864513],[-53.00989767,-28.78862145],[-53.01006512,-28.7886316],[-53.01021057,-28.78866712],[-53.01014715,-28.78730897],[-53.01121608,-28.78652249],[-53.01139226,-28.78590121]]]]},"geometry_name":"geo_area_imovel","properties":{"cod_imovel":"RS-4300554-B199087139C1449EB6A51826EBCEA5ED","status_imovel":"AT","dat_criacao":"2024-04-11T07:50:26.511Z","area":43.283,"condicao":"Aguardando análise","uf":"RS","municipio":"Alto Alegre","cod_municipio_ibge":4300554,"m_fiscal":2.4046,"tipo_imovel":"IRU"}},{"type":"Feature","id":"sicar_imoveis_rs.12708427","geometry":{"type":"MultiPolygon","coordinates":[[[[-53.01777092,-28.78294954],[-53.0173146,-28.78324006],[-53.01677377,-28.78356243],[-53.01624478,-28.78385093],[-53.01601482,-28.78394097],[-53.01599514,-28.78394396],[-53.01584592,-28.78396661],[-53.01582222,-28.78397021],[-53.01565074,-28.78397221],[-53.01559905,-28.78396641],[-53.01534946,-28.78393996],[-53.01499006,-28.78388683],[-53.01454402,-28.78387362],[-53.01396796,-28.78391339],[-53.01357548,-28.78390884],[-53.0130538,-28.7838729],[-53.01260279,-28.78383651],[-53.01248097,-28.78383705],[-53.01225727,-28.7838591],[-53.01201296,-28.78389963],[-53.01162261,-28.78396353],[-53.01112708,-28.78399335],[-53.01046413,-28.78399619],[-53.0104502,-28.78403261],[-53.01103314,-28.78507477],[-53.01131235,-28.78560046],[-53.01147728,-28.7859203],[-53.01155458,-28.78607757],[-53.0116187,-28.78619264],[-53.01346627,-28.78609562],[-53.01412158,-28.78728194],[-53.01519136,-28.78726454],[-53.01633295,-28.78725663],[-53.01667374,-28.78724405],[-53.01716655,-28.78721579],[-53.0173973,-28.78720747],[-53.01776696,-28.78723589],[-53.01803554,-28.78727409],[-53.01860738,-28.78724842],[-53.01842202,-28.78696982],[-53.01846687,-28.78674101],[-53.01842595,-28.78660103],[-53.01841153,-28.78633789],[-53.01844815,-28.78631456],[-53.01849665,-28.78618456],[-53.01852094,-28.78598327],[-53.01851686,-28.78592273],[-53.01844808,-28.78587703],[-53.01847524,-28.78572428],[-53.01835896,-28.78557356],[-53.01827754,-28.78549181],[-53.01824832,-28.78544489],[-53.01820828,-28.78533685],[-53.01822111,-28.78528332],[-53.01818563,-28.78517283],[-53.01815005,-28.78508811],[-53.01815134,-28.78501438],[-53.01814004,-28.78497599],[-53.01817696,-28.78491501],[-53.01815577,-28.78482289],[-53.01809299,-28.78474021],[-53.01805156,-28.78461191],[-53.01805682,-28.7844967],[-53.01801966,-28.78441602],[-53.01792146,-28.78427481],[-53.01796198,-28.78421128],[-53.01795019,-28.78414217],[-53.0179099,-28.78403439],[-53.01782972,-28.7839737],[-53.0178259,-28.78391997],[-53.01791299,-28.78379305],[-53.01786774,-28.78361505],[-53.01783585,-28.78354086],[-53.01790237,-28.78339702],[-53.01783278,-28.78335784],[-53.01784321,-28.78330722],[-53.01781398,-28.78321359],[-53.01777092,-28.78294954]]]]},"geometry_name":"geo_area_imovel","properties":{"cod_imovel":"RS-4300554-2B74E9C3DCB5445C8561838D62D455CD","status_imovel":"AT","dat_criacao":"2024-04-11T07:51:36.559Z","area":23.8199,"condicao":"Aguardando análise","uf":"RS","municipio":"Alto Alegre","cod_municipio_ibge":4300554,"m_fiscal":1.3233,"tipo_imovel":"IRU"}},{"type":"Feature","id":"sicar_imoveis_rs.12708430","geometry":{"type":"MultiPolygon","coordinates":[[[[-53.01637378,-28.78276572],[-53.01305011,-28.78271952],[-53.01092322,-28.78267805],[-53.01095267,-28.78339392],[-53.01096308,-28.78388486],[-53.01111987,-28.78387836],[-53.01154027,-28.78386429],[-53.01200207,-28.78380089],[-53.01223205,-28.78376959],[-53.01251635,-28.78372713],[-53.01261807,-28.78373285],[-53.01294953,-28.78375456],[-53.0133107,-28.78377971],[-53.0136872,-28.78381053],[-53.01404904,-28.78381743],[-53.01441327,-28.78379126],[-53.01472272,-28.78378042],[-53.01502013,-28.78379367],[-53.0152198,-28.78381781],[-53.01547531,-28.78384575],[-53.0156592,-28.78386302],[-53.01581724,-28.78385387],[-53.0159834,-28.78382498],[-53.0161893,-28.78374852],[-53.01670697,-28.78347154],[-53.0169799,-28.78330885],[-53.01699254,-28.78325257],[-53.0169684,-28.78322082],[-53.01684554,-28.7831342],[-53.01668275,-28.78305343],[-53.01654955,-28.7829668],[-53.01641796,-28.7828394],[-53.01637378,-28.78276572]]]]},"geometry_name":"geo_area_imovel","properties":{"cod_imovel":"RS-4300554-3BD627D723D148FEB2BC9972D29B6A27","status_imovel":"AT","dat_criacao":"2024-04-11T07:52:24.805Z","area":6.6228,"condicao":"Aguardando análise","uf":"RS","municipio":"Alto Alegre","cod_municipio_ibge":4300554,"m_fiscal":0.3679,"tipo_imovel":"IRU"}},{"type":"Feature","id":"sicar_imoveis_rs.12708433","geometry":{"type":"MultiPolygon","coordinates":[[[[-53.01890937,-28.78207846],[-53.01872243,-28.78220715],[-53.018491,-28.78240734],[-53.01826115,-28.78262288],[-53.01812981,-28.78273727],[-53.01795981,-28.7828491],[-53.01778899,-28.78294654],[-53.01778917,-28.78294723],[-53.01783207,-28.78321027],[-53.01786098,-28.78330291],[-53.01786162,-28.7833065],[-53.01786134,-28.78331012],[-53.01785313,-28.78335002],[-53.0179123,-28.78338334],[-53.01791516,-28.78338533],[-53.01791753,-28.78338778],[-53.0179193,-28.78339059],[-53.0179204,-28.78339366],[-53.0179208,-28.78339686],[-53.01792048,-28.78340006],[-53.01791944,-28.78340315],[-53.01785566,-28.78354107],[-53.01788498,-28.7836093],[-53.01788573,-28.7836115],[-53.01793098,-28.7837895],[-53.01793142,-28.78379257],[-53.01793119,-28.78379566],[-53.01793029,-28.78379866],[-53.01792877,-28.78380145],[-53.01784465,-28.78392402],[-53.01784763,-28.78396584],[-53.01792191,-28.78402207],[-53.01792423,-28.78402417],[-53.01792608,-28.78402661],[-53.01792741,-28.78402931],[-53.0179677,-28.78413709],[-53.01796842,-28.78413976],[-53.0179802,-28.78420887],[-53.01798036,-28.78421244],[-53.01797963,-28.78421595],[-53.01797805,-28.78421924],[-53.01794283,-28.78427445],[-53.01803538,-28.78440754],[-53.01803674,-28.78440992],[-53.0180739,-28.7844906],[-53.01807498,-28.78449392],[-53.01807524,-28.78449736],[-53.0180701,-28.78460997],[-53.01810993,-28.7847333],[-53.01817109,-28.78481386],[-53.01817279,-28.78481665],[-53.01817384,-28.78481967],[-53.01819502,-28.78491179],[-53.01819538,-28.78491457],[-53.0181952,-28.78491736],[-53.01819447,-28.78492008],[-53.01819322,-28.78492265],[-53.01815969,-28.78497805],[-53.01816918,-28.7850103],[-53.01816977,-28.78501463],[-53.01816854,-28.78508532],[-53.01820292,-28.7851672],[-53.01821616,-28.78520891],[-53.02090965,-28.78351089],[-53.01903118,-28.78201544],[-53.01890937,-28.78207846]]]]},"geometry_name":"geo_area_imovel","properties":{"cod_imovel":"RS-4300554-CE26FE84E21A4DB79EBC28C74FC77432","status_imovel":"AT","dat_criacao":"2024-04-11T07:53:13.148Z","area":5.6997,"condicao":"Aguardando análise","uf":"RS","municipio":"Alto Alegre","cod_municipio_ibge":4300554,"m_fiscal":0.3167,"tipo_imovel":"IRU"}},{"type":"Feature","id":"sicar_imoveis_rs.12718699","geometry":{"type":"MultiPolygon","coordinates":[[[[-53.0110795,-28.823176],[-53.01358584,-28.82105799],[-53.01279825,-28.8204703],[-53.0126081,-28.82062402],[-53.01160324,-28.81987424],[-53.01094184,-28.8193806],[-53.01075527,-28.81924135],[-53.01030663,-28.8189065],[-53.01031046,-28.81899322],[-53.01030382,-28.8191524],[-53.01026668,-28.81934303],[-53.01012137,-28.81960443],[-53.00991841,-28.81987862],[-53.00973976,-28.82007645],[-53.00960483,-28.8202791],[-53.00952502,-28.82037666],[-53.00930303,-28.8206272],[-53.00920992,-28.82072086],[-53.00912874,-28.82076699],[-53.00901278,-28.82086389],[-53.00896554,-28.82092968],[-53.00893421,-28.8210065],[-53.00886921,-28.82111037],[-53.00989431,-28.8220684],[-53.00995052,-28.82212093],[-53.0110795,-28.823176]]]]},"geometry_name":"geo_area_imovel","properties":{"cod_imovel":"RS-4300554-2600D6F7E7994561B1D288A61995CAD5","status_imovel":"AT","dat_criacao":"2024-04-14T08:24:07.977Z","area":10.2997,"condicao":"Aguardando análise","uf":"RS","municipio":"Alto Alegre","cod_municipio_ibge":4300554,"m_fiscal":0.5722,"tipo_imovel":"IRU"}},{"type":"Feature","id":"sicar_imoveis_rs.12731578","geometry":{"type":"MultiPolygon","coordinates":[[[[-53.02690174,-28.79157106],[-53.02415011,-28.79160883],[-53.0239506,-28.79090631],[-53.02649116,-28.79035697],[-53.02690174,-28.79157106]]]]},"geometry_name":"geo_area_imovel","properties":{"cod_imovel":"RS-4300554-461386B4CCD5456FAA4F71975D6907C2","status_imovel":"AT","dat_criacao":"2024-04-17T06:53:46.649Z","area":2.8413,"condicao":"Aguardando análise","uf":"RS","municipio":"Alto Alegre","cod_municipio_ibge":4300554,"m_fiscal":0.1579,"tipo_imovel":"IRU"}},{"type":"Feature","id":"sicar_imoveis_rs.12758854","geometry":{"type":"MultiPolygon","coordinates":[[[[-52.96784866,-28.81486655],[-52.96296358,-28.81454024],[-52.95989069,-28.81438508],[-52.95695543,-28.81410781],[-52.95530319,-28.81403261],[-52.95369387,-28.8138258],[-52.9537797,-28.81493505],[-52.96741548,-28.81605846],[-52.96760283,-28.81585295],[-52.96789107,-28.81569864],[-52.96780631,-28.81541728],[-52.96784866,-28.81486655]]]]},"geometry_name":"geo_area_imovel","properties":{"cod_imovel":"RS-4300554-BD1B701F2B43458780EAC377D2E39E19","status_imovel":"AT","dat_criacao":"2024-04-24T06:21:15.571Z","area":16.9381,"condicao":"Aguardando análise","uf":"RS","municipio":"Alto Alegre","cod_municipio_ibge":4300554,"m_fiscal":0.941,"tipo_imovel":"IRU"}},{"type":"Feature","id":"sicar_imoveis_rs.12774759","geometry":{"type":"MultiPolygon","coordinates":[[[[-52.951246,-28.87268593],[-52.95262617,-28.87041658],[-52.95270816,-28.8694366],[-52.9541723,-28.86955497],[-52.95424144,-28.87062941],[-52.95431744,-28.87256959],[-52.9545977,-28.87283041],[-52.95443281,-28.87280097],[-52.95407807,-28.8728178],[-52.95388862,-28.8728178],[-52.953583,-28.87283881],[-52.95309622,-28.87280096],[-52.95273205,-28.87270384],[-52.95237348,-28.87265717],[-52.95187117,-28.8726699],[-52.951246,-28.87268593]]]]},"geometry_name":"geo_area_imovel","properties":{"cod_imovel":"RS-4300554-168666E428B04E8A845D45C750B10BBE","status_imovel":"AT","dat_criacao":"2024-04-27T06:51:35.186Z","area":7.4896,"condicao":"Aguardando análise","uf":"RS","municipio":"Alto Alegre","cod_municipio_ibge":4300554,"m_fiscal":0.4161,"tipo_imovel":"IRU"}},{"type":"Feature","id":"sicar_imoveis_rs.12776234","geometry":{"type":"MultiPolygon","coordinates":[[[[-52.99329575,-28.78907418],[-52.99268808,-28.78849717],[-52.98911851,-28.78577275],[-52.98498321,-28.78262134],[-52.98285941,-28.78477304],[-52.98368171,-28.78544673],[-52.98463748,-28.78619896],[-52.984932,-28.78644442],[-52.98541499,-28.78686489],[-52.98619183,-28.78747126],[-52.9866886,-28.78788704],[-52.98727397,-28.78835527],[-52.98810471,-28.78904515],[-52.98884207,-28.78963682],[-52.98925456,-28.78998194],[-52.98998522,-28.79058698],[-52.9907544,-28.79124037],[-52.99329575,-28.78907418]]]]},"geometry_name":"geo_area_imovel","properties":{"cod_imovel":"RS-4300554-A6905CCC6F6740FD8BA73819384E3814","status_imovel":"AT","dat_criacao":"2024-04-28T07:07:05.761Z","area":35.5511,"condicao":"Aguardando análise","uf":"RS","municipio":"Alto Alegre","cod_municipio_ibge":4300554,"m_fiscal":1.9751,"tipo_imovel":"IRU"}},{"type":"Feature","id":"sicar_imoveis_rs.12777715","geometry":{"type":"MultiPolygon","coordinates":[[[[-52.97510862,-28.78424762],[-52.97504796,-28.78339654],[-52.98017263,-28.77911336],[-52.98251152,-28.78105049],[-52.98281193,-28.78090004],[-52.98534393,-28.78289355],[-52.98317671,-28.78494345],[-52.99073807,-28.79125587],[-52.99190631,-28.79210868],[-52.99162334,-28.7925401],[-52.98210751,-28.78502314],[-52.98168715,-28.78569572],[-52.97994175,-28.78418985],[-52.97510862,-28.78424762]]]]},"geometry_name":"geo_area_imovel","properties":{"cod_imovel":"RS-4300554-62467FA249534E22849DFFC61EC1C347","status_imovel":"AT","dat_criacao":"2024-04-29T06:37:43.854Z","area":43.7638,"condicao":"Aguardando análise","uf":"RS","municipio":"Alto Alegre","cod_municipio_ibge":4300554,"m_fiscal":2.4313,"tipo_imovel":"IRU"}},{"type":"Feature","id":"sicar_imoveis_rs.12870012","geometry":{"type":"MultiPolygon","coordinates":[[[[-52.97359928,-28.75413459],[-52.97398653,-28.7535712],[-52.97407006,-28.7533867],[-52.97416958,-28.75325093],[-52.97424411,-28.75318192],[-52.97440298,-28.75293888],[-52.97451308,-28.75277972],[-52.97482152,-28.75246273],[-52.975173,-28.75213664],[-52.97536161,-28.75192123],[-52.97540053,-28.75183278],[-52.97567334,-28.75170669],[-52.97600452,-28.75146899],[-52.97602699,-28.75152924],[-52.97623554,-28.75244288],[-52.97734933,-28.75731047],[-52.97666692,-28.7573703],[-52.97644216,-28.7565715],[-52.97216412,-28.75634757],[-52.9723945,-28.75602574],[-52.97252075,-28.75599154],[-52.97258799,-28.75577472],[-52.97271274,-28.75558906],[-52.97293007,-28.75519572],[-52.97306147,-28.755074],[-52.97310646,-28.75493657],[-52.97325596,-28.75475755],[-52.97341673,-28.75441996],[-52.97359928,-28.75413459]]]]},"geometry_name":"geo_area_imovel","properties":{"cod_imovel":"RS-4300554-091AA8AC2F78449A994D989E47938D2F","status_imovel":"AT","dat_criacao":"2024-05-27T02:05:04.397Z","area":15.6896,"condicao":"Aguardando análise","uf":"RS","municipio":"Alto Alegre","cod_municipio_ibge":4300554,"m_fiscal":0.8676,"tipo_imovel":"IRU"}},{"type":"Feature","id":"sicar_imoveis_rs.12933864","geometry":{"type":"MultiPolygon","coordinates":[[[[-52.9760109,-28.75144886],[-52.97651302,-28.75117301],[-52.97682817,-28.75101259],[-52.97715173,-28.75090071],[-52.97890194,-28.75703485],[-52.97735038,-28.75731026],[-52.9760109,-28.75144886]]]]},"geometry_name":"geo_area_imovel","properties":{"cod_imovel":"RS-4300554-08B3C5F820D64EFBBA52A004179AE6DF","status_imovel":"AT","dat_criacao":"2024-06-15T07:48:10.631Z","area":9.4601,"condicao":"Aguardando análise","uf":"RS","municipio":"Alto Alegre","cod_municipio_ibge":4300554,"m_fiscal":0.5219,"tipo_imovel":"IRU"}},{"type":"Feature","id":"sicar_imoveis_rs.12933933","geometry":{"type":"MultiPolygon","coordinates":[[[[-52.94822219,-28.8127271],[-52.94695662,-28.8130714],[-52.94689524,-28.81292318],[-52.94685991,-28.81284683],[-52.94677864,-28.81276562],[-52.94661167,-28.8126908],[-52.94642875,-28.81260991],[-52.94628547,-28.81257305],[-52.94606399,-28.81256895],[-52.94602526,-28.81186161],[-52.94661044,-28.81187661],[-52.94708703,-28.81186422],[-52.94737925,-28.81191704],[-52.94774739,-28.81190641],[-52.94794588,-28.81189869],[-52.94816333,-28.81192311],[-52.94899826,-28.81201966],[-52.9499151,-28.81209398],[-52.94982535,-28.81286922],[-52.94822219,-28.8127271]]]]},"geometry_name":"geo_area_imovel","properties":{"cod_imovel":"RS-4300554-DD1ED6155D164E66989D20B43AAF5697","status_imovel":"AT","dat_criacao":"2024-06-15T08:07:34.805Z","area":3.5622,"condicao":"Aguardando análise","uf":"RS","municipio":"Alto Alegre","cod_municipio_ibge":4300554,"m_fiscal":0.1979,"tipo_imovel":"IRU"}},{"type":"Feature","id":"sicar_imoveis_rs.12934939","geometry":{"type":"MultiPolygon","coordinates":[[[[-52.95463576,-28.80107113],[-52.95463627,-28.80107603],[-52.95480767,-28.80128179],[-52.95478767,-28.80153315],[-52.95482747,-28.80169774],[-52.95490236,-28.80180573],[-52.95490737,-28.80189532],[-52.95486077,-28.80214072],[-52.95481013,-28.80231826],[-52.954821,-28.80272139],[-52.95488204,-28.80295224],[-52.95489585,-28.80315537],[-52.95491216,-28.8033437],[-52.95501909,-28.80358052],[-52.95504439,-28.80372964],[-52.95516798,-28.80392978],[-52.95526047,-28.8040161],[-52.95528909,-28.80407336],[-52.95556807,-28.8041999],[-52.95575996,-28.80436127],[-52.95602108,-28.80452707],[-52.95611856,-28.8046045],[-52.95619498,-28.80471509],[-52.95626529,-28.80484749],[-52.95626158,-28.8049584],[-52.9562021,-28.80504298],[-52.95612011,-28.80510492],[-52.95585961,-28.80521453],[-52.95570575,-28.80525595],[-52.9555912,-28.80531739],[-52.95544907,-28.80545075],[-52.95536785,-28.80556951],[-52.95517749,-28.80573565],[-52.95451895,-28.80593617],[-52.954327,-28.8059538],[-52.95411219,-28.80599171],[-52.95398738,-28.80604243],[-52.95383744,-28.80615174],[-52.95380375,-28.80624591],[-52.95382912,-28.80634872],[-52.95398867,-28.80645878],[-52.95416137,-28.80658307],[-52.95433799,-28.80665704],[-52.95479505,-28.80670631],[-52.95514963,-28.80678185],[-52.9553017,-28.80685137],[-52.95653025,-28.8051014],[-52.95624379,-28.79861573],[-52.95723914,-28.79820882],[-52.95741195,-28.7969635],[-52.95875152,-28.79312339],[-52.95692428,-28.79352153],[-52.95660091,-28.79358588],[-52.95677121,-28.79440078],[-52.95639302,-28.79452777],[-52.95574122,-28.80140518],[-52.95463576,-28.80107113]]]]},"geometry_name":"geo_area_imovel","properties":{"cod_imovel":"RS-4300554-B6895387E99E488EB72F4F451E8ECC17","status_imovel":"AT","dat_criacao":"2024-06-16T07:03:11.209Z","area":16.9767,"condicao":"Aguardando análise","uf":"RS","municipio":"Alto Alegre","cod_municipio_ibge":4300554,"m_fiscal":0.9431,"tipo_imovel":"IRU"}},{"type":"Feature","id":"sicar_imoveis_rs.12936021","geometry":{"type":"MultiPolygon","coordinates":[[[[-52.96931505,-28.79173227],[-52.97240496,-28.79210837],[-52.97201872,-28.79278535],[-52.97135353,-28.79342471],[-52.96971099,-28.79518282],[-52.96893579,-28.79511243],[-52.96848895,-28.79531152],[-52.9679704,-28.7957101],[-52.96697273,-28.79663481],[-52.96620369,-28.79752405],[-52.96641827,-28.79160064],[-52.96931505,-28.79173227]]]]},"geometry_name":"geo_area_imovel","properties":{"cod_imovel":"RS-4300554-932BAED92FC44D7D943279FF16300E2F","status_imovel":"AT","dat_criacao":"2024-06-17T06:40:11.252Z","area":20.6906,"condicao":"Aguardando análise","uf":"RS","municipio":"Alto Alegre","cod_municipio_ibge":4300554,"m_fiscal":1.1495,"tipo_imovel":"IRU"}},{"type":"Feature","id":"sicar_imoveis_rs.12936022","geometry":{"type":"MultiPolygon","coordinates":[[[[-52.97674183,-28.78166658],[-52.97680043,-28.7816963],[-52.97507006,-28.78334996],[-52.97502279,-28.78428523],[-52.97410011,-28.78424762],[-52.97490523,-28.78144024],[-52.97439615,-28.78079622],[-52.97393601,-28.77988839],[-52.97358809,-28.77924848],[-52.97387502,-28.77762442],[-52.97848874,-28.77482151],[-52.97924322,-28.77588433],[-52.9776671,-28.7769984],[-52.97873212,-28.77784518],[-52.98017263,-28.77907575],[-52.97674183,-28.78166658]]]]},"geometry_name":"geo_area_imovel","properties":{"cod_imovel":"RS-4300554-11A65BA43694401DA48F021C6E157F7A","status_imovel":"AT","dat_criacao":"2024-06-17T06:41:12.827Z","area":31.0423,"condicao":"Aguardando análise","uf":"RS","municipio":"Alto Alegre","cod_municipio_ibge":4300554,"m_fiscal":1.7246,"tipo_imovel":"IRU"}},{"type":"Feature","id":"sicar_imoveis_rs.12936091","geometry":{"type":"MultiPolygon","coordinates":[[[[-52.95276214,-28.81236334],[-52.95276061,-28.81328794],[-52.95233752,-28.81327896],[-52.95233192,-28.81309726],[-52.94982848,-28.81286872],[-52.94992092,-28.81208564],[-52.95099788,-28.81216864],[-52.95181617,-28.81222394],[-52.95276214,-28.81236334]]]]},"geometry_name":"geo_area_imovel","properties":{"cod_imovel":"RS-4300554-C54E43CEA42A46BAA0F362B4A28BD2DD","status_imovel":"AT","dat_criacao":"2024-06-17T07:25:54.339Z","area":2.5885,"condicao":"Aguardando análise","uf":"RS","municipio":"Alto Alegre","cod_municipio_ibge":4300554,"m_fiscal":0.1438,"tipo_imovel":"IRU"}},{"type":"Feature","id":"sicar_imoveis_rs.12944271","geometry":{"type":"MultiPolygon","coordinates":[[[[-52.95435534,-28.81252332],[-52.95145101,-28.81223803],[-52.94774988,-28.81195233],[-52.94606637,-28.81185753],[-52.94619868,-28.81126289],[-52.94981207,-28.81160675],[-52.9544288,-28.81199463],[-52.95435534,-28.81252332]]]]},"geometry_name":"geo_area_imovel","properties":{"cod_imovel":"RS-4300554-3FC1AF29E7524BBD95EF979114758A63","status_imovel":"AT","dat_criacao":"2024-06-19T07:37:48.077Z","area":4.693,"condicao":"Aguardando análise","uf":"RS","municipio":"Alto Alegre","cod_municipio_ibge":4300554,"m_fiscal":0.2607,"tipo_imovel":"IRU"}},{"type":"Feature","id":"sicar_imoveis_rs.12948680","geometry":{"type":"MultiPolygon","coordinates":[[[[-53.00664535,-28.81438162],[-53.00509888,-28.81576648],[-53.00277396,-28.8141075],[-53.00164893,-28.81333549],[-53.00108026,-28.81289308],[-53.00163681,-28.81234604],[-53.00215245,-28.81179537],[-53.0008933,-28.81142812],[-53.00090678,-28.81136794],[-53.00112127,-28.8113644],[-53.00145518,-28.81135734],[-53.00174557,-28.81139733],[-53.00195438,-28.81143494],[-53.00219873,-28.8115162],[-53.00244547,-28.81159128],[-53.00258193,-28.81159611],[-53.0028109,-28.81163085],[-53.00298756,-28.81168957],[-53.00331194,-28.81189545],[-53.00376841,-28.81225022],[-53.00414731,-28.81250635],[-53.00467299,-28.81290951],[-53.00664535,-28.81438162]]]]},"geometry_name":"geo_area_imovel","properties":{"cod_imovel":"RS-4300554-596D2BA7ADA7477CA274B0F507096150","status_imovel":"AT","dat_criacao":"2024-06-20T06:23:10.033Z","area":11.5321,"condicao":"Aguardando análise","uf":"RS","municipio":"Alto Alegre","cod_municipio_ibge":4300554,"m_fiscal":0.6407,"tipo_imovel":"IRU"}},{"type":"Feature","id":"sicar_imoveis_rs.12954072","geometry":{"type":"MultiPolygon","coordinates":[[[[-52.95248539,-28.84257978],[-52.95177548,-28.84253463],[-52.94971552,-28.84247201],[-52.94967292,-28.84241189],[-52.9494482,-28.84229175],[-52.94949167,-28.84212723],[-52.9494271,-28.84196109],[-52.94924353,-28.84176013],[-52.94907806,-28.84148461],[-52.94927297,-28.84131298],[-52.94945987,-28.84112339],[-52.94982119,-28.84097827],[-52.9499712,-28.8407792],[-52.95004332,-28.84042908],[-52.95038791,-28.83994028],[-52.95047343,-28.83969802],[-52.95078331,-28.83957146],[-52.95114213,-28.83935828],[-52.95134272,-28.83913916],[-52.95143072,-28.83887916],[-52.95126653,-28.83865317],[-52.95091555,-28.83825871],[-52.95083727,-28.83802994],[-52.95084124,-28.83788071],[-52.95055661,-28.83732971],[-52.95038494,-28.83727808],[-52.95032048,-28.83712312],[-52.95032899,-28.8369982],[-52.95027542,-28.83687036],[-52.9502149,-28.83671726],[-52.95031507,-28.83652765],[-52.95027397,-28.8363543],[-52.95014266,-28.836182],[-52.94991267,-28.83620354],[-52.94973329,-28.83616224],[-52.94959735,-28.83602313],[-52.94954537,-28.83580698],[-52.949398,-28.83563479],[-52.94957056,-28.83554397],[-52.94971913,-28.83552202],[-52.94980835,-28.83542233],[-52.94987795,-28.8352844],[-52.95066748,-28.83518565],[-52.95099484,-28.83510636],[-52.95171456,-28.83463893],[-52.95238885,-28.83530554],[-52.95251869,-28.83547466],[-52.95257235,-28.83573041],[-52.95258015,-28.83595693],[-52.95261919,-28.83618333],[-52.95271062,-28.83642651],[-52.95297084,-28.83688939],[-52.9532691,-28.83741542],[-52.95369916,-28.83819777],[-52.95404221,-28.8389146],[-52.95446111,-28.83972748],[-52.95437913,-28.83981295],[-52.95421732,-28.83999217],[-52.95400392,-28.84028565],[-52.95378057,-28.84068538],[-52.95359459,-28.84103781],[-52.95346023,-28.84119964],[-52.95329129,-28.84138453],[-52.95304594,-28.84157672],[-52.95280815,-28.84174652],[-52.9527437,-28.84180449],[-52.95265824,-28.84192015],[-52.95261923,-28.84200715],[-52.95255663,-28.84225379],[-52.95248539,-28.84257978]]]]},"geometry_name":"geo_area_imovel","properties":{"cod_imovel":"RS-4300554-89F62AC6CE9A4C32A38227F0B782974B","status_imovel":"AT","dat_criacao":"2024-06-21T08:42:39.826Z","area":25.2561,"condicao":"Aguardando análise","uf":"RS","municipio":"Alto Alegre","cod_municipio_ibge":4300554,"m_fiscal":1.4031,"tipo_imovel":"IRU"}},{"type":"Feature","id":"sicar_imoveis_rs.12954074","geometry":{"type":"MultiPolygon","coordinates":[[[[-52.95704858,-28.83575553],[-52.95710363,-28.83606812],[-52.95732589,-28.83733109],[-52.95738657,-28.83775883],[-52.95741974,-28.8380521],[-52.95753779,-28.8384963],[-52.95757349,-28.83873764],[-52.95794777,-28.84064789],[-52.95750337,-28.84051422],[-52.9570511,-28.84036736],[-52.95670907,-28.84022113],[-52.95636795,-28.83999468],[-52.95615648,-28.83987882],[-52.95588574,-28.83981031],[-52.95532423,-28.83976904],[-52.95502272,-28.83975774],[-52.95446082,-28.83972257],[-52.9540363,-28.83888993],[-52.95386836,-28.83854257],[-52.95370648,-28.83820328],[-52.95344131,-28.8377187],[-52.95293281,-28.83681577],[-52.95271593,-28.83642983],[-52.9526206,-28.8361716],[-52.95258452,-28.83595523],[-52.95257568,-28.83573129],[-52.95252325,-28.83547731],[-52.95239728,-28.83530963],[-52.95179023,-28.83470567],[-52.95140599,-28.83431625],[-52.95136071,-28.83423877],[-52.95659723,-28.83412782],[-52.95776537,-28.83410266],[-52.95806271,-28.83446952],[-52.95868699,-28.83522309],[-52.95741778,-28.83515859],[-52.95733769,-28.83510238],[-52.95698386,-28.83511786],[-52.95704858,-28.83575553]]]]},"geometry_name":"geo_area_imovel","properties":{"cod_imovel":"RS-4300554-908DFA430BE6422B941D9206C4C6DCD6","status_imovel":"AT","dat_criacao":"2024-06-21T08:43:17.222Z","area":28.0097,"condicao":"Aguardando análise","uf":"RS","municipio":"Alto Alegre","cod_municipio_ibge":4300554,"m_fiscal":1.5561,"tipo_imovel":"IRU"}},{"type":"Feature","id":"sicar_imoveis_rs.13016299","geometry":{"type":"MultiPolygon","coordinates":[[[[-52.96317816,-28.76399122],[-52.96302795,-28.76449909],[-52.96287775,-28.76513862],[-52.96262026,-28.7660603],[-52.96272755,-28.76649292],[-52.96229839,-28.76779077],[-52.96077408,-28.76846948],[-52.95889995,-28.76893952],[-52.95814221,-28.76916202],[-52.95538902,-28.76997263],[-52.95429468,-28.7670384],[-52.96317816,-28.76399122]]]]},"geometry_name":"geo_area_imovel","properties":{"cod_imovel":"RS-4300554-DBEA7391DCAA4C15B4BC489C034AE833","status_imovel":"AT","dat_criacao":"2024-07-11T08:45:59.279Z","area":29.6772,"condicao":"Aguardando análise","uf":"RS","municipio":"Alto Alegre","cod_municipio_ibge":4300554,"m_fiscal":1.6487,"tipo_imovel":"IRU"}},{"type":"Feature","id":"sicar_imoveis_rs.13021147","geometry":{"type":"MultiPolygon","coordinates":[[[[-52.95283556,-28.86944311],[-52.95629025,-28.86972498],[-52.95639753,-28.86566606],[-52.95583963,-28.86594794],[-52.95532465,-28.86638014],[-52.95480967,-28.86643652],[-52.95425177,-28.86626739],[-52.95375824,-28.86673718],[-52.95289993,-28.86703784],[-52.95283556,-28.86944311]]]]},"geometry_name":"geo_area_imovel","properties":{"cod_imovel":"RS-4300554-7A2C28118BDC4DD194FEF47FE2E89DE3","status_imovel":"AT","dat_criacao":"2024-07-12T07:57:34.197Z","area":11.9242,"condicao":"Aguardando análise","uf":"RS","municipio":"Alto Alegre","cod_municipio_ibge":4300554,"m_fiscal":0.6625,"tipo_imovel":"IRU"}},{"type":"Feature","id":"sicar_imoveis_rs.13021169","geometry":{"type":"MultiPolygon","coordinates":[[[[-52.94313432,-28.76873736],[-52.93129454,-28.77073939],[-52.93130682,-28.76975931],[-52.94289496,-28.7677609],[-52.94313432,-28.76873736]]]]},"geometry_name":"geo_area_imovel","properties":{"cod_imovel":"RS-4300554-5E7CD637A92140D08F1CDE87031BAAEF","status_imovel":"AT","dat_criacao":"2024-07-12T08:01:49.711Z","area":12.6497,"condicao":"Aguardando análise","uf":"RS","municipio":"Alto Alegre","cod_municipio_ibge":4300554,"m_fiscal":0.7028,"tipo_imovel":"IRU"}},{"type":"Feature","id":"sicar_imoveis_rs.13026355","geometry":{"type":"MultiPolygon","coordinates":[[[[-52.94973506,-28.83027897],[-52.94989468,-28.83002054],[-52.95002494,-28.82975981],[-52.95015464,-28.82959872],[-52.95030614,-28.82946318],[-52.95067998,-28.82914659],[-52.95082391,-28.82935466],[-52.95108879,-28.82937814],[-52.95131789,-28.82945451],[-52.95148697,-28.82938061],[-52.9516394,-28.82931888],[-52.95170834,-28.82942626],[-52.95179305,-28.82946024],[-52.95193991,-28.8293652],[-52.95219939,-28.82933202],[-52.95259599,-28.82953985],[-52.95293722,-28.82965919],[-52.95304914,-28.82982096],[-52.95306851,-28.82991833],[-52.95317438,-28.83009126],[-52.95333723,-28.8301759],[-52.95331973,-28.83040491],[-52.95344928,-28.83056797],[-52.95350847,-28.83063745],[-52.95369974,-28.83066125],[-52.95385238,-28.83079385],[-52.95411782,-28.83098319],[-52.95452118,-28.8308267],[-52.9550633,-28.83108494],[-52.95523543,-28.83128731],[-52.95526524,-28.83147927],[-52.95547796,-28.8317176],[-52.95555921,-28.83178824],[-52.95570714,-28.83186726],[-52.95586139,-28.83189851],[-52.95605215,-28.83184464],[-52.95616758,-28.83175638],[-52.95621577,-28.83157514],[-52.95623044,-28.83141734],[-52.95620514,-28.83127164],[-52.95627664,-28.83106139],[-52.95648493,-28.83084102],[-52.9576489,-28.83167129],[-52.9567545,-28.83258841],[-52.95679369,-28.83289466],[-52.95706228,-28.83323898],[-52.95761834,-28.833934],[-52.95776387,-28.83410164],[-52.95136391,-28.83423928],[-52.95141461,-28.83433076],[-52.9517165,-28.83463442],[-52.95136903,-28.83486063],[-52.95098829,-28.83510671],[-52.95066249,-28.83518425],[-52.94988075,-28.83528514],[-52.95002391,-28.83508441],[-52.9500562,-28.8348599],[-52.95005367,-28.83472723],[-52.94991875,-28.83459701],[-52.94976622,-28.83447849],[-52.94971055,-28.83438438],[-52.949749,-28.83425938],[-52.94977952,-28.83416582],[-52.94979286,-28.83381366],[-52.94984066,-28.83343846],[-52.94985455,-28.83319041],[-52.94977961,-28.83283021],[-52.94977457,-28.83252178],[-52.94980958,-28.83209933],[-52.9497261,-28.83182813],[-52.94968905,-28.83154108],[-52.94965912,-28.83108807],[-52.94955288,-28.83079812],[-52.94958791,-28.83051785],[-52.94973506,-28.83027897]]]]},"geometry_name":"geo_area_imovel","properties":{"cod_imovel":"RS-4300554-A353ED305A9D43888FEFF885312FDABE","status_imovel":"AT","dat_criacao":"2024-07-13T08:09:03.767Z","area":32.4051,"condicao":"Aguardando análise","uf":"RS","municipio":"Alto Alegre","cod_municipio_ibge":4300554,"m_fiscal":1.8003,"tipo_imovel":"IRU"}},{"type":"Feature","id":"sicar_imoveis_rs.13026365","geometry":{"type":"MultiPolygon","coordinates":[[[[-52.98886299,-28.82322588],[-52.98907757,-28.82001115],[-52.9884553,-28.81993595],[-52.98809052,-28.81963515],[-52.98755407,-28.81954115],[-52.98660994,-28.81884555],[-52.98613787,-28.81830034],[-52.98527956,-28.81833794],[-52.98482895,-28.81822514],[-52.98437834,-28.81846954],[-52.98465729,-28.81969155],[-52.98506498,-28.82083834],[-52.98607349,-28.82134593],[-52.9869318,-28.82123313],[-52.98740387,-28.82119553],[-52.98774719,-28.82147753],[-52.98791885,-28.82221071],[-52.98886299,-28.82322588]]]]},"geometry_name":"geo_area_imovel","properties":{"cod_imovel":"RS-4300554-2433E33F1C0E4F8380FE29DECAF3F358","status_imovel":"AT","dat_criacao":"2024-07-13T08:18:12.198Z","area":11.9391,"condicao":"Aguardando análise","uf":"RS","municipio":"Alto Alegre","cod_municipio_ibge":4300554,"m_fiscal":0.6633,"tipo_imovel":"IRU"}},{"type":"Feature","id":"sicar_imoveis_rs.13027734","geometry":{"type":"MultiPolygon","coordinates":[[[[-52.9992811,-28.79175538],[-52.99588936,-28.78925967],[-52.99569115,-28.78912156],[-52.99535642,-28.7889404],[-52.99491359,-28.78864779],[-52.99462314,-28.78843362],[-52.99434886,-28.7881681],[-52.99369234,-28.78773605],[-52.99410679,-28.7873445],[-52.99418169,-28.78731325],[-52.99411164,-28.78726922],[-52.9940063,-28.78718652],[-52.99383469,-28.7870235],[-52.99372194,-28.78685435],[-52.99360768,-28.78671381],[-52.99346064,-28.78664934],[-52.99332846,-28.78659601],[-52.99320853,-28.78653659],[-52.99310659,-28.78645264],[-52.9929788,-28.78636426],[-52.99291355,-28.78630319],[-52.99072036,-28.78472957],[-52.99100751,-28.78442564],[-52.98952056,-28.78336118],[-52.98931431,-28.78316947],[-52.98902627,-28.78301757],[-52.98889016,-28.78260583],[-52.98883608,-28.78231838],[-52.98886032,-28.78215356],[-52.9899177,-28.78209682],[-52.99085756,-28.78275473],[-52.99343353,-28.78459456],[-52.99440196,-28.78361904],[-52.99682963,-28.78526969],[-52.99676385,-28.78586444],[-52.99705882,-28.78628987],[-52.9976307,-28.78717128],[-52.99772159,-28.7873123],[-52.99813716,-28.78736341],[-52.99839794,-28.78760076],[-52.99859215,-28.78779987],[-52.99883267,-28.78794675],[-52.9990813,-28.78815578],[-52.99930166,-28.78839834],[-52.99949037,-28.78851477],[-52.99957537,-28.7886586],[-52.99966149,-28.78873209],[-52.99968126,-28.7888154],[-52.99971591,-28.78887369],[-52.99972486,-28.78893837],[-52.99973551,-28.78901083],[-52.99974652,-28.78906025],[-52.99976541,-28.78911403],[-52.99979579,-28.78916279],[-52.99973853,-28.78918866],[-52.99965129,-28.78921746],[-52.99961507,-28.78923607],[-52.99958917,-28.78930309],[-52.99959909,-28.78943256],[-52.99952786,-28.78952248],[-52.99941645,-28.78955764],[-52.99936369,-28.78960225],[-52.99932279,-28.7896713],[-52.99932303,-28.78975155],[-52.99935077,-28.78988392],[-52.99936905,-28.7900114],[-52.999381,-28.7901159],[-52.99940805,-28.79020171],[-52.9994551,-28.79029675],[-52.99945295,-28.7904271],[-52.99955268,-28.79058047],[-52.99962938,-28.79066194],[-52.99964946,-28.79081957],[-52.99948746,-28.79114364],[-52.99936587,-28.79132745],[-52.99931707,-28.79149929],[-52.9992811,-28.79175538]]]]},"geometry_name":"geo_area_imovel","properties":{"cod_imovel":"RS-4300554-5CC2BE3C4EE54D71B603A3C84FD0FCAF","status_imovel":"AT","dat_criacao":"2024-07-14T08:46:50.039Z","area":34.4829,"condicao":"Aguardando análise","uf":"RS","municipio":"Alto Alegre","cod_municipio_ibge":4300554,"m_fiscal":1.9157,"tipo_imovel":"IRU"}},{"type":"Feature","id":"sicar_imoveis_rs.13029411","geometry":{"type":"MultiPolygon","coordinates":[[[[-52.99762169,-28.78716706],[-52.99812575,-28.78656648],[-52.99867333,-28.7859765],[-52.99924451,-28.78532647],[-52.99969329,-28.78479158],[-53.00010079,-28.78432551],[-53.00028589,-28.78417071],[-53.00052951,-28.78416907],[-53.00077898,-28.78417164],[-53.00102967,-28.78418405],[-53.00141698,-28.78409256],[-53.00168863,-28.78387884],[-53.00182429,-28.78402491],[-53.00186315,-28.78430393],[-53.00201859,-28.78447793],[-53.0020615,-28.7847193],[-53.00216556,-28.78508151],[-53.00213828,-28.78529482],[-53.00219807,-28.78543324],[-53.00224439,-28.78588628],[-53.00227257,-28.78605144],[-53.00232157,-28.7861393],[-53.00234263,-28.78630502],[-53.0023807,-28.78642784],[-53.00257285,-28.78652859],[-53.00272648,-28.78668159],[-53.00282358,-28.7868513],[-53.00282192,-28.78714748],[-53.00276138,-28.78739821],[-53.00269686,-28.78758143],[-53.00263146,-28.78763551],[-53.00255261,-28.7879927],[-53.00259204,-28.78819764],[-53.00270323,-28.78829501],[-53.00280184,-28.78850261],[-53.00295402,-28.78864415],[-53.00310192,-28.78871194],[-53.00325543,-28.78874869],[-53.00348129,-28.78875105],[-53.0046232,-28.78857642],[-53.00535692,-28.78847402],[-53.00582536,-28.78840393],[-53.00608371,-28.78855945],[-53.00626838,-28.78868539],[-53.0065031,-28.78890429],[-53.00681346,-28.78914097],[-53.00691816,-28.78923518],[-53.00706659,-28.78943478],[-53.00716564,-28.78954361],[-53.0072542,-28.78967784],[-53.00728574,-28.78976831],[-53.0073848,-28.79000306],[-53.00751287,-28.79027534],[-53.00762357,-28.79035767],[-53.00784129,-28.79044578],[-53.00836313,-28.79049233],[-53.00860226,-28.79050501],[-53.00873257,-28.79062167],[-53.00882612,-28.79071869],[-53.00889237,-28.79088495],[-53.00892361,-28.79111861],[-53.00891574,-28.79128626],[-53.00897134,-28.79161755],[-53.00820998,-28.79186529],[-53.00772431,-28.79204522],[-53.00704886,-28.79227756],[-53.00635822,-28.79253174],[-53.00492429,-28.79302077],[-53.00377603,-28.79343619],[-53.00344524,-28.79281254],[-53.0032609,-28.79247001],[-53.00302588,-28.79199738],[-53.00292472,-28.79174967],[-53.00278054,-28.79142135],[-53.00264408,-28.7911672],[-53.00249189,-28.79094917],[-53.00226702,-28.79061655],[-53.00199369,-28.79026707],[-53.00179016,-28.79000724],[-53.00158864,-28.78972738],[-53.0014536,-28.78948701],[-53.00124511,-28.78915796],[-53.00100141,-28.78878938],[-53.00089683,-28.78859699],[-53.00083538,-28.78843574],[-53.00081008,-28.78827959],[-53.00084008,-28.7881184],[-53.00086205,-28.78799371],[-53.0006774,-28.78810035],[-53.00050812,-28.78820361],[-53.00040948,-28.78822797],[-53.0002912,-28.7883025],[-52.99988774,-28.78878149],[-52.9998338,-28.78892313],[-52.99983839,-28.78901731],[-52.99979315,-28.78916263],[-52.99975221,-28.78909695],[-52.9997302,-28.78897831],[-52.99972127,-28.78887278],[-52.99967525,-28.78882024],[-52.99966821,-28.78872957],[-52.99956998,-28.78865837],[-52.99949179,-28.78851239],[-52.99929661,-28.78839579],[-52.99909353,-28.78816069],[-52.99883391,-28.78794315],[-52.99858897,-28.78779155],[-52.99840455,-28.78760949],[-52.99814002,-28.78736845],[-52.99772127,-28.78730703],[-52.99762169,-28.78716706]]]]},"geometry_name":"geo_area_imovel","properties":{"cod_imovel":"RS-4300554-A8603DB47431432693AC1A628E6EF9ED","status_imovel":"AT","dat_criacao":"2024-07-15T07:09:33.030Z","area":42.1312,"condicao":"Aguardando análise","uf":"RS","municipio":"Alto Alegre","cod_municipio_ibge":4300554,"m_fiscal":2.3406,"tipo_imovel":"IRU"}},{"type":"Feature","id":"sicar_imoveis_rs.13029538","geometry":{"type":"MultiPolygon","coordinates":[[[[-53.01894177,-28.79022033],[-53.02547167,-28.78839746],[-53.02599485,-28.78941787],[-53.02626109,-28.7898342],[-53.02640768,-28.79001053],[-53.02658886,-28.79033226],[-53.02546007,-28.79056853],[-53.02401833,-28.7908609],[-53.02420827,-28.79159035],[-53.02246032,-28.7916072],[-53.02231636,-28.79185132],[-53.024411,-28.79197812],[-53.02641163,-28.79208749],[-53.0259786,-28.79275264],[-53.02568066,-28.79290467],[-53.02556063,-28.79296333],[-53.02455762,-28.79313583],[-53.02405214,-28.79322094],[-53.02428407,-28.79486534],[-53.02183605,-28.79518006],[-53.0197057,-28.79546157],[-53.01966765,-28.79503127],[-53.01963975,-28.79455319],[-53.01958227,-28.79385779],[-53.01952592,-28.7936708],[-53.01950433,-28.79337908],[-53.01943193,-28.79283362],[-53.019376,-28.79201823],[-53.01935621,-28.791594],[-53.01930998,-28.79111257],[-53.0192442,-28.79074517],[-53.01905451,-28.79045873],[-53.01894177,-28.79022033]]]]},"geometry_name":"geo_area_imovel","properties":{"cod_imovel":"RS-4300554-EA69BA8003B64C759EC1061DC3A31B88","status_imovel":"AT","dat_criacao":"2024-07-15T08:10:11.516Z","area":35.253,"condicao":"Aguardando análise","uf":"RS","municipio":"Alto Alegre","cod_municipio_ibge":4300554,"m_fiscal":1.9585,"tipo_imovel":"IRU"}},{"type":"Feature","id":"sicar_imoveis_rs.13029564","geometry":{"type":"MultiPolygon","coordinates":[[[[-53.02827777,-28.7942741],[-53.02797177,-28.79430543],[-53.02841684,-28.79499762],[-53.02742589,-28.79512783],[-53.02686597,-28.79520289],[-53.02616508,-28.79531037],[-53.0258028,-28.79462873],[-53.0242874,-28.79486361],[-53.02405485,-28.79322299],[-53.02556251,-28.79296523],[-53.02568649,-28.79290557],[-53.02598214,-28.79275331],[-53.02646093,-28.79202034],[-53.02714967,-28.79139037],[-53.02723157,-28.79187301],[-53.02731682,-28.79212572],[-53.02762666,-28.79277031],[-53.02795162,-28.79340158],[-53.02827777,-28.7942741]]]]},"geometry_name":"geo_area_imovel","properties":{"cod_imovel":"RS-4300554-33269E7EBEEF46DBBD4A1D53D0053EB5","status_imovel":"AT","dat_criacao":"2024-07-15T08:22:03.913Z","area":10.0315,"condicao":"Aguardando análise","uf":"RS","municipio":"Alto Alegre","cod_municipio_ibge":4300554,"m_fiscal":0.5573,"tipo_imovel":"IRU"}},{"type":"Feature","id":"sicar_imoveis_rs.13029650","geometry":{"type":"MultiPolygon","coordinates":[[[[-52.98635524,-28.77094555],[-52.98646095,-28.77080532],[-52.98688038,-28.77102155],[-52.9873102,-28.77119715],[-52.98809737,-28.7714887],[-52.98790875,-28.77183601],[-52.98767422,-28.77195873],[-52.98751661,-28.7721487],[-52.98724013,-28.77253043],[-52.98699813,-28.77277496],[-52.98662181,-28.7729016],[-52.98638534,-28.77314145],[-52.98632148,-28.77333852],[-52.98611316,-28.7734888],[-52.98586627,-28.77365351],[-52.98495249,-28.77423254],[-52.98456011,-28.77442514],[-52.98358129,-28.77498046],[-52.98216391,-28.77578208],[-52.98152356,-28.77612743],[-52.98086216,-28.7765017],[-52.97992113,-28.77703866],[-52.97952625,-28.77732102],[-52.97925132,-28.77765517],[-52.9790559,-28.77780707],[-52.97870483,-28.77800273],[-52.97824509,-28.77759894],[-52.97794566,-28.77736608],[-52.9774882,-28.7770832],[-52.97821595,-28.77644134],[-52.97917299,-28.77577169],[-52.97967652,-28.77540687],[-52.9797702,-28.77524724],[-52.98336342,-28.77228672],[-52.98366049,-28.77201362],[-52.98373154,-28.77195659],[-52.98383926,-28.77214832],[-52.98394718,-28.77229768],[-52.98409683,-28.7725039],[-52.98414578,-28.7725843],[-52.98492149,-28.7719896],[-52.98580083,-28.77136776],[-52.98614569,-28.7711189],[-52.98635524,-28.77094555]]]]},"geometry_name":"geo_area_imovel","properties":{"cod_imovel":"RS-4300554-59F46AE27E734A5BBFEC5BED03E49EB4","status_imovel":"AT","dat_criacao":"2024-07-15T08:58:40.911Z","area":22.6373,"condicao":"Aguardando análise","uf":"RS","municipio":"Alto Alegre","cod_municipio_ibge":4300554,"m_fiscal":1.2576,"tipo_imovel":"IRU"}},{"type":"Feature","id":"sicar_imoveis_rs.13060589","geometry":{"type":"MultiPolygon","coordinates":[[[[-53.03687453,-28.83429808],[-53.03453565,-28.83441087],[-53.03460002,-28.83196719],[-53.03256154,-28.83207998],[-53.03211093,-28.83298226],[-53.03284049,-28.83367777],[-53.03316236,-28.83424169],[-53.03256154,-28.83506877],[-53.03412795,-28.83606502],[-53.03736806,-28.83610261],[-53.03687453,-28.83429808]]]]},"geometry_name":"geo_area_imovel","properties":{"cod_imovel":"RS-4300554-6846170890E24ED7B08DE27667AA9068","status_imovel":"AT","dat_criacao":"2024-07-21T08:24:34.658Z","area":12.4714,"condicao":"Aguardando análise","uf":"RS","municipio":"Alto Alegre","cod_municipio_ibge":4300554,"m_fiscal":0.6929,"tipo_imovel":"IRU"}},{"type":"Feature","id":"sicar_imoveis_rs.13061732","geometry":{"type":"MultiPolygon","coordinates":[[[[-53.03719109,-28.7971809],[-53.03647713,-28.79645831],[-53.03562251,-28.79559824],[-53.03478676,-28.79473456],[-53.03521407,-28.79429069],[-53.03544131,-28.79443232],[-53.03568965,-28.79462051],[-53.03595831,-28.79490403],[-53.0360745,-28.79502886],[-53.0362803,-28.79551641],[-53.03649104,-28.79547213],[-53.03688023,-28.79548899],[-53.03716507,-28.79555206],[-53.03743257,-28.79558777],[-53.03760872,-28.79556451],[-53.03796056,-28.79539746],[-53.03877164,-28.79623206],[-53.03719109,-28.7971809]]]]},"geometry_name":"geo_area_imovel","properties":{"cod_imovel":"RS-4300554-C902907F9E864BD6A6B5A3B4A822D333","status_imovel":"AT","dat_criacao":"2024-07-22T07:34:39.623Z","area":4.3001,"condicao":"Aguardando análise","uf":"RS","municipio":"Alto Alegre","cod_municipio_ibge":4300554,"m_fiscal":0.2389,"tipo_imovel":"IRU"}},{"type":"Feature","id":"sicar_imoveis_rs.13076278","geometry":{"type":"MultiPolygon","coordinates":[[[[-53.03622007,-28.83078293],[-53.03705692,-28.83433568],[-53.03437471,-28.83427929],[-53.03463221,-28.8326627],[-53.034482,-28.8318544],[-53.0322504,-28.83204238],[-53.03205729,-28.83292587],[-53.03282976,-28.83350859],[-53.0330658,-28.8342041],[-53.03252935,-28.83503118],[-53.03087711,-28.83380935],[-53.03300142,-28.82856475],[-53.03398848,-28.82888432],[-53.03426743,-28.83067014],[-53.03622007,-28.83078293]]]]},"geometry_name":"geo_area_imovel","properties":{"cod_imovel":"RS-4300554-8D3ABC7EF3874D4C8C989DFDFB3E3F05","status_imovel":"AT","dat_criacao":"2024-07-26T08:54:17.616Z","area":18.8794,"condicao":"Aguardando análise","uf":"RS","municipio":"Alto Alegre","cod_municipio_ibge":4300554,"m_fiscal":1.0489,"tipo_imovel":"IRU"}},{"type":"Feature","id":"sicar_imoveis_rs.13103132","geometry":{"type":"MultiPolygon","coordinates":[[[[-52.98727512,-28.8348996],[-52.98849821,-28.8355199],[-52.99175978,-28.83196719],[-52.99030066,-28.83119648],[-52.98727512,-28.8348996]]]]},"geometry_name":"geo_area_imovel","properties":{"cod_imovel":"RS-4300554-C9EB458BFC5540B3BC98CBE87717BDD5","status_imovel":"AT","dat_criacao":"2024-08-02T07:38:47.276Z","area":7.6287,"condicao":"Aguardando análise","uf":"RS","municipio":"Alto Alegre","cod_municipio_ibge":4300554,"m_fiscal":0.4238,"tipo_imovel":"IRU"}},{"type":"Feature","id":"sicar_imoveis_rs.13110988","geometry":{"type":"MultiPolygon","coordinates":[[[[-52.94540177,-28.84585587],[-52.94808731,-28.84556734],[-52.94910192,-28.8454255],[-52.94901609,-28.84504959],[-52.94918776,-28.84503079],[-52.94938087,-28.8449932],[-52.94959545,-28.84497441],[-52.94992334,-28.84493642],[-52.95006752,-28.84484284],[-52.95021772,-28.84484284],[-52.95053959,-28.84476766],[-52.95072681,-28.84476159],[-52.95076341,-28.84488321],[-52.95076161,-28.8451992],[-52.95078502,-28.84541094],[-52.95082495,-28.8455776],[-52.95080425,-28.84573913],[-52.95084587,-28.84583036],[-52.95096999,-28.84591534],[-52.95098429,-28.84592245],[-52.95111063,-28.84595779],[-52.9512164,-28.84602424],[-52.95124421,-28.8460381],[-52.95131392,-28.84609092],[-52.9513274,-28.84608859],[-52.95136111,-28.84608275],[-52.95148328,-28.84611666],[-52.95148998,-28.8461155],[-52.95151704,-28.84612905],[-52.9515842,-28.84614467],[-52.95159757,-28.84614236],[-52.95161768,-28.84615697],[-52.95164438,-28.84616137],[-52.95172408,-28.84620143],[-52.95173729,-28.84620806],[-52.95179581,-28.84629521],[-52.95180884,-28.84630172],[-52.9518264,-28.84644561],[-52.95182615,-28.84646269],[-52.9518052,-28.84658415],[-52.95180498,-28.84660083],[-52.95174671,-28.84670152],[-52.95173391,-28.84672006],[-52.95172742,-28.84674556],[-52.95168297,-28.84684973],[-52.95169501,-28.84700472],[-52.95169494,-28.8470279],[-52.95170059,-28.84716388],[-52.95170047,-28.84719386],[-52.95170036,-28.84722367],[-52.95174742,-28.84737641],[-52.95175312,-28.84740415],[-52.95177057,-28.84743681],[-52.95182218,-28.84753345],[-52.95194641,-28.8476764],[-52.95196865,-28.84769945],[-52.95197398,-28.84771192],[-52.95206696,-28.84780822],[-52.95208315,-28.84782499],[-52.95210493,-28.84784072],[-52.95218066,-28.84789202],[-52.95220206,-28.84790748],[-52.95237222,-28.84803063],[-52.95244885,-28.8480885],[-52.95251212,-28.84814432],[-52.95257902,-28.84819955],[-52.95262993,-28.84826545],[-52.9526568,-28.84830593],[-52.95269183,-28.84835917],[-52.95269848,-28.84841932],[-52.95270953,-28.84847511],[-52.95269515,-28.84854745],[-52.95269402,-28.8485732],[-52.9526995,-28.84861079],[-52.95267446,-28.84865618],[-52.95261122,-28.84873104],[-52.95253249,-28.84879278],[-52.95249609,-28.84881889],[-52.95246704,-28.84883451],[-52.95245135,-28.84884025],[-52.95243898,-28.8488469],[-52.95242469,-28.84885836],[-52.95239319,-28.84886832],[-52.95236579,-28.84888199],[-52.952333,-28.84889214],[-52.95231168,-28.8488988],[-52.95227195,-28.84890573],[-52.95223097,-28.84890844],[-52.95219879,-28.84891995],[-52.95218113,-28.84892303],[-52.95216833,-28.84892673],[-52.95215055,-28.84893424],[-52.95213529,-28.84893983],[-52.95211722,-28.84894152],[-52.95204232,-28.84896335],[-52.9519897,-28.84898126],[-52.95193495,-28.84900095],[-52.9518803,-28.84901625],[-52.9518477,-28.84902049],[-52.95179553,-28.84901946],[-52.95174683,-28.849051],[-52.95171156,-28.84906286],[-52.95167287,-28.84907388],[-52.95161602,-28.84909633],[-52.95157171,-28.84910547],[-52.95153201,-28.84912083],[-52.95147352,-28.84913804],[-52.95143031,-28.84915534],[-52.95132502,-28.84918479],[-52.95129396,-28.84919573],[-52.95124193,-28.84922398],[-52.95112158,-28.84927354],[-52.95084115,-28.84931629],[-52.95071814,-28.84926741],[-52.95025008,-28.84854535],[-52.95018812,-28.84852792],[-52.94999192,-28.84850505],[-52.94941972,-28.84858548],[-52.94851142,-28.84869518],[-52.94779443,-28.84878407],[-52.94751658,-28.84872984],[-52.94711499,-28.84875235],[-52.94643955,-28.84884601],[-52.94590488,-28.84892873],[-52.9457621,-28.84795591],[-52.94556083,-28.8467635],[-52.94540177,-28.84585587]]]]},"geometry_name":"geo_area_imovel","properties":{"cod_imovel":"RS-4300554-28C8B2B60B274003B58B8D97B1AD4482","status_imovel":"AT","dat_criacao":"2024-08-05T07:22:07.196Z","area":22.9013,"condicao":"Aguardando análise","uf":"RS","municipio":"Alto Alegre","cod_municipio_ibge":4300554,"m_fiscal":1.2723,"tipo_imovel":"IRU"}},{"type":"Feature","id":"sicar_imoveis_rs.13134579","geometry":{"type":"MultiPolygon","coordinates":[[[[-52.95251369,-28.782461],[-52.95253515,-28.78270549],[-52.94592619,-28.78168992],[-52.94493914,-28.7805239],[-52.94380188,-28.78101288],[-52.94324398,-28.78152066],[-52.94293672,-28.78155232],[-52.94280403,-28.78129695],[-52.94256033,-28.78107814],[-52.94225646,-28.7810448],[-52.94192296,-28.78112453],[-52.94180269,-28.78083922],[-52.94172528,-28.78064172],[-52.94170457,-28.78044863],[-52.94170461,-28.7802818],[-52.9417176,-28.78017764],[-52.94180366,-28.7801376],[-52.94191711,-28.78019932],[-52.9420189,-28.7803359],[-52.94220348,-28.78043029],[-52.94247541,-28.78037964],[-52.9427146,-28.78035969],[-52.94278117,-28.78017188],[-52.94269863,-28.77997006],[-52.94244686,-28.77983958],[-52.94212051,-28.77977589],[-52.94195652,-28.77967758],[-52.95144081,-28.77804134],[-52.95251369,-28.782461]]]]},"geometry_name":"geo_area_imovel","properties":{"cod_imovel":"RS-4300554-B2EF9F9C230B42398B5EEC86E4CAE2B6","status_imovel":"AT","dat_criacao":"2024-08-10T00:00:38.215Z","area":31.4256,"condicao":"Aguardando análise","uf":"RS","municipio":"Alto Alegre","cod_municipio_ibge":4300554,"m_fiscal":1.7459,"tipo_imovel":"IRU"}},{"type":"Feature","id":"sicar_imoveis_rs.13134622","geometry":{"type":"MultiPolygon","coordinates":[[[[-52.95138344,-28.77802147],[-52.94187525,-28.77966105],[-52.9416947,-28.77957981],[-52.9414732,-28.7795658],[-52.94101184,-28.77955562],[-52.94065105,-28.77955163],[-52.94033687,-28.77947677],[-52.9399864,-28.77928368],[-52.93965584,-28.7790111],[-52.93956337,-28.77873886],[-52.93948987,-28.77851808],[-52.93934084,-28.77839179],[-52.93910675,-28.77836851],[-52.93894992,-28.77821952],[-52.95092674,-28.77603336],[-52.95138344,-28.77802147]]]]},"geometry_name":"geo_area_imovel","properties":{"cod_imovel":"RS-4300554-C4C3E61BD37F42BEA8475FF650F1F40C","status_imovel":"AT","dat_criacao":"2024-08-10T00:07:22.085Z","area":24.3473,"condicao":"Aguardando análise","uf":"RS","municipio":"Alto Alegre","cod_municipio_ibge":4300554,"m_fiscal":1.3526,"tipo_imovel":"IRU"}},{"type":"Feature","id":"sicar_imoveis_rs.13134736","geometry":{"type":"MultiPolygon","coordinates":[[[[-52.9515912,-28.78364275],[-52.95030416,-28.7838458],[-52.94066906,-28.78402194],[-52.94057217,-28.78387326],[-52.94044627,-28.78375166],[-52.94022001,-28.7836248],[-52.9401284,-28.78333544],[-52.93992831,-28.78311214],[-52.93978504,-28.78289462],[-52.93982061,-28.78258522],[-52.9398142,-28.78227859],[-52.94002591,-28.78207603],[-52.94028903,-28.78212408],[-52.94070709,-28.78208947],[-52.94130306,-28.78170842],[-52.94138346,-28.78200113],[-52.94155458,-28.78216861],[-52.94182874,-28.78223644],[-52.9424167,-28.78233465],[-52.94286979,-28.78240858],[-52.94312003,-28.78230995],[-52.94296962,-28.78179877],[-52.94293897,-28.78154872],[-52.94395208,-28.78101288],[-52.94500351,-28.7805427],[-52.94560432,-28.78193441],[-52.95251369,-28.78223532],[-52.95245494,-28.78243451],[-52.9515912,-28.78364275]]]]},"geometry_name":"geo_area_imovel","properties":{"cod_imovel":"RS-4300554-B578C24546374748809FB1A852256592","status_imovel":"AT","dat_criacao":"2024-08-10T00:19:53.365Z","area":26.4563,"condicao":"Aguardando análise","uf":"RS","municipio":"Alto Alegre","cod_municipio_ibge":4300554,"m_fiscal":1.4698,"tipo_imovel":"IRU"}},{"type":"Feature","id":"sicar_imoveis_rs.13137970","geometry":{"type":"MultiPolygon","coordinates":[[[[-52.95553344,-28.79204707],[-52.95648007,-28.79224743],[-52.9568344,-28.79243751],[-52.95703092,-28.79228467],[-52.96503128,-28.79053851],[-52.96708345,-28.79133737],[-52.9567194,-28.79348112],[-52.95626879,-28.79363156],[-52.95576411,-28.79367077],[-52.95498046,-28.79387655],[-52.95379872,-28.79401859],[-52.95354747,-28.79355229],[-52.9532946,-28.79326447],[-52.95321078,-28.79300575],[-52.95314025,-28.7926498],[-52.95316422,-28.79243043],[-52.95463327,-28.79209838],[-52.95553344,-28.79204707]]]]},"geometry_name":"geo_area_imovel","properties":{"cod_imovel":"RS-4300554-A5B97D5C3CE345088C5E96FFAA393441","status_imovel":"AT","dat_criacao":"2024-08-10T09:45:23.744Z","area":17.8722,"condicao":"Aguardando análise","uf":"RS","municipio":"Alto Alegre","cod_municipio_ibge":4300554,"m_fiscal":0.9929,"tipo_imovel":"IRU"}},{"type":"Feature","id":"sicar_imoveis_rs.13137987","geometry":{"type":"MultiPolygon","coordinates":[[[[-52.9743576,-28.76276856],[-52.97150373,-28.76306953],[-52.96991587,-28.76158351],[-52.9703021,-28.7597777],[-52.98115969,-28.75829164],[-52.98137426,-28.75940148],[-52.97727585,-28.76017272],[-52.97725439,-28.76034202],[-52.9758811,-28.76116968],[-52.97551632,-28.76043607],[-52.9749155,-28.7608499],[-52.97450781,-28.76062418],[-52.97362804,-28.76133898],[-52.9743576,-28.76276856]]]]},"geometry_name":"geo_area_imovel","properties":{"cod_imovel":"RS-4300554-178AB79D82654A20B383C0DCB4ACC4BA","status_imovel":"AT","dat_criacao":"2024-08-10T09:52:02.322Z","area":24.9046,"condicao":"Aguardando análise","uf":"RS","municipio":"Alto Alegre","cod_municipio_ibge":4300554,"m_fiscal":1.3836,"tipo_imovel":"IRU"}},{"type":"Feature","id":"sicar_imoveis_rs.13139548","geometry":{"type":"MultiPolygon","coordinates":[[[[-53.00536543,-28.80542279],[-53.00833182,-28.80535994],[-53.00839529,-28.8056915],[-53.00851237,-28.80587737],[-53.00852051,-28.80616411],[-53.00842623,-28.80643285],[-53.00821419,-28.80667936],[-53.00796386,-28.80681291],[-53.00776543,-28.80680884],[-53.00770836,-28.80711221],[-53.00769776,-28.80742688],[-53.00788679,-28.80774817],[-53.00809847,-28.80794666],[-53.00675481,-28.80803696],[-53.00524691,-28.80807384],[-53.00402524,-28.80807166],[-53.00181373,-28.80809703],[-53.00176121,-28.80543618],[-53.00536543,-28.80542279]]]]},"geometry_name":"geo_area_imovel","properties":{"cod_imovel":"RS-4300554-99BBBA1641F54C5295A95300598EBF56","status_imovel":"AT","dat_criacao":"2024-08-10T19:53:11.398Z","area":18.1202,"condicao":"Aguardando análise","uf":"RS","municipio":"Alto Alegre","cod_municipio_ibge":4300554,"m_fiscal":1.0067,"tipo_imovel":"IRU"}},{"type":"Feature","id":"sicar_imoveis_rs.13140365","geometry":{"type":"MultiPolygon","coordinates":[[[[-52.98862333,-28.83456561],[-52.98843384,-28.83777553],[-52.98573017,-28.83756876],[-52.98527438,-28.83736035],[-52.98522582,-28.83702282],[-52.98517512,-28.836858],[-52.98480517,-28.83663226],[-52.98449128,-28.83642974],[-52.984175,-28.83621898],[-52.98400206,-28.8363199],[-52.983861,-28.83620177],[-52.98365111,-28.8360017],[-52.98381314,-28.83568006],[-52.98393184,-28.83517146],[-52.98344566,-28.83448313],[-52.98320562,-28.83396085],[-52.98862333,-28.83456561]]]]},"geometry_name":"geo_area_imovel","properties":{"cod_imovel":"RS-4300554-70B80EFCA91149B1BA550E98F321FE16","status_imovel":"AT","dat_criacao":"2024-08-11T00:52:42.142Z","area":15.6666,"condicao":"Aguardando análise","uf":"RS","municipio":"Alto Alegre","cod_municipio_ibge":4300554,"m_fiscal":0.8704,"tipo_imovel":"IRU"}},{"type":"Feature","id":"sicar_imoveis_rs.13200851","geometry":{"type":"MultiPolygon","coordinates":[[[[-52.99192959,-28.79217904],[-52.99368333,-28.7921928],[-52.99422569,-28.79220731],[-52.99615569,-28.79222698],[-52.99703625,-28.79219363],[-52.99775636,-28.79220768],[-52.99834426,-28.79223332],[-52.99864993,-28.79225872],[-52.99878369,-28.79227227],[-52.99869041,-28.79250675],[-52.99861213,-28.79276184],[-52.99860202,-28.792954],[-52.99860136,-28.79308991],[-52.99866146,-28.79331979],[-52.99870004,-28.7934636],[-52.99872972,-28.7936626],[-52.9985661,-28.79389995],[-52.99854105,-28.79414132],[-52.99850726,-28.79439104],[-52.99584638,-28.79374446],[-52.9939134,-28.79329121],[-52.99148489,-28.79270408],[-52.99143569,-28.79268896],[-52.99179341,-28.79228633],[-52.99185392,-28.79221828],[-52.99189049,-28.79216762],[-52.99192959,-28.79217904]]]]},"geometry_name":"geo_area_imovel","properties":{"cod_imovel":"RS-4300554-F6E5F48B78454C7788C14710CC8855C6","status_imovel":"AT","dat_criacao":"2024-08-27T14:07:21.861Z","area":10.3974,"condicao":"Aguardando análise","uf":"RS","municipio":"Alto Alegre","cod_municipio_ibge":4300554,"m_fiscal":0.5776,"tipo_imovel":"IRU"}},{"type":"Feature","id":"sicar_imoveis_rs.13202159","geometry":{"type":"MultiPolygon","coordinates":[[[[-52.98966182,-28.79741863],[-52.9904429,-28.79779853],[-52.99128662,-28.79821903],[-52.9916971,-28.79841855],[-52.99185229,-28.79850139],[-52.99245525,-28.79883039],[-52.99273383,-28.79895256],[-52.9935148,-28.79933057],[-52.99452935,-28.79982215],[-52.99479572,-28.79994964],[-52.99477496,-28.80002529],[-52.99491994,-28.80039515],[-52.99484541,-28.80090404],[-52.99504178,-28.80121856],[-52.99498612,-28.80145821],[-52.99477284,-28.80164731],[-52.99450734,-28.80194007],[-52.99434475,-28.80207833],[-52.99432233,-28.8022925],[-52.9943698,-28.80252778],[-52.99468166,-28.80276439],[-52.99490161,-28.80302691],[-52.99430862,-28.80271095],[-52.99360982,-28.80237403],[-52.99341755,-28.80233272],[-52.99302204,-28.80213942],[-52.99248059,-28.80188424],[-52.99195379,-28.8016318],[-52.99121546,-28.80126158],[-52.99067093,-28.80099612],[-52.99025312,-28.80084166],[-52.9898698,-28.80063012],[-52.98919872,-28.80033522],[-52.98828067,-28.7999089],[-52.9876471,-28.79961291],[-52.98706597,-28.79937869],[-52.98737682,-28.79885043],[-52.98796595,-28.79788358],[-52.98781019,-28.79776607],[-52.98763963,-28.7978044],[-52.98744218,-28.79754173],[-52.98753359,-28.79714033],[-52.98761097,-28.79696982],[-52.98776686,-28.79692702],[-52.98798634,-28.79682007],[-52.98810088,-28.79668432],[-52.98842344,-28.79690392],[-52.98854722,-28.7969156],[-52.98926209,-28.79723284],[-52.98966182,-28.79741863]]]]},"geometry_name":"geo_area_imovel","properties":{"cod_imovel":"RS-4300554-B2095C581E424E368D5C3C890E5B8F82","status_imovel":"AT","dat_criacao":"2024-08-27T19:18:34.608Z","area":23.8345,"condicao":"Aguardando análise","uf":"RS","municipio":"Alto Alegre","cod_municipio_ibge":4300554,"m_fiscal":1.3241,"tipo_imovel":"IRU"}},{"type":"Feature","id":"sicar_imoveis_rs.13202170","geometry":{"type":"MultiPolygon","coordinates":[[[[-52.99865327,-28.83728094],[-53.00047187,-28.83715247],[-53.00129406,-28.83713501],[-53.00277565,-28.83703898],[-53.0027963,-28.83691842],[-53.00285389,-28.83672497],[-53.00295547,-28.83653237],[-53.00308111,-28.83642708],[-53.00373934,-28.83645681],[-53.004435,-28.83657923],[-53.00478288,-28.83646805],[-53.00500381,-28.8365568],[-53.00519494,-28.83672409],[-53.00532122,-28.83693275],[-53.00544555,-28.8370463],[-53.00614117,-28.83719667],[-53.00643556,-28.83720076],[-53.00674515,-28.83708592],[-53.00708325,-28.83701984],[-53.00721441,-28.83708627],[-53.00780802,-28.83709904],[-53.00802895,-28.83702086],[-53.00872559,-28.83809064],[-53.00854758,-28.83916592],[-53.00857884,-28.84055622],[-53.00796699,-28.84033476],[-53.00594319,-28.83958349],[-53.00439805,-28.8389816],[-53.00309371,-28.83866012],[-53.00285149,-28.8385001],[-53.00274789,-28.83825056],[-53.00148215,-28.8383551],[-52.99985156,-28.83846361],[-52.99691437,-28.83862912],[-52.99680751,-28.8379432],[-52.99681166,-28.83740117],[-52.99865327,-28.83728094]]]]},"geometry_name":"geo_area_imovel","properties":{"cod_imovel":"RS-4300554-B99A3353296B431C84F584AA07484D05","status_imovel":"AT","dat_criacao":"2024-08-27T19:20:13.021Z","area":24.4403,"condicao":"Aguardando análise","uf":"RS","municipio":"Alto Alegre","cod_municipio_ibge":4300554,"m_fiscal":1.3578,"tipo_imovel":"IRU"}},{"type":"Feature","id":"sicar_imoveis_rs.13226194","geometry":{"type":"MultiPolygon","coordinates":[[[[-53.00696087,-28.81405883],[-53.00719431,-28.81368626],[-53.00744454,-28.81320861],[-53.00766416,-28.81265856],[-53.00785854,-28.81226723],[-53.00789298,-28.81209671],[-53.00786763,-28.81194941],[-53.0077759,-28.81180187],[-53.00768075,-28.8117019],[-53.00768619,-28.81159837],[-53.00772759,-28.81153446],[-53.00766688,-28.81149115],[-53.00742441,-28.81130308],[-53.00735368,-28.81121604],[-53.00727208,-28.8110948],[-53.00711133,-28.81096344],[-53.00705868,-28.81078106],[-53.00698017,-28.81060329],[-53.00682755,-28.81038292],[-53.00409296,-28.81025315],[-53.00272725,-28.81162328],[-53.00311428,-28.81171343],[-53.00331945,-28.8118129],[-53.00515666,-28.81315583],[-53.00676717,-28.8143793],[-53.00682132,-28.81440854],[-53.006845,-28.81438019],[-53.00687061,-28.81428117],[-53.00696087,-28.81405883]]]]},"geometry_name":"geo_area_imovel","properties":{"cod_imovel":"RS-4300554-C58B7CEAB8E24812BF33F189F3C4A863","status_imovel":"AT","dat_criacao":"2024-09-03T02:10:14.729Z","area":12.9969,"condicao":"Aguardando análise","uf":"RS","municipio":"Alto Alegre","cod_municipio_ibge":4300554,"m_fiscal":0.7221,"tipo_imovel":"IRU"}},{"type":"Feature","id":"sicar_imoveis_rs.13227863","geometry":{"type":"MultiPolygon","coordinates":[[[[-52.99851555,-28.82196033],[-53.00093292,-28.82351629],[-53.00217436,-28.82421809],[-53.00287462,-28.82459748],[-53.00402651,-28.82524712],[-53.00439593,-28.82541633],[-53.00489617,-28.82567836],[-53.00533969,-28.82598063],[-53.00527355,-28.8260725],[-53.0043342,-28.8255229],[-53.00369157,-28.82546966],[-53.00343627,-28.82519138],[-53.00304698,-28.82504722],[-53.00239646,-28.82484269],[-53.00211178,-28.82469111],[-53.00116939,-28.82414846],[-53.00012567,-28.82353816],[-52.99871122,-28.82270793],[-52.99807254,-28.82231779],[-52.99730465,-28.82182594],[-52.99750403,-28.821611],[-52.99691131,-28.8212033],[-52.99652048,-28.82131953],[-52.99550479,-28.82067203],[-52.99433203,-28.81991625],[-52.99473332,-28.81949362],[-52.9956752,-28.81848094],[-52.99660484,-28.81908069],[-52.99794576,-28.82005361],[-52.99834367,-28.82031812],[-52.99731454,-28.82116115],[-52.99851555,-28.82196033]]]]},"geometry_name":"geo_area_imovel","properties":{"cod_imovel":"RS-4300554-B42087F14EAB40158CFFBA21239D4A5E","status_imovel":"AT","dat_criacao":"2024-09-03T11:38:15.150Z","area":10.3073,"condicao":"Aguardando análise","uf":"RS","municipio":"Alto Alegre","cod_municipio_ibge":4300554,"m_fiscal":0.5726,"tipo_imovel":"IRU"}},{"type":"Feature","id":"sicar_imoveis_rs.13227966","geometry":{"type":"MultiPolygon","coordinates":[[[[-52.9985184,-28.82196209],[-52.99897013,-28.82170637],[-52.999298,-28.82151338],[-52.99965993,-28.82127832],[-53.00019691,-28.82165086],[-53.00068973,-28.82201152],[-53.00089083,-28.82218175],[-53.00130895,-28.82249041],[-53.00183564,-28.82285829],[-53.00205435,-28.82300265],[-53.00291645,-28.82359882],[-53.00451465,-28.82481949],[-53.00543369,-28.82553849],[-53.00540284,-28.82583332],[-53.00534451,-28.82598165],[-53.00493166,-28.82570157],[-53.0043959,-28.82541257],[-53.00402395,-28.82524231],[-53.0034766,-28.82493274],[-53.00236199,-28.82431807],[-53.00094211,-28.82352049],[-52.9985184,-28.82196209]]]]},"geometry_name":"geo_area_imovel","properties":{"cod_imovel":"RS-4300554-16D2D9BE390E4FDB88085282593A3E11","status_imovel":"AT","dat_criacao":"2024-09-03T12:05:49.141Z","area":7.2586,"condicao":"Aguardando análise","uf":"RS","municipio":"Alto Alegre","cod_municipio_ibge":4300554,"m_fiscal":0.4033,"tipo_imovel":"IRU"}},{"type":"Feature","id":"sicar_imoveis_rs.13234049","geometry":{"type":"MultiPolygon","coordinates":[[[[-52.99834421,-28.80477545],[-52.99743213,-28.80433439],[-52.99684087,-28.80403647],[-52.99579475,-28.8035156],[-52.99495201,-28.80308754],[-52.99466873,-28.80275384],[-52.99437163,-28.80252109],[-52.99432264,-28.80228828],[-52.99433974,-28.80208473],[-52.99450199,-28.80193898],[-52.99478425,-28.80164582],[-52.99498405,-28.80146161],[-52.99503667,-28.80121652],[-52.99484075,-28.8009018],[-52.9948856,-28.80060663],[-52.99491703,-28.80040129],[-52.99477255,-28.80002774],[-52.99478044,-28.79997456],[-52.99505433,-28.80010489],[-52.99737948,-28.80116573],[-52.99868319,-28.80178051],[-53.00017536,-28.80248119],[-53.00174269,-28.80322703],[-53.0017642,-28.80556442],[-53.00177898,-28.8063549],[-53.0016215,-28.80634812],[-53.0014984,-28.80631289],[-53.0004128,-28.80577818],[-52.99994324,-28.80556147],[-52.99834421,-28.80477545]]]]},"geometry_name":"geo_area_imovel","properties":{"cod_imovel":"RS-4300554-0FF661CFD5CA4AB2BB6E3194C860E632","status_imovel":"AT","dat_criacao":"2024-09-04T12:19:50.171Z","area":23.8651,"condicao":"Aguardando análise","uf":"RS","municipio":"Alto Alegre","cod_municipio_ibge":4300554,"m_fiscal":1.3258,"tipo_imovel":"IRU"}},{"type":"Feature","id":"sicar_imoveis_rs.13234181","geometry":{"type":"MultiPolygon","coordinates":[[[[-52.98135281,-28.75667388],[-52.97684669,-28.75746395],[-52.97641754,-28.75657982],[-52.97225475,-28.7563729],[-52.97105312,-28.75825402],[-52.97695398,-28.75815996],[-52.98141718,-28.75727584],[-52.98135281,-28.75667388]]]]},"geometry_name":"geo_area_imovel","properties":{"cod_imovel":"RS-4300554-C61C7CD43D924DB889821C34B8FEC3B9","status_imovel":"AT","dat_criacao":"2024-09-04T12:46:27.711Z","area":12.7866,"condicao":"Aguardando análise","uf":"RS","municipio":"Alto Alegre","cod_municipio_ibge":4300554,"m_fiscal":0.7104,"tipo_imovel":"IRU"}},{"type":"Feature","id":"sicar_imoveis_rs.13241249","geometry":{"type":"MultiPolygon","coordinates":[[[[-52.97160176,-28.81938822],[-52.97174224,-28.81950234],[-52.97182968,-28.81969465],[-52.97201596,-28.81992148],[-52.97218211,-28.82013799],[-52.97233543,-28.82041628],[-52.97253307,-28.82058112],[-52.97255402,-28.82070503],[-52.97256382,-28.82088181],[-52.9725372,-28.82105054],[-52.97247583,-28.82114035],[-52.97239214,-28.8213122],[-52.97225054,-28.82146705],[-52.97223554,-28.82157275],[-52.97227124,-28.82171864],[-52.97222076,-28.8218266],[-52.97196263,-28.82179524],[-52.97180127,-28.82183998],[-52.97167502,-28.8219149],[-52.97148245,-28.82206411],[-52.9714572,-28.82218888],[-52.97138517,-28.82229473],[-52.97120135,-28.82241272],[-52.97093792,-28.82248926],[-52.97052522,-28.82265666],[-52.97028962,-28.82270088],[-52.9702303,-28.8227776],[-52.97000725,-28.82273661],[-52.96913524,-28.82256552],[-52.96852534,-28.82186811],[-52.96852857,-28.82166365],[-52.96905012,-28.82134502],[-52.97148302,-28.81956527],[-52.97160176,-28.81938822]]]]},"geometry_name":"geo_area_imovel","properties":{"cod_imovel":"RS-4300554-DB9452702CAD4C288F738532B9190848","status_imovel":"AT","dat_criacao":"2024-09-05T17:49:32.895Z","area":8.0068,"condicao":"Aguardando análise","uf":"RS","municipio":"Alto Alegre","cod_municipio_ibge":4300554,"m_fiscal":0.4448,"tipo_imovel":"IRU"}},{"type":"Feature","id":"sicar_imoveis_rs.13241267","geometry":{"type":"MultiPolygon","coordinates":[[[[-52.97474039,-28.82454228],[-52.97332676,-28.82447918],[-52.97244491,-28.82443795],[-52.97169627,-28.82441292],[-52.97083012,-28.82438433],[-52.97030206,-28.8243584],[-52.96939234,-28.82432717],[-52.97011753,-28.82300244],[-52.97019623,-28.82281881],[-52.97029197,-28.82269986],[-52.97053135,-28.82265438],[-52.97092303,-28.82249495],[-52.97121045,-28.82240777],[-52.97138517,-28.82229473],[-52.97145727,-28.82218908],[-52.97148524,-28.82206009],[-52.9716767,-28.82191551],[-52.97181149,-28.82183704],[-52.97197058,-28.82179501],[-52.97222951,-28.82182884],[-52.97246714,-28.82196164],[-52.97442486,-28.82207867],[-52.97606722,-28.82216082],[-52.97567124,-28.82284301],[-52.97536132,-28.82339101],[-52.97474039,-28.82454228]]]]},"geometry_name":"geo_area_imovel","properties":{"cod_imovel":"RS-4300554-AC90F64970B948D093003A1386886929","status_imovel":"AT","dat_criacao":"2024-09-05T17:52:51.748Z","area":13.7349,"condicao":"Aguardando análise","uf":"RS","municipio":"Alto Alegre","cod_municipio_ibge":4300554,"m_fiscal":0.763,"tipo_imovel":"IRU"}},{"type":"Feature","id":"sicar_imoveis_rs.13241906","geometry":{"type":"MultiPolygon","coordinates":[[[[-52.98142599,-28.74992993],[-52.9818675,-28.74973378],[-52.98210701,-28.74963113],[-52.98255447,-28.74942033],[-52.98269615,-28.74939211],[-52.98313036,-28.74918747],[-52.98324657,-28.74917614],[-52.98338276,-28.74910664],[-52.98372111,-28.74902178],[-52.98400526,-28.74892444],[-52.98415198,-28.7489117],[-52.98453402,-28.74880934],[-52.9847872,-28.74880184],[-52.98511783,-28.74880212],[-52.98549251,-28.74884472],[-52.98613941,-28.74902171],[-52.9865089,-28.74912208],[-52.9869299,-28.7494107],[-52.98722909,-28.74955477],[-52.98744786,-28.74967526],[-52.9876909,-28.74983427],[-52.9878074,-28.74994747],[-52.98799511,-28.7501035],[-52.98772708,-28.75031686],[-52.98748614,-28.75053973],[-52.98724531,-28.75082458],[-52.98688851,-28.75139083],[-52.98905732,-28.75281849],[-52.9873872,-28.75405206],[-52.98585308,-28.7531831],[-52.98474975,-28.75508423],[-52.98460527,-28.75529386],[-52.98439718,-28.75550577],[-52.98414726,-28.75571011],[-52.98388149,-28.75590991],[-52.98262585,-28.75616626],[-52.98227446,-28.75464036],[-52.98209279,-28.75382197],[-52.98210983,-28.75356662],[-52.98195884,-28.75292467],[-52.98201765,-28.75290923],[-52.98162161,-28.75131637],[-52.9818005,-28.75127896],[-52.98161202,-28.75060065],[-52.98142599,-28.74992993]]]]},"geometry_name":"geo_area_imovel","properties":{"cod_imovel":"RS-4300554-7DD1018EA00E4EF889A45DE26B2123E1","status_imovel":"AT","dat_criacao":"2024-09-05T20:06:19.011Z","area":35.8508,"condicao":"Aguardando análise","uf":"RS","municipio":"Alto Alegre","cod_municipio_ibge":4300554,"m_fiscal":1.9917,"tipo_imovel":"IRU"}},{"type":"Feature","id":"sicar_imoveis_rs.13241925","geometry":{"type":"MultiPolygon","coordinates":[[[[-53.02542686,-28.81596909],[-53.02291632,-28.81232171],[-53.02332401,-28.81194568],[-53.02420378,-28.81232171],[-53.02504063,-28.81267893],[-53.0255127,-28.81296095],[-53.02570581,-28.81322417],[-53.02583456,-28.81367539],[-53.02671432,-28.81487865],[-53.02765846,-28.81568708],[-53.02654266,-28.81570588],[-53.02542686,-28.81596909]]]]},"geometry_name":"geo_area_imovel","properties":{"cod_imovel":"RS-4300554-DB66BE1045134DFDA2D277DEFA84DE17","status_imovel":"AT","dat_criacao":"2024-09-05T20:12:48.973Z","area":7.9144,"condicao":"Aguardando análise","uf":"RS","municipio":"Alto Alegre","cod_municipio_ibge":4300554,"m_fiscal":0.4397,"tipo_imovel":"IRU"}},{"type":"Feature","id":"sicar_imoveis_rs.13261369","geometry":{"type":"MultiPolygon","coordinates":[[[[-53.01619577,-28.84137409],[-53.01819098,-28.84287405],[-53.01875018,-28.84235287],[-53.0150231,-28.83896801],[-53.01423269,-28.83960981],[-53.01619577,-28.84137409]]]]},"geometry_name":"geo_area_imovel","properties":{"cod_imovel":"RS-4300554-CB59BBD35ADC40228919261F05DCC2DC","status_imovel":"AT","dat_criacao":"2024-09-11T03:11:44.777Z","area":5.1553,"condicao":"Aguardando análise","uf":"RS","municipio":"Alto Alegre","cod_municipio_ibge":4300554,"m_fiscal":0.2864,"tipo_imovel":"IRU"}},{"type":"Feature","id":"sicar_imoveis_rs.13273373","geometry":{"type":"MultiPolygon","coordinates":[[[[-52.96141157,-28.76818624],[-52.96122476,-28.76840219],[-52.96101391,-28.76860654],[-52.96069428,-28.76892103],[-52.96047179,-28.76912141],[-52.96033483,-28.76925774],[-52.96014652,-28.76931938],[-52.95997123,-28.76935799],[-52.95976642,-28.76947199],[-52.95958614,-28.76956313],[-52.95941644,-28.76963968],[-52.95931252,-28.76970814],[-52.95922799,-28.769785],[-52.95907899,-28.76989526],[-52.95893485,-28.76992723],[-52.95880766,-28.76997501],[-52.95861516,-28.77002624],[-52.95832783,-28.77012274],[-52.95823155,-28.77017432],[-52.95811483,-28.77021338],[-52.95792337,-28.77021642],[-52.95716357,-28.77047122],[-52.95614435,-28.77075965],[-52.95596195,-28.77064999],[-52.95580158,-28.77056143],[-52.95564533,-28.77048267],[-52.95549018,-28.77042548],[-52.95536326,-28.77038604],[-52.95519095,-28.77034452],[-52.95479809,-28.77025191],[-52.95459276,-28.77021809],[-52.95440327,-28.77020147],[-52.95422867,-28.77020784],[-52.95421844,-28.77013277],[-52.95470854,-28.77002054],[-52.95554411,-28.76982075],[-52.95646,-28.76957623],[-52.95723015,-28.76935763],[-52.95791481,-28.76916702],[-52.95843829,-28.76900408],[-52.95869279,-28.76893988],[-52.95911052,-28.76887538],[-52.95941686,-28.76880969],[-52.95967293,-28.76874777],[-52.96005974,-28.76862921],[-52.9612541,-28.76794719],[-52.9615413,-28.76804188],[-52.96141157,-28.76818624]]]]},"geometry_name":"geo_area_imovel","properties":{"cod_imovel":"RS-4300554-0BF2C9A6B92C4E9E9133BDE6D095DED4","status_imovel":"AT","dat_criacao":"2024-09-13T14:41:18.136Z","area":6.1808,"condicao":"Aguardando análise","uf":"RS","municipio":"Alto Alegre","cod_municipio_ibge":4300554,"m_fiscal":0.3434,"tipo_imovel":"IRU"}},{"type":"Feature","id":"sicar_imoveis_rs.13274306","geometry":{"type":"MultiPolygon","coordinates":[[[[-52.97913376,-28.75045622],[-52.97924279,-28.7504417],[-52.97935285,-28.75038231],[-52.97951416,-28.75040133],[-52.97958857,-28.75047306],[-52.97972461,-28.75043687],[-52.97983243,-28.75046837],[-52.97995532,-28.75051469],[-52.98057693,-28.75032587],[-52.98069011,-28.75020848],[-52.98084391,-28.75020999],[-52.98142399,-28.7499331],[-52.98179897,-28.75128052],[-52.98162436,-28.75131569],[-52.98191274,-28.75248],[-52.9820184,-28.75290561],[-52.98195753,-28.75292244],[-52.98210978,-28.75357325],[-52.98209301,-28.75381714],[-52.98229632,-28.75474999],[-52.98248761,-28.75556305],[-52.98262189,-28.75616828],[-52.98068554,-28.75657686],[-52.97891014,-28.75703166],[-52.97714901,-28.75087999],[-52.97727793,-28.75083432],[-52.97735709,-28.75080822],[-52.97740867,-28.75078981],[-52.97748801,-28.75072376],[-52.97758731,-28.75068428],[-52.97769574,-28.75067544],[-52.9777496,-28.75064059],[-52.97782451,-28.75060714],[-52.9778757,-28.75062559],[-52.97793782,-28.75060446],[-52.97801415,-28.75052147],[-52.97807743,-28.75053709],[-52.97812042,-28.75049443],[-52.97820747,-28.75051214],[-52.97826516,-28.75047289],[-52.97838518,-28.75046057],[-52.97859857,-28.75047082],[-52.97871003,-28.75047318],[-52.97877721,-28.75049308],[-52.97883646,-28.75045426],[-52.97889389,-28.7504882],[-52.97909839,-28.75048202],[-52.97913376,-28.75045622]]]]},"geometry_name":"geo_area_imovel","properties":{"cod_imovel":"RS-4300554-1AB5BA4C9FAA4E38BEA539BA7BBD9353","status_imovel":"AT","dat_criacao":"2024-09-13T19:08:43.650Z","area":27.9023,"condicao":"Aguardando análise","uf":"RS","municipio":"Alto Alegre","cod_municipio_ibge":4300554,"m_fiscal":1.5501,"tipo_imovel":"IRU"}},{"type":"Feature","id":"sicar_imoveis_rs.13280141","geometry":{"type":"MultiPolygon","coordinates":[[[[-52.9729414,-28.7750133],[-52.9736495,-28.77518257],[-52.97553778,-28.77439263],[-52.97787666,-28.77362149],[-52.97845602,-28.77476879],[-52.97608906,-28.7760943],[-52.9753232,-28.77666839],[-52.97367096,-28.77774042],[-52.97377825,-28.77952712],[-52.97066689,-28.7805427],[-52.96978712,-28.77749592],[-52.96970113,-28.77689734],[-52.96972275,-28.77649912],[-52.96993732,-28.77625462],[-52.97045231,-28.77601012],[-52.9729414,-28.7750133]]]]},"geometry_name":"geo_area_imovel","properties":{"cod_imovel":"RS-4300554-4FA2BEF5DEBF4B5481E4411EB81E6337","status_imovel":"AT","dat_criacao":"2024-09-16T17:31:04.108Z","area":27.7666,"condicao":"Aguardando análise","uf":"RS","municipio":"Alto Alegre","cod_municipio_ibge":4300554,"m_fiscal":1.5426,"tipo_imovel":"IRU"}},{"type":"Feature","id":"sicar_imoveis_rs.13290386","geometry":{"type":"MultiPolygon","coordinates":[[[[-53.03232538,-28.78762049],[-53.03147121,-28.78774037],[-53.03131563,-28.78753072],[-53.03441197,-28.78579949],[-53.03664783,-28.78782187],[-53.03671814,-28.7902099],[-53.03923129,-28.79193913],[-53.03866384,-28.79326973],[-53.03855345,-28.79352655],[-53.03765404,-28.79450621],[-53.03736758,-28.79453305],[-53.03700005,-28.79455326],[-53.03467493,-28.79200198],[-53.03597096,-28.79113],[-53.03357227,-28.78870432],[-53.03352132,-28.78876703],[-53.03232538,-28.78762049]]]]},"geometry_name":"geo_area_imovel","properties":{"cod_imovel":"RS-4300554-3F023B15925D460BA7AB341F4BEFFFC9","status_imovel":"AT","dat_criacao":"2024-09-18T17:14:06.845Z","area":26.0556,"condicao":"Aguardando análise","uf":"RS","municipio":"Alto Alegre","cod_municipio_ibge":4300554,"m_fiscal":1.4475,"tipo_imovel":"IRU"}},{"type":"Feature","id":"sicar_imoveis_rs.13327624","geometry":{"type":"MultiPolygon","coordinates":[[[[-53.01174854,-28.80390582],[-53.01279361,-28.80401813],[-53.01569467,-28.80427324],[-53.01598866,-28.80428411],[-53.01720265,-28.80439735],[-53.01878332,-28.80452641],[-53.01922792,-28.8045268],[-53.01953685,-28.80453677],[-53.02058911,-28.80461873],[-53.02122682,-28.80468413],[-53.02129488,-28.80487059],[-53.02135299,-28.80513154],[-53.02144528,-28.80559556],[-53.02059919,-28.80553289],[-53.01997785,-28.80549601],[-53.01915125,-28.80540084],[-53.01843777,-28.80535041],[-53.01778744,-28.80532699],[-53.01709275,-28.80532793],[-53.01629729,-28.80532905],[-53.01575642,-28.80529613],[-53.01521598,-28.80527167],[-53.01469072,-28.80525826],[-53.01455435,-28.80514139],[-53.01423114,-28.8051934],[-53.01390895,-28.80514814],[-53.01325359,-28.80493162],[-53.01289066,-28.80482156],[-53.01250395,-28.80477353],[-53.01213816,-28.80471274],[-53.01200989,-28.80469095],[-53.01210495,-28.80491048],[-53.01184961,-28.80489833],[-53.01120406,-28.80483477],[-53.0107673,-28.80480732],[-53.01013299,-28.80477176],[-53.00911243,-28.80470548],[-53.00857108,-28.80469192],[-53.00827677,-28.80467324],[-53.00824899,-28.80454699],[-53.00824694,-28.80442586],[-53.00823616,-28.80424999],[-53.00819552,-28.80405227],[-53.00814959,-28.80388414],[-53.00816011,-28.80373993],[-53.00825629,-28.80366491],[-53.00836505,-28.80370716],[-53.00849856,-28.80370674],[-53.00853795,-28.80364591],[-53.00997128,-28.80375557],[-53.01174854,-28.80390582]]]]},"geometry_name":"geo_area_imovel","properties":{"cod_imovel":"RS-4300554-ED79FFE0F2BA4A05B9A94712AD286FEA","status_imovel":"AT","dat_criacao":"2024-09-27T17:15:21.493Z","area":13.4845,"condicao":"Aguardando análise","uf":"RS","municipio":"Alto Alegre","cod_municipio_ibge":4300554,"m_fiscal":0.7491,"tipo_imovel":"IRU"}},{"type":"Feature","id":"sicar_imoveis_rs.13340452","geometry":{"type":"MultiPolygon","coordinates":[[[[-52.94735931,-28.83590343],[-52.94743019,-28.83551999],[-52.9472174,-28.83540798],[-52.94695641,-28.83529385],[-52.94679378,-28.83518435],[-52.94662669,-28.83513515],[-52.94646181,-28.83525661],[-52.94653035,-28.83492393],[-52.94660751,-28.83463186],[-52.9467188,-28.83454833],[-52.94687612,-28.83446079],[-52.9470044,-28.83431522],[-52.94713904,-28.83419274],[-52.94741617,-28.83431341],[-52.94776417,-28.8344183],[-52.94811958,-28.83457214],[-52.94837977,-28.83467472],[-52.94866711,-28.83479321],[-52.94916719,-28.83499301],[-52.94972318,-28.83519704],[-52.94941402,-28.83542957],[-52.9492426,-28.83563434],[-52.94936921,-28.83576408],[-52.94949664,-28.83600012],[-52.94964724,-28.83626882],[-52.95015501,-28.83626853],[-52.9502153,-28.83643797],[-52.95007088,-28.83677661],[-52.95021968,-28.83697633],[-52.95028263,-28.83720387],[-52.95037773,-28.83748285],[-52.95067066,-28.8378229],[-52.95077548,-28.838207],[-52.94962307,-28.837617],[-52.94871481,-28.8370109],[-52.94798097,-28.83668598],[-52.94757115,-28.83644109],[-52.94732447,-28.83617953],[-52.94735931,-28.83590343]]]]},"geometry_name":"geo_area_imovel","properties":{"cod_imovel":"RS-4300554-58630FF03A6E41A7984EBA3CEC59B823","status_imovel":"AT","dat_criacao":"2024-10-01T19:26:53.885Z","area":7.2161,"condicao":"Aguardando análise","uf":"RS","municipio":"Alto Alegre","cod_municipio_ibge":4300554,"m_fiscal":0.4009,"tipo_imovel":"IRU"}},{"type":"Feature","id":"sicar_imoveis_rs.13364685","geometry":{"type":"MultiPolygon","coordinates":[[[[-52.97482277,-28.81140733],[-52.97387572,-28.81141076],[-52.9740685,-28.81073114],[-52.97445427,-28.80940185],[-52.97499,-28.80747186],[-52.97569086,-28.80818345],[-52.97540739,-28.80926818],[-52.97523595,-28.80989297],[-52.97482277,-28.81140733]]]]},"geometry_name":"geo_area_imovel","properties":{"cod_imovel":"RS-4300554-CDF64BE65F7A472CBBD674A198D259DF","status_imovel":"AT","dat_criacao":"2024-10-07T17:59:33.094Z","area":3.5683,"condicao":"Aguardando análise","uf":"RS","municipio":"Alto Alegre","cod_municipio_ibge":4300554,"m_fiscal":0.1982,"tipo_imovel":"IRU"}},{"type":"Feature","id":"sicar_imoveis_rs.13369430","geometry":{"type":"MultiPolygon","coordinates":[[[[-53.03722104,-28.78368696],[-53.03715614,-28.7837456],[-53.0349494,-28.78630595],[-53.03994415,-28.79121861],[-53.04007177,-28.7910644],[-53.0401595,-28.7908969],[-53.04020736,-28.79075599],[-53.04026054,-28.79055127],[-53.04031903,-28.7903173],[-53.04040942,-28.79013385],[-53.04053571,-28.79000623],[-53.040662,-28.78988061],[-53.04077101,-28.78980949],[-53.0408747,-28.78976562],[-53.04095712,-28.78974235],[-53.0410422,-28.78973969],[-53.04116184,-28.78978755],[-53.04133466,-28.78988592],[-53.04156065,-28.78999493],[-53.04175474,-28.79002152],[-53.04194085,-28.79000557],[-53.04210835,-28.78995239],[-53.04232238,-28.78984538],[-53.04250184,-28.78981813],[-53.0427491,-28.78980217],[-53.0430522,-28.78971178],[-53.04333003,-28.78958682],[-53.04353475,-28.78948313],[-53.0436411,-28.78941001],[-53.04374147,-28.78932427],[-53.04379199,-28.78921925],[-53.04388836,-28.78914348],[-53.04399737,-28.78909562],[-53.04409309,-28.78906903],[-53.04418681,-28.78907435],[-53.04424264,-28.78911689],[-53.04430911,-28.78920728],[-53.04435962,-28.7893482],[-53.04442077,-28.78949443],[-53.04451649,-28.78968054],[-53.04456966,-28.78970181],[-53.04464211,-28.78966591],[-53.04471057,-28.78959679],[-53.04475644,-28.78950107],[-53.04474647,-28.78933756],[-53.04471722,-28.78918602],[-53.04473052,-28.78905308],[-53.04478369,-28.78898661],[-53.04486611,-28.78893742],[-53.04495252,-28.7888776],[-53.04507216,-28.78883639],[-53.04515525,-28.7887779],[-53.04524498,-28.78875131],[-53.04534202,-28.78875264],[-53.04543508,-28.78877524],[-53.04552016,-28.7887686],[-53.04522039,-28.78857584],[-53.04489602,-28.78840036],[-53.04465674,-28.78824084],[-53.04452114,-28.78807999],[-53.04442144,-28.78791382],[-53.0443244,-28.78775695],[-53.0441888,-28.78756021],[-53.04407448,-28.78736479],[-53.04394287,-28.78709094],[-53.04377537,-28.78658312],[-53.04369029,-28.78632523],[-53.04370092,-28.786179],[-53.04368231,-28.78604872],[-53.04362914,-28.78588388],[-53.04354406,-28.78571904],[-53.0433646,-28.78518862],[-53.04325825,-28.78494003],[-53.04322036,-28.78466619],[-53.0431406,-28.7843498],[-53.04305552,-28.78404404],[-53.04291992,-28.78371968],[-53.0426833,-28.78319857],[-53.04230709,-28.78260567],[-53.04228243,-28.782558],[-53.04218812,-28.78243737],[-53.04207188,-28.78232771],[-53.04192494,-28.78217638],[-53.04178896,-28.7820075],[-53.04168588,-28.78185617],[-53.04157731,-28.78165988],[-53.04152248,-28.78156338],[-53.04142818,-28.78146249],[-53.04131852,-28.78140766],[-53.04114306,-28.78134186],[-53.04099118,-28.78124536],[-53.04076966,-28.78107429],[-53.04048893,-28.78089883],[-53.04019943,-28.78071022],[-53.03990115,-28.78051721],[-53.03722104,-28.78368696]]]]},"geometry_name":"geo_area_imovel","properties":{"cod_imovel":"RS-4300554-3E81BC1437C844A88A8472E08257369F","status_imovel":"AT","dat_criacao":"2024-10-08T13:07:23.006Z","area":61.7684,"condicao":"Aguardando análise","uf":"RS","municipio":"Alto Alegre","cod_municipio_ibge":4300554,"m_fiscal":3.4316,"tipo_imovel":"IRU"}},{"type":"Feature","id":"sicar_imoveis_rs.13385223","geometry":{"type":"MultiPolygon","coordinates":[[[[-52.96696271,-28.84560819],[-52.96847699,-28.84566724],[-52.96924683,-28.84774541],[-52.96902853,-28.8477651],[-52.96787777,-28.8477985],[-52.9663699,-28.8478982],[-52.96490636,-28.84788618],[-52.96362493,-28.84786834],[-52.9621608,-28.84791873],[-52.96026027,-28.84785455],[-52.96050879,-28.84667903],[-52.96218143,-28.84730758],[-52.96214878,-28.847153],[-52.96213817,-28.84690274],[-52.962221,-28.84671011],[-52.96221525,-28.84652939],[-52.96213979,-28.84579755],[-52.96191372,-28.84367812],[-52.96175373,-28.84156759],[-52.96426377,-28.84221886],[-52.96567371,-28.84202193],[-52.96602978,-28.84171446],[-52.96639917,-28.84171957],[-52.96668453,-28.84194053],[-52.96676455,-28.84212667],[-52.96678834,-28.84238724],[-52.96674392,-28.84261029],[-52.966519,-28.84268165],[-52.96638441,-28.84277896],[-52.96632188,-28.84303735],[-52.96640975,-28.84319646],[-52.96644699,-28.84328084],[-52.96658588,-28.84339036],[-52.96667676,-28.84354254],[-52.96676154,-28.84371296],[-52.96673164,-28.84388681],[-52.96664821,-28.84405448],[-52.96662415,-28.84430134],[-52.96669713,-28.84434227],[-52.96677099,-28.84442253],[-52.96690782,-28.8445313],[-52.96698779,-28.84464746],[-52.96696358,-28.84479857],[-52.96696756,-28.84497269],[-52.96691905,-28.84515678],[-52.96684821,-28.84529912],[-52.96678555,-28.84544581],[-52.96675103,-28.84561231],[-52.96696271,-28.84560819]]]]},"geometry_name":"geo_area_imovel","properties":{"cod_imovel":"RS-4300554-DA7B76E3A34E4BB5816F8EECD0D513D8","status_imovel":"AT","dat_criacao":"2024-10-11T11:43:30.899Z","area":36.975,"condicao":"Aguardando análise","uf":"RS","municipio":"Alto Alegre","cod_municipio_ibge":4300554,"m_fiscal":2.0542,"tipo_imovel":"IRU"}},{"type":"Feature","id":"sicar_imoveis_rs.13414011","geometry":{"type":"MultiPolygon","coordinates":[[[[-52.94821223,-28.83395167],[-52.94735697,-28.83367198],[-52.94723855,-28.83382449],[-52.94639977,-28.83238662],[-52.94689709,-28.83202106],[-52.94704949,-28.83169581],[-52.94738533,-28.83169571],[-52.94779908,-28.83058762],[-52.94811407,-28.83002758],[-52.94839101,-28.82988058],[-52.94881878,-28.82964138],[-52.94917758,-28.82970299],[-52.94889239,-28.83067606],[-52.94859166,-28.83179985],[-52.94868232,-28.83240699],[-52.94883599,-28.83315315],[-52.94902418,-28.83428843],[-52.94821223,-28.83395167]]]]},"geometry_name":"geo_area_imovel","properties":{"cod_imovel":"RS-4300554-FB505079CEC94C2BA8F83D362FF2E742","status_imovel":"AT","dat_criacao":"2024-10-18T02:43:08.330Z","area":7.0066,"condicao":"Aguardando análise","uf":"RS","municipio":"Alto Alegre","cod_municipio_ibge":4300554,"m_fiscal":0.3893,"tipo_imovel":"IRU"}},{"type":"Feature","id":"sicar_imoveis_rs.13416137","geometry":{"type":"MultiPolygon","coordinates":[[[[-52.95071784,-28.83791603],[-52.94973735,-28.83746806],[-52.94893282,-28.83700975],[-52.9479437,-28.83654452],[-52.9472793,-28.83618384],[-52.94761256,-28.83587284],[-52.94818149,-28.83610319],[-52.94910886,-28.83645679],[-52.94980573,-28.83672559],[-52.95023881,-28.83688178],[-52.95071784,-28.83791603]]]]},"geometry_name":"geo_area_imovel","properties":{"cod_imovel":"RS-4300554-88684C36A8A14EEC9F67CC3697CC5367","status_imovel":"AT","dat_criacao":"2024-10-18T12:24:48.851Z","area":2.1353,"condicao":"Aguardando análise","uf":"RS","municipio":"Alto Alegre","cod_municipio_ibge":4300554,"m_fiscal":0.1186,"tipo_imovel":"IRU"}},{"type":"Feature","id":"sicar_imoveis_rs.13481118","geometry":{"type":"MultiPolygon","coordinates":[[[[-52.9805143,-28.84213398],[-52.980575,-28.84285013],[-52.98012765,-28.84294187],[-52.97994085,-28.84301228],[-52.97971902,-28.84311333],[-52.97920153,-28.84337024],[-52.97903572,-28.84344286],[-52.97884909,-28.8434996],[-52.9785639,-28.84360228],[-52.97825386,-28.84373645],[-52.97787981,-28.84388738],[-52.97773877,-28.84396252],[-52.97758349,-28.84408601],[-52.97729171,-28.84443153],[-52.97699177,-28.84477234],[-52.97672062,-28.84504413],[-52.97625664,-28.84558913],[-52.97620085,-28.845642],[-52.97607984,-28.84559421],[-52.97609933,-28.84531285],[-52.97619817,-28.84344513],[-52.97614581,-28.84327634],[-52.97623011,-28.8424332],[-52.97689943,-28.84239514],[-52.97770205,-28.84234662],[-52.97829446,-28.84230592],[-52.97918599,-28.84223754],[-52.97982639,-28.84218834],[-52.9805143,-28.84213398]]]]},"geometry_name":"geo_area_imovel","properties":{"cod_imovel":"RS-4300554-F0AA35C9D9764F72A8A72C31F9B475FC","status_imovel":"AT","dat_criacao":"2024-11-04T20:55:12.108Z","area":7.5812,"condicao":"Aguardando análise","uf":"RS","municipio":"Alto Alegre","cod_municipio_ibge":4300554,"m_fiscal":0.4212,"tipo_imovel":"IRU"}},{"type":"Feature","id":"sicar_imoveis_rs.13550530","geometry":{"type":"MultiPolygon","coordinates":[[[[-52.94882298,-28.76660578],[-52.94809341,-28.76337049],[-52.94401646,-28.76517624],[-52.94440269,-28.76660578],[-52.94487476,-28.76799767],[-52.94882298,-28.76660578]]]]},"geometry_name":"geo_area_imovel","properties":{"cod_imovel":"RS-4300554-4A88F72A9D074F07AF5DFBC4FEF02C7D","status_imovel":"AT","dat_criacao":"2024-11-19T18:11:58.074Z","area":14.6018,"condicao":"Aguardando análise","uf":"RS","municipio":"Alto Alegre","cod_municipio_ibge":4300554,"m_fiscal":0.8112,"tipo_imovel":"IRU"}},{"type":"Feature","id":"sicar_imoveis_rs.13655418","geometry":{"type":"MultiPolygon","coordinates":[[[[-52.97323701,-28.84772674],[-52.97438769,-28.8477616],[-52.97479709,-28.84779549],[-52.97497245,-28.84787001],[-52.975153,-28.84798012],[-52.97516479,-28.8482118],[-52.97507481,-28.8485037],[-52.9749094,-28.84887382],[-52.97477526,-28.84914622],[-52.97471272,-28.84922863],[-52.97459564,-28.84935681],[-52.97444789,-28.84954442],[-52.97428769,-28.84968082],[-52.97409275,-28.8498435],[-52.97390609,-28.84997306],[-52.97371547,-28.85006799],[-52.97343213,-28.85025054],[-52.97325016,-28.85032537],[-52.97094034,-28.85015315],[-52.97125983,-28.84772469],[-52.97323701,-28.84772674]]]]},"geometry_name":"geo_area_imovel","properties":{"cod_imovel":"RS-4300554-CF13A0607F4143BAB669E3B0D4230294","status_imovel":"AT","dat_criacao":"2024-12-16T22:37:32.562Z","area":9.6637,"condicao":"Aguardando análise","uf":"RS","municipio":"Alto Alegre","cod_municipio_ibge":4300554,"m_fiscal":0.5369,"tipo_imovel":"IRU"}},{"type":"Feature","id":"sicar_imoveis_rs.13675890","geometry":{"type":"MultiPolygon","coordinates":[[[[-52.97965316,-28.84611079],[-52.97984189,-28.8460476],[-52.97999095,-28.84604114],[-52.980106,-28.84607117],[-52.98021278,-28.84610748],[-52.98037894,-28.84617996],[-52.98050919,-28.84625292],[-52.98063518,-28.84635708],[-52.98077901,-28.8464919],[-52.98089711,-28.8465769],[-52.97839262,-28.84697382],[-52.97823024,-28.84682764],[-52.97816088,-28.84679851],[-52.97763498,-28.84593635],[-52.97695746,-28.84481848],[-52.97732653,-28.84439878],[-52.97756419,-28.84410817],[-52.97774198,-28.84396211],[-52.9781443,-28.84378019],[-52.97859765,-28.84359359],[-52.97965316,-28.84611079]]]]},"geometry_name":"geo_area_imovel","properties":{"cod_imovel":"RS-4300554-A8A57BAA0D444529ACB1967B70B47D2B","status_imovel":"AT","dat_criacao":"2024-12-23T14:23:22.952Z","area":6.5531,"condicao":"Aguardando análise","uf":"RS","municipio":"Alto Alegre","cod_municipio_ibge":4300554,"m_fiscal":0.3641,"tipo_imovel":"IRU"}},{"type":"Feature","id":"sicar_imoveis_rs.13679657","geometry":{"type":"MultiPolygon","coordinates":[[[[-52.95862157,-28.84455298],[-52.95882126,-28.84610348],[-52.96042396,-28.84614345],[-52.96049052,-28.84664617],[-52.96027978,-28.84784829],[-52.95351525,-28.84776638],[-52.95268937,-28.84811773],[-52.95212909,-28.84777791],[-52.95179058,-28.84752663],[-52.9516914,-28.84715009],[-52.95171107,-28.84694489],[-52.95174334,-28.84676209],[-52.95183155,-28.84644525],[-52.95165826,-28.84616224],[-52.95157546,-28.8460471],[-52.95095372,-28.84594819],[-52.95083979,-28.84580335],[-52.95090279,-28.84550924],[-52.95090182,-28.84518767],[-52.95084158,-28.84486412],[-52.95067222,-28.84447851],[-52.95862157,-28.84455298]]]]},"geometry_name":"geo_area_imovel","properties":{"cod_imovel":"RS-4300554-2A0496D77F014A14A6AB820D6161360A","status_imovel":"AT","dat_criacao":"2024-12-26T18:07:10.400Z","area":29.4924,"condicao":"Aguardando análise","uf":"RS","municipio":"Alto Alegre","cod_municipio_ibge":4300554,"m_fiscal":1.6385,"tipo_imovel":"IRU"}},{"type":"Feature","id":"sicar_imoveis_rs.13760069","geometry":{"type":"MultiPolygon","coordinates":[[[[-53.03320399,-28.81221823],[-53.0236776,-28.80420878],[-53.02368961,-28.80442143],[-53.02365008,-28.80455971],[-53.02362007,-28.80472052],[-53.02357489,-28.80492949],[-53.02357405,-28.80508791],[-53.02354004,-28.80525637],[-53.02348794,-28.80543715],[-53.02338323,-28.80566363],[-53.02338449,-28.80589931],[-53.02337223,-28.80615936],[-53.03250285,-28.8127727],[-53.03320399,-28.81221823]]]]},"geometry_name":"geo_area_imovel","properties":{"cod_imovel":"RS-4300554-8B047FEC72A940669A7BDDFC2432E2B6","status_imovel":"AT","dat_criacao":"2025-01-22T19:50:40.622Z","area":16.6178,"condicao":"Aguardando análise","uf":"RS","municipio":"Alto Alegre","cod_municipio_ibge":4300554,"m_fiscal":0.9232,"tipo_imovel":"IRU"}},{"type":"Feature","id":"sicar_imoveis_rs.13760146","geometry":{"type":"MultiPolygon","coordinates":[[[[-53.02997115,-28.81337154],[-53.02442129,-28.80932384],[-53.02234403,-28.81012856],[-53.02306238,-28.81143829],[-53.02317912,-28.81162087],[-53.02336125,-28.81181304],[-53.02347476,-28.8119171],[-53.02359807,-28.81199533],[-53.02435783,-28.81234049],[-53.02472674,-28.81252231],[-53.02514571,-28.81271999],[-53.02541239,-28.81284894],[-53.02556222,-28.81296756],[-53.0256856,-28.81313795],[-53.02579684,-28.8133901],[-53.02590814,-28.81364528],[-53.02607537,-28.81395401],[-53.02637447,-28.81442846],[-53.02655216,-28.81465696],[-53.02660987,-28.81471077],[-53.02745589,-28.81375937],[-53.02809107,-28.81403897],[-53.02997115,-28.81337154]]]]},"geometry_name":"geo_area_imovel","properties":{"cod_imovel":"RS-4300554-48F253573D4D4945BDF5C9930BFB2A51","status_imovel":"AT","dat_criacao":"2025-01-22T20:20:03.950Z","area":17.8975,"condicao":"Aguardando análise","uf":"RS","municipio":"Alto Alegre","cod_municipio_ibge":4300554,"m_fiscal":0.9943,"tipo_imovel":"IRU"}},{"type":"Feature","id":"sicar_imoveis_rs.13773047","geometry":{"type":"MultiPolygon","coordinates":[[[[-52.99180269,-28.76303191],[-52.98967838,-28.7612073],[-52.98920631,-28.76171519],[-52.99122334,-28.76350216],[-52.9933691,-28.76534553],[-52.99394846,-28.76483767],[-52.99180269,-28.76303191]]]]},"geometry_name":"geo_area_imovel","properties":{"cod_imovel":"RS-4300554-8A28D8045E4D47CA95CAF941C791C84D","status_imovel":"AT","dat_criacao":"2025-01-27T16:14:10.142Z","area":4.4043,"condicao":"Aguardando análise","uf":"RS","municipio":"Alto Alegre","cod_municipio_ibge":4300554,"m_fiscal":0.2447,"tipo_imovel":"IRU"}},{"type":"Feature","id":"sicar_imoveis_rs.13993481","geometry":{"type":"MultiPolygon","coordinates":[[[[-53.00171008,-28.77411803],[-53.0019404,-28.77410545],[-53.00202899,-28.77409636],[-53.00217514,-28.77400113],[-53.00236146,-28.77388418],[-53.00258793,-28.77383584],[-53.00283824,-28.773761],[-53.00305521,-28.77375009],[-53.00318354,-28.77372455],[-53.00335315,-28.77368327],[-53.00344367,-28.77366341],[-53.00356414,-28.77360661],[-53.00370163,-28.77362709],[-53.00377815,-28.77358062],[-53.00391602,-28.77359708],[-53.00398772,-28.77353971],[-53.00414425,-28.77352633],[-53.00427339,-28.77352434],[-53.00434313,-28.773425],[-53.00460361,-28.77328729],[-53.00463751,-28.77311136],[-53.00528093,-28.77288573],[-53.0055242,-28.77282],[-53.00564355,-28.77273583],[-53.00600039,-28.77263024],[-53.00586295,-28.77284701],[-53.00584448,-28.77308953],[-53.00568633,-28.7734331],[-53.00558179,-28.77367239],[-53.00539743,-28.7738479],[-53.00514308,-28.77398519],[-53.00481267,-28.77400711],[-53.00462414,-28.77403378],[-53.00448761,-28.77423709],[-53.00440825,-28.77442815],[-53.00423774,-28.77471873],[-53.00411748,-28.77500054],[-53.00399936,-28.77513078],[-53.00393371,-28.77530294],[-53.00388642,-28.7754712],[-53.00383689,-28.77577367],[-53.00375897,-28.7760198],[-53.00368155,-28.77630994],[-53.00369992,-28.77642247],[-53.0036298,-28.77660513],[-53.00358634,-28.77682745],[-53.00348541,-28.7770143],[-53.00336355,-28.77723677],[-53.00334867,-28.77735593],[-53.00327151,-28.77748958],[-53.00314082,-28.77763492],[-53.00285594,-28.777862],[-53.00267023,-28.77807633],[-53.00260797,-28.77814596],[-53.00247126,-28.7782715],[-53.00230958,-28.77845967],[-53.00217494,-28.77858069],[-53.00139562,-28.77832656],[-53.00154288,-28.77785819],[-53.00125627,-28.77778248],[-53.00088629,-28.77771074],[-53.00040717,-28.77755901],[-53.00171008,-28.77411803]]]]},"geometry_name":"geo_area_imovel","properties":{"cod_imovel":"RS-4300554-657A599B6A8546A9B5CC352F75EC2105","status_imovel":"AT","dat_criacao":"2025-03-28T19:01:28.655Z","area":14.2694,"condicao":"Aguardando análise","uf":"RS","municipio":"Alto Alegre","cod_municipio_ibge":4300554,"m_fiscal":0.7927,"tipo_imovel":"IRU"}},{"type":"Feature","id":"sicar_imoveis_rs.14006834","geometry":{"type":"MultiPolygon","coordinates":[[[[-52.95542999,-28.76074545],[-52.95533032,-28.7606225],[-52.95514689,-28.76039623],[-52.95500426,-28.76020518],[-52.94788092,-28.76258473],[-52.94788652,-28.76259781],[-52.94800098,-28.76287368],[-52.94823096,-28.76342799],[-52.95542999,-28.76074545]]]]},"geometry_name":"geo_area_imovel","properties":{"cod_imovel":"RS-4300554-CDCB15A059994471BD364E886A3152E8","status_imovel":"AT","dat_criacao":"2025-04-02T20:45:03.777Z","area":6.423,"condicao":"Aguardando análise","uf":"RS","municipio":"Alto Alegre","cod_municipio_ibge":4300554,"m_fiscal":0.3568,"tipo_imovel":"IRU"}},{"type":"Feature","id":"sicar_imoveis_rs.14011313","geometry":{"type":"MultiPolygon","coordinates":[[[[-52.97116837,-28.84297426],[-52.9712399,-28.84325757],[-52.97138706,-28.84350508],[-52.97167359,-28.84360604],[-52.9719944,-28.84385732],[-52.97200603,-28.84410338],[-52.9719465,-28.84445637],[-52.97206053,-28.84469868],[-52.97218242,-28.8449878],[-52.97236773,-28.84516903],[-52.97248517,-28.84540112],[-52.97260185,-28.84561785],[-52.97255082,-28.8459445],[-52.97266277,-28.84619793],[-52.97287676,-28.84630179],[-52.97303852,-28.84648982],[-52.97303969,-28.84649647],[-52.97304416,-28.84670193],[-52.97304,-28.84672345],[-52.9730385,-28.84698432],[-52.97299818,-28.84720571],[-52.97299441,-28.84745218],[-52.97308197,-28.84776241],[-52.96923217,-28.84780307],[-52.9685032,-28.84571007],[-52.96671599,-28.84561775],[-52.96676592,-28.845344],[-52.96681924,-28.84513267],[-52.96680243,-28.84486707],[-52.96677452,-28.8446411],[-52.96662039,-28.84439748],[-52.97116837,-28.84297426]]]]},"geometry_name":"geo_area_imovel","properties":{"cod_imovel":"RS-4300554-2984609D1B8747F5A09D9D2EC84859EA","status_imovel":"AT","dat_criacao":"2025-04-03T17:34:02.937Z","area":21.043,"condicao":"Aguardando análise","uf":"RS","municipio":"Alto Alegre","cod_municipio_ibge":4300554,"m_fiscal":1.1691,"tipo_imovel":"IRU"}},{"type":"Feature","id":"sicar_imoveis_rs.14057928","geometry":{"type":"MultiPolygon","coordinates":[[[[-53.02043009,-28.76779963],[-53.01963312,-28.7677994],[-53.01890596,-28.76828152],[-53.01867278,-28.76863778],[-53.01780629,-28.76935851],[-53.01902358,-28.77034306],[-53.01678415,-28.7727172],[-53.01634785,-28.772256],[-53.01593105,-28.7721708],[-53.01482321,-28.77118938],[-53.01410196,-28.77096801],[-53.01415014,-28.77071934],[-53.01490201,-28.77003741],[-53.01679885,-28.76882631],[-53.01360369,-28.76493172],[-53.01418304,-28.76431099],[-53.0147624,-28.76410408],[-53.01553421,-28.76383165],[-53.01611491,-28.76383159],[-53.0165018,-28.76384212],[-53.01694705,-28.76380718],[-53.01739391,-28.76379543],[-53.01792335,-28.7638634],[-53.01825148,-28.76398278],[-53.01863915,-28.764157],[-53.01889408,-28.76442727],[-53.01935432,-28.76567564],[-53.0197867,-28.76628402],[-53.0203909,-28.76721066],[-53.02043009,-28.76779963]]]]},"geometry_name":"geo_area_imovel","properties":{"cod_imovel":"RS-4300554-E324828762124719881279B5F46D3788","status_imovel":"AT","dat_criacao":"2025-04-16T17:11:50.696Z","area":35.0053,"condicao":"Aguardando análise","uf":"RS","municipio":"Alto Alegre","cod_municipio_ibge":4300554,"m_fiscal":1.9447,"tipo_imovel":"IRU"}},{"type":"Feature","id":"sicar_imoveis_rs.14078378","geometry":{"type":"MultiPolygon","coordinates":[[[[-52.95248653,-28.84257455],[-52.95234558,-28.84303347],[-52.95222181,-28.84343065],[-52.95202288,-28.84395346],[-52.95202432,-28.84404526],[-52.9521328,-28.84428329],[-52.95221829,-28.84447368],[-52.95173939,-28.84448264],[-52.95115007,-28.84449453],[-52.95076917,-28.84450672],[-52.95051465,-28.84441404],[-52.95025016,-28.84430801],[-52.94982593,-28.84435965],[-52.94951907,-28.84439716],[-52.94904676,-28.84446242],[-52.94870641,-28.84450001],[-52.94910003,-28.84541097],[-52.94835945,-28.84551997],[-52.94772648,-28.84560087],[-52.94715834,-28.84566668],[-52.94639224,-28.84575209],[-52.94583975,-28.84580516],[-52.9453715,-28.84585548],[-52.94539478,-28.84571227],[-52.94554681,-28.84545197],[-52.94568134,-28.84523906],[-52.94580256,-28.84493416],[-52.94588046,-28.84461079],[-52.94590301,-28.84439991],[-52.94589639,-28.84415559],[-52.94589562,-28.84369062],[-52.94589248,-28.84323178],[-52.94587162,-28.84273369],[-52.94585281,-28.84241174],[-52.94586595,-28.84210006],[-52.94590356,-28.84189359],[-52.94604684,-28.84195335],[-52.9464244,-28.84208029],[-52.94665933,-28.84215114],[-52.94767181,-28.84246787],[-52.94823718,-28.84264187],[-52.94859152,-28.8427534],[-52.94914807,-28.8429058],[-52.94948618,-28.84299395],[-52.94974862,-28.84258223],[-52.9505047,-28.84251471],[-52.95137156,-28.84251484],[-52.95171086,-28.84251984],[-52.95248653,-28.84257455]]]]},"geometry_name":"geo_area_imovel","properties":{"cod_imovel":"RS-4300554-413A917B14214B098E7EE43021210A4D","status_imovel":"AT","dat_criacao":"2025-04-24T19:36:45.307Z","area":17.4651,"condicao":"Aguardando análise","uf":"RS","municipio":"Alto Alegre","cod_municipio_ibge":4300554,"m_fiscal":0.9703,"tipo_imovel":"IRU"}},{"type":"Feature","id":"sicar_imoveis_rs.14078544","geometry":{"type":"MultiPolygon","coordinates":[[[[-52.94995423,-28.86082108],[-52.94994647,-28.86141755],[-52.94912791,-28.86171294],[-52.94830275,-28.86200692],[-52.94757273,-28.86225343],[-52.94694648,-28.86247294],[-52.94665224,-28.86258362],[-52.94614602,-28.86250883],[-52.94545526,-28.86243333],[-52.94561298,-28.86216682],[-52.94580059,-28.86185195],[-52.94603456,-28.86146576],[-52.94654402,-28.86175078],[-52.94698005,-28.86196545],[-52.94750536,-28.86176379],[-52.94819247,-28.86150293],[-52.94878842,-28.86127458],[-52.949374,-28.86104482],[-52.94995423,-28.86082108]]]]},"geometry_name":"geo_area_imovel","properties":{"cod_imovel":"RS-4300554-4CFC08F6EF914533AB5C58CEF5BEB1C7","status_imovel":"AT","dat_criacao":"2025-04-24T20:11:39.383Z","area":2.9116,"condicao":"Aguardando análise","uf":"RS","municipio":"Alto Alegre","cod_municipio_ibge":4300554,"m_fiscal":0.1618,"tipo_imovel":"IRU"}},{"type":"Feature","id":"sicar_imoveis_rs.14395019","geometry":{"type":"MultiPolygon","coordinates":[[[[-52.98910632,-28.75280403],[-52.98712492,-28.7514442],[-52.98743788,-28.75078005],[-52.98811816,-28.75013485],[-52.98912048,-28.75087983],[-52.99009629,-28.75213704],[-52.98910632,-28.75280403]]]]},"geometry_name":"geo_area_imovel","properties":{"cod_imovel":"RS-4300554-5E4A1B20039849328D1DDBB81D8021FE","status_imovel":"AT","dat_criacao":"2025-07-07T12:13:31.350Z","area":4.3466,"condicao":"Aguardando análise","uf":"RS","municipio":"Alto Alegre","cod_municipio_ibge":4300554,"m_fiscal":0.2415,"tipo_imovel":"IRU"}},{"type":"Feature","id":"sicar_imoveis_rs.14395573","geometry":{"type":"MultiPolygon","coordinates":[[[[-52.98742533,-28.75990937],[-52.98798323,-28.7604925],[-52.98934648,-28.76196269],[-52.98923388,-28.76205588],[-52.98285484,-28.7587431],[-52.98555851,-28.75780255],[-52.98742533,-28.75990937]]]]},"geometry_name":"geo_area_imovel","properties":{"cod_imovel":"RS-4300554-2144CBA7CA18419897518E32181AFB8E","status_imovel":"AT","dat_criacao":"2025-07-07T14:34:24.186Z","area":8.4382,"condicao":"Aguardando análise","uf":"RS","municipio":"Alto Alegre","cod_municipio_ibge":4300554,"m_fiscal":0.4688,"tipo_imovel":"IRU"}},{"type":"Feature","id":"sicar_imoveis_rs.14396859","geometry":{"type":"MultiPolygon","coordinates":[[[[-53.0484586,-28.8172826],[-53.04901249,-28.81749252],[-53.05032755,-28.81801418],[-53.05158203,-28.81853267],[-53.0531188,-28.81928257],[-53.05301228,-28.81974937],[-53.05325448,-28.8206625],[-53.05376871,-28.82059901],[-53.05402337,-28.82030747],[-53.05445164,-28.82044408],[-53.05466378,-28.82079781],[-53.05467225,-28.82080763],[-53.05715914,-28.82079332],[-53.05575112,-28.82103611],[-53.0548499,-28.82163531],[-53.0546992,-28.82180177],[-53.05397343,-28.8221781],[-53.05336186,-28.8224665],[-53.0522676,-28.82172238],[-53.05216461,-28.82138765],[-53.05089984,-28.82102987],[-53.04967726,-28.8206707],[-53.04882052,-28.82018381],[-53.0475021,-28.81891407],[-53.0484586,-28.8172826]]]]},"geometry_name":"geo_area_imovel","properties":{"cod_imovel":"RS-4300554-4809C541C75145F0A6F9AEDFEAF58489","status_imovel":"AT","dat_criacao":"2025-07-07T19:16:20.272Z","area":19.0874,"condicao":"Aguardando análise","uf":"RS","municipio":"Alto Alegre","cod_municipio_ibge":4300554,"m_fiscal":1.0604,"tipo_imovel":"IRU"}},{"type":"Feature","id":"sicar_imoveis_rs.14397018","geometry":{"type":"MultiPolygon","coordinates":[[[[-53.0456752,-28.81191408],[-53.04615124,-28.81421007],[-53.04721405,-28.81374199],[-53.04829712,-28.81395663],[-53.05177293,-28.81470905],[-53.05190458,-28.81468078],[-53.05384853,-28.81509887],[-53.05506072,-28.81706617],[-53.05553793,-28.81777123],[-53.05574596,-28.81817786],[-53.0563362,-28.81855283],[-53.05660069,-28.81887464],[-53.05704714,-28.81956381],[-53.05711891,-28.82002794],[-53.05721897,-28.82048302],[-53.05710773,-28.82077703],[-53.05466935,-28.82074394],[-53.05449439,-28.82040151],[-53.05401647,-28.82020069],[-53.05372972,-28.82056785],[-53.05335288,-28.82058961],[-53.05323989,-28.82058748],[-53.05305366,-28.81968725],[-53.05315482,-28.81926156],[-53.0516876,-28.81853093],[-53.04797836,-28.81704702],[-53.04761689,-28.8167421],[-53.04726345,-28.81619902],[-53.04671056,-28.8160356],[-53.04599944,-28.81580786],[-53.04563958,-28.81565227],[-53.04513483,-28.81578574],[-53.04472268,-28.81537666],[-53.04442388,-28.8154288],[-53.04359213,-28.81267023],[-53.0456752,-28.81191408]]]]},"geometry_name":"geo_area_imovel","properties":{"cod_imovel":"RS-4300554-48ED9F757B8D4C4E8EC702852F278E6D","status_imovel":"AT","dat_criacao":"2025-07-07T19:53:42.525Z","area":48.0003,"condicao":"Aguardando análise","uf":"RS","municipio":"Alto Alegre","cod_municipio_ibge":4300554,"m_fiscal":2.6667,"tipo_imovel":"IRU"}},{"type":"Feature","id":"sicar_imoveis_rs.14429209","geometry":{"type":"MultiPolygon","coordinates":[[[[-53.00546513,-28.75752153],[-53.00495724,-28.75745849],[-53.00425461,-28.75720506],[-53.00400072,-28.75708131],[-53.00380427,-28.75698555],[-53.00338089,-28.75672924],[-53.00327325,-28.75665279],[-53.0031331,-28.75650723],[-53.00199004,-28.75730935],[-53.00158746,-28.75714627],[-53.0015566,-28.75719533],[-53.00146196,-28.7571491],[-53.00127961,-28.757079],[-53.00089413,-28.75696699],[-53.00027653,-28.75679638],[-52.99989999,-28.75669423],[-52.99940143,-28.75658123],[-52.99923277,-28.75654636],[-52.99909151,-28.75652995],[-52.99491806,-28.75888173],[-52.99435989,-28.75948747],[-52.99362421,-28.76031633],[-52.99299653,-28.76096392],[-52.99264164,-28.76134686],[-52.9943336,-28.7626874],[-52.99639438,-28.76051171],[-52.99726887,-28.76177391],[-52.99774617,-28.76152607],[-52.99809602,-28.76134165],[-52.99919232,-28.76078588],[-52.99972149,-28.76048504],[-53.00029801,-28.76022629],[-53.0013625,-28.75965688],[-53.00219633,-28.75922291],[-53.00266401,-28.75898863],[-53.00336043,-28.75859967],[-53.00346306,-28.75856768],[-53.00546513,-28.75752153]]]]},"geometry_name":"geo_area_imovel","properties":{"cod_imovel":"RS-4300554-A98D5190047F4A01977CD29B458A4FED","status_imovel":"AT","dat_criacao":"2025-07-14T18:17:35.175Z","area":36.1003,"condicao":"Aguardando análise","uf":"RS","municipio":"Alto Alegre","cod_municipio_ibge":4300554,"m_fiscal":2.0056,"tipo_imovel":"IRU"}},{"type":"Feature","id":"sicar_imoveis_rs.14432235","geometry":{"type":"MultiPolygon","coordinates":[[[[-52.93886542,-28.77841549],[-52.9390052,-28.77833341],[-52.93931163,-28.77839282],[-52.93938937,-28.77851309],[-52.93947144,-28.77863702],[-52.93949716,-28.77875124],[-52.93951117,-28.77889183],[-52.93951298,-28.77896386],[-52.93957031,-28.77903093],[-52.93971958,-28.77915531],[-52.9399011,-28.77929195],[-52.94013499,-28.77944014],[-52.9402561,-28.77947908],[-52.94048955,-28.7795394],[-52.94075933,-28.77952645],[-52.94088091,-28.77955227],[-52.93957747,-28.78030498],[-52.9376961,-28.78143681],[-52.93586237,-28.78252981],[-52.93197794,-28.78494939],[-52.93189693,-28.78514426],[-52.93176026,-28.78522821],[-52.93160981,-28.78539915],[-52.93147005,-28.78551914],[-52.93122518,-28.7856176],[-52.93102648,-28.7855562],[-52.93074347,-28.78543657],[-52.9304417,-28.7853026],[-52.93024313,-28.78501722],[-52.93000769,-28.78440828],[-52.92985797,-28.7840111],[-52.92988672,-28.78383479],[-52.93339841,-28.78170934],[-52.93567865,-28.78033556],[-52.93708,-28.77949279],[-52.93886542,-28.77841549]]]]},"geometry_name":"geo_area_imovel","properties":{"cod_imovel":"RS-4300554-34BDABB6A4E64EDDB9ADBB564A16CD73","status_imovel":"AT","dat_criacao":"2025-07-15T12:52:08.479Z","area":24.3226,"condicao":"Aguardando análise","uf":"RS","municipio":"Alto Alegre","cod_municipio_ibge":4300554,"m_fiscal":1.3513,"tipo_imovel":"IRU"}},{"type":"Feature","id":"sicar_imoveis_rs.14437058","geometry":{"type":"MultiPolygon","coordinates":[[[[-53.00306178,-28.75643315],[-53.0028694,-28.75626921],[-53.00270188,-28.75611097],[-53.00255646,-28.75598041],[-53.00243381,-28.7558685],[-53.00210749,-28.75559477],[-53.00199535,-28.75551942],[-53.00184562,-28.75540298],[-53.00171834,-28.75533238],[-53.00151767,-28.75522833],[-53.00127426,-28.75512985],[-53.001029,-28.75504809],[-53.00088035,-28.7550035],[-53.00067039,-28.75497934],[-53.00045671,-28.75494311],[-53.00025232,-28.75490316],[-53.00001913,-28.75488365],[-52.99974878,-28.75485671],[-52.9993976,-28.75481026],[-52.99912539,-28.75475544],[-52.99905292,-28.75473129],[-52.99898975,-28.75472943],[-52.99884575,-28.75475359],[-52.99876957,-28.75473594],[-52.99871196,-28.754722],[-52.99867294,-28.75471085],[-52.99862556,-28.75470249],[-52.99853266,-28.75470528],[-52.99829947,-28.75471271],[-52.99807464,-28.75471178],[-52.99787025,-28.75471364],[-52.99740805,-28.7546565],[-52.99721667,-28.75464164],[-52.99700439,-28.75464117],[-52.99679071,-28.75461516],[-52.996525,-28.75456313],[-52.99628531,-28.75450925],[-52.99609811,-28.75447627],[-52.99585841,-28.75446419],[-52.99559782,-28.75444236],[-52.99528984,-28.75441402],[-52.99483461,-28.75433598],[-52.99455218,-28.75429511],[-52.99427718,-28.75427281],[-52.99403331,-28.75424355],[-52.99382195,-28.75422636],[-52.99351165,-28.75419663],[-52.99310287,-28.75412974],[-52.99272336,-28.75405588],[-52.99257843,-28.75402429],[-52.99238194,-28.75395322],[-52.99218498,-28.75390677],[-52.9919713,-28.75384545],[-52.99175948,-28.7537637],[-52.99165636,-28.75371725],[-52.99155788,-28.7537061],[-52.99144639,-28.75370517],[-52.99139901,-28.75371074],[-52.99135674,-28.75373304],[-52.99127684,-28.75378971],[-52.99121924,-28.75384638],[-52.99117511,-28.75387286],[-52.99111008,-28.75387565],[-52.99097258,-28.75383756],[-52.99086203,-28.7537911],[-52.99071988,-28.75370099],[-52.99060468,-28.75360437],[-52.99058331,-28.75358393],[-52.99057193,-28.7535758],[-52.99055823,-28.75357185],[-52.99054754,-28.75357394],[-52.99053825,-28.75357928],[-52.99052083,-28.75360599],[-52.99048971,-28.75366034],[-52.99046556,-28.75369193],[-52.99043397,-28.75371144],[-52.9904191,-28.75372166],[-52.99040424,-28.75372166],[-52.99038008,-28.75370865],[-52.99034478,-28.75368357],[-52.99028439,-28.75364362],[-52.99019056,-28.75357952],[-52.99013389,-28.75354886],[-52.99007257,-28.75352656],[-52.9900224,-28.75353121],[-52.9899806,-28.7535535],[-52.98991185,-28.75365756],[-52.98988398,-28.75371701],[-52.98985239,-28.75375139],[-52.98982266,-28.75377554],[-52.98974648,-28.75380992],[-52.98969817,-28.75385823],[-52.98965915,-28.75391118],[-52.98958761,-28.75403753],[-52.98949564,-28.75423635],[-52.98946591,-28.75435991],[-52.98945406,-28.75444631],[-52.99490212,-28.75889903],[-52.99491806,-28.75888173],[-52.99909151,-28.75652995],[-52.99923277,-28.75654636],[-52.99940143,-28.75658123],[-52.99989999,-28.75669423],[-53.00027653,-28.75679638],[-53.00089413,-28.75696699],[-53.00127961,-28.757079],[-53.00146196,-28.7571491],[-53.0015566,-28.75719533],[-53.00158746,-28.75714627],[-53.00199004,-28.75730935],[-53.0031331,-28.75650723],[-53.00306178,-28.75643315]]]]},"geometry_name":"geo_area_imovel","properties":{"cod_imovel":"RS-4300554-2C9954434DF44BB59C723F160DEF4E34","status_imovel":"AT","dat_criacao":"2025-07-16T00:48:31.497Z","area":37.1113,"condicao":"Aguardando análise","uf":"RS","municipio":"Alto Alegre","cod_municipio_ibge":4300554,"m_fiscal":2.0617,"tipo_imovel":"IRU"}},{"type":"Feature","id":"sicar_imoveis_rs.14486973","geometry":{"type":"MultiPolygon","coordinates":[[[[-52.96097935,-28.85855238],[-52.95822144,-28.85835586],[-52.95817852,-28.85777327],[-52.95684814,-28.85777327],[-52.95796394,-28.85410856],[-52.95914412,-28.85412736],[-52.96031572,-28.85390913],[-52.96154737,-28.85380786],[-52.96272755,-28.8539958],[-52.9625988,-28.85844982],[-52.96097935,-28.85855238]]]]},"geometry_name":"geo_area_imovel","properties":{"cod_imovel":"RS-4304101-4889A8A012D547748004B858B1B8643D","status_imovel":"AT","dat_criacao":"2025-07-25T12:03:56.230Z","area":24.8949,"condicao":"Aguardando análise","uf":"RS","municipio":"Alto Alegre","cod_municipio_ibge":4300554,"m_fiscal":1.383,"tipo_imovel":"IRU"}},{"type":"Feature","id":"sicar_imoveis_rs.14576133","geometry":{"type":"MultiPolygon","coordinates":[[[[-52.98244398,-28.8360114],[-52.98242058,-28.83678065],[-52.9808156,-28.83732637],[-52.98021685,-28.83713738],[-52.98002829,-28.83639611],[-52.97954405,-28.83649039],[-52.97928909,-28.83625147],[-52.97971859,-28.83610707],[-52.97988378,-28.83624695],[-52.98059372,-28.83626163],[-52.98067566,-28.83581429],[-52.98244398,-28.8360114]]]]},"geometry_name":"geo_area_imovel","properties":{"cod_imovel":"RS-4300554-B31F90D743154F17BD913984FF2BAF88","status_imovel":"AT","dat_criacao":"2025-08-13T21:17:01.879Z","area":2.9811,"condicao":"Aguardando análise","uf":"RS","municipio":"Alto Alegre","cod_municipio_ibge":4300554,"m_fiscal":0.1656,"tipo_imovel":"IRU"}},{"type":"Feature","id":"sicar_imoveis_rs.14614096","geometry":{"type":"MultiPolygon","coordinates":[[[[-52.99981879,-28.80815623],[-52.9908289,-28.80416476],[-52.9896,-28.80561495],[-52.98923537,-28.80542845],[-52.98877053,-28.8052183],[-52.98861048,-28.80569845],[-52.98851306,-28.80604917],[-52.98842399,-28.8064138],[-52.98826255,-28.80682854],[-52.98811503,-28.80712497],[-52.99395195,-28.80980822],[-52.99399092,-28.80964817],[-52.99403824,-28.80955632],[-52.99413357,-28.80944289],[-52.99421707,-28.80938444],[-52.99431728,-28.80931068],[-52.99439243,-28.80923552],[-52.99450794,-28.80914506],[-52.99458867,-28.80910887],[-52.99466799,-28.80908661],[-52.99479882,-28.8090532],[-52.99487884,-28.80901076],[-52.99498183,-28.80894813],[-52.99505977,-28.80882148],[-52.99509317,-28.80876025],[-52.99512935,-28.8087171],[-52.99521703,-28.80862386],[-52.995272,-28.80852435],[-52.99533463,-28.80837961],[-52.99981879,-28.80815623]]]]},"geometry_name":"geo_area_imovel","properties":{"cod_imovel":"RS-4300554-B9E2B3379AD2482D9159F8F3108FB8DD","status_imovel":"AT","dat_criacao":"2025-08-21T18:41:13.166Z","area":31.4788,"condicao":"Aguardando análise","uf":"RS","municipio":"Alto Alegre","cod_municipio_ibge":4300554,"m_fiscal":1.7488,"tipo_imovel":"IRU"}},{"type":"Feature","id":"sicar_imoveis_rs.14644196","geometry":{"type":"MultiPolygon","coordinates":[[[[-53.05151916,-28.80364456],[-53.05196667,-28.80143487],[-53.05423074,-28.80111291],[-53.05515847,-28.80110647],[-53.05706389,-28.80078553],[-53.05813922,-28.80070102],[-53.0599414,-28.80054783],[-53.06166463,-28.80035559],[-53.06165208,-28.80044147],[-53.06134871,-28.8008928],[-53.06218729,-28.80106873],[-53.0621017,-28.80157954],[-53.0611983,-28.80182441],[-53.05151916,-28.80364456]]]]},"geometry_name":"geo_area_imovel","properties":{"cod_imovel":"RS-4300554-62D91A8BFB174C5B9B8D42F996571FF6","status_imovel":"AT","dat_criacao":"2025-08-28T18:04:19.817Z","area":19.4236,"condicao":"Aguardando análise","uf":"RS","municipio":"Alto Alegre","cod_municipio_ibge":4300554,"m_fiscal":1.0791,"tipo_imovel":"IRU"}},{"type":"Feature","id":"sicar_imoveis_rs.14661415","geometry":{"type":"MultiPolygon","coordinates":[[[[-52.94330835,-28.79981811],[-52.94307232,-28.79987452],[-52.94307232,-28.80011896],[-52.94337273,-28.80013777],[-52.94386625,-28.80165144],[-52.93654919,-28.80079589],[-52.93654919,-28.80036341],[-52.93687105,-28.7997805],[-52.94320107,-28.79934802],[-52.94330835,-28.79981811]]]]},"geometry_name":"geo_area_imovel","properties":{"cod_imovel":"RS-4300554-CEA0E020C32D4EA8BF8E601E8AE89710","status_imovel":"AT","dat_criacao":"2025-09-02T13:25:02.146Z","area":12.1381,"condicao":"Aguardando análise","uf":"RS","municipio":"Alto Alegre","cod_municipio_ibge":4300554,"m_fiscal":0.6743,"tipo_imovel":"IRU"}},{"type":"Feature","id":"sicar_imoveis_rs.14672589","geometry":{"type":"MultiPolygon","coordinates":[[[[-53.02589777,-28.83156539],[-53.02563967,-28.83134901],[-53.02993983,-28.82700315],[-53.03084043,-28.82615147],[-53.03167344,-28.82721065],[-53.03038991,-28.82938214],[-53.02977293,-28.82976247],[-53.02717159,-28.83264718],[-53.02589777,-28.83156539]]]]},"geometry_name":"geo_area_imovel","properties":{"cod_imovel":"RS-4300554-00A90C7F05804CDCAA58CD90D379F2E5","status_imovel":"AT","dat_criacao":"2025-09-04T12:30:07.572Z","area":14.2083,"condicao":"Aguardando análise","uf":"RS","municipio":"Alto Alegre","cod_municipio_ibge":4300554,"m_fiscal":0.7894,"tipo_imovel":"IRU"}},{"type":"Feature","id":"sicar_imoveis_rs.14672827","geometry":{"type":"MultiPolygon","coordinates":[[[[-53.06070166,-28.80440843],[-53.06026597,-28.80513081],[-53.05999788,-28.80565765],[-53.05986602,-28.80606259],[-53.0534681,-28.8069372],[-53.05200059,-28.8071658],[-53.05105534,-28.80729753],[-53.05031348,-28.80735684],[-53.04873631,-28.80759442],[-53.04801294,-28.8078282],[-53.04769371,-28.80784534],[-53.04757387,-28.80729227],[-53.04756534,-28.8068118],[-53.04734647,-28.80503662],[-53.04833552,-28.80486575],[-53.04898057,-28.80478967],[-53.04968609,-28.80453687],[-53.05152075,-28.80365225],[-53.05635141,-28.80274532],[-53.05886481,-28.80227474],[-53.06104366,-28.8018661],[-53.06210499,-28.80158074],[-53.0621927,-28.80163374],[-53.06219718,-28.80195853],[-53.06199881,-28.80214594],[-53.06184449,-28.80242401],[-53.06169567,-28.80287916],[-53.06152112,-28.80326618],[-53.06070166,-28.80440843]]]]},"geometry_name":"geo_area_imovel","properties":{"cod_imovel":"RS-4300554-CD1959D21DA74000B3BE62F94C261900","status_imovel":"AT","dat_criacao":"2025-09-04T13:23:21.708Z","area":52.3859,"condicao":"Aguardando análise","uf":"RS","municipio":"Alto Alegre","cod_municipio_ibge":4300554,"m_fiscal":2.9103,"tipo_imovel":"IRU"}},{"type":"Feature","id":"sicar_imoveis_rs.14673237","geometry":{"type":"MultiPolygon","coordinates":[[[[-52.94633389,-28.81346858],[-52.94792175,-28.81361899],[-52.94955254,-28.81361899],[-52.95289993,-28.8139198],[-52.95284348,-28.8148967],[-52.94639826,-28.81435223],[-52.94633389,-28.81346858]]]]},"geometry_name":"geo_area_imovel","properties":{"cod_imovel":"RS-4307500-CF293B4B8916492096C4F83F448FE11A","status_imovel":"AT","dat_criacao":"2025-09-04T14:43:52.488Z","area":6.6648,"condicao":"Aguardando análise","uf":"RS","municipio":"Alto Alegre","cod_municipio_ibge":4300554,"m_fiscal":0.3703,"tipo_imovel":"IRU"}},{"type":"Feature","id":"sicar_imoveis_rs.14687961","geometry":{"type":"MultiPolygon","coordinates":[[[[-53.02520417,-28.83125122],[-53.02493052,-28.8321574],[-53.02488592,-28.83233419],[-53.02484179,-28.83252041],[-53.02472613,-28.83293533],[-53.02457684,-28.83349335],[-53.02452525,-28.83371439],[-53.0245245,-28.83380774],[-53.02454268,-28.83392948],[-53.02456012,-28.83403653],[-53.02459202,-28.83414935],[-53.02462816,-28.83422689],[-53.02513706,-28.83490649],[-53.02525887,-28.83508471],[-53.02529417,-28.83514943],[-53.02532683,-28.83521978],[-53.0253889,-28.83539711],[-53.02542452,-28.83546886],[-53.0278009,-28.83322259],[-53.02579478,-28.83153319],[-53.02568167,-28.83145402],[-53.0255225,-28.83136232],[-53.02530355,-28.83125163],[-53.025268,-28.8312383],[-53.02524134,-28.83123708],[-53.02521791,-28.83124436],[-53.02520417,-28.83125122]]]]},"geometry_name":"geo_area_imovel","properties":{"cod_imovel":"RS-4300554-9B7062E4B00B4B788574AE9BA493362C","status_imovel":"AT","dat_criacao":"2025-09-08T14:10:27.905Z","area":7.9229,"condicao":"Aguardando análise","uf":"RS","municipio":"Alto Alegre","cod_municipio_ibge":4300554,"m_fiscal":0.4402,"tipo_imovel":"IRU"}},{"type":"Feature","id":"sicar_imoveis_rs.14687984","geometry":{"type":"MultiPolygon","coordinates":[[[[-53.02536363,-28.83552641],[-53.02523367,-28.83564925],[-53.02260463,-28.83331511],[-53.02371554,-28.83226236],[-53.02380765,-28.83219692],[-53.0239143,-28.83212582],[-53.02416153,-28.83192788],[-53.024454,-28.83170488],[-53.02486039,-28.83141402],[-53.02510509,-28.83129848],[-53.02485087,-28.83214029],[-53.02480579,-28.83231899],[-53.02476185,-28.83250443],[-53.02464644,-28.83291845],[-53.02449679,-28.83347781],[-53.02444335,-28.8337068],[-53.02444249,-28.83381221],[-53.02446148,-28.83393931],[-53.02447958,-28.83405041],[-53.02451393,-28.83417189],[-53.02455535,-28.83426078],[-53.0250677,-28.83494498],[-53.02518665,-28.83511902],[-53.02521922,-28.83517873],[-53.02524958,-28.83524411],[-53.02531194,-28.83542227],[-53.02536363,-28.83552641]]]]},"geometry_name":"geo_area_imovel","properties":{"cod_imovel":"RS-4300554-F9F5940E8B8441C0A4A908CE36750F27","status_imovel":"AT","dat_criacao":"2025-09-08T14:13:30.476Z","area":4.5962,"condicao":"Aguardando análise","uf":"RS","municipio":"Alto Alegre","cod_municipio_ibge":4300554,"m_fiscal":0.2553,"tipo_imovel":"IRU"}},{"type":"Feature","id":"sicar_imoveis_rs.14695612","geometry":{"type":"MultiPolygon","coordinates":[[[[-52.99752083,-28.78061589],[-52.9984224,-28.78022129],[-52.99870667,-28.78061278],[-52.99861136,-28.78069456],[-52.99852765,-28.78076571],[-52.9984084,-28.78084191],[-52.99832069,-28.78088062],[-52.99821255,-28.78089962],[-52.9980702,-28.78093052],[-52.99795659,-28.78095214],[-52.9979052,-28.78091267],[-52.99771789,-28.78077315],[-52.99752083,-28.78061589]]]]},"geometry_name":"geo_area_imovel","properties":{"cod_imovel":"RS-4300554-9E446E9BF1954357BEACEC610F395BDB","status_imovel":"AT","dat_criacao":"2025-09-09T18:42:00.041Z","area":0.5141,"condicao":"Aguardando análise","uf":"RS","municipio":"Alto Alegre","cod_municipio_ibge":4300554,"m_fiscal":0.0286,"tipo_imovel":"IRU"}},{"type":"Feature","id":"sicar_imoveis_rs.14714796","geometry":{"type":"MultiPolygon","coordinates":[[[[-52.99489629,-28.78863867],[-52.99533109,-28.78892858],[-52.99555357,-28.78905377],[-52.99582276,-28.78918824],[-52.99595437,-28.78927878],[-52.99624777,-28.78948276],[-52.99639302,-28.78959264],[-52.99639378,-28.78963422],[-52.99682831,-28.78995548],[-52.99755419,-28.7904901],[-52.99844708,-28.79114649],[-52.9992711,-28.79175065],[-52.99917188,-28.79194958],[-52.99896249,-28.79220696],[-52.99828175,-28.79222643],[-52.99757719,-28.79221113],[-52.9961455,-28.7922364],[-52.99506688,-28.79221705],[-52.99422909,-28.79220901],[-52.99370735,-28.79219985],[-52.99282221,-28.79218206],[-52.99188212,-28.79218525],[-52.99202185,-28.79197113],[-52.992183,-28.79172361],[-52.99234886,-28.79149502],[-52.99257121,-28.79120669],[-52.99288171,-28.79079838],[-52.99312191,-28.79049275],[-52.99342199,-28.79010898],[-52.99381937,-28.78958552],[-52.994034,-28.7893018],[-52.99426282,-28.78899581],[-52.99444863,-28.78873169],[-52.99463493,-28.78844497],[-52.99489629,-28.78863867]]]]},"geometry_name":"geo_area_imovel","properties":{"cod_imovel":"RS-4300554-C1DF89B5C5984D39B07B929ED7690725","status_imovel":"AT","dat_criacao":"2025-09-12T18:15:30.403Z","area":16.3788,"condicao":"Aguardando análise","uf":"RS","municipio":"Alto Alegre","cod_municipio_ibge":4300554,"m_fiscal":0.9099,"tipo_imovel":"IRU"}},{"type":"Feature","id":"sicar_imoveis_rs.14757776","geometry":{"type":"MultiPolygon","coordinates":[[[[-53.01613573,-28.80076865],[-53.01390334,-28.80054403],[-53.01360623,-28.80052528],[-53.01295162,-28.80038576],[-53.01271634,-28.79991317],[-53.01226733,-28.79940087],[-53.01171216,-28.79938455],[-53.01094508,-28.79950189],[-53.01024431,-28.79947271],[-53.01104087,-28.79893345],[-53.01136265,-28.79854343],[-53.01586797,-28.79859044],[-53.02016207,-28.79884064],[-53.02065007,-28.80107495],[-53.01613573,-28.80076865]]]]},"geometry_name":"geo_area_imovel","properties":{"cod_imovel":"RS-4300554-2A3387B1A22C4F3BA829C7C886FA107E","status_imovel":"AT","dat_criacao":"2025-09-22T18:39:12.040Z","area":19.3435,"condicao":"Aguardando análise","uf":"RS","municipio":"Alto Alegre","cod_municipio_ibge":4300554,"m_fiscal":1.0746,"tipo_imovel":"IRU"}},{"type":"Feature","id":"sicar_imoveis_rs.14757808","geometry":{"type":"MultiPolygon","coordinates":[[[[-53.00993443,-28.79996854],[-53.00946236,-28.8019993],[-53.00181524,-28.80199367],[-53.00186503,-28.80000787],[-53.00993443,-28.79996854]]]]},"geometry_name":"geo_area_imovel","properties":{"cod_imovel":"RS-4300554-D3BDCE4D819C47EAB5E9344F4F58FBB4","status_imovel":"AT","dat_criacao":"2025-09-22T18:42:49.249Z","area":17.0734,"condicao":"Aguardando análise","uf":"RS","municipio":"Alto Alegre","cod_municipio_ibge":4300554,"m_fiscal":0.9485,"tipo_imovel":"IRU"}},{"type":"Feature","id":"sicar_imoveis_rs.14797151","geometry":{"type":"MultiPolygon","coordinates":[[[[-52.95991659,-28.76209139],[-52.96023846,-28.76233593],[-52.96066761,-28.76250522],[-52.96124697,-28.76284381],[-52.94912338,-28.76754625],[-52.94890881,-28.76643649],[-52.95991659,-28.76209139]]]]},"geometry_name":"geo_area_imovel","properties":{"cod_imovel":"RS-4300554-9B06B01D36F4417F8255688E52E90EEB","status_imovel":"AT","dat_criacao":"2025-09-30T13:06:06.262Z","area":15.4205,"condicao":"Aguardando análise","uf":"RS","municipio":"Alto Alegre","cod_municipio_ibge":4300554,"m_fiscal":0.8567,"tipo_imovel":"IRU"}},{"type":"Feature","id":"sicar_imoveis_rs.14798648","geometry":{"type":"MultiPolygon","coordinates":[[[[-52.99254815,-28.84232667],[-52.99262635,-28.84244935],[-52.99279675,-28.84264682],[-52.99330749,-28.84309868],[-52.99303662,-28.84320581],[-52.99280965,-28.84329738],[-52.99275039,-28.84335607],[-52.99316853,-28.84358748],[-52.99347225,-28.84372247],[-52.99373683,-28.84409527],[-52.99370563,-28.84433217],[-52.9936075,-28.84462436],[-52.99359838,-28.84475206],[-52.99353391,-28.84531303],[-52.9931303,-28.8458068],[-52.99301489,-28.84594865],[-52.99296094,-28.84614009],[-52.99221317,-28.84630861],[-52.99170671,-28.84638066],[-52.99115661,-28.84643748],[-52.99106475,-28.84676812],[-52.99148834,-28.8467517],[-52.99126507,-28.8471385],[-52.99095472,-28.84764405],[-52.99069435,-28.84810573],[-52.99009804,-28.84855529],[-52.98947231,-28.84839838],[-52.98891986,-28.84817204],[-52.98885379,-28.84809738],[-52.98899933,-28.84803038],[-52.98909364,-28.8479407],[-52.98927251,-28.84772859],[-52.98947656,-28.84758604],[-52.98964569,-28.84740122],[-52.98985922,-28.84708354],[-52.98992708,-28.84678331],[-52.98995339,-28.84653122],[-52.9899076,-28.84623678],[-52.98984288,-28.84606317],[-52.98974412,-28.84593224],[-52.98971218,-28.84568673],[-52.98977328,-28.84553342],[-52.98970462,-28.84528287],[-52.98961645,-28.84509797],[-52.98952813,-28.84486851],[-52.98986571,-28.84475741],[-52.99009565,-28.84466818],[-52.99018648,-28.84461209],[-52.9904666,-28.84471811],[-52.99084186,-28.8443498],[-52.99142284,-28.84367518],[-52.99198532,-28.8430261],[-52.99254815,-28.84232667]]]]},"geometry_name":"geo_area_imovel","properties":{"cod_imovel":"RS-4300554-CBC25AE94AAF4B218F3B298AA1FD6198","status_imovel":"AT","dat_criacao":"2025-09-30T17:23:57.874Z","area":13.9466,"condicao":"Aguardando análise","uf":"RS","municipio":"Alto Alegre","cod_municipio_ibge":4300554,"m_fiscal":0.7748,"tipo_imovel":"IRU"}},{"type":"Feature","id":"sicar_imoveis_rs.14935452","geometry":{"type":"MultiPolygon","coordinates":[[[[-53.0374217,-28.81177647],[-53.03834809,-28.81268906],[-53.03934523,-28.81271288],[-53.04106951,-28.81501026],[-53.04231391,-28.81577415],[-53.04052927,-28.81630381],[-53.03993173,-28.81565121],[-53.03976811,-28.81543587],[-53.03949423,-28.81525128],[-53.03923223,-28.81490006],[-53.03891724,-28.81448159],[-53.03881543,-28.81422846],[-53.03748713,-28.81422462],[-53.035748,-28.81281054],[-53.0374217,-28.81177647]]]]},"geometry_name":"geo_area_imovel","properties":{"cod_imovel":"RS-4300554-E633598E0C074A14B62DD3340A13A656","status_imovel":"AT","dat_criacao":"2025-10-29T20:44:15.486Z","area":10.5321,"condicao":"Aguardando análise","uf":"RS","municipio":"Alto Alegre","cod_municipio_ibge":4300554,"m_fiscal":0.5851,"tipo_imovel":"IRU"}},{"type":"Feature","id":"sicar_imoveis_rs.14955240","geometry":{"type":"MultiPolygon","coordinates":[[[[-52.94228194,-28.80479176],[-52.94181039,-28.80397206],[-52.94147058,-28.80336923],[-52.94111436,-28.80272573],[-52.94062492,-28.80181085],[-52.94031014,-28.80180445],[-52.93711849,-28.80168693],[-52.9370531,-28.80166257],[-52.937029,-28.8016606],[-52.93696504,-28.80160442],[-52.93692543,-28.80153534],[-52.93689333,-28.80153761],[-52.93685264,-28.80148378],[-52.93689731,-28.80143154],[-52.93688145,-28.80135878],[-52.93676617,-28.80125309],[-52.93678504,-28.80113621],[-52.93671796,-28.80105549],[-52.93660292,-28.80099987],[-52.93654398,-28.80095231],[-52.93651747,-28.80089905],[-52.93651747,-28.80089905],[-52.9435366,-28.80151689],[-52.94361688,-28.80176503],[-52.94373625,-28.80216128],[-52.94396097,-28.80289687],[-52.94408657,-28.80329197],[-52.94418617,-28.80355115],[-52.94449726,-28.80429092],[-52.9441785,-28.80438668],[-52.94353258,-28.80453364],[-52.94228194,-28.80479176]]]]},"geometry_name":"geo_area_imovel","properties":{"cod_imovel":"RS-4300554-2A87B12E77194346BF420DA5854C05F8","status_imovel":"AT","dat_criacao":"2025-11-04T01:11:04.268Z","area":12.085,"condicao":"Aguardando análise","uf":"RS","municipio":"Alto Alegre","cod_municipio_ibge":4300554,"m_fiscal":0.6714,"tipo_imovel":"IRU"}},{"type":"Feature","id":"sicar_imoveis_rs.14956911","geometry":{"type":"MultiPolygon","coordinates":[[[[-52.97315778,-28.76946304],[-52.9736554,-28.76934494],[-52.9741319,-28.76923752],[-52.97517719,-28.7689927],[-52.97643657,-28.7686523],[-52.97748437,-28.76840595],[-52.97740277,-28.7681862],[-52.97762098,-28.76820906],[-52.9781049,-28.76822271],[-52.97790606,-28.76845955],[-52.9762345,-28.7691341],[-52.97472941,-28.7697727],[-52.97389744,-28.77010992],[-52.97301012,-28.77048804],[-52.97154918,-28.77111311],[-52.97062367,-28.7715004],[-52.97005843,-28.7717474],[-52.96992182,-28.7717087],[-52.96979963,-28.77178306],[-52.9696891,-28.77179792],[-52.969635,-28.77169619],[-52.96946887,-28.77169747],[-52.96946205,-28.77163295],[-52.96999228,-28.77125374],[-52.97031545,-28.77099851],[-52.97077521,-28.77063017],[-52.97127364,-28.7702005],[-52.97186413,-28.76974294],[-52.97315778,-28.76946304]]]]},"geometry_name":"geo_area_imovel","properties":{"cod_imovel":"RS-4300554-15C0981ADBC3489C982F85ECF54A10EB","status_imovel":"AT","dat_criacao":"2025-11-04T12:20:52.580Z","area":6.3922,"condicao":"Aguardando análise","uf":"RS","municipio":"Alto Alegre","cod_municipio_ibge":4300554,"m_fiscal":0.3551,"tipo_imovel":"IRU"}},{"type":"Feature","id":"sicar_imoveis_rs.14957095","geometry":{"type":"MultiPolygon","coordinates":[[[[-53.03021234,-28.78935376],[-53.03121028,-28.79062905],[-53.03162735,-28.7911958],[-53.03318142,-28.79300488],[-53.0338473,-28.79372289],[-53.03220899,-28.79331077],[-53.03155919,-28.79311812],[-53.02976824,-28.79257257],[-53.02898923,-28.7920957],[-53.0282817,-28.79176219],[-53.02776547,-28.79160894],[-53.02817188,-28.79124925],[-53.02854822,-28.79091323],[-53.02894094,-28.79054534],[-53.02923641,-28.79024911],[-53.02941296,-28.79008013],[-53.02964763,-28.78988938],[-53.02982209,-28.78973926],[-53.03004482,-28.78949154],[-53.03021234,-28.78935376]]]]},"geometry_name":"geo_area_imovel","properties":{"cod_imovel":"RS-4300554-547FE20756504D6C9E5C06D199A5FF2F","status_imovel":"AT","dat_criacao":"2025-11-04T12:49:17.814Z","area":10.7376,"condicao":"Aguardando análise","uf":"RS","municipio":"Alto Alegre","cod_municipio_ibge":4300554,"m_fiscal":0.5965,"tipo_imovel":"IRU"}},{"type":"Feature","id":"sicar_imoveis_rs.14959196","geometry":{"type":"MultiPolygon","coordinates":[[[[-53.0003486,-28.77965144],[-53.00014213,-28.77986305],[-52.99987716,-28.78012973],[-52.99974589,-28.78007522],[-52.99993508,-28.77980699],[-53.00011161,-28.77957337],[-53.0003486,-28.77965144]]]]},"geometry_name":"geo_area_imovel","properties":{"cod_imovel":"RS-4300554-FFA3443C83754735A4D1E0FC0015F5DF","status_imovel":"AT","dat_criacao":"2025-11-04T18:30:55.531Z","area":0.13,"condicao":"Aguardando análise","uf":"RS","municipio":"Alto Alegre","cod_municipio_ibge":4300554,"m_fiscal":0.0072,"tipo_imovel":"IRU"}},{"type":"Feature","id":"sicar_imoveis_rs.15044226","geometry":{"type":"MultiPolygon","coordinates":[[[[-53.02329104,-28.79880374],[-53.02201326,-28.79899874],[-53.02181993,-28.79993957],[-53.02336355,-28.80225735],[-53.02337188,-28.80226985],[-53.02344883,-28.8022079],[-53.02356272,-28.80208013],[-53.02370355,-28.8019879],[-53.02382605,-28.80196068],[-53.02406188,-28.80198235],[-53.02431077,-28.80204929],[-53.02446716,-28.80207235],[-53.02475744,-28.80201818],[-53.02508466,-28.80187096],[-53.02537661,-28.80172652],[-53.02547216,-28.80169513],[-53.02546077,-28.80168013],[-53.02329104,-28.79880374]]]]},"geometry_name":"geo_area_imovel","properties":{"cod_imovel":"RS-4300554-8625688FA0FC4951A32692EEA96F37B4","status_imovel":"AT","dat_criacao":"2025-11-26T18:25:36.931Z","area":7.3904,"condicao":"Aguardando análise","uf":"RS","municipio":"Alto Alegre","cod_municipio_ibge":4300554,"m_fiscal":0.4106,"tipo_imovel":"IRU"}},{"type":"Feature","id":"sicar_imoveis_rs.15044418","geometry":{"type":"MultiPolygon","coordinates":[[[[-53.02325744,-28.80238846],[-53.02318633,-28.80239929],[-53.02302716,-28.80242513],[-53.02247633,-28.80260818],[-53.02168549,-28.80289235],[-53.02119438,-28.80307152],[-53.02125133,-28.80338513],[-53.02135661,-28.80394318],[-53.02143188,-28.80443235],[-53.02149799,-28.80478902],[-53.02155494,-28.80494707],[-53.02160411,-28.80515013],[-53.02168827,-28.80556485],[-53.02184411,-28.80633457],[-53.02190467,-28.80668013],[-53.02191412,-28.80677179],[-53.02295855,-28.80586652],[-53.02320467,-28.8060454],[-53.02324189,-28.80607263],[-53.02331328,-28.80601707],[-53.0233605,-28.80595457],[-53.02337077,-28.80587207],[-53.02334994,-28.80573318],[-53.02347105,-28.80555207],[-53.02350716,-28.80539152],[-53.02361549,-28.80532263],[-53.02356938,-28.80522096],[-53.02363272,-28.80516374],[-53.02364355,-28.80513485],[-53.02358772,-28.80508374],[-53.02356466,-28.80503096],[-53.02361744,-28.80495707],[-53.02339772,-28.8047354],[-53.02234327,-28.80367818],[-53.02344716,-28.80276235],[-53.02328799,-28.80244902],[-53.02325744,-28.80238846]]]]},"geometry_name":"geo_area_imovel","properties":{"cod_imovel":"RS-4300554-EA243AAF09C94B6290A283066BB56C6A","status_imovel":"AT","dat_criacao":"2025-11-26T18:53:19.505Z","area":6.4348,"condicao":"Aguardando análise","uf":"RS","municipio":"Alto Alegre","cod_municipio_ibge":4300554,"m_fiscal":0.3575,"tipo_imovel":"IRU"}},{"type":"Feature","id":"sicar_imoveis_rs.15044422","geometry":{"type":"MultiPolygon","coordinates":[[[[-53.02019437,-28.79824291],[-53.02028076,-28.79880375],[-53.02036243,-28.7992518],[-53.02201326,-28.79899874],[-53.02329104,-28.79880374],[-53.02300798,-28.79842846],[-53.02021382,-28.7982443],[-53.02019437,-28.79824291]]]]},"geometry_name":"geo_area_imovel","properties":{"cod_imovel":"RS-4300554-8F877206B3964115932A7457C14B69D9","status_imovel":"AT","dat_criacao":"2025-11-26T18:55:47.569Z","area":2.1853,"condicao":"Aguardando análise","uf":"RS","municipio":"Alto Alegre","cod_municipio_ibge":4300554,"m_fiscal":0.1214,"tipo_imovel":"IRU"}},{"type":"Feature","id":"sicar_imoveis_rs.15053779","geometry":{"type":"MultiPolygon","coordinates":[[[[-52.99477178,-28.82101405],[-52.99440056,-28.82078981],[-52.99427641,-28.82053655],[-52.99417295,-28.82033769],[-52.99406647,-28.82015301],[-52.99427119,-28.81990375],[-52.99475195,-28.8202016],[-52.99518903,-28.82047605],[-52.9955954,-28.82072993],[-52.9951679,-28.82124573],[-52.99477178,-28.82101405]]]]},"geometry_name":"geo_area_imovel","properties":{"cod_imovel":"RS-4300554-A0C928652EE1472AAE412B3726DDC1EC","status_imovel":"AT","dat_criacao":"2025-11-28T15:29:04.913Z","area":1.0107,"condicao":"Aguardando análise","uf":"RS","municipio":"Alto Alegre","cod_municipio_ibge":4300554,"m_fiscal":0.0561,"tipo_imovel":"IRU"}},{"type":"Feature","id":"sicar_imoveis_rs.15060883","geometry":{"type":"MultiPolygon","coordinates":[[[[-53.02201326,-28.79899874],[-53.02036243,-28.7992518],[-53.02041354,-28.79952986],[-53.02057132,-28.80012264],[-53.0208166,-28.80120458],[-53.02089021,-28.80156236],[-53.02092882,-28.80183875],[-53.0209841,-28.80215514],[-53.02111827,-28.8027929],[-53.02117577,-28.80300013],[-53.02165438,-28.8028254],[-53.02244633,-28.80254096],[-53.02300494,-28.8023554],[-53.02317188,-28.80232846],[-53.02332938,-28.80230429],[-53.02337188,-28.80226985],[-53.02336355,-28.80225735],[-53.02181993,-28.79993957],[-53.02201326,-28.79899874]]]]},"geometry_name":"geo_area_imovel","properties":{"cod_imovel":"RS-4300554-6A400AE10D224F2692766A5A6DBDEEBE","status_imovel":"AT","dat_criacao":"2025-12-01T18:49:04.205Z","area":6.7605,"condicao":"Aguardando análise","uf":"RS","municipio":"Alto Alegre","cod_municipio_ibge":4300554,"m_fiscal":0.3756,"tipo_imovel":"IRU"}},{"type":"Feature","id":"sicar_imoveis_rs.15060890","geometry":{"type":"MultiPolygon","coordinates":[[[[-53.02541105,-28.80179207],[-53.02512438,-28.80193402],[-53.02478494,-28.80208679],[-53.02446661,-28.8021454],[-53.02429188,-28.80211985],[-53.02404549,-28.80205346],[-53.02383216,-28.80203374],[-53.02373938,-28.80205429],[-53.02362022,-28.80213235],[-53.02350911,-28.80225707],[-53.02336716,-28.80237179],[-53.02325744,-28.80238846],[-53.02328799,-28.80244902],[-53.02344716,-28.80276235],[-53.02234327,-28.80367818],[-53.02339772,-28.8047354],[-53.02361744,-28.80495707],[-53.02364827,-28.80479902],[-53.02378549,-28.80457346],[-53.02379383,-28.80450346],[-53.02378799,-28.80438568],[-53.02385327,-28.80434513],[-53.02387105,-28.8042179],[-53.02386744,-28.80411013],[-53.02392049,-28.8040479],[-53.02396244,-28.80395652],[-53.02400549,-28.80383652],[-53.02407272,-28.80380124],[-53.02416327,-28.80361485],[-53.02418966,-28.80346179],[-53.02422327,-28.80341346],[-53.02428577,-28.80316624],[-53.02435522,-28.80293902],[-53.02442272,-28.80282902],[-53.02460994,-28.80263513],[-53.02468466,-28.80249513],[-53.02474133,-28.80231568],[-53.02480244,-28.80223902],[-53.02497272,-28.80212124],[-53.02512883,-28.80200679],[-53.02530438,-28.80189152],[-53.02535799,-28.80182374],[-53.02541105,-28.80179207]]]]},"geometry_name":"geo_area_imovel","properties":{"cod_imovel":"RS-4300554-E3840B368A8B4FF0927BE3A3F295D524","status_imovel":"AT","dat_criacao":"2025-12-01T18:49:36.153Z","area":3.5451,"condicao":"Aguardando análise","uf":"RS","municipio":"Alto Alegre","cod_municipio_ibge":4300554,"m_fiscal":0.1969,"tipo_imovel":"IRU"}},{"type":"Feature","id":"sicar_imoveis_rs.15076027","geometry":{"type":"MultiPolygon","coordinates":[[[[-53.02067758,-28.83357654],[-53.02395321,-28.83754634],[-53.02317513,-28.83819419],[-53.01989273,-28.83436953],[-53.02067758,-28.83357654]]]]},"geometry_name":"geo_area_imovel","properties":{"cod_imovel":"RS-4300554-5FDCE255F9184C37B4731BE770183A3E","status_imovel":"AT","dat_criacao":"2025-12-04T23:57:01.035Z","area":5.8503,"condicao":"Aguardando análise","uf":"RS","municipio":"Alto Alegre","cod_municipio_ibge":4300554,"m_fiscal":0.325,"tipo_imovel":"IRU"}},{"type":"Feature","id":"sicar_imoveis_rs.15189944","geometry":{"type":"MultiPolygon","coordinates":[[[[-52.99171743,-28.81238228],[-52.99055513,-28.8122106],[-52.99027395,-28.81215563],[-52.98972055,-28.81264197],[-52.98925246,-28.81215164],[-52.98868095,-28.81161289],[-52.98814961,-28.81111733],[-52.98776622,-28.81076027],[-52.98740972,-28.81043616],[-52.98711922,-28.81016942],[-52.98731513,-28.80971616],[-52.98784482,-28.80862254],[-52.98800909,-28.80816338],[-52.98797273,-28.80742933],[-52.98791663,-28.80696013],[-52.99018458,-28.80803418],[-52.99183247,-28.8087918],[-52.99377698,-28.80968531],[-52.99344232,-28.81006248],[-52.99324076,-28.81035735],[-52.99296695,-28.81064518],[-52.99276938,-28.81090085],[-52.99265671,-28.81113301],[-52.99249716,-28.81136763],[-52.99222255,-28.81164292],[-52.99171743,-28.81238228]]]]},"geometry_name":"geo_area_imovel","properties":{"cod_imovel":"RS-4300554-106188A6CCEB43A9A84038C701CBF9A4","status_imovel":"AT","dat_criacao":"2026-01-12T20:24:38.822Z","area":22.1589,"condicao":"Aguardando análise","uf":"RS","municipio":"Alto Alegre","cod_municipio_ibge":4300554,"m_fiscal":1.231,"tipo_imovel":"IRU"}},{"type":"Feature","id":"sicar_imoveis_rs.15261596","geometry":{"type":"MultiPolygon","coordinates":[[[[-52.996973,-28.76774137],[-52.99256566,-28.77299304],[-52.99282856,-28.77322318],[-52.99720657,-28.76794699],[-52.996973,-28.76774137]]]]},"geometry_name":"geo_area_imovel","properties":{"cod_imovel":"RS-4300554-215734E8828444F695D95C3F63D533F5","status_imovel":"AT","dat_criacao":"2026-02-05T23:09:49.796Z","area":2.4504,"condicao":"Aguardando análise","uf":"RS","municipio":"Alto Alegre","cod_municipio_ibge":4300554,"m_fiscal":0.1361,"tipo_imovel":"IRU"}},{"type":"Feature","id":"sicar_imoveis_rs.15296498","geometry":{"type":"MultiPolygon","coordinates":[[[[-52.97086531,-28.83072116],[-52.97075281,-28.83074255],[-52.97079975,-28.83080033],[-52.97081642,-28.83086366],[-52.97081309,-28.83089394],[-52.97070559,-28.83086755],[-52.97061836,-28.8308945],[-52.97051475,-28.83094144],[-52.97042336,-28.83098144],[-52.97043559,-28.83106478],[-52.97034392,-28.83105783],[-52.97030059,-28.83099228],[-52.97028753,-28.83085561],[-52.97032281,-28.83076561],[-52.97015475,-28.83080172],[-52.97009309,-28.83078533],[-52.97001642,-28.83078228],[-52.97002197,-28.83073644],[-52.96994447,-28.83076394],[-52.96997753,-28.83082478],[-52.96980781,-28.83089005],[-52.96965697,-28.83085394],[-52.96965559,-28.83088228],[-52.96950864,-28.83094866],[-52.9694567,-28.83092644],[-52.96928253,-28.83108311],[-52.96928031,-28.831137],[-52.96933031,-28.83128311],[-52.96922114,-28.83138533],[-52.96908753,-28.83139283],[-52.96910614,-28.83149005],[-52.96902392,-28.8315545],[-52.96889892,-28.8316245],[-52.96870642,-28.83163728],[-52.96854642,-28.83159255],[-52.96833309,-28.831527],[-52.96707115,-28.83545673],[-52.96746142,-28.83519006],[-52.96760947,-28.835057],[-52.96771392,-28.83491589],[-52.96783475,-28.83477144],[-52.96794614,-28.83469422],[-52.96813142,-28.83464978],[-52.96830225,-28.83459922],[-52.9684442,-28.83456228],[-52.96885447,-28.8345395],[-52.96885114,-28.83468394],[-52.96880171,-28.83489255],[-52.96874754,-28.83502922],[-52.96871115,-28.83519978],[-52.96870171,-28.83550089],[-52.96888504,-28.83546533],[-52.96914865,-28.835422],[-52.96936504,-28.83536978],[-52.96958421,-28.83531644],[-52.96966421,-28.83528172],[-52.96975086,-28.83411033],[-52.97107364,-28.83380366],[-52.97093475,-28.83072894],[-52.97086531,-28.83072116]]]]},"geometry_name":"geo_area_imovel","properties":{"cod_imovel":"RS-4300554-DB4AF5C985B9448392AF4CFA92094A5D","status_imovel":"AT","dat_criacao":"2026-02-17T13:07:13.931Z","area":11.9806,"condicao":"Aguardando análise","uf":"RS","municipio":"Alto Alegre","cod_municipio_ibge":4300554,"m_fiscal":0.6656,"tipo_imovel":"IRU"}},{"type":"Feature","id":"sicar_imoveis_rs.15296505","geometry":{"type":"MultiPolygon","coordinates":[[[[-52.96964671,-28.8353995],[-52.96941421,-28.83545866],[-52.96918698,-28.83550061],[-52.96900782,-28.83552255],[-52.96871393,-28.83557089],[-52.96851448,-28.83560866],[-52.96832421,-28.83567839],[-52.96805865,-28.83578505],[-52.96781865,-28.83590172],[-52.96752476,-28.83605533],[-52.96719643,-28.83619923],[-52.96696726,-28.8363134],[-52.96677254,-28.83641145],[-52.96664671,-28.83645201],[-52.96639948,-28.8365134],[-52.96615365,-28.83661034],[-52.96595226,-28.83669979],[-52.96584032,-28.83679256],[-52.9674056,-28.83689728],[-52.96949004,-28.83701478],[-52.96949421,-28.83678089],[-52.96951948,-28.83647144],[-52.96954504,-28.8361995],[-52.9695631,-28.8359595],[-52.96961976,-28.83560394],[-52.96964671,-28.8353995]]]]},"geometry_name":"geo_area_imovel","properties":{"cod_imovel":"RS-4300554-25024BF537B143DB8F1DF3B541F339A6","status_imovel":"AT","dat_criacao":"2026-02-17T13:10:03.633Z","area":3.6318,"condicao":"Aguardando análise","uf":"RS","municipio":"Alto Alegre","cod_municipio_ibge":4300554,"m_fiscal":0.2018,"tipo_imovel":"IRU"}},{"type":"Feature","id":"sicar_imoveis_rs.15351165","geometry":{"type":"MultiPolygon","coordinates":[[[[-53.02539643,-28.77671624],[-53.02552573,-28.77689482],[-53.02592244,-28.77719706],[-53.02669792,-28.7764175],[-53.02752111,-28.77548444],[-53.02826693,-28.7758633],[-53.02865631,-28.77619294],[-53.0289879,-28.7767913],[-53.02848869,-28.77770165],[-53.02852958,-28.77818947],[-53.02821824,-28.7782322],[-53.0275673,-28.77831147],[-53.02757881,-28.77893935],[-53.0275455,-28.77920982],[-53.02752167,-28.77932608],[-53.02744735,-28.77946516],[-53.02726174,-28.77961328],[-53.02678974,-28.77988467],[-53.02631175,-28.78013988],[-53.02594992,-28.78035256],[-53.02572171,-28.78051075],[-53.02521574,-28.7808522],[-53.02420371,-28.78152442],[-53.02362576,-28.78188244],[-53.02332802,-28.78207118],[-53.02308153,-28.78222146],[-53.0226989,-28.78240582],[-53.02252724,-28.78249462],[-53.02235094,-28.78260364],[-53.02221956,-28.78269945],[-53.02128791,-28.78246633],[-53.02085254,-28.78234081],[-53.02034009,-28.78212397],[-53.01976905,-28.78189611],[-53.01995945,-28.78156466],[-53.01993745,-28.78142203],[-53.01988777,-28.78125483],[-53.02014751,-28.78093901],[-53.02045842,-28.78057531],[-53.02072718,-28.7802622],[-53.02146183,-28.77965778],[-53.02075547,-28.77774809],[-53.0216671,-28.77765878],[-53.02220284,-28.77749912],[-53.02281266,-28.77734548],[-53.02277938,-28.77720507],[-53.02025214,-28.77655091],[-53.0212033,-28.77604481],[-53.02271711,-28.77526977],[-53.02304592,-28.77571608],[-53.02345039,-28.77522829],[-53.02387794,-28.77468842],[-53.02411898,-28.77436974],[-53.02435685,-28.77416925],[-53.02466173,-28.77396911],[-53.02494841,-28.77387836],[-53.02533374,-28.77383755],[-53.02587294,-28.773849],[-53.02649248,-28.77403119],[-53.02686559,-28.77413842],[-53.02671953,-28.77477094],[-53.0258378,-28.77475624],[-53.0251592,-28.77543434],[-53.02459386,-28.77596706],[-53.02539643,-28.77671624]]]]},"geometry_name":"geo_area_imovel","properties":{"cod_imovel":"RS-4300554-F2DF0A0553F94A90A9C33AF3FEA2E03B","status_imovel":"AT","dat_criacao":"2026-03-06T13:55:25.573Z","area":45.6709,"condicao":"Aguardando análise","uf":"RS","municipio":"Alto Alegre","cod_municipio_ibge":4300554,"m_fiscal":2.5373,"tipo_imovel":"IRU"}},{"type":"Feature","id":"sicar_imoveis_rs.15351392","geometry":{"type":"MultiPolygon","coordinates":[[[[-53.02281048,-28.7773504],[-53.02219114,-28.77750157],[-53.02166515,-28.77766037],[-53.02075519,-28.77774753],[-53.02146031,-28.77965956],[-53.02115616,-28.77990752],[-53.02071979,-28.78026901],[-53.02018545,-28.78088388],[-53.01988974,-28.78125564],[-53.0192884,-28.78077648],[-53.01876772,-28.78041374],[-53.01749027,-28.77951053],[-53.01822089,-28.77872194],[-53.01841023,-28.77848174],[-53.01841237,-28.77787768],[-53.01841972,-28.77763356],[-53.01862799,-28.7775905],[-53.01884897,-28.77759685],[-53.02025451,-28.77655817],[-53.02276668,-28.77720636],[-53.02281048,-28.7773504]]]]},"geometry_name":"geo_area_imovel","properties":{"cod_imovel":"RS-4300554-54C1885D516846DAAAC3F5E4077A6031","status_imovel":"AT","dat_criacao":"2026-03-06T15:03:13.752Z","area":12.3901,"condicao":"Aguardando análise","uf":"RS","municipio":"Alto Alegre","cod_municipio_ibge":4300554,"m_fiscal":0.6883,"tipo_imovel":"IRU"}},{"type":"Feature","id":"sicar_imoveis_rs.15365759","geometry":{"type":"MultiPolygon","coordinates":[[[[-52.99692541,-28.76781417],[-52.99673002,-28.76774933],[-52.9967014,-28.76779837],[-52.99665933,-28.76782116],[-52.99659423,-28.76779239],[-52.99646712,-28.7676757],[-52.99631076,-28.7676945],[-52.99622261,-28.76770224],[-52.99609072,-28.76773371],[-52.99593235,-28.76773773],[-52.99589266,-28.76771044],[-52.99583948,-28.76758847],[-52.99583269,-28.76755798],[-52.99427736,-28.76883223],[-52.99288849,-28.76997005],[-52.99345627,-28.77016807],[-52.99334095,-28.77030823],[-52.99430761,-28.77092088],[-52.99460949,-28.7705511],[-52.99474141,-28.77039356],[-52.99499563,-28.77008196],[-52.99533163,-28.76969194],[-52.9956783,-28.76926045],[-52.99616875,-28.7686863],[-52.99646847,-28.76835825],[-52.99692541,-28.76781417]]]]},"geometry_name":"geo_area_imovel","properties":{"cod_imovel":"RS-4300554-E47580CC3C6E4A08B02E24695AE19CD8","status_imovel":"AT","dat_criacao":"2026-03-13T16:48:23.888Z","area":5.44,"condicao":"Aguardando análise","uf":"RS","municipio":"Alto Alegre","cod_municipio_ibge":4300554,"m_fiscal":0.3022,"tipo_imovel":"IRU"}},{"type":"Feature","id":"sicar_imoveis_rs.15365774","geometry":{"type":"MultiPolygon","coordinates":[[[[-52.99430761,-28.77092088],[-52.99334095,-28.77030823],[-52.99173219,-28.7722633],[-52.99258894,-28.77301045],[-52.99306385,-28.77239561],[-52.99365262,-28.77172318],[-52.99430761,-28.77092088]]]]},"geometry_name":"geo_area_imovel","properties":{"cod_imovel":"RS-4300554-2D7F7D7093634DF8859F84F413549272","status_imovel":"AT","dat_criacao":"2026-03-13T16:52:29.711Z","area":3.2026,"condicao":"Aguardando análise","uf":"RS","municipio":"Alto Alegre","cod_municipio_ibge":4300554,"m_fiscal":0.1779,"tipo_imovel":"IRU"}},{"type":"Feature","id":"sicar_imoveis_rs.15365797","geometry":{"type":"MultiPolygon","coordinates":[[[[-52.99345627,-28.77016807],[-52.99173219,-28.7722633],[-52.99104404,-28.77165591],[-52.99087989,-28.77151225],[-52.99114738,-28.7710389],[-52.99125158,-28.77084818],[-52.99128517,-28.77070233],[-52.99126019,-28.77053347],[-52.99232143,-28.77043461],[-52.99288849,-28.76997005],[-52.99345627,-28.77016807],[-52.99345627,-28.77016807]]]]},"geometry_name":"geo_area_imovel","properties":{"cod_imovel":"RS-4300554-3460C84D4B2E45439B6219E4A9B9711C","status_imovel":"AT","dat_criacao":"2026-03-13T16:59:29.060Z","area":2.8,"condicao":"Aguardando análise","uf":"RS","municipio":"Alto Alegre","cod_municipio_ibge":4300554,"m_fiscal":0.1556,"tipo_imovel":"IRU"}},{"type":"Feature","id":"sicar_imoveis_rs.15365809","geometry":{"type":"MultiPolygon","coordinates":[[[[-52.99123124,-28.77046743],[-52.99120398,-28.77040526],[-52.99112124,-28.77024817],[-52.99056559,-28.76929404],[-52.9911496,-28.76897725],[-52.99094517,-28.76861075],[-52.99113551,-28.76852351],[-52.99130997,-28.76842952],[-52.99151403,-28.76827199],[-52.99163111,-28.768186],[-52.99175956,-28.76805269],[-52.99179961,-28.7680371],[-52.9918984,-28.76795437],[-52.99197009,-28.76786894],[-52.9920837,-28.76775478],[-52.99223666,-28.76761001],[-52.99225082,-28.7675845],[-52.99230751,-28.76745589],[-52.99227581,-28.76739527],[-52.9922744,-28.76735808],[-52.99233678,-28.76730015],[-52.99247093,-28.76733938],[-52.99252733,-28.76730308],[-52.99256593,-28.76722819],[-52.99272293,-28.76718482],[-52.99285795,-28.76717837],[-52.99293739,-28.76715533],[-52.99304224,-28.76712132],[-52.99320341,-28.7670049],[-52.99334522,-28.76699969],[-52.99353485,-28.76704778],[-52.99374609,-28.76706828],[-52.99392053,-28.7670657],[-52.99406813,-28.76706098],[-52.99418509,-28.76704779],[-52.99418509,-28.76704779],[-52.9944495,-28.76700471],[-52.99465832,-28.76698334],[-52.99493013,-28.76691248],[-52.99509916,-28.7668169],[-52.9951761,-28.76680238],[-52.99522581,-28.7668179],[-52.99533015,-28.7668567],[-52.995403,-28.7668838],[-52.9956569,-28.76695853],[-52.99568818,-28.76698261],[-52.99568723,-28.76712268],[-52.99576853,-28.76719433],[-52.99580754,-28.76744513],[-52.99583269,-28.76755798],[-52.99427736,-28.76883223],[-52.99232143,-28.77043461],[-52.99126019,-28.77053347],[-52.99123124,-28.77046743]]]]},"geometry_name":"geo_area_imovel","properties":{"cod_imovel":"RS-4300554-1D288ED99207492BB3E566ACC7872FF0","status_imovel":"AT","dat_criacao":"2026-03-13T17:10:05.963Z","area":10.96,"condicao":"Aguardando análise","uf":"RS","municipio":"Alto Alegre","cod_municipio_ibge":4300554,"m_fiscal":0.6089,"tipo_imovel":"IRU"}},{"type":"Feature","id":"sicar_imoveis_rs.15369935","geometry":{"type":"MultiPolygon","coordinates":[[[[-53.00992484,-28.79960683],[-53.00867589,-28.79964765],[-53.00738759,-28.79962665],[-53.00606368,-28.79961752],[-53.00479614,-28.79962357],[-53.00337566,-28.79963519],[-53.00240664,-28.79963972],[-53.00153204,-28.79964123],[-53.00150286,-28.7993309],[-53.00437623,-28.79932919],[-53.00590265,-28.79931907],[-53.00749867,-28.79932454],[-53.01002503,-28.79933729],[-53.01026773,-28.7993328],[-53.00992484,-28.79960683]]]]},"geometry_name":"geo_area_imovel","properties":{"cod_imovel":"RS-4300554-D7398C668F624DB8B77434EBC980AB4D","status_imovel":"AT","dat_criacao":"2026-03-16T13:14:07.032Z","area":2.8001,"condicao":"Aguardando análise","uf":"RS","municipio":"Alto Alegre","cod_municipio_ibge":4300554,"m_fiscal":0.1556,"tipo_imovel":"IRU"}},{"type":"Feature","id":"sicar_imoveis_rs.15604846","geometry":{"type":"MultiPolygon","coordinates":[[[[-52.97398855,-28.84008745],[-52.97658121,-28.84066995],[-52.97921005,-28.84000052],[-52.97920324,-28.83988791],[-52.97916736,-28.83978892],[-52.97911291,-28.83971963],[-52.9790065,-28.83966147],[-52.97891988,-28.83962806],[-52.97880851,-28.83958228],[-52.97872561,-28.83952783],[-52.97868354,-28.83943008],[-52.97864951,-28.83930572],[-52.978626,-28.83921416],[-52.97856722,-28.8391195],[-52.9784509,-28.83904773],[-52.97831603,-28.83900566],[-52.97817249,-28.83893698],[-52.97811186,-28.83889429],[-52.97804751,-28.83882995],[-52.97800792,-28.83875941],[-52.97798997,-28.83868146],[-52.97741582,-28.83880334],[-52.97544496,-28.83912569],[-52.97394865,-28.83933883],[-52.97398855,-28.84008745]]]]},"geometry_name":"geo_area_imovel","properties":{"cod_imovel":"RS-4300554-E3E8AF913802410DA38206A569E6D3E2","status_imovel":"AT","dat_criacao":"2026-05-09T13:49:20.092Z","area":7.1745,"condicao":"Aguardando análise","uf":"RS","municipio":"Alto Alegre","cod_municipio_ibge":4300554,"m_fiscal":0.3986,"tipo_imovel":"IRU"}},{"type":"Feature","id":"sicar_imoveis_rs.15604864","geometry":{"type":"MultiPolygon","coordinates":[[[[-52.97347968,-28.84006425],[-52.97093374,-28.84212885],[-52.97110327,-28.84217185],[-52.97115895,-28.84220711],[-52.97120226,-28.8422597],[-52.97122577,-28.84237973],[-52.97120845,-28.84253997],[-52.97120102,-28.84262288],[-52.97122206,-28.84269588],[-52.97134208,-28.8428023],[-52.97139034,-28.84285922],[-52.97140643,-28.84294151],[-52.97138748,-28.84306702],[-52.97141262,-28.84318837],[-52.97148439,-28.84330468],[-52.97153141,-28.84338635],[-52.97153883,-28.84345317],[-52.97154564,-28.84353731],[-52.9715741,-28.84359176],[-52.97162545,-28.84363011],[-52.97173558,-28.84364249],[-52.97185622,-28.84365362],[-52.97197749,-28.84369446],[-52.97205359,-28.84374705],[-52.97209566,-28.84381882],[-52.97214763,-28.84399205],[-52.97215753,-28.84418508],[-52.97217424,-28.84444184],[-52.972259,-28.84468499],[-52.97246688,-28.8450525],[-52.9725634,-28.84522449],[-52.97269951,-28.84540144],[-52.97276881,-28.84552642],[-52.97280004,-28.84564491],[-52.97281954,-28.84572471],[-52.9728183,-28.84582741],[-52.97280717,-28.84596724],[-52.97281212,-28.84599817],[-52.97287399,-28.84606623],[-52.97290121,-28.84612439],[-52.9729074,-28.84623544],[-52.9740161,-28.8460619],[-52.97527577,-28.84584721],[-52.97629909,-28.84567211],[-52.97658121,-28.84066995],[-52.97398855,-28.84008745],[-52.97347968,-28.84006425]]]]},"geometry_name":"geo_area_imovel","properties":{"cod_imovel":"RS-4300554-E064F8C195EB4BDB8E63A003F4B8E8B6","status_imovel":"AT","dat_criacao":"2026-05-09T14:05:03.787Z","area":27.0938,"condicao":"Aguardando análise","uf":"RS","municipio":"Alto Alegre","cod_municipio_ibge":4300554,"m_fiscal":1.5052,"tipo_imovel":"IRU"}},{"type":"Feature","id":"sicar_imoveis_rs.15782131","geometry":{"type":"MultiPolygon","coordinates":[[[[-53.06054807,-28.7985666],[-53.06067472,-28.79892234],[-53.0603109,-28.79960497],[-53.0601604,-28.79954622],[-53.05963368,-28.79966058],[-53.05906229,-28.79976261],[-53.05905248,-28.79941256],[-53.05914989,-28.79871373],[-53.05966398,-28.79868115],[-53.06020463,-28.79863196],[-53.06054807,-28.7985666]]]]},"geometry_name":"geo_area_imovel","properties":{"cod_imovel":"RS-4300554-4E9DDFB56F4B43EFAB68273DEB89D1CD","status_imovel":"AT","dat_criacao":"2026-05-27T17:37:38.796Z","area":1.5344,"condicao":"Aguardando análise","uf":"RS","municipio":"Alto Alegre","cod_municipio_ibge":4300554,"m_fiscal":0.0852,"tipo_imovel":"IRU"}},{"type":"Feature","id":"sicar_imoveis_rs.15782327","geometry":{"type":"MultiPolygon","coordinates":[[[[-52.99879107,-28.79789766],[-52.99904859,-28.79728011],[-52.99486872,-28.79538198],[-52.99726278,-28.79534405],[-53.00179654,-28.79776902],[-53.00182542,-28.79937181],[-52.99879107,-28.79789766]]]]},"geometry_name":"geo_area_imovel","properties":{"cod_imovel":"RS-4300554-EE623492372F495FB513FF4CBCC2AF5D","status_imovel":"AT","dat_criacao":"2026-05-27T18:29:33.346Z","area":8.5459,"condicao":"Aguardando análise","uf":"RS","municipio":"Alto Alegre","cod_municipio_ibge":4300554,"m_fiscal":0.4748,"tipo_imovel":"IRU"}},{"type":"Feature","id":"sicar_imoveis_rs.15782532","geometry":{"type":"MultiPolygon","coordinates":[[[[-53.00240278,-28.79062277],[-53.00291777,-28.79148781],[-52.99955137,-28.79297205],[-52.99867149,-28.79328447],[-52.99870575,-28.79314941],[-52.99863095,-28.79268669],[-52.99857044,-28.79252699],[-52.99863543,-28.79248584],[-52.99870484,-28.79224146],[-52.99918141,-28.79215099],[-53.00240278,-28.79062277]]]]},"geometry_name":"geo_area_imovel","properties":{"cod_imovel":"RS-4300554-436904EA9F4B47308A8E8DD55B495BF3","status_imovel":"AT","dat_criacao":"2026-05-27T19:22:17.003Z","area":4.4809,"condicao":"Aguardando análise","uf":"RS","municipio":"Alto Alegre","cod_municipio_ibge":4300554,"m_fiscal":0.2489,"tipo_imovel":"IRU"}},{"type":"Feature","id":"sicar_imoveis_rs.15782705","geometry":{"type":"MultiPolygon","coordinates":[[[[-53.02546619,-28.78839186],[-53.0236879,-28.78889064],[-53.02147098,-28.78951004],[-53.01920092,-28.79014291],[-53.01918512,-28.78993759],[-53.01912523,-28.7897026],[-53.0251977,-28.78784682],[-53.02546619,-28.78839186]]]]},"geometry_name":"geo_area_imovel","properties":{"cod_imovel":"RS-4300554-9233727575044DE0BDB73D6F3EC7FC86","status_imovel":"AT","dat_criacao":"2026-05-27T20:08:23.825Z","area":3.6281,"condicao":"Aguardando análise","uf":"RS","municipio":"Alto Alegre","cod_municipio_ibge":4300554,"m_fiscal":0.2016,"tipo_imovel":"IRU"}},{"type":"Feature","id":"sicar_imoveis_rs.15819331","geometry":{"type":"MultiPolygon","coordinates":[[[[-53.02691189,-28.77410093],[-53.02581595,-28.77384111],[-53.02545355,-28.77382921],[-53.02500698,-28.77387208],[-53.02461363,-28.7740465],[-53.02434185,-28.77420964],[-53.02316845,-28.77569174],[-53.02212565,-28.77431001],[-53.02300751,-28.77378899],[-53.01967464,-28.77081636],[-53.01863618,-28.77179767],[-53.01750298,-28.7734142],[-53.01721608,-28.77335992],[-53.01688042,-28.77313422],[-53.01678049,-28.77297765],[-53.01682778,-28.77275411],[-53.01909156,-28.77037421],[-53.01795904,-28.76935539],[-53.01969546,-28.76789425],[-53.01996754,-28.76781755],[-53.02034652,-28.76793182],[-53.02097416,-28.76813313],[-53.02135726,-28.76839046],[-53.02171081,-28.76876053],[-53.02071582,-28.7702576],[-53.02134878,-28.77045979],[-53.0232115,-28.77036588],[-53.02354304,-28.76955264],[-53.02574375,-28.76660178],[-53.02722404,-28.76697227],[-53.02786886,-28.76635599],[-53.02798274,-28.76618094],[-53.02799743,-28.76564549],[-53.02839737,-28.76501955],[-53.03092901,-28.76683509],[-53.03141144,-28.76639134],[-53.02902542,-28.76431054],[-53.02971023,-28.76285675],[-53.02984505,-28.76296334],[-53.03137863,-28.76394395],[-53.03211867,-28.76419459],[-53.03282976,-28.76419813],[-53.03319454,-28.76416051],[-53.03370366,-28.76414156],[-53.03402993,-28.76410409],[-53.03483632,-28.76420111],[-53.0354893,-28.76433904],[-53.0361986,-28.76441399],[-53.03681565,-28.76461711],[-53.03730599,-28.76473449],[-53.03762667,-28.76493718],[-53.03793669,-28.76545839],[-53.03774357,-28.76619197],[-53.03699255,-28.76673744],[-53.03640149,-28.76676272],[-53.03583455,-28.76690583],[-53.03537437,-28.76696993],[-53.03495124,-28.76710674],[-53.03441264,-28.76735185],[-53.03369703,-28.76749079],[-53.0330591,-28.76781566],[-53.03240676,-28.76818637],[-53.0313765,-28.76879263],[-53.03088831,-28.76965815],[-53.03067287,-28.77011757],[-53.03056014,-28.77068118],[-53.03070286,-28.77106376],[-53.03124282,-28.77186848],[-53.03132705,-28.77227243],[-53.03113256,-28.77269338],[-53.03112155,-28.77292727],[-53.03122978,-28.77343165],[-53.03132378,-28.77395097],[-53.03143247,-28.77468823],[-53.03155198,-28.77529968],[-53.03180385,-28.77583512],[-53.03259373,-28.77617939],[-53.03261518,-28.78014776],[-53.03098886,-28.78017774],[-53.02933302,-28.77987479],[-53.02830983,-28.77822917],[-53.02859099,-28.77816307],[-53.028727,-28.77788389],[-53.02858886,-28.77758862],[-53.02906452,-28.77675943],[-53.02860856,-28.77600011],[-53.02855364,-28.77517318],[-53.02891752,-28.77503488],[-53.02930258,-28.77485383],[-53.02874647,-28.77379236],[-53.02700077,-28.77401414],[-53.02691189,-28.77410093]]]]},"geometry_name":"geo_area_imovel","properties":{"cod_imovel":"RS-4300554-CFEECE1BA6194882A40BEF87F42F927A","status_imovel":"AT","dat_criacao":"2026-05-29T20:17:42.355Z","area":128.6158,"condicao":"Aguardando análise","uf":"RS","municipio":"Alto Alegre","cod_municipio_ibge":4300554,"m_fiscal":7.1453,"tipo_imovel":"IRU"}},{"type":"Feature","id":"sicar_imoveis_rs.15854581","geometry":{"type":"MultiPolygon","coordinates":[[[[-53.03375244,-28.77678123],[-53.03465366,-28.78046748],[-53.03405285,-28.7810693],[-53.03304434,-28.78061793],[-53.03246498,-28.77632985],[-53.03375244,-28.77678123]]]]},"geometry_name":"geo_area_imovel","properties":{"cod_imovel":"RS-4300554-7EB756B183C84E478238BE36854AAB3A","status_imovel":"AT","dat_criacao":"2026-06-02T19:40:33.147Z","area":6.6056,"condicao":"Aguardando análise","uf":"RS","municipio":"Alto Alegre","cod_municipio_ibge":4300554,"m_fiscal":0.367,"tipo_imovel":"IRU"}},{"type":"Feature","id":"sicar_imoveis_rs.15887294","geometry":{"type":"MultiPolygon","coordinates":[[[[-52.99461784,-28.77748702],[-52.99495347,-28.77797243],[-52.99507979,-28.77816088],[-52.99536932,-28.77857519],[-52.99518189,-28.77870219],[-52.99501312,-28.77880477],[-52.99490211,-28.77887233],[-52.99477565,-28.77895365],[-52.99464466,-28.77898823],[-52.99445412,-28.77902219],[-52.99435553,-28.77871082],[-52.99423915,-28.77838323],[-52.99412286,-28.7780214],[-52.99399918,-28.77765588],[-52.99437307,-28.77752997],[-52.99438412,-28.77755783],[-52.99461784,-28.77748702]]]]},"geometry_name":"geo_area_imovel","properties":{"cod_imovel":"RS-4300554-F538E32AC77D4A46A5185DB64E5B55EA","status_imovel":"AT","dat_criacao":"2026-06-08T14:58:45.972Z","area":1.2679,"condicao":"Aguardando análise","uf":"RS","municipio":"Alto Alegre","cod_municipio_ibge":4300554,"m_fiscal":0.0704,"tipo_imovel":"IRU"}},{"type":"Feature","id":"sicar_imoveis_rs.15920138","geometry":{"type":"MultiPolygon","coordinates":[[[[-52.9837093,-28.80498105],[-52.98799239,-28.80695875],[-52.98805349,-28.80735265],[-52.98808522,-28.80806875],[-52.98809559,-28.80834547],[-52.98792446,-28.80872473],[-52.9877528,-28.80902923],[-52.98759914,-28.80935313],[-52.98745126,-28.80965671],[-52.98717393,-28.81010572],[-52.98547769,-28.80855511],[-52.98458705,-28.80770918],[-52.98405769,-28.80725548],[-52.98329045,-28.80678801],[-52.98318087,-28.80641284],[-52.9837093,-28.80498105]]]]},"geometry_name":"geo_area_imovel","properties":{"cod_imovel":"RS-4300554-6311C7F8F2C94C8482C317E8523E2CD2","status_imovel":"AT","dat_criacao":"2026-06-14T21:21:53.382Z","area":13.349,"condicao":"Aguardando análise","uf":"RS","municipio":"Alto Alegre","cod_municipio_ibge":4300554,"m_fiscal":0.7416,"tipo_imovel":"IRU"}},{"type":"Feature","id":"sicar_imoveis_rs.15950524","geometry":{"type":"MultiPolygon","coordinates":[[[[-52.95826169,-28.78737464],[-52.95806881,-28.78738859],[-52.95794582,-28.78745668],[-52.95758705,-28.78751151],[-52.95745244,-28.78751863],[-52.95724045,-28.78761378],[-52.95706577,-28.78771755],[-52.95696136,-28.7877501],[-52.95692189,-28.78778294],[-52.95692355,-28.78779597],[-52.95724893,-28.7903556],[-52.957035,-28.79060828],[-52.95758708,-28.79111281],[-52.95828072,-28.79087398],[-52.95839009,-28.79083634],[-52.96215561,-28.78954628],[-52.96313164,-28.78948368],[-52.96314915,-28.78948256],[-52.96318149,-28.78948045],[-52.96319196,-28.78949387],[-52.96333526,-28.78947389],[-52.96339045,-28.78946857],[-52.96340282,-28.78947686],[-52.96341116,-28.78946591],[-52.96360549,-28.78921077],[-52.9645183,-28.78801175],[-52.96450236,-28.78800237],[-52.95939121,-28.78499292],[-52.95937412,-28.78498286],[-52.95929205,-28.78511436],[-52.95910798,-28.78547128],[-52.95894712,-28.78578115],[-52.95873949,-28.78615881],[-52.95866214,-28.78638659],[-52.95859743,-28.78689283],[-52.95855892,-28.78742817],[-52.95847619,-28.78742194],[-52.95835057,-28.78740255],[-52.95826169,-28.78737464]]]]},"geometry_name":"geo_area_imovel","properties":{"cod_imovel":"RS-4300554-A9FE964F029D41FA9C6FF4071A772E16","status_imovel":"AT","dat_criacao":"2026-06-23T12:48:10.682Z","area":27.1428,"condicao":"Aguardando análise","uf":"RS","municipio":"Alto Alegre","cod_municipio_ibge":4300554,"m_fiscal":1.5079,"tipo_imovel":"IRU"}},{"type":"Feature","id":"sicar_imoveis_rs.16020638","geometry":{"type":"MultiPolygon","coordinates":[[[[-53.00198167,-28.78119031],[-53.00188179,-28.78047649],[-53.00843256,-28.78291887],[-53.00835796,-28.78307963],[-53.00198167,-28.78119031]]]]},"geometry_name":"geo_area_imovel","properties":{"cod_imovel":"RS-4300554-AB6C9EB9477F4DEC967B95E30C25BF51","status_imovel":"AT","dat_criacao":"2026-07-14T16:31:31.504Z","area":3.0295,"condicao":"Aguardando análise","uf":"RS","municipio":"Alto Alegre","cod_municipio_ibge":4300554,"m_fiscal":0.1683,"tipo_imovel":"IRU"}},{"type":"Feature","id":"sicar_imoveis_rs.16200063","geometry":{"type":"MultiPolygon","coordinates":[[[[-52.97178253,-28.79935228],[-52.97243054,-28.79953666],[-52.971769,-28.80005573],[-52.97154545,-28.80020362],[-52.97126846,-28.80035277],[-52.9710354,-28.80048048],[-52.9708621,-28.80055508],[-52.97074786,-28.80061759],[-52.97055932,-28.80074049],[-52.97031782,-28.80088837],[-52.97006039,-28.80100373],[-52.96991011,-28.80105649],[-52.96975148,-28.8010457],[-52.96961587,-28.80121608],[-52.96946737,-28.80134146],[-52.96915068,-28.80142073],[-52.96882351,-28.80134315],[-52.96814499,-28.80098711],[-52.96764085,-28.80062575],[-52.96664959,-28.79938151],[-52.96622512,-28.79865979],[-52.96637535,-28.79761807],[-52.96708345,-28.79664026],[-52.97053814,-28.79688472],[-52.9703021,-28.79929161],[-52.97178253,-28.79935228]]]]},"geometry_name":"geo_area_imovel","properties":{"cod_imovel":"RS-4300554-D3F3318C7EBD4D1E8BE1CE058F7477F2","status_imovel":"AT","dat_criacao":"2026-08-12T18:00:28.212Z","area":18.9831,"condicao":"Aguardando análise","uf":"RS","municipio":"Alto Alegre","cod_municipio_ibge":4300554,"m_fiscal":1.0546,"tipo_imovel":"IRU"}},{"type":"Feature","id":"sicar_imoveis_rs.16212959","geometry":{"type":"MultiPolygon","coordinates":[[[[-53.02330256,-28.81188928],[-53.02040577,-28.81429582],[-53.01780213,-28.81238281],[-53.02169112,-28.80903183],[-53.02330256,-28.81188928]]]]},"geometry_name":"geo_area_imovel","properties":{"cod_imovel":"RS-4300554-52B3F2D773464C9E900D4371F521000B","status_imovel":"AT","dat_criacao":"2026-08-14T16:49:44.429Z","area":15.3219,"condicao":"Aguardando análise","uf":"RS","municipio":"Alto Alegre","cod_municipio_ibge":4300554,"m_fiscal":0.8512,"tipo_imovel":"IRU"}},{"type":"Feature","id":"sicar_imoveis_rs.16237176","geometry":{"type":"MultiPolygon","coordinates":[[[[-52.97163248,-28.78609062],[-52.9701519,-28.78422881],[-52.97232275,-28.78426277],[-52.97773895,-28.78429752],[-52.97668996,-28.78598694],[-52.97163248,-28.78609062]]]]},"geometry_name":"geo_area_imovel","properties":{"cod_imovel":"RS-4300554-8EC96BD719E740648B24823353FAC23C","status_imovel":"AT","dat_criacao":"2026-08-19T21:55:06.951Z","area":12.095,"condicao":"Aguardando análise","uf":"RS","municipio":"Alto Alegre","cod_municipio_ibge":4300554,"m_fiscal":0.6719,"tipo_imovel":"IRU"}},{"type":"Feature","id":"sicar_imoveis_rs.16237395","geometry":{"type":"MultiPolygon","coordinates":[[[[-52.97001243,-28.78426643],[-52.97207236,-28.78607182],[-52.96939015,-28.78607182],[-52.96801686,-28.78812165],[-52.96456218,-28.78789599],[-52.9665792,-28.78520674],[-52.96662211,-28.78505629],[-52.96604276,-28.78428523],[-52.96737313,-28.78421001],[-52.97001243,-28.78426643]]]]},"geometry_name":"geo_area_imovel","properties":{"cod_imovel":"RS-4300554-834EB546E80A4FBEB5B099049637F1A9","status_imovel":"AT","dat_criacao":"2026-08-19T22:19:41.678Z","area":16.7605,"condicao":"Aguardando análise","uf":"RS","municipio":"Alto Alegre","cod_municipio_ibge":4300554,"m_fiscal":0.9311,"tipo_imovel":"IRU"}},{"type":"Feature","id":"sicar_imoveis_rs.16247189","geometry":{"type":"MultiPolygon","coordinates":[[[[-52.97154665,-28.84785006],[-52.97133207,-28.85023698],[-52.96886444,-28.85003024],[-52.96916485,-28.84783127],[-52.97154665,-28.84785006]]]]},"geometry_name":"geo_area_imovel","properties":{"cod_imovel":"RS-4300554-F50EC26FE6E54A93B51BF42FC83C12B6","status_imovel":"AT","dat_criacao":"2026-08-21T11:37:03.423Z","area":6.045,"condicao":"Aguardando análise","uf":"RS","municipio":"Alto Alegre","cod_municipio_ibge":4300554,"m_fiscal":0.3358,"tipo_imovel":"IRU"}},{"type":"Feature","id":"sicar_imoveis_rs.16262612","geometry":{"type":"MultiPolygon","coordinates":[[[[-52.97796841,-28.80346843],[-52.97890953,-28.80345751],[-52.97867436,-28.80450488],[-52.97839964,-28.80451541],[-52.97802105,-28.80447435],[-52.97743337,-28.8043852],[-52.9769419,-28.80430898],[-52.97672875,-28.80427148],[-52.97626747,-28.80412124],[-52.97602746,-28.80413725],[-52.97531068,-28.80484847],[-52.97475988,-28.80510517],[-52.97434703,-28.80546731],[-52.97396292,-28.8054908],[-52.97372352,-28.80561127],[-52.97344755,-28.80555669],[-52.9733572,-28.80532258],[-52.97266919,-28.8049097],[-52.9717935,-28.80496088],[-52.97247502,-28.80322822],[-52.9734761,-28.80304366],[-52.97399434,-28.80306917],[-52.97457233,-28.80313744],[-52.9752904,-28.80318581],[-52.97585643,-28.80325042],[-52.97657091,-28.80334067],[-52.97690304,-28.80335801],[-52.97727935,-28.80336917],[-52.97796841,-28.80346843]]]]},"geometry_name":"geo_area_imovel","properties":{"cod_imovel":"RS-4300554-F173DF14C74B483B9B2E5661B7962282","status_imovel":"AT","dat_criacao":"2026-08-25T17:48:22.482Z","area":10.9972,"condicao":"Aguardando análise","uf":"RS","municipio":"Alto Alegre","cod_municipio_ibge":4300554,"m_fiscal":0.611,"tipo_imovel":"IRU"}},{"type":"Feature","id":"sicar_imoveis_rs.16278089","geometry":{"type":"MultiPolygon","coordinates":[[[[-52.98032284,-28.83315144],[-52.97766539,-28.8338893],[-52.97735748,-28.83407364],[-52.97648191,-28.83350859],[-52.9762888,-28.83307625],[-52.97894955,-28.83138446],[-52.98032284,-28.83315144]]]]},"geometry_name":"geo_area_imovel","properties":{"cod_imovel":"RS-4300554-62C581A6D361495E951CA6FE9221F8F8","status_imovel":"AT","dat_criacao":"2026-08-28T17:41:59.656Z","area":5.9362,"condicao":"Aguardando análise","uf":"RS","municipio":"Alto Alegre","cod_municipio_ibge":4300554,"m_fiscal":0.3298,"tipo_imovel":"IRU"}},{"type":"Feature","id":"sicar_imoveis_rs.16287829","geometry":{"type":"MultiPolygon","coordinates":[[[[-53.05814981,-28.83067014],[-53.05849314,-28.83023778],[-53.05885792,-28.82982423],[-53.0592227,-28.82946706],[-53.05956602,-28.82897831],[-53.05954456,-28.82860234],[-53.05568218,-28.83029418],[-53.05814981,-28.83067014]]]]},"geometry_name":"geo_area_imovel","properties":{"cod_imovel":"RS-4300554-31BD248B352D4DC39CED984747552F8C","status_imovel":"AT","dat_criacao":"2026-09-01T14:36:57.112Z","area":3.3732,"condicao":"Aguardando análise","uf":"RS","municipio":"Alto Alegre","cod_municipio_ibge":4300554,"m_fiscal":0.1874,"tipo_imovel":"IRU"}},{"type":"Feature","id":"sicar_imoveis_rs.16292092","geometry":{"type":"MultiPolygon","coordinates":[[[[-52.95245421,-28.84256606],[-52.94959689,-28.84246368],[-52.94951872,-28.84223258],[-52.94947046,-28.84197586],[-52.94923156,-28.84171881],[-52.94916362,-28.84142717],[-52.94935893,-28.84122601],[-52.94979451,-28.8409879],[-52.94994149,-28.84078132],[-52.95003523,-28.84056394],[-52.95018827,-28.84029057],[-52.95045827,-28.83993543],[-52.95058742,-28.83973236],[-52.95060106,-28.83973215],[-52.95083886,-28.83958966],[-52.95109534,-28.83944603],[-52.95132384,-28.83919898],[-52.9514234,-28.83892861],[-52.95137541,-28.83873252],[-52.95421552,-28.83934165],[-52.95440654,-28.83971997],[-52.95389241,-28.84042144],[-52.95363703,-28.84091206],[-52.95326748,-28.84134569],[-52.95282478,-28.84168798],[-52.95264872,-28.84187499],[-52.95245421,-28.84256606]]]]},"geometry_name":"geo_area_imovel","properties":{"cod_imovel":"RS-4300554-6C5215E1679A4B6793F7442E2FCFC146","status_imovel":"AT","dat_criacao":"2026-09-02T11:45:50.739Z","area":13.2783,"condicao":"Aguardando análise","uf":"RS","municipio":"Alto Alegre","cod_municipio_ibge":4300554,"m_fiscal":0.7377,"tipo_imovel":"IRU"}},{"type":"Feature","id":"sicar_imoveis_rs.16292273","geometry":{"type":"MultiPolygon","coordinates":[[[[-53.03127125,-28.82538864],[-53.03129318,-28.82519978],[-53.03132795,-28.82462649],[-53.03144381,-28.82461479],[-53.03162517,-28.82462519],[-53.03180862,-28.82461891],[-53.03223045,-28.82450232],[-53.03243027,-28.82447748],[-53.03258202,-28.82454334],[-53.03275321,-28.82466606],[-53.03295827,-28.82482754],[-53.0331587,-28.82501206],[-53.03345804,-28.82537729],[-53.033526,-28.82541769],[-53.03395515,-28.82526406],[-53.0343578,-28.82550673],[-53.03522428,-28.82608791],[-53.03501894,-28.82649814],[-53.03460065,-28.8272571],[-53.03444198,-28.82753673],[-53.03418486,-28.82804652],[-53.03392334,-28.82831753],[-53.03369309,-28.82836079],[-53.03349394,-28.82851152],[-53.03329801,-28.8286233],[-53.03312888,-28.82864789],[-53.03267361,-28.82896082],[-53.03247126,-28.829147],[-53.03235947,-28.82935551],[-53.03216459,-28.82945181],[-53.03196063,-28.82972244],[-53.0318869,-28.82947713],[-53.03185519,-28.82919993],[-53.03180518,-28.82888691],[-53.03180934,-28.82861649],[-53.03177391,-28.82836577],[-53.03164063,-28.82791533],[-53.03157237,-28.82767684],[-53.03148737,-28.82747444],[-53.03140163,-28.82733832],[-53.03132174,-28.82687928],[-53.03126251,-28.82659209],[-53.03118244,-28.82635572],[-53.0309202,-28.82627666],[-53.03056505,-28.82590128],[-53.03127125,-28.82538864]]]]},"geometry_name":"geo_area_imovel","properties":{"cod_imovel":"RS-4300554-68C974B0C41C468B879D275FB15BB88F","status_imovel":"AT","dat_criacao":"2026-09-02T12:21:27.805Z","area":13.6921,"condicao":"Aguardando análise","uf":"RS","municipio":"Alto Alegre","cod_municipio_ibge":4300554,"m_fiscal":0.7607,"tipo_imovel":"IRU"}},{"type":"Feature","id":"sicar_imoveis_rs.16292492","geometry":{"type":"MultiPolygon","coordinates":[[[[-53.00556986,-28.8334049],[-53.00652623,-28.83485122],[-53.00800042,-28.83702191],[-53.00776269,-28.83708777],[-53.00727399,-28.83709671],[-53.00698212,-28.83701893],[-53.0067004,-28.8371053],[-53.00642964,-28.83719316],[-53.0061992,-28.83721317],[-53.00589387,-28.83714477],[-53.00561405,-28.83710836],[-53.00537133,-28.83699713],[-53.00524185,-28.83678789],[-53.00505083,-28.83659637],[-53.00489992,-28.83650009],[-53.00474168,-28.83647435],[-53.00442594,-28.83658617],[-53.00416211,-28.83654525],[-53.00404266,-28.83650254],[-53.0037224,-28.83646755],[-53.00345656,-28.83645772],[-53.00309384,-28.83658929],[-53.00281979,-28.83657603],[-53.00289667,-28.83589224],[-53.00287691,-28.83527218],[-53.00256434,-28.83437635],[-53.00245675,-28.83376128],[-53.00230152,-28.83329513],[-53.0023311,-28.833004],[-53.00217077,-28.83279552],[-53.00218286,-28.83253229],[-53.00218597,-28.83225769],[-53.00231139,-28.83200718],[-53.00253475,-28.83168153],[-53.00272914,-28.83129516],[-53.00278399,-28.8309357],[-53.00275331,-28.83058493],[-53.00274417,-28.83058014],[-53.00266567,-28.83017952],[-53.00247761,-28.82988242],[-53.00253853,-28.82940703],[-53.00271332,-28.82905772],[-53.00303689,-28.82889902],[-53.00325182,-28.82874612],[-53.00352138,-28.82865914],[-53.00386053,-28.82868882],[-53.0041654,-28.82923609],[-53.00436796,-28.82950541],[-53.00481683,-28.82995616],[-53.00495065,-28.83042315],[-53.00496098,-28.83061438],[-53.00506734,-28.8308958],[-53.00523322,-28.83114304],[-53.00560318,-28.83145706],[-53.00636832,-28.83214168],[-53.00491133,-28.83249072],[-53.00556986,-28.8334049]]]]},"geometry_name":"geo_area_imovel","properties":{"cod_imovel":"RS-4300554-8903D09747F44FBC9F7ADB6716A7307C","status_imovel":"AT","dat_criacao":"2026-09-02T13:06:19.012Z","area":27.6954,"condicao":"Aguardando análise","uf":"RS","municipio":"Alto Alegre","cod_municipio_ibge":4300554,"m_fiscal":1.5386,"tipo_imovel":"IRU"}},{"type":"Feature","id":"sicar_imoveis_rs.16314028","geometry":{"type":"MultiPolygon","coordinates":[[[[-53.01774355,-28.8053286],[-53.01776387,-28.8062638],[-53.01645755,-28.80616081],[-53.01523688,-28.80607925],[-53.01403957,-28.80601826],[-53.01276158,-28.80593492],[-53.01256883,-28.8056839],[-53.01230459,-28.80525361],[-53.01212311,-28.80468811],[-53.0125972,-28.80478536],[-53.01289706,-28.80482061],[-53.01332023,-28.80495474],[-53.01369067,-28.8050788],[-53.01391291,-28.80515249],[-53.01423193,-28.8051926],[-53.01455686,-28.80513866],[-53.01469161,-28.80525995],[-53.01525387,-28.805274],[-53.01636843,-28.80533061],[-53.01774355,-28.8053286]]]]},"geometry_name":"geo_area_imovel","properties":{"cod_imovel":"RS-4300554-536054A3850F41C0BC21A1FB4B46D5DF","status_imovel":"AT","dat_criacao":"2026-09-09T13:51:18.382Z","area":5.2337,"condicao":"Aguardando análise","uf":"RS","municipio":"Alto Alegre","cod_municipio_ibge":4300554,"m_fiscal":0.2908,"tipo_imovel":"IRU"}},{"type":"Feature","id":"sicar_imoveis_rs.16314168","geometry":{"type":"MultiPolygon","coordinates":[[[[-53.00836166,-28.80550715],[-53.0083335,-28.80536478],[-53.00835202,-28.80505593],[-53.00833848,-28.80492773],[-53.00831139,-28.80483988],[-53.00828023,-28.80467131],[-53.00870425,-28.80469388],[-53.00919872,-28.8047105],[-53.01016378,-28.80477792],[-53.01067857,-28.80480167],[-53.01119956,-28.80483389],[-53.01171017,-28.8048812],[-53.01185919,-28.80489545],[-53.01210524,-28.80491359],[-53.01221627,-28.80510602],[-53.01257176,-28.80569084],[-53.01276076,-28.80593724],[-53.01377804,-28.80599718],[-53.01440695,-28.80603967],[-53.01523687,-28.80608276],[-53.01519837,-28.80647827],[-53.01516384,-28.80705929],[-53.01507996,-28.8078628],[-53.01416541,-28.80777717],[-53.01357072,-28.80770907],[-53.01328828,-28.8076959],[-53.01202717,-28.80756564],[-53.01168402,-28.80754511],[-53.01108288,-28.80744483],[-53.01013954,-28.8073164],[-53.00982979,-28.80728754],[-53.00849507,-28.8071611],[-53.00771062,-28.80711636],[-53.00776532,-28.80680889],[-53.00796451,-28.80681183],[-53.00821505,-28.80667962],[-53.00842683,-28.80642993],[-53.0085197,-28.80617476],[-53.00851625,-28.80588069],[-53.00839789,-28.80569526],[-53.00836166,-28.80550715]]]]},"geometry_name":"geo_area_imovel","properties":{"cod_imovel":"RS-4300554-D03B9689F145462ABF35F5E8D95DBE9F","status_imovel":"AT","dat_criacao":"2026-09-09T14:15:27.066Z","area":16.6577,"condicao":"Aguardando análise","uf":"RS","municipio":"Alto Alegre","cod_municipio_ibge":4300554,"m_fiscal":0.9254,"tipo_imovel":"IRU"}},{"type":"Feature","id":"sicar_imoveis_rs.16333511","geometry":{"type":"MultiPolygon","coordinates":[[[[-52.98040715,-28.81273007],[-52.98043009,-28.8127014],[-52.98074688,-28.8120503],[-52.98103312,-28.81149505],[-52.98160517,-28.812107],[-52.98221822,-28.81297286],[-52.98168738,-28.81336885],[-52.98145355,-28.81355609],[-52.9806435,-28.81438997],[-52.97995314,-28.8150617],[-52.97944808,-28.81477294],[-52.97919247,-28.81463531],[-52.97876458,-28.81456586],[-52.97904195,-28.8144128],[-52.97929997,-28.81398271],[-52.97955175,-28.81362392],[-52.97974173,-28.81334327],[-52.98003421,-28.81297402],[-52.98026529,-28.81283987],[-52.98040715,-28.81273007]]]]},"geometry_name":"geo_area_imovel","properties":{"cod_imovel":"RS-4300554-13F35A7510D246E8B71727160C342FE8","status_imovel":"AT","dat_criacao":"2026-09-14T20:04:34.206Z","area":5.1721,"condicao":"Aguardando análise","uf":"RS","municipio":"Alto Alegre","cod_municipio_ibge":4300554,"m_fiscal":0.2873,"tipo_imovel":"IRU"}},{"type":"Feature","id":"sicar_imoveis_rs.16389755","geometry":{"type":"MultiPolygon","coordinates":[[[[-52.96833309,-28.831527],[-52.96811853,-28.83149531],[-52.96801022,-28.83147866],[-52.96786677,-28.83142517],[-52.96774889,-28.83130868],[-52.9675646,-28.83109923],[-52.96757812,-28.83097912],[-52.96756463,-28.83093708],[-52.96684358,-28.8311897],[-52.96676991,-28.83134814],[-52.9666853,-28.83151856],[-52.966558,-28.83171884],[-52.96645419,-28.8319361],[-52.96636698,-28.83205603],[-52.96609899,-28.83207618],[-52.96612743,-28.8322371],[-52.96625655,-28.83231913],[-52.96638738,-28.83251393],[-52.96642463,-28.83267509],[-52.96639969,-28.83285249],[-52.96639618,-28.83316204],[-52.96629735,-28.83334467],[-52.96624363,-28.83356716],[-52.96636707,-28.83363574],[-52.96630321,-28.83377094],[-52.96621318,-28.83384958],[-52.96594901,-28.83402415],[-52.96592378,-28.83418099],[-52.96584664,-28.83414421],[-52.96342081,-28.83299443],[-52.96308836,-28.83442306],[-52.96303348,-28.8347533],[-52.96409799,-28.83525511],[-52.96417282,-28.83511452],[-52.96475174,-28.83514398],[-52.96572259,-28.83509518],[-52.96591693,-28.83503785],[-52.96621201,-28.83498636],[-52.96670474,-28.83505334],[-52.96679717,-28.83530934],[-52.9670713,-28.83545666],[-52.96833309,-28.831527]]]]},"geometry_name":"geo_area_imovel","properties":{"cod_imovel":"RS-4300554-11E8704EB72241C999BFE3D685515A1B","status_imovel":"AT","dat_criacao":"2026-09-28T17:57:41.967Z","area":11.0456,"condicao":"Aguardando análise","uf":"RS","municipio":"Alto Alegre","cod_municipio_ibge":4300554,"m_fiscal":0.6136,"tipo_imovel":"IRU"}}]}