{"type":"FeatureCollection","features":[{"type":"Feature","id":"sicar_imoveis_rs.16242845","geometry":{"type":"MultiPolygon","coordinates":[[[[-53.57525826,-28.82967384],[-53.58002186,-28.83234314],[-53.5788846,-28.833471],[-53.57653753,-28.83258677],[-53.57154184,-28.83096209],[-53.56350437,-28.82806242],[-53.5656023,-28.82589535],[-53.57525826,-28.82967384]]]]},"geometry_name":"geo_area_imovel","properties":{"cod_imovel":"RS-4302238-FCEDBBEE19B841A1839CB102C6AAFE71","status_imovel":"AT","dat_criacao":"2026-08-20T18:19:34.899Z","area":41.4444,"condicao":"Aguardando análise","uf":"RS","municipio":"Cruz Alta","cod_municipio_ibge":4306106,"m_fiscal":2.0722,"tipo_imovel":"IRU"}},{"type":"Feature","id":"sicar_imoveis_rs.3165378","geometry":{"type":"MultiPolygon","coordinates":[[[[-53.64278883,-28.75267032],[-53.63736266,-28.75123913],[-53.63508926,-28.7506654],[-53.63362228,-28.74449201],[-53.6335386,-28.74389062],[-53.63380137,-28.7437781],[-53.63414777,-28.74363225],[-53.63454611,-28.74333418],[-53.63502314,-28.74321767],[-53.63553805,-28.74291665],[-53.63684628,-28.74302821],[-53.63686911,-28.74220274],[-53.63696009,-28.74113632],[-53.63861777,-28.73982519],[-53.63759964,-28.73720648],[-53.64008145,-28.73612897],[-53.64003631,-28.73680143],[-53.6401546,-28.73786383],[-53.64062825,-28.73881104],[-53.64123776,-28.73970857],[-53.64187268,-28.74100974],[-53.64219915,-28.74192271],[-53.64253679,-28.74268385],[-53.64288496,-28.74397828],[-53.64297677,-28.74479979],[-53.64282456,-28.74582032],[-53.64281914,-28.74683109],[-53.64335098,-28.74819338],[-53.64370206,-28.74916729],[-53.64491569,-28.75029329],[-53.64590571,-28.7510229],[-53.64638296,-28.75122112],[-53.64627488,-28.75145822],[-53.64278883,-28.75267032]]]]},"geometry_name":"geo_area_imovel","properties":{"cod_imovel":"RS-4306106-001519E84A084BB69C158291E833C7DC","status_imovel":"AT","dat_criacao":"2016-05-25T15:14:09.183Z","area":112.7221,"condicao":"Aguardando análise","uf":"RS","municipio":"Cruz Alta","cod_municipio_ibge":4306106,"m_fiscal":5.6361,"tipo_imovel":"IRU"}},{"type":"Feature","id":"sicar_imoveis_rs.4534906","geometry":{"type":"MultiPolygon","coordinates":[[[[-53.62551482,-28.66635266],[-53.62927792,-28.66291195],[-53.62969002,-28.6632587],[-53.63006551,-28.66361738],[-53.63023583,-28.66377541],[-53.63036463,-28.66392433],[-53.63048377,-28.66403542],[-53.63075945,-28.66425832],[-53.63097889,-28.6644509],[-53.63129606,-28.66476703],[-53.63161301,-28.66509223],[-53.63201755,-28.66545539],[-53.63229479,-28.66573947],[-53.63258963,-28.66603337],[-53.63277891,-28.6662048],[-53.63302265,-28.66642724],[-53.63340503,-28.66676046],[-53.63403568,-28.66729517],[-53.63632136,-28.66543761],[-53.63839852,-28.66419618],[-53.6399145,-28.66335189],[-53.64244947,-28.66198909],[-53.64317757,-28.66374624],[-53.64459792,-28.66755473],[-53.63854642,-28.67394189],[-53.62551482,-28.66635266]]]]},"geometry_name":"geo_area_imovel","properties":{"cod_imovel":"RS-4306106-001B736413944449A1BF5429B0803789","status_imovel":"AT","dat_criacao":"2017-09-05T00:10:39.800Z","area":117.4594,"condicao":"Aguardando análise","uf":"RS","municipio":"Cruz Alta","cod_municipio_ibge":4306106,"m_fiscal":5.873,"tipo_imovel":"IRU"}},{"type":"Feature","id":"sicar_imoveis_rs.10986748","geometry":{"type":"MultiPolygon","coordinates":[[[[-53.6187786,-28.90140758],[-53.62161143,-28.90072376],[-53.62480269,-28.89993314],[-53.62371858,-28.89765164],[-53.62315301,-28.8965226],[-53.61993733,-28.89760825],[-53.61939428,-28.89660245],[-53.61805818,-28.89702067],[-53.61718211,-28.89730479],[-53.61806546,-28.89916679],[-53.6187786,-28.90140758]]]]},"geometry_name":"geo_area_imovel","properties":{"cod_imovel":"RS-4306106-003864C5A0AD4676BDEB25B91C265708","status_imovel":"AT","dat_criacao":"2022-11-11T19:49:37.064Z","area":25.3424,"condicao":"Aguardando análise","uf":"RS","municipio":"Cruz Alta","cod_municipio_ibge":4306106,"m_fiscal":1.2671,"tipo_imovel":"IRU"}},{"type":"Feature","id":"sicar_imoveis_rs.12515695","geometry":{"type":"MultiPolygon","coordinates":[[[[-53.30397117,-28.69679869],[-53.30411418,-28.69681926],[-53.30152046,-28.70054411],[-53.30052063,-28.7002228],[-53.30031325,-28.70098846],[-53.30005016,-28.70166756],[-53.29908978,-28.70227047],[-53.29572751,-28.69975687],[-53.29796251,-28.6976527],[-53.29854875,-28.69702501],[-53.29878427,-28.6977309],[-53.29909917,-28.69764924],[-53.2993591,-28.69756119],[-53.30008086,-28.69760416],[-53.30026391,-28.69700634],[-53.30039776,-28.69686553],[-53.30137945,-28.69631293],[-53.30165898,-28.69621176],[-53.30206544,-28.69612728],[-53.30213587,-28.69605445],[-53.30228674,-28.69605457],[-53.30243481,-28.69601943],[-53.30274365,-28.6960122],[-53.30298785,-28.69596444],[-53.30320311,-28.69589097],[-53.30341518,-28.69586622],[-53.30376045,-28.6959212],[-53.30404789,-28.69590036],[-53.30397117,-28.69679869]]]]},"geometry_name":"geo_area_imovel","properties":{"cod_imovel":"RS-4306106-00462EBE2DDD496AA1CD9908E754B122","status_imovel":"AT","dat_criacao":"2024-01-31T07:27:41.160Z","area":28.1135,"condicao":"Aguardando análise","uf":"RS","municipio":"Cruz Alta","cod_municipio_ibge":4306106,"m_fiscal":1.4057,"tipo_imovel":"IRU"}},{"type":"Feature","id":"sicar_imoveis_rs.2730767","geometry":{"type":"MultiPolygon","coordinates":[[[[-53.63664865,-28.60801537],[-53.63651991,-28.60858051],[-53.63624096,-28.60890076],[-53.63394344,-28.60869229],[-53.63059759,-28.6083733],[-53.63044674,-28.6080086],[-53.62499714,-28.60746907],[-53.6250186,-28.60701695],[-53.63664865,-28.60801537]]]]},"geometry_name":"geo_area_imovel","properties":{"cod_imovel":"RS-4306106-0090D4541EE74191BF69B65294CCC011","status_imovel":"AT","dat_criacao":"2016-04-29T09:17:32.361Z","area":8.7935,"condicao":"Aguardando análise","uf":"RS","municipio":"Cruz Alta","cod_municipio_ibge":4306106,"m_fiscal":0.4474,"tipo_imovel":"IRU"}},{"type":"Feature","id":"sicar_imoveis_rs.14741385","geometry":{"type":"MultiPolygon","coordinates":[[[[-53.72189251,-28.73374924],[-53.70824251,-28.74662563],[-53.70841251,-28.74667757],[-53.7085289,-28.74691174],[-53.70863168,-28.74705591],[-53.70871363,-28.74714618],[-53.70868779,-28.74723146],[-53.70859835,-28.74727452],[-53.70858307,-28.74735007],[-53.70861001,-28.74742396],[-53.70880807,-28.74760591],[-53.70891418,-28.74773868],[-53.70889946,-28.74785229],[-53.70884529,-28.74795841],[-53.70885474,-28.74805535],[-53.70895029,-28.74810257],[-53.70906946,-28.74812924],[-53.70918001,-28.74824841],[-53.70914418,-28.74836035],[-53.70911918,-28.74860118],[-53.70902918,-28.74867535],[-53.70890585,-28.74864285],[-53.70880668,-28.74867785],[-53.70872863,-28.74871479],[-53.70859446,-28.74866729],[-53.70837918,-28.74863618],[-53.70825835,-28.74856007],[-53.7081889,-28.74855785],[-53.70818307,-28.74860063],[-53.70828557,-28.74869063],[-53.70819307,-28.74884813],[-53.70822501,-28.74893924],[-53.70811807,-28.74896313],[-53.70794224,-28.74891063],[-53.70769363,-28.74897841],[-53.70769474,-28.74916146],[-53.70770751,-28.74929618],[-53.70775307,-28.74954868],[-53.70790501,-28.74952118],[-53.70810751,-28.74952452],[-53.70819557,-28.74947924],[-53.70823529,-28.74941257],[-53.7082839,-28.74929979],[-53.70840057,-28.74925563],[-53.70848807,-28.74928646],[-53.70852974,-28.74934563],[-53.70845029,-28.74969757],[-53.70847168,-28.74996646],[-53.70854251,-28.74995702],[-53.70858335,-28.74991618],[-53.7085464,-28.74984952],[-53.70854807,-28.74973007],[-53.70862363,-28.74969174],[-53.70875585,-28.74968202],[-53.70882168,-28.74971174],[-53.70897474,-28.74987591],[-53.70903724,-28.75004063],[-53.70896224,-28.75021313],[-53.70897168,-28.75040091],[-53.70911251,-28.75053702],[-53.70909251,-28.75065979],[-53.70900001,-28.75081674],[-53.70899557,-28.75088896],[-53.70914863,-28.75101091],[-53.70916418,-28.75108868],[-53.70908835,-28.75123646],[-53.70907529,-28.75135035],[-53.7091264,-28.75155674],[-53.70919585,-28.75170841],[-53.70931696,-28.75179646],[-53.70974585,-28.75172924],[-53.70992363,-28.75183118],[-53.71014779,-28.75184507],[-53.71028251,-28.75188535],[-53.71031751,-28.75194341],[-53.71027251,-28.75203702],[-53.71012501,-28.75221841],[-53.71024279,-28.75238368],[-53.71039557,-28.75241202],[-53.71047113,-28.75232646],[-53.7104889,-28.75224341],[-53.71045724,-28.75216146],[-53.71044613,-28.75206729],[-53.71050863,-28.75200257],[-53.7107114,-28.75208952],[-53.71081279,-28.75220868],[-53.71093724,-28.75229507],[-53.71095585,-28.75243841],[-53.71102307,-28.75248313],[-53.71117196,-28.75246618],[-53.71132251,-28.75252118],[-53.71142724,-28.75251479],[-53.71153557,-28.75255285],[-53.71153751,-28.75268952],[-53.71157001,-28.75275785],[-53.71163029,-28.75276785],[-53.71160696,-28.75266257],[-53.7115989,-28.75246924],[-53.71165779,-28.75225841],[-53.71181363,-28.75218591],[-53.71192668,-28.75221285],[-53.71192807,-28.75236785],[-53.71193279,-28.75258757],[-53.71204001,-28.75265257],[-53.7121289,-28.75267591],[-53.71230335,-28.75260868],[-53.71233057,-28.75237591],[-53.71239224,-28.75231479],[-53.71262085,-28.75217063],[-53.71267751,-28.75209257],[-53.71261501,-28.75194285],[-53.71264696,-28.75177646],[-53.71277168,-28.75165313],[-53.7128264,-28.75164424],[-53.71287529,-28.75173535],[-53.71293029,-28.75178091],[-53.71300474,-28.75177563],[-53.71297418,-28.75170396],[-53.71304585,-28.75160757],[-53.71320751,-28.75166618],[-53.71341529,-28.75170952],[-53.71347613,-28.75175035],[-53.72472085,-28.73667146],[-53.72189251,-28.73374924]]]]},"geometry_name":"geo_area_imovel","properties":{"cod_imovel":"RS-4306106-00B898B018884C8EA33EBEE71B518E69","status_imovel":"AT","dat_criacao":"2025-09-18T17:46:26.922Z","area":128.6977,"condicao":"Aguardando análise","uf":"RS","municipio":"Cruz Alta","cod_municipio_ibge":4306106,"m_fiscal":6.4349,"tipo_imovel":"IRU"}},{"type":"Feature","id":"sicar_imoveis_rs.2675504","geometry":{"type":"MultiPolygon","coordinates":[[[[-53.48519885,-28.60856355],[-53.48544947,-28.60883307],[-53.4857516,-28.60942797],[-53.48597685,-28.60943038],[-53.486183,-28.61021781],[-53.48668078,-28.61099278],[-53.48746336,-28.61176499],[-53.4875454,-28.61318824],[-53.4872571,-28.61373538],[-53.48675859,-28.61448643],[-53.48628581,-28.61540777],[-53.48734629,-28.61547402],[-53.487814,-28.61570561],[-53.4885276,-28.61579035],[-53.48847487,-28.61705014],[-53.48914352,-28.61929984],[-53.48928312,-28.61967484],[-53.48923461,-28.62012313],[-53.48844191,-28.62003354],[-53.48788729,-28.62071737],[-53.48672734,-28.62153655],[-53.48550859,-28.6228431],[-53.48728158,-28.62545176],[-53.47844448,-28.62247953],[-53.48519885,-28.60856355]]]]},"geometry_name":"geo_area_imovel","properties":{"cod_imovel":"RS-4306106-0114AC0A94D54561BB9FD864B4DD7D08","status_imovel":"AT","dat_criacao":"2016-04-26T02:05:45.703Z","area":96.1378,"condicao":"Aguardando análise","uf":"RS","municipio":"Cruz Alta","cod_municipio_ibge":4306106,"m_fiscal":4.8069,"tipo_imovel":"IRU"}},{"type":"Feature","id":"sicar_imoveis_rs.8591467","geometry":{"type":"MultiPolygon","coordinates":[[[[-53.6908164,-28.6285736],[-53.69217323,-28.62618499],[-53.68308137,-28.62103705],[-53.68355153,-28.61977383],[-53.68171151,-28.61905471],[-53.68034845,-28.61852193],[-53.68053532,-28.61973785],[-53.68268664,-28.62162858],[-53.6908164,-28.6285736]]]]},"geometry_name":"geo_area_imovel","properties":{"cod_imovel":"RS-4306106-011BF39441AE444AA220110F3673A4C0","status_imovel":"AT","dat_criacao":"2020-09-25T01:06:52.366Z","area":24.8192,"condicao":"Aguardando análise","uf":"RS","municipio":"Cruz Alta","cod_municipio_ibge":4306106,"m_fiscal":1.241,"tipo_imovel":"IRU"}},{"type":"Feature","id":"sicar_imoveis_rs.7327379","geometry":{"type":"MultiPolygon","coordinates":[[[[-53.56861955,-28.74751523],[-53.56932854,-28.75114021],[-53.56753371,-28.75388873],[-53.56713894,-28.75388806],[-53.56675453,-28.75347001],[-53.56651745,-28.75333873],[-53.56599322,-28.75312968],[-53.56549115,-28.75331935],[-53.56525654,-28.75370683],[-53.56527159,-28.75381053],[-53.56516701,-28.75437895],[-53.56239435,-28.75462808],[-53.56180788,-28.75106074],[-53.56199065,-28.75096533],[-53.56243111,-28.75089711],[-53.56302534,-28.75080631],[-53.56333806,-28.75096358],[-53.56350852,-28.75092946],[-53.56363819,-28.75086041],[-53.56352822,-28.75065729],[-53.56352054,-28.75044213],[-53.56861955,-28.74751523]]]]},"geometry_name":"geo_area_imovel","properties":{"cod_imovel":"RS-4306106-0140B414612442F7B6BFD34D2FD60F9E","status_imovel":"AT","dat_criacao":"2019-08-24T01:25:35.326Z","area":33.638,"condicao":"Aguardando análise","uf":"RS","municipio":"Cruz Alta","cod_municipio_ibge":4306106,"m_fiscal":1.6819,"tipo_imovel":"IRU"}},{"type":"Feature","id":"sicar_imoveis_rs.15036540","geometry":{"type":"MultiPolygon","coordinates":[[[[-53.5884509,-28.77675799],[-53.58843913,-28.776758],[-53.58842971,-28.7767518],[-53.58842029,-28.7767456],[-53.58840616,-28.7767394],[-53.58839438,-28.77673526],[-53.58838496,-28.77672906],[-53.58837318,-28.77672493],[-53.58836847,-28.77672079],[-53.58835669,-28.77671666],[-53.58834726,-28.77671459],[-53.58833783,-28.77671252],[-53.58833076,-28.77671253],[-53.58831662,-28.77671046],[-53.58830955,-28.77671046],[-53.58827178,-28.77670783],[-53.58826462,-28.77670783],[-53.58825747,-28.77670784],[-53.58824673,-28.77670784],[-53.58824136,-28.77670784],[-53.58822884,-28.77670784],[-53.58822168,-28.77670941],[-53.58821274,-28.77670942],[-53.58820559,-28.77670942],[-53.58819844,-28.77671099],[-53.58819129,-28.77671257],[-53.58818236,-28.77671257],[-53.58817521,-28.77671257],[-53.58817163,-28.77671257],[-53.58815912,-28.77671258],[-53.58815375,-28.77671258],[-53.58814302,-28.77671259],[-53.58813408,-28.77671259],[-53.5881305,-28.77671259],[-53.58811977,-28.77671259],[-53.58811262,-28.7767126],[-53.5880983,-28.7767126],[-53.58809115,-28.77671261],[-53.5880822,-28.77671261],[-53.58806967,-28.77671261],[-53.58806072,-28.77671262],[-53.58804998,-28.77671262],[-53.58804103,-28.77671105],[-53.58803028,-28.77670948],[-53.58802133,-28.77670791],[-53.58801417,-28.77670634],[-53.588007,-28.77670477],[-53.58800163,-28.77670477],[-53.58799625,-28.77670478],[-53.58798192,-28.77670478],[-53.58797117,-28.77670164],[-53.58796579,-28.77670164],[-53.58795683,-28.77669849],[-53.58795325,-28.7766985],[-53.58794428,-28.77669692],[-53.58793172,-28.77669535],[-53.58792275,-28.77669221],[-53.58791558,-28.77669063],[-53.58790481,-28.77668906],[-53.58789584,-28.77668591],[-53.58788866,-28.77668434],[-53.58787789,-28.77668434],[-53.5878743,-28.77668434],[-53.58786532,-28.77668434],[-53.58785634,-28.77668277],[-53.58784915,-28.77668119],[-53.58784017,-28.77667962],[-53.58783119,-28.77667805],[-53.58781861,-28.77667805],[-53.58781143,-28.77667805],[-53.58780604,-28.77667805],[-53.58779705,-28.77667805],[-53.58778628,-28.77667805],[-53.58777729,-28.77667805],[-53.58777011,-28.77667805],[-53.58775573,-28.77667805],[-53.58774855,-28.77667805],[-53.58773957,-28.77667805],[-53.58773238,-28.77667648],[-53.5877252,-28.77667491],[-53.5877216,-28.77667491],[-53.58771262,-28.77667333],[-53.58770364,-28.77667018],[-53.58769465,-28.77667018],[-53.58768567,-28.77667018],[-53.58767849,-28.77667018],[-53.5876695,-28.77667018],[-53.58766052,-28.77667019],[-53.58765154,-28.77667019],[-53.58764435,-28.77667019],[-53.58763537,-28.77667019],[-53.58762639,-28.77667019],[-53.5876174,-28.77667019],[-53.58761022,-28.77667019],[-53.58760303,-28.77667019],[-53.58759225,-28.77667491],[-53.58757968,-28.77667806],[-53.58757429,-28.77667964],[-53.5875653,-28.77668279],[-53.58755632,-28.77668909],[-53.58754554,-28.77669539],[-53.58753476,-28.77670169],[-53.58753117,-28.77670799],[-53.58752758,-28.77671429],[-53.58752399,-28.77672216],[-53.58752399,-28.77672688],[-53.5875222,-28.77673633],[-53.58751861,-28.7767442],[-53.58751682,-28.77675049],[-53.58751683,-28.77675994],[-53.58751683,-28.77676466],[-53.58751504,-28.77677253],[-53.58751504,-28.7767804],[-53.58751505,-28.77678827],[-53.58751268,-28.77681143],[-53.58750704,-28.7768139],[-53.5875014,-28.77681637],[-53.58749717,-28.77681885],[-53.58749293,-28.77682008],[-53.58748588,-28.77682379],[-53.58748024,-28.77682503],[-53.58747177,-28.77682626],[-53.58746754,-28.7768275],[-53.58745767,-28.77682874],[-53.58745202,-28.77682874],[-53.58744497,-28.7768275],[-53.58743933,-28.77682627],[-53.58743227,-28.77682256],[-53.58742663,-28.77682132],[-53.58741675,-28.77681885],[-53.58740969,-28.77681762],[-53.587397,-28.77681515],[-53.58739135,-28.77681391],[-53.58738571,-28.77681391],[-53.58738147,-28.77681144],[-53.58737301,-28.7768102],[-53.58736877,-28.77681021],[-53.58736172,-28.77680897],[-53.58735466,-28.77680774],[-53.58734901,-28.77680774],[-53.58734195,-28.77680775],[-53.5873363,-28.77680651],[-53.58733065,-28.77680528],[-53.587325,-28.77680404],[-53.58732218,-28.77680281],[-53.58731653,-28.7767991],[-53.58731088,-28.77679663],[-53.58730523,-28.77679292],[-53.58730099,-28.77678921],[-53.58729675,-28.77678303],[-53.58729393,-28.77677932],[-53.5872911,-28.77677437],[-53.58728969,-28.77676695],[-53.58728969,-28.776762],[-53.58728969,-28.77675458],[-53.58728828,-28.77674963],[-53.58728545,-28.77674469],[-53.5872798,-28.77673727],[-53.58727839,-28.77673232],[-53.58727697,-28.77672861],[-53.58727556,-28.77672242],[-53.58727556,-28.77671871],[-53.58727273,-28.77671005],[-53.58727131,-28.77670387],[-53.58726178,-28.77668185],[-53.58725845,-28.77667797],[-53.58725513,-28.77667409],[-53.58725403,-28.77667021],[-53.58725071,-28.77666826],[-53.58724628,-28.77666438],[-53.58724074,-28.77666147],[-53.58723631,-28.77665953],[-53.58723077,-28.77665759],[-53.58722523,-28.77665564],[-53.5872208,-28.77665467],[-53.58721637,-28.77665273],[-53.58721194,-28.77665176],[-53.58720751,-28.77664982],[-53.58720308,-28.77664788],[-53.58719754,-28.776644],[-53.58719422,-28.77664303],[-53.58718757,-28.77663817],[-53.58718535,-28.77663526],[-53.58717981,-28.77663137],[-53.58717537,-28.77662846],[-53.58717094,-28.77662651],[-53.58716982,-28.77662457],[-53.58716427,-28.77661971],[-53.58716205,-28.77661583],[-53.58715761,-28.77661195],[-53.58715207,-28.77660904],[-53.58714099,-28.77660419],[-53.58713656,-28.77660225],[-53.5871266,-28.77659934],[-53.58712327,-28.7765974],[-53.58711996,-28.77659547],[-53.58711442,-28.77659256],[-53.58711221,-28.77659062],[-53.58710889,-28.77658869],[-53.58710558,-28.77658482],[-53.58710005,-28.77658095],[-53.58709674,-28.77657611],[-53.58709011,-28.77657128],[-53.58708901,-28.77656934],[-53.58708239,-28.77656548],[-53.58707797,-28.77656259],[-53.58707246,-28.77655969],[-53.58706805,-28.77655776],[-53.58706033,-28.77655583],[-53.58705481,-28.77655487],[-53.5870493,-28.77655391],[-53.58704489,-28.77655391],[-53.58704158,-28.77655295],[-53.58703497,-28.77655199],[-53.58703167,-28.77655103],[-53.58702616,-28.7765491],[-53.58702175,-28.77654814],[-53.58701625,-28.77654718],[-53.58700964,-28.77654525],[-53.58700414,-28.77654526],[-53.58699973,-28.7765443],[-53.58699093,-28.77654238],[-53.58698543,-28.77654142],[-53.58698103,-28.77654046],[-53.58697773,-28.77654046],[-53.58697222,-28.77654239],[-53.5869667,-28.77654432],[-53.58696119,-28.77654722],[-53.58695677,-28.77654915],[-53.58695456,-28.77655108],[-53.58695014,-28.77655397],[-53.58694352,-28.77655687],[-53.58693911,-28.7765588],[-53.58693689,-28.7765617],[-53.58693246,-28.77656556],[-53.58693024,-28.77656942],[-53.58692691,-28.77657328],[-53.58692356,-28.77658005],[-53.58692245,-28.77658198],[-53.586918,-28.77658778],[-53.58691687,-28.77659261],[-53.58691462,-28.77659841],[-53.58691129,-28.77660228],[-53.58690683,-28.77660905],[-53.5869035,-28.77661293],[-53.58690127,-28.77661583],[-53.58689793,-28.77662067],[-53.58689348,-28.77662745],[-53.58689238,-28.77662842],[-53.58688686,-28.7766352],[-53.58688466,-28.77663907],[-53.58688246,-28.77664294],[-53.58687915,-28.77664681],[-53.58687805,-28.77664875],[-53.58687474,-28.77665359],[-53.58687033,-28.7766594],[-53.5868648,-28.77666618],[-53.58686149,-28.77667005],[-53.58685818,-28.77667295],[-53.58685376,-28.77667586],[-53.58684714,-28.77667973],[-53.58684383,-28.77668166],[-53.58684162,-28.77668457],[-53.58683611,-28.77668747],[-53.5868284,-28.7766894],[-53.58682289,-28.77669133],[-53.58681518,-28.77669423],[-53.58680858,-28.77669616],[-53.58680417,-28.77669713],[-53.58679867,-28.77669809],[-53.58679316,-28.77669905],[-53.58678546,-28.77670001],[-53.58677996,-28.77670001],[-53.58677446,-28.7767],[-53.58676786,-28.77669806],[-53.58676347,-28.77669612],[-53.58676017,-28.77669515],[-53.58675358,-28.77669418],[-53.58675028,-28.77669224],[-53.58674479,-28.77669127],[-53.58673929,-28.77668933],[-53.5867338,-28.77668739],[-53.58672721,-28.77668545],[-53.58672282,-28.77668351],[-53.58671953,-28.77668158],[-53.58671404,-28.77667867],[-53.58670966,-28.77667577],[-53.58670527,-28.77667287],[-53.58670417,-28.7766719],[-53.58669979,-28.77666803],[-53.5866954,-28.77666512],[-53.58668992,-28.77666319],[-53.58668553,-28.77666125],[-53.58667895,-28.77665835],[-53.58667347,-28.77665642],[-53.58667018,-28.77665545],[-53.58666141,-28.77665254],[-53.58665921,-28.77665254],[-53.58665592,-28.77665158],[-53.58665044,-28.77665061],[-53.58664277,-28.77665061],[-53.58663509,-28.7766506],[-53.58662851,-28.77664963],[-53.58662632,-28.77664867],[-53.58662085,-28.77664577],[-53.58661429,-28.77664094],[-53.58660772,-28.77663707],[-53.58660225,-28.77663418],[-53.58659678,-28.77663031],[-53.58658914,-28.77662548],[-53.58658369,-28.77662259],[-53.58657933,-28.77662066],[-53.5865739,-28.7766168],[-53.58656737,-28.7766139],[-53.58655976,-28.77660908],[-53.58655213,-28.77660619],[-53.58654562,-28.77660233],[-53.5865391,-28.77659847],[-53.58653257,-28.77659558],[-53.5865115,-28.77658242],[-53.58650648,-28.77658094],[-53.58649474,-28.7765765],[-53.58648803,-28.77657503],[-53.586483,-28.77657355],[-53.58647463,-28.77656912],[-53.58646626,-28.77656469],[-53.58646123,-28.77656173],[-53.58645455,-28.77655583],[-53.58645123,-28.77654846],[-53.58645125,-28.77654403],[-53.58644794,-28.77653518],[-53.58644462,-28.77652929],[-53.58643962,-28.77652339],[-53.58643461,-28.77651897],[-53.58642795,-28.77651013],[-53.58642464,-28.77650129],[-53.58642466,-28.77649834],[-53.586423,-28.77649393],[-53.58641971,-28.77648362],[-53.58641806,-28.77647773],[-53.58641641,-28.77647332],[-53.58641311,-28.77646449],[-53.58641147,-28.77645861],[-53.58640815,-28.77645272],[-53.58640485,-28.7764439],[-53.58640153,-28.77643949],[-53.5863999,-28.77643067],[-53.58639491,-28.77642479],[-53.5863899,-28.77642185],[-53.58637987,-28.77642039],[-53.58636983,-28.77641892],[-53.58635811,-28.77641892],[-53.5863514,-28.77642039],[-53.586343,-28.7764248],[-53.58633626,-28.77643215],[-53.58632953,-28.77643656],[-53.5863228,-28.77644097],[-53.58631608,-28.77644538],[-53.58631272,-28.77644979],[-53.58630433,-28.77645567],[-53.58629762,-28.77646008],[-53.58629091,-28.77646449],[-53.58628253,-28.7764689],[-53.58627918,-28.77647037],[-53.58626914,-28.77647331],[-53.58626244,-28.77647625],[-53.58624738,-28.77648066],[-53.58623901,-28.7764836],[-53.58623398,-28.77648654],[-53.58622393,-28.77649242],[-53.58621889,-28.77649683],[-53.58621051,-28.77650124],[-53.58620547,-28.77650565],[-53.58619874,-28.77651447],[-53.58619201,-28.77652183],[-53.58618863,-28.77652771],[-53.58618193,-28.77653065],[-53.58617857,-28.77653506],[-53.58617185,-28.77654094],[-53.58616681,-28.77654535],[-53.58616177,-28.77654977],[-53.58615672,-28.77655565],[-53.5861483,-28.77656301],[-53.58614324,-28.77656889],[-53.58613483,-28.77657478],[-53.58612473,-28.77658214],[-53.586118,-28.77658802],[-53.58611298,-28.77659096],[-53.58608168,-28.77661766],[-53.58607906,-28.77662915],[-53.58608416,-28.77664606],[-53.58608992,-28.77665109],[-53.5860976,-28.77665612],[-53.58610145,-28.77666115],[-53.58610721,-28.77666955],[-53.58610914,-28.77667626],[-53.58610915,-28.7766813],[-53.58610915,-28.7766897],[-53.58610916,-28.7766981],[-53.58610917,-28.7767065],[-53.58610534,-28.77671322],[-53.58610535,-28.77672163],[-53.58610536,-28.77673171],[-53.58610536,-28.77673843],[-53.58610537,-28.77674516],[-53.58610538,-28.77675356],[-53.58610539,-28.77676197],[-53.5861054,-28.77677206],[-53.5861054,-28.7767771],[-53.58610733,-28.77678551],[-53.58610926,-28.77679224],[-53.58611311,-28.77680065],[-53.58611888,-28.77680905],[-53.58612273,-28.77681578],[-53.58612466,-28.77681915],[-53.58612852,-28.77682924],[-53.58613044,-28.77683429],[-53.5861343,-28.77684271],[-53.58613623,-28.77684944],[-53.58613624,-28.77685786],[-53.58613817,-28.77686459],[-53.5861401,-28.77687301],[-53.58614011,-28.77688312],[-53.58614012,-28.77688985],[-53.58614014,-28.77690164],[-53.58614015,-28.77691007],[-53.58614016,-28.77691849],[-53.58614017,-28.77692691],[-53.58614018,-28.77693365],[-53.58613634,-28.77694208],[-53.58613635,-28.77694882],[-53.58613443,-28.77695556],[-53.58613059,-28.77696398],[-53.5861306,-28.77697241],[-53.58612869,-28.77698084],[-53.5861287,-28.77698927],[-53.58612871,-28.7769977],[-53.58612871,-28.77700445],[-53.5861268,-28.77701288],[-53.58612488,-28.77701794],[-53.58612104,-28.77702637],[-53.5861172,-28.7770348],[-53.58611144,-28.77704491],[-53.5861076,-28.77705166],[-53.58610376,-28.7770584],[-53.58610183,-28.77706009],[-53.58609415,-28.77707189],[-53.58608838,-28.77707863],[-53.58608646,-28.77708369],[-53.58608262,-28.77709043],[-53.58607685,-28.77709549],[-53.58607301,-28.77710223],[-53.58606724,-28.77711067],[-53.58605955,-28.77712078],[-53.58605571,-28.77712584],[-53.58604994,-28.77713427],[-53.5860461,-28.77714271],[-53.58604033,-28.77715114],[-53.58603457,-28.77715788],[-53.58603072,-28.77716463],[-53.5860288,-28.777168],[-53.58602303,-28.77717981],[-53.58601727,-28.77718994],[-53.58601535,-28.77719838],[-53.5860115,-28.77720513],[-53.58600958,-28.77721019],[-53.58600958,-28.77721695],[-53.58600766,-28.7772237],[-53.58600382,-28.77723383],[-53.58600382,-28.77724228],[-53.58600382,-28.77724735],[-53.58600383,-28.7772558],[-53.58600383,-28.77726594],[-53.58600383,-28.7772744],[-53.58600384,-28.77728116],[-53.58600577,-28.77729131],[-53.58600769,-28.77729808],[-53.58600962,-28.77730485],[-53.58601155,-28.77731501],[-53.58601348,-28.77732181],[-53.58601542,-28.77733031],[-53.58601735,-28.77733882],[-53.58601929,-28.77734562],[-53.58602526,-28.77737172],[-53.58602702,-28.77737788],[-53.58602878,-28.77738405],[-53.58603054,-28.77739022],[-53.58603582,-28.77739948],[-53.58603935,-28.77740565],[-53.58604464,-28.77741336],[-53.58605037,-28.77743908],[-53.58605035,-28.77744374],[-53.58605301,-28.7774484],[-53.58605835,-28.77745538],[-53.58606101,-28.77746004],[-53.58606501,-28.77746586],[-53.58606768,-28.77746935],[-53.58607035,-28.77747285],[-53.58607435,-28.7774775],[-53.58607836,-28.77748217],[-53.58608505,-28.77748799],[-53.5860904,-28.77749148],[-53.58609307,-28.77749615],[-53.58609842,-28.77750081],[-53.58610378,-28.77750547],[-53.58611048,-28.77750896],[-53.58611584,-28.77751363],[-53.58611851,-28.77751713],[-53.58612253,-28.7775218],[-53.58612655,-28.7775253],[-53.58612923,-28.77752881],[-53.58613459,-28.77753465],[-53.58613862,-28.77753933],[-53.58614264,-28.777544],[-53.58614532,-28.77754869],[-53.586148,-28.7775522],[-53.58615203,-28.7775557],[-53.58615874,-28.77756155],[-53.58616277,-28.77756624],[-53.5861668,-28.7775721],[-53.58616949,-28.77757562],[-53.58617487,-28.77757913],[-53.58618025,-28.777585],[-53.58618428,-28.77758734],[-53.58619101,-28.77759086],[-53.58619505,-28.7775932],[-53.58620178,-28.77759555],[-53.58620851,-28.77759906],[-53.5862139,-28.77760141],[-53.58622063,-28.77760375],[-53.58622198,-28.77760493],[-53.58623006,-28.77760727],[-53.58623815,-28.77761079],[-53.58624354,-28.77761196],[-53.58625028,-28.77761431],[-53.58625432,-28.77761783],[-53.58625972,-28.77762018],[-53.58626646,-28.7776237],[-53.5862732,-28.77762723],[-53.5862759,-28.7776284],[-53.58628535,-28.77763192],[-53.58629074,-28.77763545],[-53.58629749,-28.77763898],[-53.58630154,-28.77764015],[-53.58630694,-28.77764132],[-53.58631504,-28.77764485],[-53.58631775,-28.7776472],[-53.58632179,-28.7776472],[-53.58632856,-28.77765309],[-53.58633802,-28.77765897],[-53.58634477,-28.77766251],[-53.58635289,-28.7776684],[-53.58635694,-28.77767076],[-53.58636101,-28.77767665],[-53.58636642,-28.77768137],[-53.58637049,-28.77768609],[-53.5863732,-28.77769081],[-53.58637727,-28.77769554],[-53.58638133,-28.77769908],[-53.58638675,-28.77770262],[-53.58639216,-28.77770616],[-53.58639623,-28.7777097],[-53.58640165,-28.77771443],[-53.58640573,-28.77772034],[-53.58640845,-28.77772506],[-53.58641252,-28.77773097],[-53.58641388,-28.77773216],[-53.58641796,-28.77774044],[-53.58642204,-28.77774517],[-53.58642612,-28.77775227],[-53.58642749,-28.777757],[-53.58643022,-28.7777641],[-53.58643025,-28.77777002],[-53.58643027,-28.77777713],[-53.58643029,-28.77778187],[-53.58643031,-28.77778898],[-53.58643033,-28.77779372],[-53.58643035,-28.77779846],[-53.58642902,-28.77780439],[-53.58642769,-28.77781151],[-53.58642635,-28.77781744],[-53.58642366,-28.777821],[-53.58642232,-28.77782574],[-53.58641963,-28.77783168],[-53.58641557,-28.77783405],[-53.58641152,-28.77783761],[-53.58640612,-28.77784354],[-53.58640342,-28.77784592],[-53.58639802,-28.77785185],[-53.58639397,-28.7778566],[-53.58638991,-28.77786017],[-53.58638586,-28.77786611],[-53.58638046,-28.77787086],[-53.58637505,-28.77787561],[-53.58636829,-28.77788037],[-53.58636425,-28.77788631],[-53.58636291,-28.77788988],[-53.58635616,-28.77789821],[-53.58635211,-28.77790416],[-53.58634941,-28.77790773],[-53.58634671,-28.77791368],[-53.58634537,-28.77791844],[-53.58634403,-28.7779244],[-53.58634405,-28.77793035],[-53.58634542,-28.77793631],[-53.58634815,-28.77794227],[-53.58634816,-28.77794704],[-53.58634953,-28.777953],[-53.58635226,-28.77795896],[-53.58635227,-28.77796254],[-53.58635365,-28.7779697],[-53.58635367,-28.77797686],[-53.58635368,-28.77798164],[-53.58635371,-28.7779888],[-53.58635373,-28.77799717],[-53.58635374,-28.77800313],[-53.58635374,-28.77800789],[-53.58635238,-28.77801265],[-53.58635238,-28.77802098],[-53.58635238,-28.77802693],[-53.58635238,-28.77803407],[-53.58635238,-28.77804002],[-53.5863551,-28.77804121],[-53.5863549,-28.77806474],[-53.5863534,-28.77807001],[-53.5863534,-28.77807529],[-53.5863534,-28.77808056],[-53.58635491,-28.77808847],[-53.58635491,-28.77809374],[-53.58635491,-28.77810033],[-53.58635491,-28.77810561],[-53.58635792,-28.77811352],[-53.58636092,-28.77811879],[-53.58636243,-28.77812406],[-53.58636544,-28.77813065],[-53.58636694,-28.77813461],[-53.58636694,-28.77814252],[-53.58636694,-28.77814647],[-53.58636694,-28.77815438],[-53.58636694,-28.77815965],[-53.58636694,-28.77816624],[-53.58636694,-28.77817152],[-53.58636694,-28.77818074],[-53.58636694,-28.77818602],[-53.58636694,-28.77818997],[-53.58636544,-28.7781992],[-53.58636394,-28.77820315],[-53.58636243,-28.77820975],[-53.58635943,-28.77821502],[-53.58635943,-28.77821897],[-53.58635943,-28.77822425],[-53.58635943,-28.77823084],[-53.58635642,-28.77824007],[-53.58635341,-28.77824402],[-53.58635341,-28.77825061],[-53.58635191,-28.77825852],[-53.58635191,-28.77826379],[-53.58635041,-28.77827038],[-53.58635041,-28.77827434],[-53.58635041,-28.77827961],[-53.58634763,-28.77831367],[-53.5863462,-28.77832121],[-53.5863462,-28.77832623],[-53.5863462,-28.77833126],[-53.5863462,-28.77833754],[-53.5863462,-28.7783388],[-53.5863462,-28.77834634],[-53.5863462,-28.77835262],[-53.58634334,-28.77836393],[-53.5863419,-28.77837021],[-53.5863419,-28.77837649],[-53.5863419,-28.77838403],[-53.5863419,-28.77839283],[-53.5863419,-28.77839911],[-53.5863419,-28.77840288],[-53.58634621,-28.77840916],[-53.58634621,-28.77841418],[-53.58634764,-28.77841921],[-53.58635194,-28.77842926],[-53.58635481,-28.77843429],[-53.58635911,-28.77844057],[-53.58636198,-28.77844559],[-53.58636484,-28.77844936],[-53.58636914,-28.77845439],[-53.58637345,-28.77845941],[-53.58637631,-28.77846193],[-53.58638061,-28.77847072],[-53.58638205,-28.77847449],[-53.58638491,-28.77847952],[-53.58638778,-28.77848329],[-53.58639065,-28.77848831],[-53.58639352,-28.77849334],[-53.58639638,-28.77850088],[-53.58640068,-28.77850716],[-53.58640069,-28.77851218],[-53.58640355,-28.77851972],[-53.58640499,-28.77852475],[-53.58640642,-28.77852977],[-53.58640929,-28.77853606],[-53.58641359,-28.77853982],[-53.58641932,-28.77854611],[-53.58642219,-28.77854988],[-53.58642649,-28.7785549],[-53.58643223,-28.77855741],[-53.58643796,-28.77856118],[-53.58644513,-28.77856495],[-53.58645086,-28.77856746],[-53.5864566,-28.77856998],[-53.58646376,-28.77857375],[-53.58646806,-28.77857751],[-53.5864738,-28.77858254],[-53.5864781,-28.77858505],[-53.58648527,-28.77859008],[-53.58648957,-28.7785951],[-53.58649387,-28.77860264],[-53.58649674,-28.77860641],[-53.58650104,-28.77861018],[-53.58650674,-28.77861395],[-53.58651244,-28.77861772],[-53.58651671,-28.77862023],[-53.58652382,-28.77862274],[-53.58653094,-28.77862525],[-53.58653521,-28.77863153],[-53.58653947,-28.77863781],[-53.58654374,-28.77864283],[-53.58654943,-28.77864533],[-53.58655369,-28.77864784],[-53.58655937,-28.77865035],[-53.58656505,-28.77865536],[-53.58656931,-28.77865787],[-53.58657499,-28.77866162],[-53.58658209,-28.77866538],[-53.58658635,-28.77866788],[-53.58658919,-28.77866913],[-53.58660053,-28.77867413],[-53.58660337,-28.77867914],[-53.58660904,-28.77868415],[-53.58661187,-28.77868916],[-53.58661328,-28.77869291],[-53.58661469,-28.77869542],[-53.58661893,-28.77870668],[-53.58661892,-28.77871169],[-53.58661891,-28.77871795],[-53.5866189,-28.77872547],[-53.58661748,-28.77872923],[-53.58661463,-28.77873675],[-53.58661321,-28.77874176],[-53.58660895,-28.77874803],[-53.58660469,-28.77875306],[-53.58660044,-28.77875808],[-53.58659476,-28.77876185],[-53.5865905,-28.77876437],[-53.58658482,-28.77877191],[-53.58658339,-28.77877567],[-53.58656897,-28.77878884],[-53.58656436,-28.77879559],[-53.58656281,-28.77880101],[-53.58655972,-28.77880778],[-53.58655664,-28.77881319],[-53.58655202,-28.77881995],[-53.58654894,-28.778824],[-53.58654586,-28.77882942],[-53.58654124,-28.77883618],[-53.58653663,-28.77884158],[-53.58653201,-28.77884562],[-53.58653047,-28.77884969],[-53.58652738,-28.77885646],[-53.58652736,-28.77886189],[-53.58652582,-28.77886459],[-53.58652274,-28.77887136],[-53.58651811,-28.77888084],[-53.58651349,-28.77888489],[-53.58650734,-28.77889028],[-53.58649964,-28.77889433],[-53.586495,-28.77889705],[-53.5864919,-28.77889976],[-53.5864857,-28.77890655],[-53.58647486,-28.77891469],[-53.58646608,-28.77893536],[-53.58646192,-28.77894141],[-53.58646192,-28.77894262],[-53.58645915,-28.77894867],[-53.58645637,-28.77895472],[-53.5864536,-28.77895956],[-53.58644946,-28.7789644],[-53.58644531,-28.77896803],[-53.58644117,-28.77897286],[-53.5864343,-28.77897527],[-53.58642879,-28.77897889],[-53.58642329,-28.77898251],[-53.58641916,-28.77898372],[-53.58641228,-28.77898854],[-53.58640815,-28.77899216],[-53.58640402,-28.77899699],[-53.58640126,-28.77900182],[-53.58639713,-28.77900786],[-53.586393,-28.77901148],[-53.58639024,-28.7790151],[-53.58638474,-28.77901993],[-53.5863806,-28.77902596],[-53.58637923,-28.77902596],[-53.58637647,-28.779032],[-53.5863737,-28.77903683],[-53.58636543,-28.77904408],[-53.58635993,-28.77904649],[-53.58635717,-28.77904891],[-53.58634891,-28.77905253],[-53.58634202,-28.77905736],[-53.58633652,-28.77905856],[-53.58633239,-28.77906098],[-53.58632551,-28.7790646],[-53.58631725,-28.77906701],[-53.58631449,-28.77906822],[-53.58630899,-28.77906942],[-53.58630073,-28.77907183],[-53.58628835,-28.77907545],[-53.58627734,-28.77907786],[-53.58627458,-28.77907907],[-53.5862677,-28.77908148],[-53.58625944,-28.77908389],[-53.58625256,-28.77908631],[-53.58624705,-28.77908993],[-53.58624292,-28.77909114],[-53.58623878,-28.77909476],[-53.5862319,-28.77909959],[-53.58622777,-28.77910321],[-53.58622227,-28.77910562],[-53.58621676,-28.77911044],[-53.58621401,-28.77911044],[-53.58620851,-28.77911647],[-53.58620438,-28.77912009],[-53.58619612,-28.77912492],[-53.58619062,-28.77912974],[-53.58618649,-28.77913578],[-53.58618235,-28.77914302],[-53.5861796,-28.77915147],[-53.58617684,-28.77915751],[-53.58617271,-28.77916354],[-53.58617271,-28.77916717],[-53.58617133,-28.7791732],[-53.58616858,-28.77918045],[-53.58616583,-28.77918648],[-53.58616445,-28.7791901],[-53.58616307,-28.77919614],[-53.58616031,-28.7792058],[-53.58615894,-28.77921063],[-53.58615894,-28.77921666],[-53.58615893,-28.7792227],[-53.58615893,-28.77922994],[-53.58615893,-28.77923115],[-53.58615893,-28.77923839],[-53.58615893,-28.77924563],[-53.58615892,-28.77925046],[-53.58615892,-28.77925649],[-53.58615892,-28.77926373],[-53.58616029,-28.77926976],[-53.58616167,-28.77927338],[-53.58616304,-28.77927941],[-53.58616304,-28.77928424],[-53.58616304,-28.77929148],[-53.58616303,-28.7792963],[-53.58616303,-28.77929871],[-53.58616441,-28.77930595],[-53.58616441,-28.77930957],[-53.58616715,-28.7793168],[-53.58616715,-28.77932163],[-53.58616852,-28.77932766],[-53.58616852,-28.77933248],[-53.58616852,-28.7793361],[-53.5861625,-28.77937268],[-53.58615942,-28.77938077],[-53.58615941,-28.77938888],[-53.58615786,-28.77939698],[-53.58615785,-28.77940509],[-53.58615785,-28.77941184],[-53.58615784,-28.77941724],[-53.58615937,-28.779424],[-53.58616244,-28.7794321],[-53.58616397,-28.77943886],[-53.58616857,-28.77944696],[-53.58617317,-28.77945372],[-53.5861747,-28.77946047],[-53.58617777,-28.77946587],[-53.58617776,-28.77947262],[-53.58617776,-28.77947937],[-53.58617775,-28.77948477],[-53.5861762,-28.77949287],[-53.58617158,-28.77950097],[-53.58616697,-28.77950771],[-53.58616081,-28.77951041],[-53.58615314,-28.7795104],[-53.58615006,-28.77951309],[-53.58614085,-28.77951578],[-53.58613624,-28.77951712],[-53.58612856,-28.77952116],[-53.58612241,-28.77952385],[-53.58611626,-28.77952655],[-53.58611011,-28.77952924],[-53.58610089,-28.77953193],[-53.58609628,-28.77953462],[-53.58608706,-28.77954001],[-53.58608244,-28.77954405],[-53.58607937,-28.77954945],[-53.58607782,-28.7795562],[-53.58607782,-28.77956025],[-53.58607628,-28.779567],[-53.58607474,-28.7795697],[-53.58607473,-28.7795778],[-53.58607319,-28.77958994],[-53.58607165,-28.77959534],[-53.58607164,-28.77960344],[-53.58607164,-28.77960884],[-53.58607163,-28.77961154],[-53.58607163,-28.77962233],[-53.58607316,-28.77962908],[-53.58607315,-28.77963583],[-53.58607468,-28.77963988],[-53.58607774,-28.77964797],[-53.58607774,-28.77964932],[-53.5860808,-28.77965877],[-53.58608232,-28.77966821],[-53.58608231,-28.77967496],[-53.5860823,-28.779679],[-53.58608229,-28.77968709],[-53.58607921,-28.77969384],[-53.58607613,-28.77969788],[-53.58607304,-28.77970597],[-53.58607149,-28.77971406],[-53.58606995,-28.77971945],[-53.58606994,-28.77972754],[-53.58606994,-28.77973158],[-53.58606993,-28.77973563],[-53.58606993,-28.77974371],[-53.58606992,-28.7797491],[-53.58607453,-28.77975584],[-53.58608221,-28.77975853],[-53.58608989,-28.77975988],[-53.58610064,-28.77976257],[-53.58610832,-28.77976392],[-53.58611447,-28.77976392],[-53.58612439,-28.77977117],[-53.58612706,-28.77977469],[-53.58612972,-28.77978055],[-53.58613105,-28.77978524],[-53.58613239,-28.77978758],[-53.58613505,-28.77979344],[-53.58613638,-28.7797993],[-53.58613637,-28.77980516],[-53.58613637,-28.77980985],[-53.58613636,-28.77981688],[-53.58613636,-28.77982156],[-53.58613502,-28.77982742],[-53.58613501,-28.7798321],[-53.58613501,-28.77983796],[-53.58613233,-28.77984381],[-53.58613099,-28.7798485],[-53.58612832,-28.77985318],[-53.58612431,-28.77985787],[-53.58611897,-28.77986138],[-53.5861123,-28.77986372],[-53.58610695,-28.77986723],[-53.58610028,-28.77986957],[-53.58609627,-28.77987074],[-53.5860896,-28.77987309],[-53.58608292,-28.77987426],[-53.58607491,-28.77987425],[-53.58606423,-28.77987425],[-53.58605756,-28.77987308],[-53.58604821,-28.77987191],[-53.58604287,-28.77986956],[-53.58603753,-28.77986839],[-53.58603086,-28.77986488],[-53.58602285,-28.77986136],[-53.58602018,-28.77986019],[-53.58601083,-28.77985784],[-53.58600148,-28.7798555],[-53.58599747,-28.77985315],[-53.58599213,-28.77985081],[-53.58598545,-28.77984964],[-53.58597743,-28.77984612],[-53.58597209,-28.77984495],[-53.58596674,-28.77984377],[-53.58596006,-28.7798426],[-53.58595204,-28.7798426],[-53.5859467,-28.77984142],[-53.58594001,-28.77984025],[-53.58593333,-28.77984025],[-53.58592665,-28.77983908],[-53.58592263,-28.7798379],[-53.58591595,-28.77983673],[-53.5859106,-28.77983556],[-53.58590392,-28.77983556],[-53.58589857,-28.77983556],[-53.58589322,-28.77983673],[-53.58588654,-28.77984025],[-53.58587985,-28.7798426],[-53.5858745,-28.77984612],[-53.58586916,-28.77984963],[-53.58586515,-28.77985315],[-53.58586248,-28.77985784],[-53.5858598,-28.7798637],[-53.58585713,-28.77986839],[-53.58585446,-28.7798719],[-53.58585446,-28.77987776],[-53.58585313,-28.77988831],[-53.58585313,-28.77989417],[-53.58585313,-28.77989885],[-53.58585715,-28.77990354],[-53.58586249,-28.77990705],[-53.5858665,-28.77990822],[-53.58587185,-28.77991056],[-53.58587853,-28.77991408],[-53.58588521,-28.77991642],[-53.58589055,-28.77991993],[-53.5858959,-28.77992462],[-53.5858999,-28.77992813],[-53.58590391,-28.77993281],[-53.58590792,-28.77993749],[-53.58591193,-28.77994335],[-53.5859146,-28.77994686],[-53.58591593,-28.77995037],[-53.58591593,-28.77995739],[-53.58591593,-28.77996324],[-53.58591593,-28.77996909],[-53.58591593,-28.77997377],[-53.58591593,-28.77997845],[-53.58591593,-28.7799843],[-53.58591593,-28.77999015],[-53.58591592,-28.78000067],[-53.58591592,-28.78000418],[-53.58591592,-28.78000886],[-53.58591592,-28.78001353],[-53.58591592,-28.78001938],[-53.58591725,-28.78003223],[-53.58591859,-28.78004041],[-53.58591859,-28.78004859],[-53.58591992,-28.78005327],[-53.58591992,-28.7800556],[-53.58592216,-28.78008803],[-53.58592543,-28.78009376],[-53.58592871,-28.78010093],[-53.5859287,-28.7801081],[-53.5859287,-28.78011383],[-53.58593197,-28.78011957],[-53.58593197,-28.78012674],[-53.5859336,-28.78013391],[-53.5859336,-28.78013535],[-53.58593523,-28.78014683],[-53.58593687,-28.780154],[-53.58593686,-28.78015974],[-53.58594014,-28.78016692],[-53.58594669,-28.78017123],[-53.58595161,-28.78017554],[-53.58595817,-28.78017984],[-53.58596472,-28.78018415],[-53.585968,-28.78018846],[-53.5859762,-28.78019277],[-53.58598276,-28.78019708],[-53.58598768,-28.78020139],[-53.5859926,-28.7802057],[-53.5860008,-28.78021144],[-53.58600572,-28.78021863],[-53.58601064,-28.78022294],[-53.58601556,-28.78022869],[-53.58602049,-28.780233],[-53.58602705,-28.78023875],[-53.58603197,-28.78024451],[-53.5860369,-28.78024738],[-53.58604511,-28.78025457],[-53.58605003,-28.78026032],[-53.58605496,-28.78026608],[-53.58606153,-28.78027471],[-53.58606646,-28.78027903],[-53.58606975,-28.78028622],[-53.58607632,-28.78029342],[-53.58608125,-28.78030062],[-53.58608454,-28.78030494],[-53.58609111,-28.78030926],[-53.58609932,-28.78031358],[-53.58610753,-28.78031646],[-53.5861141,-28.7803179],[-53.58611903,-28.78031934],[-53.58613053,-28.78032222],[-53.58614038,-28.78032222],[-53.58614695,-28.78032222],[-53.58615845,-28.78032222],[-53.58616337,-28.78032221],[-53.58617157,-28.78032077],[-53.58617977,-28.78031645],[-53.58618141,-28.78031645],[-53.58619124,-28.78031068],[-53.5861978,-28.7803078],[-53.58620435,-28.78030348],[-53.5862109,-28.7803006],[-53.58622237,-28.78029484],[-53.58622892,-28.7802934],[-53.58623383,-28.78028908],[-53.58624202,-28.78028476],[-53.58624529,-28.78028045],[-53.58625511,-28.78027613],[-53.58626329,-28.78027181],[-53.58626984,-28.78026894],[-53.58627639,-28.7802675],[-53.58628621,-28.78026174],[-53.58629275,-28.78025887],[-53.58629765,-28.78025312],[-53.58630254,-28.78024737],[-53.58630744,-28.78024305],[-53.58631399,-28.78024018],[-53.58632051,-28.78023156],[-53.58632377,-28.78022868],[-53.58632704,-28.78022725],[-53.58633195,-28.78022294],[-53.58634505,-28.78021719],[-53.58634669,-28.78021575],[-53.58635651,-28.78021144],[-53.58636471,-28.78021001],[-53.58636962,-28.78021001],[-53.58637946,-28.78021001],[-53.58638274,-28.78021001],[-53.58639585,-28.78021144],[-53.58640078,-28.78021431],[-53.58640899,-28.78021862],[-53.58641556,-28.7802215],[-53.58642376,-28.78022581],[-53.58643198,-28.78023012],[-53.5864369,-28.78023299],[-53.58644675,-28.7802373],[-53.58645332,-28.78023874],[-53.58646152,-28.78024017],[-53.58647136,-28.78024161],[-53.58647464,-28.78024161],[-53.58648285,-28.78024448],[-53.58649106,-28.78024736],[-53.58649764,-28.78025311],[-53.58650419,-28.78025598],[-53.58651236,-28.78025885],[-53.58651563,-28.78026173],[-53.5865238,-28.7802646],[-53.58653196,-28.78026891],[-53.58653687,-28.78027322],[-53.58654341,-28.78027753],[-53.58654994,-28.78028183],[-53.58655811,-28.78028614],[-53.58656301,-28.78028901],[-53.58657117,-28.78029188],[-53.58657932,-28.78029475],[-53.58658748,-28.78029762],[-53.58659074,-28.78029906],[-53.5865989,-28.78030336],[-53.58660544,-28.7803091],[-53.58660871,-28.78031341],[-53.58661526,-28.78032059],[-53.58661853,-28.7803249],[-53.58662506,-28.7803292],[-53.58662997,-28.78033495],[-53.58663814,-28.78034212],[-53.58663978,-28.78034356],[-53.58664958,-28.78035217],[-53.58665773,-28.78035647],[-53.58666262,-28.7803579],[-53.5866675,-28.7803579],[-53.58667727,-28.78035932],[-53.58668702,-28.78035931],[-53.58670003,-28.78035929],[-53.58670653,-28.78035928],[-53.58671628,-28.78035927],[-53.58672116,-28.7803607],[-53.58672766,-28.78036069],[-53.5867358,-28.78036355],[-53.58674067,-28.78036355],[-53.58674881,-28.78036641],[-53.58675532,-28.78036927],[-53.58676671,-28.78037356],[-53.58677482,-28.78037355],[-53.58678458,-28.78037641],[-53.58678783,-28.78037784],[-53.58681066,-28.7803809],[-53.58681547,-28.78038301],[-53.58682147,-28.78038513],[-53.58682508,-28.78038618],[-53.58682868,-28.78038724],[-53.58683468,-28.7803883],[-53.58684187,-28.78038936],[-53.58684787,-28.78039147],[-53.58685387,-28.78039358],[-53.58685988,-28.78039569],[-53.58686588,-28.7803978],[-53.58687068,-28.78039886],[-53.58687428,-28.78039991],[-53.58688148,-28.78040202],[-53.58688747,-28.78040203],[-53.58689586,-28.78040203],[-53.58689946,-28.78040308],[-53.58690425,-28.78040414],[-53.58690905,-28.78040519],[-53.58692102,-28.78040519],[-53.58692583,-28.7804073],[-53.58692942,-28.78040836],[-53.58693901,-28.78040941],[-53.58694261,-28.78041152],[-53.5869486,-28.78041257],[-53.5869534,-28.78041468],[-53.58695939,-28.78041679],[-53.58696419,-28.7804189],[-53.58697019,-28.780421],[-53.58697976,-28.78042206],[-53.58698335,-28.78042311],[-53.58699054,-28.78042522],[-53.58699174,-28.78042522],[-53.58700011,-28.78042627],[-53.58700849,-28.78042838],[-53.58701328,-28.78042943],[-53.58701806,-28.78043048],[-53.58702047,-28.78043259],[-53.58702766,-28.78043575],[-53.58703007,-28.78043785],[-53.58703488,-28.78044206],[-53.58703847,-28.78044312],[-53.58704571,-28.78045154],[-53.58704931,-28.7804547],[-53.58705412,-28.78045786],[-53.5870589,-28.78045891],[-53.5870637,-28.78046207],[-53.58706731,-28.78046523],[-53.58707213,-28.78046944],[-53.58707573,-28.7804726],[-53.58708056,-28.78047787],[-53.58708538,-28.78048314],[-53.587089,-28.78048735],[-53.58709382,-28.78049262],[-53.58709506,-28.78049684],[-53.58709749,-28.78050211],[-53.58709992,-28.78050633],[-53.58709999,-28.78051372],[-53.58709886,-28.78052005],[-53.58709532,-28.78052428],[-53.5870918,-28.78053062],[-53.58708945,-28.78053485],[-53.58708353,-28.7805412],[-53.58708117,-28.78054438],[-53.58707641,-28.7805465],[-53.58707165,-28.78054862],[-53.58706569,-28.78054969],[-53.58705734,-28.78055182],[-53.58705256,-28.78055289],[-53.5870466,-28.78055502],[-53.58704303,-28.78055714],[-53.58703587,-28.78055927],[-53.58702991,-28.78056246],[-53.58702275,-28.78056565],[-53.58702155,-28.78056565],[-53.58701559,-28.78056884],[-53.58699733,-28.78058058],[-53.58699241,-28.78058384],[-53.58698873,-28.78058709],[-53.58698506,-28.78059252],[-53.58698137,-28.78059577],[-53.58697891,-28.78059686],[-53.58697397,-28.78059902],[-53.58696782,-28.78060336],[-53.58696415,-28.7806088],[-53.58695923,-28.78061314],[-53.58695307,-28.78061639],[-53.5869506,-28.78061857],[-53.5869432,-28.78062182],[-53.5869358,-28.78062616],[-53.58692963,-28.78062942],[-53.58692346,-28.78063268],[-53.58692223,-28.78063377],[-53.58691728,-28.78063594],[-53.58690864,-28.78064029],[-53.5869037,-28.78064355],[-53.5869,-28.78064572],[-53.58689507,-28.78065008],[-53.58689013,-28.78065334],[-53.58688768,-28.7806577],[-53.58688398,-28.78066096],[-53.5868778,-28.78066532],[-53.58687287,-28.78067076],[-53.58687041,-28.78067294],[-53.58686918,-28.78067621],[-53.58686425,-28.78068166],[-53.58685809,-28.78068821],[-53.58685191,-28.78069257],[-53.58684944,-28.78069475],[-53.5868445,-28.78069911],[-53.58683956,-28.78070238],[-53.58683587,-28.78070784],[-53.5868334,-28.78070893],[-53.58682598,-28.78071329],[-53.58681855,-28.78071656],[-53.58681236,-28.78072202],[-53.58680741,-28.78072749],[-53.58680246,-28.78073295],[-53.58679501,-28.78073732],[-53.58679129,-28.7807406],[-53.5867851,-28.78074826],[-53.58678139,-28.78075263],[-53.58677767,-28.78075591],[-53.58677272,-28.78076138],[-53.58677025,-28.78076576],[-53.5867653,-28.78077233],[-53.58676159,-28.7807778],[-53.58675663,-28.78078218],[-53.58675168,-28.78078766],[-53.58674796,-28.78079094],[-53.58674423,-28.78079314],[-53.58673802,-28.78079752],[-53.58673553,-28.78079862],[-53.5867223,-28.78081371],[-53.58672033,-28.78081721],[-53.58671736,-28.78081895],[-53.58671143,-28.7808242],[-53.58670648,-28.78082769],[-53.58670251,-28.78082944],[-53.58670053,-28.78083119],[-53.58669755,-28.78083206],[-53.5866926,-28.78083556],[-53.58668565,-28.78083906],[-53.58668268,-28.78084081],[-53.58667871,-28.78084256],[-53.58667374,-28.78084518],[-53.58666978,-28.78084781],[-53.58666382,-28.78085043],[-53.58665786,-28.78085394],[-53.5866509,-28.78085744],[-53.58664991,-28.78085831],[-53.58664494,-28.78086094],[-53.58663799,-28.7808662],[-53.58663403,-28.78087058],[-53.58663105,-28.78087321],[-53.58662707,-28.78087584],[-53.58662309,-28.7808811],[-53.58661911,-28.78088549],[-53.58661512,-28.78088987],[-53.58661214,-28.78089514],[-53.58661015,-28.78089777],[-53.58660717,-28.78090216],[-53.58660418,-28.78090654],[-53.5865982,-28.78091181],[-53.58659821,-28.78091356],[-53.58659223,-28.78091883],[-53.58658724,-28.78092322],[-53.58658225,-28.78092674],[-53.58657926,-28.78092937],[-53.58657427,-28.78093288],[-53.58657027,-28.78093464],[-53.58656628,-28.78093728],[-53.58656229,-28.78093992],[-53.58655829,-28.78094343],[-53.58655031,-28.78095134],[-53.58654332,-28.78095574],[-53.58653732,-28.78096014],[-53.58653533,-28.78096365],[-53.58653234,-28.78096717],[-53.58652634,-28.78097157],[-53.58652434,-28.78097421],[-53.58652135,-28.78097685],[-53.58651735,-28.78098037],[-53.58650935,-28.78098741],[-53.58650436,-28.78099269],[-53.58650236,-28.78099533],[-53.58649836,-28.78100061],[-53.58649337,-28.78100502],[-53.58648837,-28.78100943],[-53.58648437,-28.78101296],[-53.58648037,-28.7810156],[-53.58647137,-28.78102443],[-53.58646436,-28.78102972],[-53.58646036,-28.78103325],[-53.58645435,-28.78103855],[-53.58644934,-28.78104471],[-53.58644733,-28.78104647],[-53.58644533,-28.78104911],[-53.58644232,-28.78105263],[-53.58643429,-28.78105878],[-53.58643028,-28.78106142],[-53.58642727,-28.78106406],[-53.58642326,-28.7810667],[-53.58641925,-28.78106933],[-53.58641323,-28.78107109],[-53.58640821,-28.78107373],[-53.5864042,-28.78107549],[-53.58639617,-28.78107989],[-53.58639216,-28.78108252],[-53.58638714,-28.78108428],[-53.58638614,-28.78108428],[-53.58638012,-28.78108604],[-53.5863741,-28.78108868],[-53.58636708,-28.78109044],[-53.58636106,-28.7810922],[-53.58635705,-28.78109397],[-53.58635203,-28.78109573],[-53.58634601,-28.78109838],[-53.58633899,-28.78110102],[-53.58633698,-28.7811019],[-53.58633397,-28.78110367],[-53.58632795,-28.7811072],[-53.58631892,-28.78111249],[-53.58631591,-28.78111513],[-53.58631189,-28.78111866],[-53.58630888,-28.78112219],[-53.58630587,-28.78112396],[-53.58630085,-28.7811266],[-53.58629382,-28.78113013],[-53.58628779,-28.78113455],[-53.58627976,-28.78113719],[-53.5862535,-28.78114978],[-53.58624842,-28.78115201],[-53.58624588,-28.78115312],[-53.58623826,-28.78115647],[-53.58623065,-28.78116092],[-53.58622683,-28.78116315],[-53.58621791,-28.7811676],[-53.58621282,-28.78116983],[-53.58620772,-28.78117094],[-53.58620136,-28.78117316],[-53.58619881,-28.78117427],[-53.58619117,-28.7811765],[-53.58618481,-28.78117872],[-53.58617844,-28.78118094],[-53.58617081,-28.78118428],[-53.58616826,-28.78118539],[-53.58615936,-28.78118872],[-53.58615301,-28.78119206],[-53.58614919,-28.78119318],[-53.58614284,-28.78119652],[-53.58613649,-28.78119986],[-53.58613395,-28.78120097],[-53.58612633,-28.78120542],[-53.58612252,-28.78120654],[-53.58611363,-28.78121099],[-53.58610474,-28.78121656],[-53.5861022,-28.78121767],[-53.58609331,-28.78122212],[-53.58608823,-28.78122546],[-53.58608188,-28.7812288],[-53.58608061,-28.78122992],[-53.58607426,-28.78123214],[-53.58606918,-28.78123437],[-53.58606156,-28.78123771],[-53.58605902,-28.78123771],[-53.58605013,-28.78124216],[-53.58603997,-28.78124439],[-53.58603489,-28.78124773],[-53.58603108,-28.78124773],[-53.58602345,-28.78125107],[-53.58602218,-28.78125218],[-53.58601329,-28.78125552],[-53.58600948,-28.78125886],[-53.58600567,-28.7812622],[-53.58599805,-28.78126554],[-53.5859917,-28.78126888],[-53.58598281,-28.7812722],[-53.58597011,-28.78127663],[-53.58596122,-28.78127995],[-53.58595488,-28.78128216],[-53.58594853,-28.78128437],[-53.58593838,-28.78128769],[-53.58593077,-28.78129101],[-53.58592697,-28.78129322],[-53.58592316,-28.78129433],[-53.58591809,-28.78129765],[-53.58589702,-28.78130238],[-53.58589466,-28.78130307],[-53.58589309,-28.78130375],[-53.5858868,-28.7813058],[-53.58588366,-28.78130648],[-53.58587503,-28.78130783],[-53.58586875,-28.78130988],[-53.58586404,-28.78131056],[-53.58586247,-28.78131192],[-53.58585698,-28.78131329],[-53.58585541,-28.78131328],[-53.58585227,-28.78131396],[-53.58584913,-28.78131533],[-53.58584364,-28.78131737],[-53.58584051,-28.78131805],[-53.58583659,-28.78131804],[-53.58583188,-28.78131941],[-53.5858264,-28.78132008],[-53.58582327,-28.78132007],[-53.58581857,-28.78132006],[-53.58581308,-28.78132005],[-53.58580838,-28.78132005],[-53.58580447,-28.78132004],[-53.58580134,-28.78132003],[-53.58579586,-28.78132002],[-53.5857896,-28.78132001],[-53.58578412,-28.78131932],[-53.58577864,-28.78131794],[-53.58577238,-28.78131724],[-53.58577003,-28.78131724],[-53.58576299,-28.78131585],[-53.58575674,-28.78131447],[-53.5857497,-28.78131309],[-53.58574814,-28.78131241],[-53.58574423,-28.7813124],[-53.58573798,-28.78131239],[-53.58573329,-28.78131238],[-53.58572704,-28.78131237],[-53.58572547,-28.78131237],[-53.58572079,-28.78131236],[-53.58571766,-28.78131235],[-53.58570985,-28.78131234],[-53.58570595,-28.78131233],[-53.5856997,-28.78131232],[-53.58569189,-28.78131231],[-53.58568564,-28.78131231],[-53.5856833,-28.78131231],[-53.58567861,-28.78131094],[-53.58567157,-28.78130957],[-53.5856661,-28.7813082],[-53.58566141,-28.78130752],[-53.58565829,-28.78130615],[-53.58565204,-28.78130546],[-53.58564657,-28.78130409],[-53.58564109,-28.78130135],[-53.58563406,-28.7812993],[-53.58563015,-28.78129793],[-53.5856239,-28.78129588],[-53.58561609,-28.78129245],[-53.58560983,-28.78128971],[-53.58560436,-28.78128834],[-53.58559968,-28.78128697],[-53.58559499,-28.78128492],[-53.58559108,-28.78128423],[-53.58558795,-28.78128423],[-53.5855817,-28.78128286],[-53.58557623,-28.78128012],[-53.58557232,-28.78127944],[-53.58557154,-28.78127944],[-53.58556685,-28.78127876],[-53.58556216,-28.78127739],[-53.58555747,-28.7812767],[-53.585552,-28.78127602],[-53.58554731,-28.78127465],[-53.58554419,-28.78127465],[-53.58554028,-28.78127328],[-53.58553637,-28.78127191],[-53.58553247,-28.78127054],[-53.58552778,-28.78126917],[-53.58552074,-28.78126643],[-53.58551605,-28.78126506],[-53.58550902,-28.781263],[-53.58550433,-28.78126095],[-53.58549886,-28.7812589],[-53.58549183,-28.78125684],[-53.58548479,-28.78125273],[-53.58548089,-28.78125068],[-53.58547776,-28.78124931],[-53.58547385,-28.78124725],[-53.58546918,-28.78124519],[-53.58546684,-28.78124451],[-53.5854614,-28.78124245],[-53.58545829,-28.78124176],[-53.58545362,-28.7812397],[-53.58545051,-28.78123902],[-53.5854474,-28.78123765],[-53.58543079,-28.78123566],[-53.58542674,-28.78123331],[-53.58542,-28.78123214],[-53.58541595,-28.78123214],[-53.58540651,-28.78123215],[-53.58539977,-28.78123216],[-53.58539572,-28.78123453],[-53.58539168,-28.78123689],[-53.58538493,-28.78124044],[-53.58537954,-28.7812428],[-53.5853728,-28.78124635],[-53.58536876,-28.78124871],[-53.58536067,-28.78125344],[-53.58535528,-28.78125698],[-53.58534989,-28.78125934],[-53.58534855,-28.7812617],[-53.58534046,-28.78126407],[-53.58533508,-28.78126643],[-53.58532699,-28.78126644],[-53.58532026,-28.78126644],[-53.58531218,-28.78126645],[-53.5853041,-28.7812641],[-53.58529737,-28.78126175],[-53.58529065,-28.78125822],[-53.58528661,-28.78125587],[-53.58527854,-28.78125234],[-53.58527585,-28.7812488],[-53.58527047,-28.78124527],[-53.58526643,-28.78124057],[-53.58526105,-28.78123704],[-53.58525567,-28.78123468],[-53.58525164,-28.78123468],[-53.58524761,-28.78123469],[-53.58523954,-28.78123116],[-53.58523013,-28.78122763],[-53.58522878,-28.78122763],[-53.58522341,-28.78122645],[-53.585214,-28.7812241],[-53.58521131,-28.7812241],[-53.58520459,-28.78122292],[-53.58519652,-28.78122057],[-53.58519383,-28.78121939],[-53.58518711,-28.78121704],[-53.58517905,-28.78121351],[-53.58516964,-28.78120998],[-53.5851683,-28.78120998],[-53.58516158,-28.78120763],[-53.58515217,-28.78120293],[-53.58515083,-28.78120293],[-53.58514411,-28.78120058],[-53.58513604,-28.78119587],[-53.58513067,-28.78119235],[-53.58512395,-28.78119],[-53.58511858,-28.78119001],[-53.58511186,-28.78119354],[-53.58509032,-28.78121347],[-53.58508716,-28.78121624],[-53.58508401,-28.78122085],[-53.58508085,-28.78122269],[-53.58507559,-28.7812273],[-53.58507032,-28.78123192],[-53.58506822,-28.7812356],[-53.58506401,-28.78124021],[-53.58505875,-28.7812439],[-53.58505454,-28.78124943],[-53.58504927,-28.78125313],[-53.58504717,-28.78125405],[-53.58504295,-28.78125774],[-53.58503663,-28.78126143],[-53.58503137,-28.78126605],[-53.58502504,-28.78126974],[-53.58502399,-28.78127066],[-53.58501766,-28.78127252],[-53.58501239,-28.78127529],[-53.58500712,-28.78127806],[-53.58500186,-28.78128359],[-53.5849966,-28.78129005],[-53.58499133,-28.78129559],[-53.58498923,-28.78129743],[-53.58498713,-28.78129927],[-53.58498503,-28.78130295],[-53.58497977,-28.78130755],[-53.5849724,-28.78131215],[-53.58496714,-28.78131676],[-53.58495977,-28.78131952],[-53.5849545,-28.78132228],[-53.58495029,-28.78132505],[-53.58494397,-28.78132781],[-53.58493132,-28.78133242],[-53.58492078,-28.7813361],[-53.58491762,-28.78133887],[-53.5849113,-28.78134347],[-53.58490603,-28.78134624],[-53.58490392,-28.78134808],[-53.5848997,-28.78134993],[-53.58489338,-28.78135454],[-53.58488811,-28.7813573],[-53.58488494,-28.78135822],[-53.58488072,-28.78136007],[-53.58487334,-28.78136468],[-53.58486912,-28.78136745],[-53.58486385,-28.78137483],[-53.58485858,-28.78138036],[-53.58485436,-28.78138498],[-53.58485225,-28.78138682],[-53.58484803,-28.78139328],[-53.58484381,-28.78139882],[-53.58483959,-28.78140436],[-53.58483643,-28.78140713],[-53.58483326,-28.7814136],[-53.58483009,-28.78141822],[-53.58482693,-28.78142284],[-53.58482481,-28.78142561],[-53.58482376,-28.78143023],[-53.5848227,-28.78143393],[-53.58482165,-28.78143763],[-53.58481954,-28.78144225],[-53.58481848,-28.78144595],[-53.58481848,-28.78145058],[-53.58481848,-28.78145706],[-53.58481848,-28.78146353],[-53.58481848,-28.78146816],[-53.58481848,-28.78147094],[-53.58481848,-28.78147557],[-53.58481954,-28.78148019],[-53.58481954,-28.78148205],[-53.5848206,-28.78148668],[-53.58482166,-28.78149131],[-53.58482483,-28.78149594],[-53.584828,-28.78150057],[-53.58483118,-28.78150427],[-53.58483541,-28.78150612],[-53.58483858,-28.7815089],[-53.58484175,-28.78151076],[-53.58484387,-28.78151446],[-53.5848481,-28.78151817],[-53.58485127,-28.7815228],[-53.58485551,-28.78152743],[-53.58485868,-28.78153299],[-53.5848608,-28.7815367],[-53.58486292,-28.78154041],[-53.58486609,-28.78154319],[-53.58486927,-28.78154783],[-53.58486858,-28.78156573],[-53.58487142,-28.78157069],[-53.58487426,-28.78157812],[-53.58487427,-28.78158308],[-53.5848757,-28.78158804],[-53.58487713,-28.78159423],[-53.58487713,-28.78159795],[-53.58487714,-28.78160167],[-53.58487716,-28.78160911],[-53.58487151,-28.78161655],[-53.58486868,-28.78161903],[-53.58486161,-28.78162399],[-53.58485596,-28.78162895],[-53.5848503,-28.78163143],[-53.58484181,-28.78163515],[-53.58482907,-28.78164136],[-53.58482199,-28.78164384],[-53.58480611,-28.78164738],[-53.5848042,-28.78164822],[-53.58479848,-28.78165073],[-53.58479179,-28.78165157],[-53.58478701,-28.78165408],[-53.58478223,-28.78165492],[-53.58477746,-28.78165743],[-53.58477555,-28.78165827],[-53.58477173,-28.78165911],[-53.58476504,-28.78166163],[-53.58476313,-28.78166246],[-53.5847574,-28.78166414],[-53.58475167,-28.78166666],[-53.58474594,-28.78166917],[-53.58474212,-28.78167085],[-53.58473543,-28.78167336],[-53.58473161,-28.78167504],[-53.58472684,-28.78167839],[-53.58472015,-28.78168091],[-53.58471728,-28.78168175],[-53.5847125,-28.78168343],[-53.58470581,-28.78168594],[-53.58469912,-28.78168846],[-53.58469434,-28.7816893],[-53.5846886,-28.78169098],[-53.58468096,-28.78169349],[-53.58467522,-28.78169433],[-53.58466565,-28.78169601],[-53.5846647,-28.78169685],[-53.58465801,-28.78169936],[-53.58465035,-28.78170104],[-53.5846427,-28.78170356],[-53.58463792,-28.78170608],[-53.58463314,-28.78170859],[-53.58462932,-28.78170943],[-53.58462645,-28.78171195],[-53.58462358,-28.78171363],[-53.58461689,-28.78171783],[-53.58460829,-28.78172202],[-53.58460446,-28.78172454],[-53.58459776,-28.78172622],[-53.58458437,-28.78172874],[-53.58457575,-28.78173042],[-53.58457001,-28.78173042],[-53.58456235,-28.78173126],[-53.58455852,-28.78173126],[-53.58455182,-28.78173294],[-53.58455087,-28.78173294],[-53.58454608,-28.78173294],[-53.58453747,-28.78173462],[-53.5845346,-28.78173546],[-53.5845279,-28.7817363],[-53.58452311,-28.7817363],[-53.58452119,-28.7817363],[-53.58451545,-28.7817363],[-53.58450875,-28.7817363],[-53.58450492,-28.7817363],[-53.58450205,-28.7817363],[-53.5844963,-28.7817363],[-53.58448673,-28.7817363],[-53.58448195,-28.7817363],[-53.58447716,-28.7817363],[-53.58447237,-28.7817363],[-53.58446759,-28.7817363],[-53.58446376,-28.78173546],[-53.5844561,-28.78173546],[-53.58445323,-28.78173546],[-53.58444748,-28.78173546],[-53.58444078,-28.78173546],[-53.584436,-28.78173546],[-53.5844293,-28.78173462],[-53.58442355,-28.78173294],[-53.58441685,-28.7817321],[-53.58441302,-28.7817321],[-53.58441015,-28.78172959],[-53.58440633,-28.78172875],[-53.5844025,-28.78172791],[-53.5843958,-28.78172623],[-53.58439389,-28.78172539],[-53.58438623,-28.78172287],[-53.58438145,-28.78172119],[-53.58437762,-28.78172119],[-53.58437284,-28.78172119],[-53.5843671,-28.78172119],[-53.58436424,-28.78171951],[-53.58435754,-28.78171867],[-53.58435372,-28.78171867],[-53.58434894,-28.78171783],[-53.58434607,-28.78171783],[-53.58434033,-28.7817195],[-53.58433459,-28.78172202],[-53.58432886,-28.78172202],[-53.58432408,-28.78172202],[-53.58432121,-28.78172202],[-53.58431739,-28.78172285],[-53.5843107,-28.78172285],[-53.58430687,-28.78172285],[-53.58430018,-28.78172285],[-53.58429827,-28.78172369],[-53.58429254,-28.78172369],[-53.58428871,-28.78172704],[-53.58428584,-28.78173039],[-53.58428011,-28.78173291],[-53.58427437,-28.78173458],[-53.58427055,-28.78173542],[-53.58426482,-28.78173542],[-53.58426004,-28.78173542],[-53.58425335,-28.78173625],[-53.5842524,-28.78173709],[-53.58424571,-28.78173877],[-53.58423998,-28.7817396],[-53.5842352,-28.7817396],[-53.58422661,-28.78174044],[-53.58422374,-28.78174044],[-53.58421801,-28.78174127],[-53.58421515,-28.78174127],[-53.58420942,-28.78174211],[-53.58420178,-28.78174294],[-53.58419701,-28.78174294],[-53.58418842,-28.78174294],[-53.58418651,-28.78174294],[-53.58417983,-28.78174545],[-53.58416932,-28.78174964],[-53.58415978,-28.78175131],[-53.58415596,-28.78175215],[-53.58415118,-28.78175382],[-53.5841445,-28.78175466],[-53.58414069,-28.78175465],[-53.58411998,-28.78175875],[-53.58411616,-28.78175875],[-53.58410979,-28.78176099],[-53.5840996,-28.78176434],[-53.58409195,-28.78176657],[-53.58408685,-28.78176881],[-53.58407794,-28.78177216],[-53.58407412,-28.7817744],[-53.58406775,-28.78177663],[-53.58405884,-28.78177998],[-53.58405247,-28.78178222],[-53.58404483,-28.78178557],[-53.58403973,-28.7817878],[-53.58403464,-28.78179004],[-53.58402827,-28.78179339],[-53.5840219,-28.78179674],[-53.58401808,-28.78179897],[-53.58401299,-28.78180344],[-53.58400789,-28.78180679],[-53.58400407,-28.78181126],[-53.58400025,-28.78181573],[-53.58399897,-28.78181684],[-53.58399515,-28.78182354],[-53.5839926,-28.78182801],[-53.58399132,-28.78183248],[-53.58399131,-28.78183806],[-53.58399385,-28.78184365],[-53.58400021,-28.78184812],[-53.5840053,-28.78185147],[-53.58401039,-28.78185482],[-53.58401548,-28.78185705],[-53.58402057,-28.78186152],[-53.58402438,-28.78186599],[-53.58402947,-28.78187158],[-53.58403201,-28.78187382],[-53.58403583,-28.78187941],[-53.58403965,-28.78188276],[-53.58404473,-28.78188947],[-53.58404728,-28.78189282],[-53.58405492,-28.78189841],[-53.58405873,-28.78190288],[-53.58406255,-28.78190512],[-53.58406765,-28.78190959],[-53.58407146,-28.78191295],[-53.58407783,-28.78191631],[-53.5840842,-28.78191966],[-53.5840893,-28.7819219],[-53.58409439,-28.78192414],[-53.58410203,-28.78192862],[-53.58410331,-28.78192862],[-53.5841084,-28.78193534],[-53.58411222,-28.78194093],[-53.58411476,-28.78194317],[-53.58412113,-28.78194877],[-53.58412495,-28.78195325],[-53.5841275,-28.78195661],[-53.58413132,-28.78195997],[-53.58413387,-28.78196333],[-53.58413641,-28.78196893],[-53.58411201,-28.78199348],[-53.58411202,-28.78199826],[-53.58411203,-28.78200425],[-53.58411203,-28.78200784],[-53.58410793,-28.78201622],[-53.58410383,-28.78201982],[-53.58409561,-28.78202342],[-53.58409014,-28.78202582],[-53.58408057,-28.78202941],[-53.5840751,-28.78203181],[-53.58406962,-28.78203182],[-53.58405731,-28.78203302],[-53.5840491,-28.78203303],[-53.58404636,-28.78203303],[-53.58404226,-28.78203303],[-53.58403406,-28.78203543],[-53.58402585,-28.78203663],[-53.58402038,-28.78204023],[-53.58401764,-28.78204262],[-53.58401354,-28.78204742],[-53.58400669,-28.78205102],[-53.58400121,-28.78205581],[-53.58399574,-28.78205941],[-53.58398889,-28.78206181],[-53.58398752,-28.78206301],[-53.58397658,-28.78206302],[-53.58396016,-28.78206424],[-53.58395468,-28.78206305],[-53.58394374,-28.78206186],[-53.5839328,-28.78206067],[-53.58392459,-28.78205949],[-53.58392186,-28.78205829],[-53.58391502,-28.7820583],[-53.58390956,-28.7820595],[-53.58389862,-28.7820631],[-53.58389315,-28.78206909],[-53.58388769,-28.78207508],[-53.58388496,-28.78207747],[-53.58387949,-28.78208346],[-53.58387266,-28.78209303],[-53.58386993,-28.78209303],[-53.58386173,-28.78209423],[-53.58385764,-28.78209424],[-53.58384944,-28.78209424],[-53.58384534,-28.78209425],[-53.58383988,-28.78209425],[-53.58383033,-28.78209306],[-53.58382623,-28.78209307],[-53.58381804,-28.78209427],[-53.58380849,-28.78209667],[-53.58380712,-28.78209667],[-53.58379894,-28.78209787],[-53.58379484,-28.78209787],[-53.58378393,-28.78209788],[-53.58377711,-28.78209788],[-53.58377165,-28.78209669],[-53.58376483,-28.78208953],[-53.58375802,-28.78208834],[-53.5837512,-28.78208834],[-53.58373893,-28.78208835],[-53.58373212,-28.78208835],[-53.58372666,-28.78209313],[-53.58372121,-28.78209911],[-53.58371576,-28.7821039],[-53.58371304,-28.78210748],[-53.58370895,-28.78211107],[-53.5837035,-28.78211466],[-53.58369942,-28.78211705],[-53.58369397,-28.78211944],[-53.58368035,-28.78212661],[-53.5836749,-28.782129],[-53.583664,-28.78213258],[-53.58365447,-28.78213259],[-53.58364631,-28.78213259],[-53.58363814,-28.7821326],[-53.58363406,-28.78213021],[-53.5836259,-28.78212783],[-53.5836191,-28.78212425],[-53.58361638,-28.78212426],[-53.58360686,-28.78212426],[-53.58360006,-28.78212426],[-53.58359326,-28.78212427],[-53.58358646,-28.78212427],[-53.5835783,-28.78212428],[-53.58357015,-28.78212428],[-53.58356335,-28.78212428],[-53.58355656,-28.78212429],[-53.58355248,-28.78212429],[-53.58354704,-28.78212668],[-53.58353889,-28.78212906],[-53.58353481,-28.78213026],[-53.58352665,-28.78213384],[-53.58352121,-28.78213742],[-53.58351713,-28.782141],[-53.58351304,-28.78214815],[-53.58350487,-28.78216008],[-53.58350079,-28.78216604],[-53.58349806,-28.782172],[-53.58349669,-28.78217677],[-53.5834926,-28.78218751],[-53.58349258,-28.78219586],[-53.58349257,-28.78219944],[-53.58348986,-28.78220898],[-53.58348851,-28.78221494],[-53.58348851,-28.78221614],[-53.58348715,-28.7822221],[-53.5834858,-28.78223045],[-53.58348173,-28.7822376],[-53.58347631,-28.78224475],[-53.58347089,-28.78224713],[-53.58346277,-28.7822507],[-53.58345464,-28.78225665],[-53.58344923,-28.78226022],[-53.58343705,-28.78226378],[-53.58342893,-28.78226854],[-53.58342623,-28.78226973],[-53.58342217,-28.78227568],[-53.58341811,-28.78228401],[-53.58341406,-28.78229115],[-53.58341,-28.78229829],[-53.58340457,-28.78230186],[-53.58340051,-28.78230782],[-53.58339644,-28.78231258],[-53.58339238,-28.78231853],[-53.58338425,-28.78232566],[-53.58337612,-28.78233042],[-53.58336935,-28.78233279],[-53.58335851,-28.78233754],[-53.58335309,-28.78233992],[-53.58334632,-28.78234467],[-53.58333414,-28.78235061],[-53.58332466,-28.78235654],[-53.58331654,-28.78235772],[-53.58331248,-28.78235772],[-53.58330707,-28.7823589],[-53.58329898,-28.78235887],[-53.58329495,-28.78236005],[-53.58328686,-28.78236003],[-53.58328012,-28.78236001],[-53.58327472,-28.78235643],[-53.58326076,-28.78234132],[-53.58325609,-28.78233825],[-53.58325024,-28.78233517],[-53.5832444,-28.78233209],[-53.58323622,-28.78232594],[-53.58323623,-28.78232083],[-53.58323623,-28.78231572],[-53.58323623,-28.78231164],[-53.58323624,-28.78230448],[-53.58323624,-28.78229937],[-53.58323625,-28.78229222],[-53.58323625,-28.7822871],[-53.58323859,-28.78228301],[-53.58324209,-28.7822779],[-53.58324559,-28.78227074],[-53.58324676,-28.78226972],[-53.5832491,-28.78226358],[-53.58325261,-28.78226051],[-53.58325728,-28.78225539],[-53.58326079,-28.7822513],[-53.58326546,-28.78224823],[-53.58326897,-28.78224619],[-53.58327131,-28.78224107],[-53.58327131,-28.78223391],[-53.58327131,-28.78222674],[-53.58326897,-28.7822206],[-53.5832678,-28.78221958],[-53.58326546,-28.78221548],[-53.58326078,-28.78221139],[-53.58325494,-28.78220934],[-53.58324793,-28.7822073],[-53.58324442,-28.78220525],[-53.58323741,-28.78220321],[-53.5832304,-28.78220014],[-53.58322456,-28.78219912],[-53.58321756,-28.78219707],[-53.58320705,-28.78219298],[-53.58320238,-28.78219196],[-53.58319888,-28.78218889],[-53.58319537,-28.7821848],[-53.58319421,-28.78218174],[-53.58318837,-28.78217458],[-53.5831872,-28.78216844],[-53.5831872,-28.7821664],[-53.5831872,-28.78216128],[-53.5831872,-28.7821531],[-53.58318954,-28.78214594],[-53.58319304,-28.7821398],[-53.58319304,-28.78213776],[-53.58319654,-28.78213162],[-53.58319771,-28.78212957],[-53.58320004,-28.78212139],[-53.58320121,-28.78211422],[-53.58320355,-28.78210296],[-53.58320355,-28.78209784],[-53.58320238,-28.78209374],[-53.58319888,-28.78209067],[-53.58319538,-28.7820876],[-53.58318721,-28.78208352],[-53.58318254,-28.7820825],[-53.58317904,-28.78208045],[-53.58317203,-28.78207842],[-53.58316386,-28.78207535],[-53.58315686,-28.78207332],[-53.58314986,-28.78207025],[-53.58314753,-28.78207026],[-53.58314053,-28.78206719],[-53.58313003,-28.78206311],[-53.58312536,-28.78206107],[-53.58312303,-28.782058],[-53.58312186,-28.78205288],[-53.58311952,-28.78204777],[-53.58311952,-28.78204367],[-53.58311952,-28.78203957],[-53.58311952,-28.78203547],[-53.58311951,-28.78202932],[-53.58311951,-28.7820242],[-53.58311951,-28.78201908],[-53.58311834,-28.78201395],[-53.58311484,-28.78200986],[-53.58311133,-28.78200269],[-53.58310667,-28.78200168],[-53.58309216,-28.78198791],[-53.58308451,-28.78198678],[-53.58307813,-28.78198677],[-53.58307175,-28.78198676],[-53.58306281,-28.78198672],[-53.58305515,-28.7819878],[-53.58304749,-28.78198887],[-53.58304111,-28.78198995],[-53.58302963,-28.78198989],[-53.58302071,-28.78198651],[-53.58301816,-28.78198093],[-53.58301816,-28.78197981],[-53.58301689,-28.7819709],[-53.58301689,-28.78196533],[-53.58301689,-28.78195976],[-53.5830169,-28.78195084],[-53.5830169,-28.78194639],[-53.5830169,-28.78193636],[-53.5830169,-28.7819319],[-53.58301691,-28.78192521],[-53.58301946,-28.78192187],[-53.58302073,-28.78191742],[-53.58302456,-28.78191297],[-53.58302584,-28.78190851],[-53.58303095,-28.78190072],[-53.58303478,-28.78189515],[-53.58303861,-28.78188958],[-53.58303989,-28.78188512],[-53.58304245,-28.78188066],[-53.58304373,-28.78187061],[-53.58304374,-28.78186279],[-53.58304119,-28.78185832],[-53.58303863,-28.78185162],[-53.58303481,-28.78184714],[-53.58302842,-28.7818449],[-53.58302077,-28.78184266],[-53.58301694,-28.78184042],[-53.58300163,-28.78183706],[-53.58299271,-28.78183258],[-53.58298634,-28.78182923],[-53.58297997,-28.78182588],[-53.58297361,-28.78182253],[-53.58296979,-28.78181806],[-53.58296597,-28.78181248],[-53.58296597,-28.78180914],[-53.58296597,-28.78180244],[-53.58296597,-28.78179686],[-53.58296597,-28.78179017],[-53.58296597,-28.7817857],[-53.58296597,-28.78177789],[-53.58296597,-28.78177454],[-53.58296342,-28.78176784],[-53.58296087,-28.78176338],[-53.58295578,-28.78175892],[-53.58295069,-28.78175557],[-53.58294305,-28.78175223],[-53.58293542,-28.78174889],[-53.58293033,-28.78174666],[-53.5829227,-28.78174333],[-53.58291889,-28.78174222],[-53.5829138,-28.78173776],[-53.5829074,-28.78172343],[-53.58290361,-28.78171789],[-53.58290235,-28.78171457],[-53.58289982,-28.78170903],[-53.58289982,-28.78170571],[-53.58289983,-28.78169796],[-53.58289983,-28.78169243],[-53.58290236,-28.78168689],[-53.58290617,-28.78168025],[-53.58291124,-28.78167361],[-53.58291758,-28.78166696],[-53.58292393,-28.78165698],[-53.5829252,-28.78165254],[-53.58292521,-28.78164477],[-53.58291888,-28.78163256],[-53.58291255,-28.7816248],[-53.58290875,-28.78162147],[-53.58290621,-28.78161925],[-53.58289861,-28.78161481],[-53.58289354,-28.78160927],[-53.58288721,-28.78160261],[-53.58288468,-28.78159706],[-53.58288341,-28.78159595],[-53.58287962,-28.78158707],[-53.58287962,-28.78158041],[-53.58287962,-28.78157708],[-53.58288342,-28.78156819],[-53.58288469,-28.78156597],[-53.58288722,-28.78156041],[-53.58288976,-28.78155263],[-53.58289103,-28.78154818],[-53.58289229,-28.78154373],[-53.58289356,-28.78153817],[-53.58289483,-28.78153039],[-53.58289483,-28.78152594],[-53.58289357,-28.78152261],[-53.5828885,-28.78151706],[-53.58288469,-28.78151373],[-53.58287963,-28.7815093],[-53.58287582,-28.78150597],[-53.58286822,-28.78150266],[-53.58286695,-28.78150266],[-53.58286189,-28.78150045],[-53.58285302,-28.78149714],[-53.58284922,-28.78149604],[-53.58284036,-28.78149273],[-53.58283656,-28.78149052],[-53.58283024,-28.78148831],[-53.58282391,-28.78148389],[-53.58282011,-28.78148057],[-53.58281379,-28.78147725],[-53.58280873,-28.78147393],[-53.5827692,-28.78144726],[-53.58276054,-28.78143817],[-53.58275709,-28.78143211],[-53.58275536,-28.78142757],[-53.58275192,-28.78141697],[-53.58275019,-28.78141092],[-53.58275021,-28.78139881],[-53.58275023,-28.78138822],[-53.58275024,-28.78138065],[-53.58275026,-28.78136853],[-53.58274854,-28.78135793],[-53.58274854,-28.78135642],[-53.58274509,-28.78135035],[-53.5827399,-28.78134429],[-53.58273298,-28.78133823],[-53.58272432,-28.78133368],[-53.58271394,-28.78132761],[-53.58270702,-28.78132458],[-53.58270356,-28.78132155],[-53.58269145,-28.781317],[-53.58268453,-28.78131246],[-53.58267589,-28.7813064],[-53.58266897,-28.78129731],[-53.58266379,-28.7812867],[-53.58266033,-28.78128215],[-53.58266034,-28.78127609],[-53.58265861,-28.78127003],[-53.58265862,-28.78125942],[-53.58265862,-28.78125032],[-53.58265863,-28.78123819],[-53.5826569,-28.78123212],[-53.58265518,-28.7812215],[-53.58264826,-28.78121392],[-53.58263961,-28.78120786],[-53.58263442,-28.78120483],[-53.58262231,-28.78119877],[-53.58260847,-28.7811912],[-53.58260155,-28.78118817],[-53.58259117,-28.78118514],[-53.58257907,-28.78118061],[-53.58256869,-28.78117607],[-53.58255486,-28.78117153],[-53.58254795,-28.78116547],[-53.58254449,-28.78116092],[-53.5825393,-28.78115183],[-53.58253411,-28.78114424],[-53.58252892,-28.78113515],[-53.58252546,-28.78112756],[-53.582522,-28.78111998],[-53.58251681,-28.78111239],[-53.58250989,-28.7811033],[-53.58250298,-28.78110027],[-53.58248915,-28.78109574],[-53.58247706,-28.78109425],[-53.58246842,-28.78108971],[-53.58245805,-28.78108517],[-53.58245114,-28.78108215],[-53.58244941,-28.78108215],[-53.58244192,-28.78105536],[-53.58243891,-28.78105011],[-53.58243442,-28.78104618],[-53.58242692,-28.78104092],[-53.58242392,-28.78103829],[-53.58241643,-28.78103173],[-53.58241043,-28.78102648],[-53.58240742,-28.78101992],[-53.58240442,-28.78101337],[-53.5824044,-28.78100683],[-53.58240439,-28.78099897],[-53.58240737,-28.78099112],[-53.58240886,-28.7809872],[-53.58241334,-28.78097935],[-53.58241932,-28.78097412],[-53.58242082,-28.78097281],[-53.5824268,-28.78096627],[-53.58243429,-28.78095842],[-53.58243878,-28.7809545],[-53.58244627,-28.78094927],[-53.58245227,-28.78094534],[-53.58245976,-28.78094011],[-53.58246426,-28.78093618],[-53.58247176,-28.78093094],[-53.58247626,-28.78092701],[-53.58248076,-28.78092308],[-53.58248527,-28.78091783],[-53.58249127,-28.78090996],[-53.58249277,-28.78090733],[-53.58250028,-28.78089946],[-53.5825093,-28.78089027],[-53.5825123,-28.78088501],[-53.58251982,-28.78087712],[-53.58252132,-28.78087317],[-53.58252283,-28.78086264],[-53.58252283,-28.78085078],[-53.58252282,-28.78084024],[-53.58252282,-28.78083102],[-53.58252132,-28.78082574],[-53.58251831,-28.78081915],[-53.58251529,-28.7808086],[-53.58251379,-28.78080332],[-53.58251228,-28.78080069],[-53.58250927,-28.78079409],[-53.58250475,-28.78078749],[-53.58250023,-28.7807809],[-53.58249873,-28.78077826],[-53.58249571,-28.78077166],[-53.5824942,-28.78075978],[-53.5824942,-28.78075582],[-53.5824957,-28.7807479],[-53.58249871,-28.7807413],[-53.58250323,-28.78073469],[-53.58250624,-28.78073073],[-53.58250925,-28.78072677],[-53.58251829,-28.78072016],[-53.58252432,-28.78071752],[-53.58253185,-28.78071355],[-53.58253788,-28.78071223],[-53.58254542,-28.78070958],[-53.58255296,-28.78070958],[-53.58255899,-28.78070958],[-53.58256653,-28.78070957],[-53.58257407,-28.78070825],[-53.5825801,-28.78070693],[-53.58258915,-28.7807056],[-53.58259519,-28.78070427],[-53.58260273,-28.78070295],[-53.58260726,-28.78070163],[-53.5826133,-28.7807003],[-53.58262084,-28.78069765],[-53.58263141,-28.78069368],[-53.58263745,-28.78069103],[-53.58264501,-28.78068706],[-53.58264954,-28.78068441],[-53.58266162,-28.78067647],[-53.58266766,-28.78066985],[-53.58267068,-28.78066192],[-53.58267068,-28.78065663],[-53.58267068,-28.78065266],[-53.58267068,-28.78064605],[-53.58266766,-28.78063547],[-53.58266615,-28.7806315],[-53.58266162,-28.78062356],[-53.5826586,-28.7806196],[-53.58265257,-28.78061431],[-53.58264955,-28.78061034],[-53.58264351,-28.78060108],[-53.58263748,-28.78059315],[-53.58263295,-28.78058653],[-53.58262842,-28.78057992],[-53.5826262,-28.78056671],[-53.5826262,-28.78056311],[-53.58262518,-28.78055862],[-53.58262518,-28.78055682],[-53.58262415,-28.78054962],[-53.58262415,-28.78054603],[-53.58262518,-28.78054153],[-53.58262928,-28.78053883],[-53.58263338,-28.78053434],[-53.58263441,-28.78053074],[-53.58263646,-28.78052624],[-53.58264056,-28.78051905],[-53.58264262,-28.78051186],[-53.58264262,-28.78050916],[-53.58264262,-28.78050556],[-53.58264262,-28.78050107],[-53.58264262,-28.78049747],[-53.58264159,-28.78049117],[-53.58263954,-28.78048398],[-53.58263851,-28.78047948],[-53.58263646,-28.78047319],[-53.58263338,-28.78046779],[-53.58263236,-28.7804597],[-53.58263235,-28.7804561],[-53.58263338,-28.78045161],[-53.58263543,-28.78044711],[-53.58263646,-28.78044262],[-53.58263851,-28.78043902],[-53.58264364,-28.78043183],[-53.58264774,-28.78042823],[-53.5826539,-28.78042283],[-53.58266005,-28.78041654],[-53.58266416,-28.78041384],[-53.58266826,-28.78041024],[-53.5826775,-28.78040485],[-53.5826816,-28.78040125],[-53.58268673,-28.78039856],[-53.58269083,-28.78039586],[-53.58269596,-28.78039317],[-53.58270314,-28.78038957],[-53.58270929,-28.78038778],[-53.58271443,-28.78038687],[-53.5827175,-28.78038507],[-53.58272572,-28.78038237],[-53.58273084,-28.78038237],[-53.58273905,-28.78038237],[-53.58274829,-28.78038237],[-53.58274931,-28.78038237],[-53.58275342,-28.78038237],[-53.58276162,-28.78038147],[-53.58276778,-28.78036528],[-53.58276983,-28.78036528],[-53.58277291,-28.78036348],[-53.58277804,-28.78035898],[-53.58278009,-28.78035269],[-53.58278112,-28.78034909],[-53.58278112,-28.7803428],[-53.58278112,-28.7803365],[-53.58278111,-28.78032841],[-53.58277804,-28.78032302],[-53.58277804,-28.78032212],[-53.58277496,-28.78031942],[-53.5827688,-28.78031582],[-53.58276162,-28.78031312],[-53.58275444,-28.78030953],[-53.58275136,-28.78030863],[-53.58274623,-28.78030773],[-53.58274213,-28.78030773],[-53.58273495,-28.78030593],[-53.58273084,-28.78030503],[-53.58272161,-28.78030413],[-53.58271853,-28.78030323],[-53.58271545,-28.78030323],[-53.58271032,-28.78030143],[-53.58270518,-28.78030053],[-53.58269902,-28.78029874],[-53.58269389,-28.78029694],[-53.58268978,-28.78029604],[-53.58268567,-28.78029424],[-53.58267643,-28.78028884],[-53.58267334,-28.78028614],[-53.58266718,-28.78027984],[-53.58266512,-28.78027714],[-53.58266307,-28.78027174],[-53.58266204,-28.78026724],[-53.58266101,-28.78026184],[-53.58265896,-28.78025374],[-53.58265354,-28.78023852],[-53.58265125,-28.78023451],[-53.58264781,-28.7802305],[-53.58264552,-28.78022549],[-53.58264209,-28.78021847],[-53.5826398,-28.78021546],[-53.58263636,-28.78020845],[-53.58263636,-28.78020042],[-53.58263751,-28.78019641],[-53.5826398,-28.7801934],[-53.58264438,-28.78019139],[-53.58264896,-28.78018938],[-53.58265468,-28.78018738],[-53.58266155,-28.78018637],[-53.58266384,-28.78018537],[-53.58267185,-28.78018336],[-53.58267642,-28.78018235],[-53.58268443,-28.78017934],[-53.58269129,-28.78017733],[-53.58269587,-28.78017432],[-53.58270044,-28.78017232],[-53.58270616,-28.78016831],[-53.58270616,-28.78016229],[-53.58270502,-28.78016029],[-53.58272022,-28.78013516],[-53.58272299,-28.7801303],[-53.58272853,-28.78012423],[-53.5827313,-28.78011696],[-53.58273545,-28.78011089],[-53.58273545,-28.78010483],[-53.58273683,-28.78009998],[-53.58274237,-28.78007572],[-53.58274375,-28.7800745],[-53.58274652,-28.78006964],[-53.58274929,-28.78006357],[-53.58274929,-28.78005993],[-53.58275206,-28.78005022],[-53.58275345,-28.78004294],[-53.58275483,-28.78003566],[-53.58275622,-28.78002838],[-53.58276037,-28.7800211],[-53.58276314,-28.78001382],[-53.58276314,-28.78001018],[-53.58276314,-28.78000048],[-53.58276452,-28.77999563],[-53.5827659,-28.77998957],[-53.58277005,-28.77998229],[-53.58277697,-28.77997865],[-53.58278388,-28.77997623],[-53.58278665,-28.77997623],[-53.58279218,-28.77997259],[-53.58279771,-28.77997017],[-53.58280186,-28.77996653],[-53.58280877,-28.77996289],[-53.58281706,-28.77996168],[-53.58281982,-28.77996168],[-53.5828295,-28.77996168],[-53.58283502,-28.77996168],[-53.58284608,-28.7799641],[-53.58284884,-28.77996531],[-53.58285436,-28.77996652],[-53.58286265,-28.77997136],[-53.58287094,-28.77997499],[-53.58287922,-28.77997741],[-53.58289441,-28.77997862],[-53.58289855,-28.77997862],[-53.58290959,-28.77997619],[-53.58291787,-28.77997377],[-53.58292614,-28.77997135],[-53.58293304,-28.77996892],[-53.58293993,-28.77996771],[-53.58294545,-28.7799665],[-53.58295924,-28.77996408],[-53.58296751,-28.77996287],[-53.5829744,-28.77996287],[-53.58298268,-28.77996286],[-53.58298682,-28.77996407],[-53.58299371,-28.77996649],[-53.58299923,-28.77997012],[-53.58300337,-28.77997254],[-53.58300888,-28.77997375],[-53.58301578,-28.77997375],[-53.58302543,-28.77997254],[-53.58303646,-28.77996891],[-53.58304473,-28.7799677],[-53.58305025,-28.77996528],[-53.58305989,-28.77996165],[-53.58306679,-28.77996044],[-53.58307778,-28.77996043],[-53.58308739,-28.77996043],[-53.58309563,-28.77996043],[-53.58309974,-28.77996285],[-53.58312692,-28.77997025],[-53.58313107,-28.77997146],[-53.58313662,-28.7799763],[-53.58314078,-28.77998357],[-53.58314078,-28.77998841],[-53.58314216,-28.77999447],[-53.58314632,-28.78000174],[-53.58314771,-28.7800078],[-53.58315463,-28.78001263],[-53.58316017,-28.78001383],[-53.58316848,-28.78001624],[-53.58317817,-28.78001743],[-53.58318924,-28.78001741],[-53.58319616,-28.78001739],[-53.58320445,-28.78001374],[-53.58321137,-28.7800101],[-53.58321551,-28.78000888],[-53.58322381,-28.78000402],[-53.58322933,-28.78000159],[-53.58323624,-28.77999553],[-53.58324453,-28.77999188],[-53.58324867,-28.77998703],[-53.58325419,-28.77998219],[-53.58325833,-28.77997855],[-53.58326661,-28.77997249],[-53.58327213,-28.77997006],[-53.58327903,-28.77997006],[-53.5832873,-28.77997004],[-53.5832942,-28.77997004],[-53.58330109,-28.77997003],[-53.5833066,-28.77997123],[-53.58331212,-28.77997122],[-53.583319,-28.77997121],[-53.58333139,-28.77997119],[-53.58333415,-28.77996998],[-53.5833424,-28.77996755],[-53.58334927,-28.77996632],[-53.58335477,-28.7799639],[-53.58336301,-28.77996026],[-53.58336987,-28.77995663],[-53.58337536,-28.77995299],[-53.58338359,-28.77994695],[-53.58338907,-28.77994453],[-53.58339318,-28.7799409],[-53.58339866,-28.77993607],[-53.58342882,-28.77990184],[-53.58343344,-28.77989641],[-53.58344422,-28.77988692],[-53.58344729,-28.77987879],[-53.58345037,-28.77987202],[-53.58345036,-28.77986254],[-53.58345035,-28.77985307],[-53.58345034,-28.77984765],[-53.58345033,-28.77983682],[-53.58345032,-28.77983141],[-53.58344877,-28.77982329],[-53.58344723,-28.77982194],[-53.5834426,-28.77981382],[-53.58344105,-28.77980706],[-53.58343796,-28.779803],[-53.58343488,-28.77979894],[-53.5834287,-28.77978811],[-53.58342407,-28.77978134],[-53.58341482,-28.77977322],[-53.58340557,-28.77976915],[-53.58339787,-28.77976643],[-53.58338862,-28.77976371],[-53.58338245,-28.77976235],[-53.58337936,-28.77976099],[-53.58336856,-28.77975691],[-53.58336239,-28.77975555],[-53.58335312,-28.77975282],[-53.58334849,-28.77975282],[-53.58334077,-28.77975009],[-53.58333304,-28.77974737],[-53.58332377,-28.77974329],[-53.58331758,-28.77974192],[-53.58330985,-28.7797392],[-53.58330211,-28.77973511],[-53.58329747,-28.77973917],[-53.5832543,-28.77972113],[-53.5832479,-28.77971741],[-53.58323722,-28.77971185],[-53.58322654,-28.7797044],[-53.58322013,-28.77970069],[-53.58320945,-28.77968763],[-53.58320303,-28.77968391],[-53.58319234,-28.7796802],[-53.58317951,-28.7796765],[-53.58316881,-28.77967466],[-53.58315596,-28.7796747],[-53.58314097,-28.77967287],[-53.5831324,-28.77966728],[-53.58312597,-28.77966355],[-53.58311525,-28.77965421],[-53.5831131,-28.7796486],[-53.58310882,-28.77963737],[-53.58310238,-28.77962615],[-53.58309809,-28.77962054],[-53.58308736,-28.77961494],[-53.58307448,-28.77960747],[-53.58307019,-28.77960373],[-53.58305735,-28.77959623],[-53.5830488,-28.77959248],[-53.58303597,-28.77958124],[-53.58303597,-28.77957561],[-53.58303597,-28.77956249],[-53.58303597,-28.77955125],[-53.58303596,-28.77954],[-53.58303169,-28.77952875],[-53.58302527,-28.77951751],[-53.58302099,-28.77950814],[-53.58301458,-28.77949502],[-53.5830103,-28.77949127],[-53.58299533,-28.77948377],[-53.58298464,-28.77947627],[-53.58297394,-28.77947065],[-53.58297181,-28.77946128],[-53.5829718,-28.77945003],[-53.58296967,-28.77943316],[-53.58296967,-28.77942004],[-53.58296966,-28.7794088],[-53.58296966,-28.77939942],[-53.58296966,-28.77939193],[-53.58296966,-28.77937506],[-53.58296542,-28.77936757],[-53.58296117,-28.77936196],[-53.5829548,-28.77935448],[-53.58294843,-28.779347],[-53.58293779,-28.77933953],[-53.58290797,-28.77932458],[-53.58288455,-28.77931151],[-53.58288031,-28.77930778],[-53.58285348,-28.77928228],[-53.58284578,-28.77927888],[-53.58283615,-28.77927548],[-53.58282459,-28.77927208],[-53.58281304,-28.77926529],[-53.58279957,-28.7792568],[-53.5827919,-28.77924661],[-53.58279194,-28.77923643],[-53.58279006,-28.77922455],[-53.58279012,-28.77920759],[-53.58279017,-28.77919404],[-53.58279216,-28.77917879],[-53.58279413,-28.77916525],[-53.58279415,-28.77916017],[-53.58278842,-28.77915002],[-53.58278073,-28.77914833],[-53.58277689,-28.77914495],[-53.58276923,-28.77913818],[-53.58275581,-28.77912804],[-53.58275005,-28.77912466],[-53.58274624,-28.7791179],[-53.58273476,-28.77910439],[-53.58272711,-28.77909594],[-53.58272138,-28.7790875],[-53.58271566,-28.77907738],[-53.58271184,-28.77907064],[-53.58270998,-28.77905883],[-53.58271002,-28.77905209],[-53.58271009,-28.7790386],[-53.582714,-28.77902513],[-53.58271787,-28.77901839],[-53.58271795,-28.77900324],[-53.58271221,-28.77899651],[-53.58270454,-28.77898978],[-53.58270261,-28.77898978],[-53.58268915,-28.77898642],[-53.5826757,-28.77897969],[-53.58266994,-28.77897633],[-53.5826565,-28.77897296],[-53.58264882,-28.7789696],[-53.5826373,-28.77896455],[-53.58262772,-28.77895614],[-53.58262389,-28.7789511],[-53.58262199,-28.77894605],[-53.58262009,-28.77894101],[-53.5826163,-28.77892924],[-53.58261443,-28.77891748],[-53.58261448,-28.77891076],[-53.58259629,-28.77886566],[-53.5825963,-28.77885739],[-53.5825963,-28.77885243],[-53.5825982,-28.77884251],[-53.58259633,-28.7788359],[-53.58259634,-28.77882929],[-53.58258882,-28.77881939],[-53.58258694,-28.77881443],[-53.58258506,-28.77881113],[-53.58257378,-28.77880289],[-53.58256438,-28.77879299],[-53.58256251,-28.77878639],[-53.58256064,-28.77877649],[-53.58255502,-28.7787633],[-53.58255316,-28.77875341],[-53.58254942,-28.77874352],[-53.58254191,-28.77873363],[-53.58252687,-28.7787254],[-53.58251935,-28.7787221],[-53.58250805,-28.77872045],[-53.58249864,-28.77871881],[-53.58248546,-28.77871551],[-53.58247417,-28.77871056],[-53.58246664,-28.77870727],[-53.5824591,-28.77870562],[-53.58244028,-28.77869738],[-53.58242523,-28.77868913],[-53.58242336,-28.77868254],[-53.58241961,-28.77867595],[-53.58241585,-28.77867101],[-53.58240645,-28.77866277],[-53.58240269,-28.77865782],[-53.58239328,-28.77865123],[-53.58238386,-28.77864628],[-53.5823782,-28.77864462],[-53.58236687,-28.77863802],[-53.58236121,-28.77863472],[-53.582348,-28.77862646],[-53.58234047,-28.77861656],[-53.58233482,-28.77860832],[-53.58232727,-28.77860336],[-53.58232161,-28.77859841],[-53.58231783,-28.77859511],[-53.58231031,-28.77858356],[-53.58225876,-28.77855224],[-53.58225079,-28.7785406],[-53.58224282,-28.7785313],[-53.58223485,-28.778522],[-53.5822322,-28.77851268],[-53.58223222,-28.77850335],[-53.58222691,-28.77849404],[-53.5822216,-28.7784824],[-53.58221365,-28.77846377],[-53.582211,-28.77845678],[-53.58220304,-28.77844049],[-53.58219242,-28.7784242],[-53.58218445,-28.77841723],[-53.58217383,-28.7784056],[-53.58216586,-28.77839397],[-53.58216056,-28.77838],[-53.5821606,-28.77836137],[-53.58216063,-28.77834507],[-53.58216064,-28.7783311],[-53.58216066,-28.77831482],[-53.58215535,-28.77830319],[-53.58214471,-28.7782939],[-53.58212876,-28.77827297],[-53.58212078,-28.77826134],[-53.58211015,-28.77824506],[-53.58208352,-28.77823809],[-53.5820622,-28.77823111],[-53.58204088,-28.77821715],[-53.58204091,-28.77819852],[-53.58203559,-28.77818689],[-53.58203292,-28.77818223],[-53.5820169,-28.77817058],[-53.58201156,-28.77816592],[-53.58200089,-28.77815426],[-53.58199822,-28.7781496],[-53.58197119,-28.77812407],[-53.58196668,-28.77811618],[-53.58196217,-28.77810829],[-53.58195765,-28.77810039],[-53.58195765,-28.77809247],[-53.58195314,-28.77807666],[-53.58194863,-28.77806678],[-53.5819396,-28.77805693],[-53.58193058,-28.77804311],[-53.58192606,-28.77803323],[-53.58191522,-28.77800214],[-53.58191708,-28.77799556],[-53.58192081,-28.77799061],[-53.58192267,-28.77798074],[-53.58192267,-28.77797417],[-53.58192267,-28.7779643],[-53.58192267,-28.7779528],[-53.58192267,-28.77794458],[-53.58191708,-28.77793308],[-53.58190589,-28.77792323],[-53.58190029,-28.77791995],[-53.58189656,-28.77791667],[-53.58188536,-28.7779134],[-53.58187041,-28.77791177],[-53.58185733,-28.77791179],[-53.58185359,-28.7779118],[-53.58184611,-28.77791346],[-53.58183113,-28.77792007],[-53.58182551,-28.77792173],[-53.58181615,-28.77792504],[-53.58180678,-28.77792835],[-53.58179928,-28.77793166],[-53.5817899,-28.77793168],[-53.58177301,-28.77793171],[-53.58175986,-28.77793174],[-53.58175422,-28.77792845],[-53.5817467,-28.77792681],[-53.58173166,-28.77792023],[-53.58172225,-28.77791694],[-53.58170907,-28.77791366],[-53.58169776,-28.77791202],[-53.58169022,-28.77791202],[-53.58167702,-28.77791367],[-53.58167136,-28.77791698],[-53.58166004,-28.77792358],[-53.5816525,-28.77793184],[-53.5816525,-28.7779335],[-53.58164496,-28.77794506],[-53.58164119,-28.77795002],[-53.58163554,-28.77795497],[-53.58162988,-28.77795992],[-53.58162423,-28.77796818],[-53.58161857,-28.77797479],[-53.5816035,-28.77798139],[-53.58159973,-28.77798303],[-53.58158278,-28.77798633],[-53.58157712,-28.77798632],[-53.58156206,-28.77798631],[-53.58155264,-28.7779863],[-53.58154511,-28.77798795],[-53.5815357,-28.77798959],[-53.58152064,-28.77799288],[-53.58151311,-28.77799783],[-53.58150181,-28.77800442],[-53.58149993,-28.77800607],[-53.58148676,-28.77801267],[-53.58147547,-28.77801926],[-53.58147171,-28.77802421],[-53.5814529,-28.77803574],[-53.5814435,-28.77804068],[-53.58142845,-28.77804562],[-53.58140589,-28.77804889],[-53.5813871,-28.77805052],[-53.58137207,-28.7780505],[-53.58136079,-28.77804884],[-53.58135516,-28.77804883],[-53.58134013,-28.77805706],[-53.5813345,-28.77806035],[-53.58132699,-28.77806364],[-53.58131384,-28.77807187],[-53.58130821,-28.77807352],[-53.58126879,-28.7780883],[-53.58126129,-28.77808994],[-53.58125191,-28.77808993],[-53.58124628,-28.77808992],[-53.58123315,-28.77809155],[-53.58122377,-28.77809153],[-53.58121627,-28.77809152],[-53.58120689,-28.77809151],[-53.58119939,-28.7780882],[-53.58118627,-28.77808818],[-53.58117502,-28.77808817],[-53.58116565,-28.7780898],[-53.58115628,-28.77808979],[-53.58114316,-28.77809471],[-53.58113005,-28.77809469],[-53.58112443,-28.77809469],[-53.58111881,-28.77808974],[-53.58110757,-28.77808148],[-53.5810982,-28.77807982],[-53.58108697,-28.77807981],[-53.58107012,-28.77807979],[-53.58106638,-28.77807484],[-53.58105889,-28.77806989],[-53.58104766,-28.77806988],[-53.5810176,-28.77806435],[-53.58101428,-28.77805998],[-53.58100762,-28.77805414],[-53.58099759,-28.77804969],[-53.58099258,-28.77804964],[-53.58098422,-28.77804811],[-53.58097253,-28.77804656],[-53.58096586,-28.77804504],[-53.58096419,-28.77804503],[-53.58094918,-28.77803909],[-53.58094251,-28.77803613],[-53.58093918,-28.77803465],[-53.58093085,-28.77803022],[-53.58092419,-28.77802581],[-53.5809142,-28.77801993],[-53.58090921,-28.77801844],[-53.58090422,-28.7780184],[-53.58088926,-28.77801827],[-53.58088262,-28.77801822],[-53.58087099,-28.77801812],[-53.58086104,-28.77801804],[-53.58084611,-28.77801791],[-53.58081299,-28.77799596],[-53.58080472,-28.77799156],[-53.58079976,-28.77799152],[-53.58078654,-28.77798854],[-53.58077663,-28.77798558],[-53.58077003,-28.77798409],[-53.58075683,-28.77797822],[-53.58075353,-28.77797531],[-53.58075023,-28.77796231],[-53.58074858,-28.77795942],[-53.58074364,-28.77795217],[-53.58073375,-28.77794779],[-53.58072552,-28.77794341],[-53.58072058,-28.7779405],[-53.58070741,-28.77793609],[-53.5806959,-28.77793314],[-53.58068768,-28.77793309],[-53.58068111,-28.77793018],[-53.58067946,-28.77792441],[-53.58067454,-28.77792006],[-53.58066961,-28.7779114],[-53.58066468,-28.77790562],[-53.58065976,-28.7778984],[-53.58065155,-28.77789117],[-53.58064663,-28.77789115],[-53.58063187,-28.77788821],[-53.58062859,-28.77788676],[-53.58062368,-28.7778853],[-53.58061221,-28.77788238],[-53.58060566,-28.77788235],[-53.58059421,-28.777878],[-53.58058766,-28.77787366],[-53.58058275,-28.77787077],[-53.58057458,-28.77786787],[-53.58056314,-28.77786352],[-53.58055333,-28.77785917],[-53.58054843,-28.77785198],[-53.58054353,-28.77784479],[-53.58053536,-28.77783471],[-53.58053373,-28.7778304],[-53.58053046,-28.77782609],[-53.58052557,-28.77782034],[-53.58052067,-28.77781172],[-53.58051414,-28.77779879],[-53.58051414,-28.77779448],[-53.58051413,-28.77778731],[-53.58051902,-28.77777584],[-53.58051902,-28.77777297],[-53.58051901,-28.77775718],[-53.58051737,-28.77775143],[-53.58051574,-28.77774569],[-53.58051084,-28.7777342],[-53.5805092,-28.77772846],[-53.58050757,-28.77771698],[-53.58050593,-28.77770693],[-53.58050592,-28.77770119],[-53.58050592,-28.77769688],[-53.58050918,-28.7776854],[-53.58050917,-28.77768396],[-53.5805108,-28.77767534],[-53.58051405,-28.77766529],[-53.58051405,-28.77765954],[-53.58051404,-28.77765236],[-53.58051404,-28.77764661],[-53.58051402,-28.77763799],[-53.58051401,-28.7776265],[-53.58051237,-28.77761931],[-53.58051072,-28.77760638],[-53.58051071,-28.77759919],[-53.5805107,-28.77759344],[-53.58051996,-28.77755619],[-53.58051996,-28.77754849],[-53.58051644,-28.77753921],[-53.58051644,-28.77753613],[-53.58051292,-28.77752532],[-53.58051292,-28.77752378],[-53.58051467,-28.77751301],[-53.58051995,-28.77750689],[-53.58051995,-28.7775038],[-53.58052875,-28.77749461],[-53.58053404,-28.77748692],[-53.58053756,-28.77748232],[-53.58054284,-28.77747309],[-53.58054637,-28.77746848],[-53.58055166,-28.77746079],[-53.58055518,-28.77745464],[-53.58055871,-28.77744848],[-53.580564,-28.77744078],[-53.58056753,-28.77743153],[-53.58056929,-28.77742073],[-53.58056929,-28.777413],[-53.58056929,-28.77740219],[-53.58056929,-28.77739137],[-53.58057105,-28.77738365],[-53.58057282,-28.77738057],[-53.58058165,-28.77737443],[-53.58058871,-28.77736827],[-53.58059401,-28.77736211],[-53.58059931,-28.7773544],[-53.58059931,-28.77734666],[-53.58059931,-28.77734512],[-53.58059931,-28.77733584],[-53.58059931,-28.77732192],[-53.58059931,-28.77731727],[-53.58059931,-28.77730489],[-53.58059931,-28.77730024],[-53.58059931,-28.7772925],[-53.58060461,-28.77728167],[-53.5806099,-28.77727239],[-53.58061167,-28.77726465],[-53.58061874,-28.77725537],[-53.58062581,-28.77724455],[-53.58063289,-28.77723683],[-53.58064564,-28.77722384],[-53.5806503,-28.77721703],[-53.58065185,-28.77721293],[-53.58065496,-28.7772061],[-53.58065962,-28.77719792],[-53.58066584,-28.77718974],[-53.5806674,-28.777187],[-53.58067363,-28.77717744],[-53.58067363,-28.77717058],[-53.58067363,-28.77716236],[-53.58067363,-28.77714864],[-53.58067363,-28.77713767],[-53.58067363,-28.77713219],[-53.58067363,-28.77712807],[-53.5806783,-28.77711849],[-53.58067986,-28.77711713],[-53.58068454,-28.77711166],[-53.58069233,-28.77710483],[-53.58069857,-28.77709799],[-53.58070169,-28.77709389],[-53.58070481,-28.77708704],[-53.58070949,-28.77707196],[-53.58070949,-28.77706647],[-53.58070949,-28.77706098],[-53.58070949,-28.77704863],[-53.58070949,-28.77703902],[-53.58070949,-28.77703216],[-53.58071573,-28.77702531],[-53.58071885,-28.77702257],[-53.58072508,-28.77701436],[-53.58073131,-28.77700614],[-53.58073287,-28.77700339],[-53.58073441,-28.77698006],[-53.58074065,-28.77697594],[-53.58074377,-28.7769732],[-53.58075158,-28.77696496],[-53.58075314,-28.77695947],[-53.5807594,-28.7769526],[-53.58076252,-28.77694848],[-53.58076878,-28.7769471],[-53.58077504,-28.77694573],[-53.580786,-28.77694023],[-53.5807954,-28.77693335],[-53.58079853,-28.77693198],[-53.5808048,-28.77692371],[-53.5808048,-28.77691683],[-53.5808048,-28.77690857],[-53.5808048,-28.77690444],[-53.5808048,-28.77690031],[-53.5808048,-28.77689343],[-53.58080323,-28.77688792],[-53.58080166,-28.77688104],[-53.5808001,-28.77686453],[-53.5808048,-28.77686177],[-53.58081421,-28.77685486],[-53.58082048,-28.77685209],[-53.58083147,-28.77684931],[-53.58083775,-28.77684654],[-53.58084404,-28.77684239],[-53.58085032,-28.77683686],[-53.58086448,-28.77681198],[-53.58086448,-28.7768106],[-53.58086448,-28.7768037],[-53.5808692,-28.77679539],[-53.58087864,-28.77678982],[-53.58088337,-28.77678703],[-53.58088968,-28.77678423],[-53.58089914,-28.77677727],[-53.5809023,-28.7767731],[-53.58090546,-28.7767634],[-53.58090704,-28.77675371],[-53.58090704,-28.77674679],[-53.580915,-28.77673681],[-53.58091618,-28.7767358],[-53.58092446,-28.77673386],[-53.58092564,-28.77673388],[-53.58093392,-28.77673195],[-53.58093629,-28.77672992],[-53.58094102,-28.77672275],[-53.58094221,-28.7767207],[-53.58094221,-28.77671345],[-53.58094221,-28.77670517],[-53.58094221,-28.77669896],[-53.58094221,-28.77669379],[-53.58094221,-28.7766855],[-53.58094221,-28.77668136],[-53.58094458,-28.77667622],[-53.58094814,-28.77667108],[-53.58095169,-28.77666802],[-53.58095525,-28.77666392],[-53.58096,-28.77665983],[-53.58096357,-28.77665573],[-53.58096951,-28.77665165],[-53.58097189,-28.77664753],[-53.58097308,-28.77663924],[-53.58097308,-28.77663717],[-53.58097308,-28.7766299],[-53.58097308,-28.77662782],[-53.58097071,-28.77661849],[-53.58097071,-28.77661435],[-53.58097072,-28.77660711],[-53.58097073,-28.77660193],[-53.5809743,-28.77659472],[-53.58097788,-28.77659268],[-53.58098503,-28.77658858],[-53.58099218,-28.77658447],[-53.58099814,-28.77657932],[-53.58100173,-28.77657726],[-53.5810065,-28.77657418],[-53.58101128,-28.77657005],[-53.58101367,-28.77656798],[-53.58101965,-28.77655864],[-53.58102205,-28.77655449],[-53.58102206,-28.77654824],[-53.58102206,-28.77654407],[-53.58102207,-28.77653887],[-53.58102208,-28.77653262],[-53.58101971,-28.77652531],[-53.58101733,-28.77651801],[-53.58101375,-28.77651174],[-53.58101257,-28.77650653],[-53.58101138,-28.77650131],[-53.58101139,-28.77649192],[-53.5810114,-28.77648775],[-53.58101141,-28.77648044],[-53.5810174,-28.7764721],[-53.58102099,-28.77646898],[-53.58102219,-28.77646794],[-53.58102698,-28.77646168],[-53.58103179,-28.77645332],[-53.5810342,-28.77644392],[-53.58103421,-28.77643555],[-53.58103423,-28.77642927],[-53.58103184,-28.77642403],[-53.58102826,-28.77641775],[-53.58102468,-28.77641042],[-53.58102229,-28.77640519],[-53.58101631,-28.77639786],[-53.58101512,-28.77639472],[-53.58101034,-28.77638948],[-53.58100675,-28.77638425],[-53.58100317,-28.77637692],[-53.58100198,-28.77637063],[-53.58100199,-28.77636435],[-53.581002,-28.7763591],[-53.5810008,-28.77635806],[-53.58100246,-28.77633889],[-53.58100246,-28.77633237],[-53.58100247,-28.77632323],[-53.58100247,-28.77631801],[-53.58100097,-28.77631278],[-53.58099798,-28.77630623],[-53.58099051,-28.77629705],[-53.58098902,-28.77629312],[-53.58098453,-28.77628918],[-53.58097856,-28.77628392],[-53.58097258,-28.77627736],[-53.5809681,-28.77627212],[-53.58096362,-28.77626688],[-53.58095764,-28.77625642],[-53.58095465,-28.77624988],[-53.58095315,-28.77624073],[-53.58095315,-28.77623812],[-53.58095165,-28.77623028],[-53.58095164,-28.77622375],[-53.58095164,-28.77621198],[-53.58095164,-28.77621067],[-53.58095462,-28.77619628],[-53.5809576,-28.77619105],[-53.5809591,-28.77618582],[-53.58096208,-28.77617928],[-53.58096507,-28.77617142],[-53.58096956,-28.77616619],[-53.58097404,-28.77616095],[-53.58097853,-28.77615834],[-53.58098452,-28.77615573],[-53.58098902,-28.77615048],[-53.58099501,-28.77614524],[-53.581001,-28.77613738],[-53.581004,-28.77613344],[-53.581007,-28.77612294],[-53.58100851,-28.77611768],[-53.58101151,-28.77610718],[-53.58101151,-28.77610192],[-53.58101451,-28.77609272],[-53.58102052,-28.7760822],[-53.58102503,-28.77607693],[-53.58103404,-28.77607035],[-53.58104005,-28.7760664],[-53.58104757,-28.77605982],[-53.58104907,-28.77605982],[-53.58105509,-28.77605191],[-53.58105659,-28.77604664],[-53.5810581,-28.77604137],[-53.58106112,-28.77603478],[-53.58106865,-28.77602423],[-53.58108668,-28.77600326],[-53.58109122,-28.77599796],[-53.58109424,-28.77599265],[-53.58109877,-28.77598602],[-53.58110331,-28.77597806],[-53.58110935,-28.77596611],[-53.58111086,-28.77596081],[-53.58111691,-28.77595417],[-53.58112448,-28.77595019],[-53.58113205,-28.77594621],[-53.58114417,-28.77594355],[-53.58115174,-28.77593957],[-53.5811578,-28.77593824],[-53.58116387,-28.77593558],[-53.58117296,-28.77593293],[-53.58118509,-28.77592761],[-53.58119116,-28.77592362],[-53.58119419,-28.77591831],[-53.58119572,-28.77591299],[-53.58120027,-28.77590502],[-53.5812018,-28.77589971],[-53.58120483,-28.77589439],[-53.58120484,-28.77588908],[-53.58120637,-28.77588244],[-53.58121092,-28.77587182],[-53.58121548,-28.77586385],[-53.58122154,-28.77585854],[-53.58122761,-28.7758519],[-53.58123216,-28.77584394],[-53.58123822,-28.77583863],[-53.58124277,-28.77583598],[-53.58125337,-28.775832],[-53.58125488,-28.775832],[-53.58126548,-28.77582669],[-53.58127608,-28.77582005],[-53.58128214,-28.77581475],[-53.5812882,-28.77580944],[-53.58128063,-28.77581209],[-53.5813083,-28.77579268],[-53.58131578,-28.77579006],[-53.58132625,-28.77578743],[-53.58133821,-28.77578481],[-53.58134418,-28.77578481],[-53.58135913,-28.77578481],[-53.58137109,-28.77578219],[-53.58138156,-28.77577694],[-53.58138904,-28.77577169],[-53.58139801,-28.77576644],[-53.5814025,-28.77576513],[-53.58140997,-28.7757612],[-53.58142193,-28.77575989],[-53.58143089,-28.77575857],[-53.58143986,-28.77575726],[-53.58145032,-28.77575595],[-53.58146227,-28.77575333],[-53.58147274,-28.77574939],[-53.58148768,-28.77574546],[-53.58149515,-28.7757389],[-53.58149815,-28.77573235],[-53.58149964,-28.77572842],[-53.58150114,-28.77572448],[-53.58150413,-28.77571793],[-53.58150712,-28.77571269],[-53.5815131,-28.77570614],[-53.58151908,-28.77569827],[-53.58152506,-28.7756891],[-53.58153701,-28.77567862],[-53.58154149,-28.77567338],[-53.58155194,-28.77566683],[-53.5815609,-28.77566291],[-53.58156688,-28.77566029],[-53.58157583,-28.77565243],[-53.58158031,-28.77564719],[-53.58158629,-28.77563803],[-53.58159226,-28.77562756],[-53.58159524,-28.77561578],[-53.58159524,-28.77560924],[-53.58159524,-28.77560008],[-53.58159524,-28.77559485],[-53.58159375,-28.77558569],[-53.58159375,-28.77557784],[-53.58159375,-28.77556869],[-53.58159375,-28.77556346],[-53.58159673,-28.77556084],[-53.5816027,-28.77555169],[-53.58160717,-28.77554515],[-53.58161015,-28.77553993],[-53.58161164,-28.7755347],[-53.58161164,-28.77552816],[-53.58161313,-28.77552294],[-53.58161313,-28.7755151],[-53.58160717,-28.77550073],[-53.58161015,-28.77549158],[-53.58161015,-28.77548375],[-53.58161014,-28.7754733],[-53.58161014,-28.77546416],[-53.58160269,-28.7754498],[-53.58159821,-28.77544197],[-53.58159225,-28.77543936],[-53.58158629,-28.77543936],[-53.58157735,-28.77543936],[-53.58154008,-28.77544589],[-53.58153412,-28.77544589],[-53.58153114,-28.77544589],[-53.58152071,-28.77544589],[-53.58151176,-28.7754498],[-53.58150431,-28.77545372],[-53.58149685,-28.77545764],[-53.58148641,-28.77546416],[-53.58148492,-28.77546547],[-53.58147746,-28.7754733],[-53.58147447,-28.77547591],[-53.58146552,-28.77548114],[-53.58145657,-28.77548506],[-53.58144613,-28.77548897],[-53.58143718,-28.77549289],[-53.58143121,-28.7754955],[-53.58142525,-28.77549812],[-53.58141928,-28.77550073],[-53.58136495,-28.77549579],[-53.58135557,-28.7754927],[-53.58134502,-28.7754927],[-53.58133446,-28.77549064],[-53.58132156,-28.77548859],[-53.58131922,-28.77548756],[-53.58131335,-28.7754855],[-53.58130866,-28.77548138],[-53.58130631,-28.77547933],[-53.58130396,-28.77547521],[-53.58129926,-28.7754711],[-53.58129574,-28.77546801],[-53.58128987,-28.77546184],[-53.58128636,-28.77545978],[-53.58127697,-28.77545567],[-53.58127346,-28.77545567],[-53.58126994,-28.77545361],[-53.58126057,-28.77545361],[-53.58125588,-28.77545361],[-53.58124885,-28.77545361],[-53.58124064,-28.77545361],[-53.58123596,-28.77545361],[-53.58122658,-28.7754567],[-53.58121955,-28.77545773],[-53.58121604,-28.77545875],[-53.58121018,-28.77545875],[-53.58120197,-28.77545875],[-53.58119846,-28.7754567],[-53.58119611,-28.77545361],[-53.58118791,-28.7754495],[-53.58118791,-28.77544539],[-53.58118556,-28.77543511],[-53.58118556,-28.77542791],[-53.58118555,-28.77542072],[-53.58118438,-28.77541866],[-53.58117735,-28.77541044],[-53.58117032,-28.77540633],[-53.58116681,-28.77540325],[-53.58116095,-28.7754012],[-53.58115275,-28.77539914],[-53.58114924,-28.77539812],[-53.58114338,-28.77539709],[-53.58113401,-28.77539606],[-53.58113167,-28.77539503],[-53.58112698,-28.77539401],[-53.58111762,-28.77539195],[-53.5811141,-28.77539093],[-53.58110942,-28.7753899],[-53.58110356,-28.77538476],[-53.58109654,-28.77537758],[-53.58109186,-28.77537142],[-53.58109069,-28.77537039],[-53.58108484,-28.77536628],[-53.58108133,-28.7753632],[-53.58107782,-28.77535602],[-53.58107783,-28.77534781],[-53.58107783,-28.77534473],[-53.58107784,-28.77533755],[-53.58107667,-28.77533139],[-53.58107199,-28.77532524],[-53.58106848,-28.77532216],[-53.58106498,-28.77531703],[-53.58105913,-28.77531293],[-53.58105328,-28.77530678],[-53.58104978,-28.77530165],[-53.58104627,-28.7752955],[-53.58104394,-28.7752914],[-53.58104277,-28.7752873],[-53.58104044,-28.77528218],[-53.58103927,-28.77527705],[-53.58103811,-28.77527091],[-53.58103695,-28.77526271],[-53.58103579,-28.77525759],[-53.58102414,-28.77523405],[-53.58102065,-28.77522792],[-53.58101832,-28.77522485],[-53.58101717,-28.77521974],[-53.58100784,-28.77521259],[-53.58100319,-28.77520647],[-53.58100204,-28.77520137],[-53.58100207,-28.77519422],[-53.58100208,-28.77518809],[-53.58101263,-28.77515276],[-53.58101263,-28.7751514],[-53.58101265,-28.77514459],[-53.58101268,-28.77513505],[-53.58101271,-28.77512416],[-53.58102049,-28.775116],[-53.58102516,-28.77510919],[-53.58103138,-28.77510239],[-53.58103603,-28.77510103],[-53.5810438,-28.77509559],[-53.58105311,-28.77509287],[-53.58106242,-28.77508743],[-53.58106708,-28.77508471],[-53.58107328,-28.77508064],[-53.58108104,-28.77507792],[-53.58109656,-28.7750684],[-53.58110431,-28.77506297],[-53.58111207,-28.77505482],[-53.58111208,-28.77504939],[-53.58111209,-28.7750426],[-53.5811152,-28.77503309],[-53.5811152,-28.77502766],[-53.58111986,-28.77501952],[-53.58112297,-28.77501138],[-53.58113227,-28.77500189],[-53.58113692,-28.77499646],[-53.58113847,-28.77499104],[-53.58114002,-28.77498561],[-53.58114158,-28.77497748],[-53.58114158,-28.77496935],[-53.58114159,-28.77495716],[-53.5811416,-28.7749531],[-53.5811416,-28.77494768],[-53.58114625,-28.7749382],[-53.5811478,-28.77493279],[-53.5811509,-28.77492602],[-53.58115554,-28.77491926],[-53.58115709,-28.77491655],[-53.58116821,-28.77488717],[-53.58117176,-28.77488094],[-53.58117294,-28.77487886],[-53.58117768,-28.77487678],[-53.58118951,-28.77486952],[-53.58119661,-28.77486225],[-53.58120015,-28.77485395],[-53.58120369,-28.77484773],[-53.58120369,-28.77484047],[-53.58120368,-28.77483425],[-53.58120367,-28.77482803],[-53.58120248,-28.77482078],[-53.58120247,-28.7748156],[-53.58120483,-28.77480421],[-53.58120836,-28.77479592],[-53.58120836,-28.77479385],[-53.58121072,-28.77478661],[-53.58121307,-28.77477937],[-53.58121661,-28.77477627],[-53.58121897,-28.77477316],[-53.58121896,-28.77476799],[-53.58121895,-28.77475972],[-53.58121894,-28.77475249],[-53.58121775,-28.77474526],[-53.58121538,-28.77474009],[-53.58121419,-28.77473699],[-53.58120828,-28.77472873],[-53.58120473,-28.77472461],[-53.5812,-28.77471841],[-53.58119763,-28.77471429],[-53.58119173,-28.77470707],[-53.58119054,-28.77470603],[-53.58118346,-28.77470088],[-53.5811811,-28.77469778],[-53.58116915,-28.77468043],[-53.58116431,-28.77467302],[-53.58116188,-28.77466562],[-53.58116187,-28.77465927],[-53.58116186,-28.77465398],[-53.58116305,-28.77464553],[-53.58116305,-28.77464341],[-53.58116183,-28.77463496],[-53.58115578,-28.77462651],[-53.58114974,-28.77462123],[-53.58114853,-28.77461807],[-53.58114732,-28.77461173],[-53.5811461,-28.77460434],[-53.58114369,-28.77460012],[-53.58114006,-28.77459169],[-53.58113885,-28.77458641],[-53.58113642,-28.77457798],[-53.58113642,-28.77457165],[-53.58113762,-28.77456639],[-53.58113881,-28.77456112],[-53.58113881,-28.7745569],[-53.5811376,-28.77455375],[-53.58111982,-28.77453258],[-53.58111635,-28.77453258],[-53.5811094,-28.77453156],[-53.58110361,-28.77452954],[-53.58109898,-28.77452954],[-53.58109087,-28.7745265],[-53.58108508,-28.77452549],[-53.58108161,-28.77452245],[-53.58107814,-28.77451941],[-53.58106887,-28.77451434],[-53.58106424,-28.77450827],[-53.58105846,-28.77449916],[-53.58105383,-28.77449511],[-53.58104805,-28.77448904],[-53.58104458,-28.77448803],[-53.58103532,-28.77448499],[-53.58103301,-28.77448398],[-53.58102607,-28.77448196],[-53.58102145,-28.77447993],[-53.58101682,-28.77447791],[-53.58101104,-28.77447387],[-53.58100758,-28.77446881],[-53.58100181,-28.77446275],[-53.58099141,-28.77445569],[-53.58098795,-28.77445165],[-53.58098449,-28.77444761],[-53.58097988,-28.77444459],[-53.58097411,-28.77444257],[-53.58096949,-28.77444056],[-53.58096257,-28.77443652],[-53.58095449,-28.7744335],[-53.58094295,-28.77443149],[-53.58093488,-28.77442847],[-53.58091757,-28.77442546],[-53.58091295,-28.77442648],[-53.58091064,-28.77442648],[-53.58090371,-28.77442951],[-53.58089794,-28.77443153],[-53.58089331,-28.77443456],[-53.58088522,-28.7744376],[-53.58088407,-28.7744376],[-53.58087599,-28.77444064],[-53.58087137,-28.77444368],[-53.5808679,-28.7744457],[-53.58086444,-28.77444773],[-53.58085636,-28.77445077],[-53.58085174,-28.77445482],[-53.58084596,-28.77445886],[-53.5808448,-28.77446291],[-53.58084247,-28.77446897],[-53.58084245,-28.77447706],[-53.58084244,-28.77448009],[-53.58084242,-28.77448514],[-53.58084355,-28.77449121],[-53.5808447,-28.77449424],[-53.58084583,-28.7745003],[-53.58084581,-28.77450536],[-53.5808458,-28.77451143],[-53.58084577,-28.77452054],[-53.58084114,-28.77452358],[-53.58083767,-28.77452864],[-53.5808365,-28.77453168],[-53.58083186,-28.77453877],[-53.58082953,-28.77454586],[-53.58082721,-28.77454991],[-53.58082719,-28.77455599],[-53.58082717,-28.77456206],[-53.58082715,-28.77456713],[-53.58082712,-28.77457321],[-53.58082825,-28.77457827],[-53.58082823,-28.77458233],[-53.58082822,-28.77458638],[-53.58082819,-28.77459247],[-53.58082352,-28.77460261],[-53.58082236,-28.77460464],[-53.58080028,-28.77462371],[-53.58079786,-28.77462583],[-53.58079423,-28.77462901],[-53.58078697,-28.77463537],[-53.5807785,-28.77463855],[-53.58077245,-28.77464067],[-53.58076761,-28.7746428],[-53.58075914,-28.77464598],[-53.58075067,-28.77464916],[-53.58074705,-28.77465022],[-53.58073617,-28.77465128],[-53.58072771,-28.77465128],[-53.58072047,-28.77464916],[-53.58071564,-28.77464916],[-53.58070357,-28.77464916],[-53.58069512,-28.77464916],[-53.5806903,-28.77464916],[-53.58068547,-28.7746481],[-53.5806674,-28.77464069],[-53.58065776,-28.77463857],[-53.58064812,-28.77463434],[-53.58064691,-28.77463434],[-53.58063608,-28.77462693],[-53.58063609,-28.77462376],[-53.58063128,-28.77462058],[-53.58062405,-28.77461741],[-53.58061924,-28.77461635],[-53.5806084,-28.7746153],[-53.58060719,-28.7746153],[-53.58059756,-28.7746153],[-53.58058792,-28.77461531],[-53.58057949,-28.77461531],[-53.58057227,-28.77461425],[-53.58055905,-28.77460897],[-53.58055907,-28.77460475],[-53.58055668,-28.77459946],[-53.5805531,-28.77459313],[-53.58054832,-28.77458362],[-53.58054594,-28.7745794],[-53.58053754,-28.77457518],[-53.58052674,-28.77456886],[-53.58052193,-28.77456886],[-53.58050751,-28.77456887],[-53.5805003,-28.77456888],[-53.5804859,-28.77456573],[-53.58048591,-28.77456361],[-53.58048592,-28.77455939],[-53.58048715,-28.77455306],[-53.58048716,-28.77454884],[-53.58048599,-28.7745404],[-53.5804836,-28.77453513],[-53.58047882,-28.77452986],[-53.58047403,-28.77452671],[-53.58046683,-28.77452461],[-53.58046203,-28.77452356],[-53.58045845,-28.7745204],[-53.58045365,-28.7745183],[-53.58045007,-28.77451514],[-53.58044648,-28.77451093],[-53.5804441,-28.77450566],[-53.58044172,-28.77450145],[-53.58044054,-28.77449619],[-53.58043816,-28.77449092],[-53.58043459,-28.77448461],[-53.58042981,-28.77448041],[-53.58042623,-28.77447515],[-53.58042507,-28.77446673],[-53.58042387,-28.77446462],[-53.58042149,-28.77446042],[-53.58041312,-28.77445622],[-53.58040596,-28.77445097],[-53.58040238,-28.77444782],[-53.58039761,-28.77444257],[-53.58039403,-28.77443837],[-53.58039046,-28.77443417],[-53.58037273,-28.77441062],[-53.58037121,-28.77440525],[-53.58036815,-28.77439718],[-53.58036663,-28.77439046],[-53.58036511,-28.77438508],[-53.58036512,-28.77437701],[-53.58036513,-28.77436626],[-53.58036513,-28.77436358],[-53.58036361,-28.77435417],[-53.58035597,-28.77434343],[-53.58034986,-28.77433268],[-53.58034528,-28.77432597],[-53.58034224,-28.77431657],[-53.58033004,-28.77428974],[-53.58033004,-28.77428705],[-53.58033158,-28.774279],[-53.58033313,-28.77426693],[-53.58033468,-28.7742562],[-53.58033775,-28.77424814],[-53.58034235,-28.77424143],[-53.58034543,-28.77423071],[-53.58034543,-28.77422937],[-53.58034545,-28.77421999],[-53.58034087,-28.77421463],[-53.58033629,-28.77420927],[-53.58032713,-28.77419856],[-53.58032101,-28.77419454],[-53.58031948,-28.77419454],[-53.58029367,-28.7741719],[-53.58029368,-28.77416775],[-53.58029368,-28.77416082],[-53.58029053,-28.77415113],[-53.58028739,-28.77414282],[-53.58028109,-28.77413313],[-53.58027479,-28.77412344],[-53.58026691,-28.77411652],[-53.58026061,-28.7741096],[-53.58025274,-28.77410406],[-53.58023698,-28.77409714],[-53.58023225,-28.77409438],[-53.58022595,-28.77409161],[-53.5802165,-28.77408469],[-53.58020391,-28.77407639],[-53.58019446,-28.77406948],[-53.58018816,-28.77406533],[-53.58018187,-28.7740598],[-53.58017714,-28.77405703],[-53.58017242,-28.77405288],[-53.5801677,-28.77404873],[-53.58015825,-28.77404459],[-53.58015668,-28.77404182],[-53.58012677,-28.77403214],[-53.58012362,-28.77403076],[-53.5801189,-28.77402661],[-53.58010632,-28.77402108],[-53.58010003,-28.77401831],[-53.58009217,-28.77401279],[-53.58008902,-28.77401002],[-53.58008117,-28.77400035],[-53.58007645,-28.77399759],[-53.58006859,-28.77399068],[-53.58006388,-28.77398515],[-53.58005917,-28.77397963],[-53.58005445,-28.77397549],[-53.58005131,-28.77396996],[-53.5800466,-28.77396444],[-53.58002857,-28.77393428],[-53.58002576,-28.77392808],[-53.58002153,-28.77391941],[-53.58001731,-28.77391074],[-53.58001168,-28.77390207],[-53.58000887,-28.7738934],[-53.58000747,-28.77388721],[-53.58000607,-28.77387607],[-53.58000607,-28.77386865],[-53.58000889,-28.77385999],[-53.58001453,-28.77384763],[-53.58002441,-28.77383527],[-53.58002723,-28.77383156],[-53.58003005,-28.77382661],[-53.58003146,-28.77382166],[-53.58003287,-28.77381548],[-53.58003287,-28.7738093],[-53.58003287,-28.77380312],[-53.58003146,-28.77379323],[-53.58003005,-28.77378581],[-53.58002723,-28.77377839],[-53.58002441,-28.77377097],[-53.580023,-28.77376231],[-53.58002018,-28.77375118],[-53.58001594,-28.77373758],[-53.58001453,-28.77373264],[-53.58001312,-28.77372151],[-53.58001312,-28.77372027],[-53.58001453,-28.77371285],[-53.58001877,-28.77370543],[-53.58002159,-28.77369802],[-53.58002723,-28.77368565],[-53.58003287,-28.773677],[-53.58003569,-28.77367205],[-53.5800371,-28.7736671],[-53.5800371,-28.77365598],[-53.5800371,-28.77364732],[-53.5800371,-28.77364114],[-53.5800371,-28.77363372],[-53.58003287,-28.77362136],[-53.58003146,-28.77361146],[-53.58002723,-28.77359663],[-53.58002723,-28.77358921],[-53.58002723,-28.77358179],[-53.58002723,-28.77357437],[-53.58003005,-28.77356077],[-53.58003428,-28.77355335],[-53.5800371,-28.7735484],[-53.58004133,-28.77353851],[-53.58004557,-28.77352986],[-53.58004698,-28.77352491],[-53.5800498,-28.77351625],[-53.58005121,-28.77351131],[-53.58005121,-28.77350513],[-53.58005121,-28.77349647],[-53.58005121,-28.77348905],[-53.58004698,-28.7734804],[-53.58004274,-28.7734705],[-53.58004133,-28.77346432],[-53.58004133,-28.77346309],[-53.58004133,-28.77345814],[-53.58004839,-28.77344701],[-53.58005403,-28.77343959],[-53.58005826,-28.77343217],[-53.58006581,-28.77341745],[-53.58007,-28.77341256],[-53.58007279,-28.77341011],[-53.58007836,-28.77340278],[-53.58008255,-28.77339789],[-53.58008534,-28.77339177],[-53.58008673,-28.77338688],[-53.58008673,-28.77337955],[-53.58008673,-28.77337221],[-53.58008673,-28.7733661],[-53.58008673,-28.77336121],[-53.58008394,-28.77335388],[-53.58008115,-28.77335021],[-53.58007697,-28.77333798],[-53.58007697,-28.77332943],[-53.58007697,-28.77331965],[-53.58007697,-28.77331231],[-53.58007697,-28.77330131],[-53.58007697,-28.77329397],[-53.58007697,-28.77328908],[-53.58007697,-28.77328052],[-53.58007557,-28.77327319],[-53.58007418,-28.77326585],[-53.58007278,-28.77326096],[-53.58007139,-28.77325241],[-53.5800686,-28.77324263],[-53.58006581,-28.77323529],[-53.58006302,-28.7732304],[-53.58005884,-28.77322429],[-53.58005465,-28.77321817],[-53.58004628,-28.77320962],[-53.5800421,-28.77320717],[-53.58003652,-28.77320228],[-53.58002955,-28.77319984],[-53.58002397,-28.77319617],[-53.58001699,-28.77319372],[-53.58000444,-28.77319128],[-53.57999886,-28.77319128],[-53.57999328,-28.77319128],[-53.5799891,-28.7731925],[-53.57998352,-28.77319372],[-53.57997236,-28.77319739],[-53.5799612,-28.77320106],[-53.57995284,-28.7732035],[-53.57995005,-28.77320473],[-53.57994447,-28.7732084],[-53.5799361,-28.77321084],[-53.57992494,-28.77321206],[-53.57991378,-28.77321206],[-53.57989705,-28.77321206],[-53.57988728,-28.77321206],[-53.57987194,-28.77320962],[-53.57983428,-28.77320228],[-53.5798287,-28.77319862],[-53.57982591,-28.77319617],[-53.57981892,-28.77318516],[-53.57981471,-28.77317904],[-53.57981052,-28.77317537],[-53.57980493,-28.7731717],[-53.57979514,-28.77316558],[-53.57979094,-28.77316191],[-53.57978674,-28.77315823],[-53.57978115,-28.77315334],[-53.57977416,-28.77315089],[-53.57976857,-28.77314844],[-53.57976297,-28.77314599],[-53.57975599,-28.77314476],[-53.57974621,-28.77314231],[-53.57973922,-28.77313986],[-53.57973082,-28.77313496],[-53.57972101,-28.77312638],[-53.5797196,-28.7731227],[-53.57971538,-28.77311657],[-53.57970837,-28.77310921],[-53.57970276,-28.77310553],[-53.57969577,-28.77310431],[-53.57968878,-28.77310185],[-53.57968319,-28.77310185],[-53.57966063,-28.77309192],[-53.57965381,-28.77309042],[-53.57964527,-28.77308446],[-53.57963673,-28.77307849],[-53.57963161,-28.77307103],[-53.57962648,-28.77306656],[-53.57961794,-28.7730576],[-53.57961281,-28.77305014],[-53.57960768,-28.77304566],[-53.57959742,-28.77303671],[-53.57959399,-28.77302625],[-53.57959228,-28.77302027],[-53.57958714,-28.77301131],[-53.57958543,-28.77300682],[-53.57958371,-28.77300084],[-53.579582,-28.77299486],[-53.57957857,-28.77298888],[-53.57957514,-28.77298289],[-53.57957342,-28.77297392],[-53.57957512,-28.77296194],[-53.57958024,-28.77295146],[-53.57959049,-28.77293648],[-53.57960245,-28.77291849],[-53.57960587,-28.7729125],[-53.579611,-28.772902],[-53.57961271,-28.7728945],[-53.5796127,-28.77288401],[-53.57961269,-28.7728705],[-53.57961269,-28.7728645],[-53.57961096,-28.77285249],[-53.57961267,-28.77284198],[-53.5796161,-28.77283748],[-53.57961952,-28.77282847],[-53.57962465,-28.77281494],[-53.57962636,-28.77281194],[-53.57962807,-28.77280442],[-53.57962807,-28.7727939],[-53.57962806,-28.77278337],[-53.57962634,-28.77277435],[-53.57962463,-28.77276833],[-53.57962462,-28.77276231],[-53.57963833,-28.77272467],[-53.57963833,-28.77271865],[-53.57964175,-28.7727081],[-53.57964347,-28.77270207],[-53.57965033,-28.77269002],[-53.57965891,-28.77267948],[-53.57966578,-28.77267345],[-53.57968122,-28.77266292],[-53.57969838,-28.77265389],[-53.57970868,-28.77264938],[-53.57971555,-28.77264335],[-53.57972585,-28.77263582],[-53.57972929,-28.77262526],[-53.57972929,-28.77261923],[-53.57972931,-28.77260413],[-53.57972931,-28.77259356],[-53.57972932,-28.77258301],[-53.57973275,-28.77257397],[-53.57973447,-28.77256493],[-53.5797362,-28.77255287],[-53.5797362,-28.77254834],[-53.57973963,-28.77254081],[-53.57974307,-28.77253027],[-53.57974822,-28.77251973],[-53.57975337,-28.77251522],[-53.57975681,-28.77250769],[-53.57976195,-28.77250321],[-53.57976881,-28.77249423],[-53.57977223,-28.77248824],[-53.57977565,-28.77247925],[-53.57977256,-28.77242364],[-53.57976873,-28.77241187],[-53.5797649,-28.77240178],[-53.57976106,-28.77239338],[-53.57975723,-28.77238329],[-53.57975339,-28.77237825],[-53.57974572,-28.77236987],[-53.57973421,-28.77235476],[-53.57972461,-28.77234806],[-53.57971885,-28.77234471],[-53.57970733,-28.77233802],[-53.57970158,-28.77232962],[-53.57969582,-28.77232122],[-53.57969006,-28.7723145],[-53.57968431,-28.77230611],[-53.57967663,-28.77229434],[-53.57966703,-28.77228259],[-53.57966511,-28.77227923],[-53.57965936,-28.77227082],[-53.57964591,-28.77225571],[-53.57964208,-28.7722473],[-53.57963825,-28.77223553],[-53.57963633,-28.77223217],[-53.57963058,-28.77222207],[-53.57962484,-28.7722103],[-53.57962102,-28.77220357],[-53.57961529,-28.77218338],[-53.57961147,-28.77217161],[-53.57961148,-28.77216656],[-53.57960765,-28.7721548],[-53.57960766,-28.77214639],[-53.57960768,-28.77213126],[-53.57960578,-28.77211781],[-53.57960579,-28.77210772],[-53.5796058,-28.772101],[-53.57960775,-28.77208756],[-53.57960775,-28.77208419],[-53.57960777,-28.77207579],[-53.57960395,-28.77206403],[-53.57960205,-28.77205059],[-53.57959823,-28.77203884],[-53.57959634,-28.77202036],[-53.57959637,-28.77200021],[-53.57959447,-28.7719935],[-53.57959065,-28.77198007],[-53.57958683,-28.77197168],[-53.57958491,-28.77197167],[-53.57957534,-28.77195657],[-53.57956961,-28.77194482],[-53.57956387,-28.77193307],[-53.57956005,-28.77192468],[-53.57955623,-28.77191293],[-53.57954859,-28.77189447],[-53.57953569,-28.77186995],[-53.57953569,-28.77186255],[-53.5795357,-28.77184923],[-53.5795357,-28.77184331],[-53.57953571,-28.77183591],[-53.57953571,-28.77182408],[-53.5795374,-28.77180783],[-53.5795374,-28.77180192],[-53.5795374,-28.77179454],[-53.5795374,-28.77178273],[-53.57953572,-28.77177092],[-53.57953403,-28.7717665],[-53.5795256,-28.7717547],[-53.57952223,-28.77174732],[-53.57951549,-28.77173994],[-53.57951212,-28.771737],[-53.57950369,-28.77172815],[-53.57949695,-28.77171634],[-53.57949357,-28.77170601],[-53.57949189,-28.77169862],[-53.5794902,-28.77168681],[-53.5794902,-28.77167352],[-53.57949189,-28.7716617],[-53.57949357,-28.77165432],[-53.57949357,-28.7716425],[-53.57949357,-28.77163807],[-53.5794902,-28.77163069],[-53.57948514,-28.77162331],[-53.57948008,-28.77161593],[-53.57947502,-28.77160854],[-53.57947165,-28.77160559],[-53.57946322,-28.77159673],[-53.57945984,-28.7715923],[-53.57945647,-28.77158344],[-53.57945478,-28.77157753],[-53.57945478,-28.77156571],[-53.57945478,-28.77155537],[-53.57945478,-28.77154208],[-53.57945478,-28.77153321],[-53.57945309,-28.77153026],[-53.57944803,-28.7715214],[-53.57944297,-28.77151401],[-53.57943622,-28.77150219],[-53.57943622,-28.77149037],[-53.57943622,-28.77147412],[-53.57943791,-28.77146378],[-53.57944128,-28.77145491],[-53.57944297,-28.7714431],[-53.57944297,-28.7714298],[-53.57944297,-28.77142685],[-53.57944297,-28.7714165],[-53.57944128,-28.77141059],[-53.57943791,-28.77140468],[-53.57943453,-28.77139877],[-53.57943116,-28.7713899],[-53.57942947,-28.77137956],[-53.57942441,-28.77137364],[-53.57941934,-28.77136181],[-53.5793854,-28.7713409],[-53.57937544,-28.77133362],[-53.57936548,-28.77132781],[-53.57935717,-28.77132345],[-53.57934555,-28.77132201],[-53.57933724,-28.77132202],[-53.57932395,-28.77132204],[-53.57931896,-28.77132204],[-53.57930733,-28.77132206],[-53.579304,-28.77132206],[-53.57929569,-28.77132353],[-53.57928239,-28.77132501],[-53.57927408,-28.77132794],[-53.5792641,-28.77132941],[-53.57926078,-28.77133087],[-53.57924414,-28.77133527],[-53.57923583,-28.77133674],[-53.57922252,-28.77133822],[-53.5792142,-28.77133823],[-53.57920254,-28.77133825],[-53.57919422,-28.77133826],[-53.57918923,-28.77133681],[-53.57918257,-28.7713339],[-53.57917924,-28.77133245],[-53.57917258,-28.77132954],[-53.57916592,-28.77132663],[-53.57915259,-28.77132081],[-53.5791476,-28.7713179],[-53.57913927,-28.77130623],[-53.57913927,-28.77130039],[-53.5791376,-28.77129456],[-53.57913427,-28.7712858],[-53.5791326,-28.77128143],[-53.57912761,-28.77127122],[-53.57912261,-28.7712537],[-53.57912261,-28.77124787],[-53.57911927,-28.77123619],[-53.57911761,-28.77123181],[-53.57911428,-28.7712216],[-53.57911261,-28.77120992],[-53.57911428,-28.7711997],[-53.57911927,-28.77119386],[-53.57912261,-28.77118656],[-53.57912927,-28.7711778],[-53.57913094,-28.77117488],[-53.5791376,-28.77116466],[-53.5791426,-28.7711559],[-53.5791426,-28.77115007],[-53.57914427,-28.77113985],[-53.57914593,-28.77113255],[-53.57914594,-28.7711238],[-53.5791476,-28.7711165],[-53.57914761,-28.77111066],[-53.57914761,-28.77110191],[-53.57914096,-28.7710917],[-53.57913763,-28.7710844],[-53.57913097,-28.77107419],[-53.57912265,-28.77106836],[-53.57911599,-28.77106544],[-53.579101,-28.77106543],[-53.57908767,-28.77106542],[-53.57908267,-28.77106542],[-53.57907267,-28.77106542],[-53.57906433,-28.77106687],[-53.57904932,-28.77107124],[-53.57903931,-28.77107708],[-53.57903097,-28.77107999],[-53.57902096,-28.77108583],[-53.57901261,-28.77109167],[-53.57901093,-28.77109605],[-53.57900591,-28.77110481],[-53.57899923,-28.77111357],[-53.57899421,-28.77111941],[-53.57898418,-28.77112964],[-53.57897916,-28.77113402],[-53.57893746,-28.77114571],[-53.5789308,-28.77114717],[-53.57892415,-28.77115009],[-53.57891749,-28.77115009],[-53.57890751,-28.77115009],[-53.5788992,-28.77114863],[-53.57888922,-28.77114278],[-53.57888589,-28.77114132],[-53.57887592,-28.77113548],[-53.57887261,-28.77112818],[-53.57887261,-28.77112671],[-53.57886931,-28.77111795],[-53.578866,-28.77111211],[-53.57886659,-28.77109773],[-53.57886409,-28.77109112],[-53.5788641,-28.77108453],[-53.57886285,-28.77108123],[-53.57886161,-28.77107353],[-53.57886161,-28.77107023],[-53.57886162,-28.77106803],[-53.57886163,-28.77105924],[-53.57886664,-28.77105595],[-53.57886915,-28.77105155],[-53.57887291,-28.77104496],[-53.57887793,-28.77103946],[-53.57888168,-28.77103727],[-53.57888795,-28.77103397],[-53.57889171,-28.77103178],[-53.57889797,-28.77102628],[-53.57890549,-28.77102299],[-53.57890925,-28.77102189],[-53.57891426,-28.77101749],[-53.57892178,-28.771012],[-53.57892804,-28.77100761],[-53.57893431,-28.77100651],[-53.57893932,-28.77100541],[-53.57894684,-28.77100431],[-53.57895311,-28.77100431],[-53.57896941,-28.77099882],[-53.57897568,-28.77099882],[-53.57898195,-28.77099992],[-53.57898947,-28.77100321],[-53.57899448,-28.77100541],[-53.579002,-28.77100871],[-53.57900952,-28.7710098],[-53.57901829,-28.7710109],[-53.57902205,-28.7710109],[-53.57903082,-28.7710098],[-53.57903708,-28.7710098],[-53.57905085,-28.77100651],[-53.57905836,-28.77100541],[-53.57905961,-28.77100432],[-53.57906962,-28.77099883],[-53.57907462,-28.77099115],[-53.57907712,-28.77098676],[-53.57907837,-28.77098566],[-53.57907962,-28.77098127],[-53.57908087,-28.77097579],[-53.57908086,-28.77097031],[-53.57908086,-28.77096263],[-53.57908085,-28.77095276],[-53.57907709,-28.77094618],[-53.57907209,-28.7709396],[-53.57906708,-28.77093411],[-53.57905832,-28.77092972],[-53.57905206,-28.77092204],[-53.57904831,-28.77091766],[-53.57904455,-28.77091217],[-53.57904205,-28.77090779],[-53.57903829,-28.77090449],[-53.57903454,-28.77090011],[-53.57903204,-28.77089572],[-53.57902828,-28.77088914],[-53.57902327,-28.77088475],[-53.57902077,-28.77088146],[-53.57901451,-28.77087817],[-53.5790045,-28.77087158],[-53.57900075,-28.77086719],[-53.57899449,-28.77085952],[-53.57899074,-28.77085403],[-53.57898573,-28.77084965],[-53.57898198,-28.77084416],[-53.57898073,-28.77083869],[-53.57897822,-28.77083102],[-53.57897697,-28.77082992],[-53.57897447,-28.77082444],[-53.57896821,-28.77081676],[-53.57895812,-28.7707978],[-53.57895186,-28.77079506],[-53.57894405,-28.77079232],[-53.57893623,-28.77078957],[-53.57892999,-28.77078408],[-53.57892218,-28.77077585],[-53.57892062,-28.77077174],[-53.57891594,-28.77076352],[-53.57891595,-28.7707594],[-53.57891439,-28.77075255],[-53.5789144,-28.77074707],[-53.57891597,-28.77074022],[-53.57891597,-28.77073611],[-53.57891129,-28.77072515],[-53.57890506,-28.77071693],[-53.57890038,-28.77071283],[-53.57889726,-28.77070735],[-53.57889103,-28.77070051],[-53.57888791,-28.77069503],[-53.5788848,-28.77068956],[-53.57888324,-28.77068134],[-53.57888326,-28.77066903],[-53.57888327,-28.77066355],[-53.57888328,-28.77065534],[-53.57888641,-28.77064303],[-53.57889733,-28.77063892],[-53.57890358,-28.77063481],[-53.57891139,-28.77062933],[-53.57891608,-28.77061565],[-53.57892233,-28.77060607],[-53.57892545,-28.77060196],[-53.57893482,-28.77059512],[-53.57893794,-28.77059511],[-53.578952,-28.77059237],[-53.57895981,-28.770591],[-53.57896918,-28.77058964],[-53.57897856,-28.77058828],[-53.57898324,-28.77058692],[-53.57899105,-28.77058419],[-53.57901485,-28.77057319],[-53.57902078,-28.77057059],[-53.57902819,-28.77056798],[-53.57903411,-28.77056668],[-53.57903856,-28.77056668],[-53.57905336,-28.77056667],[-53.57906521,-28.77056667],[-53.57907852,-28.77056666],[-53.57908296,-28.77056666],[-53.5790948,-28.77056537],[-53.57910219,-28.77056537],[-53.57911107,-28.77056666],[-53.5791229,-28.77056666],[-53.57913326,-28.77056666],[-53.57914361,-28.77056666],[-53.57915545,-28.77056666],[-53.57915988,-28.77056926],[-53.57916876,-28.77057056],[-53.57918059,-28.77057185],[-53.57919095,-28.77057445],[-53.57919687,-28.77057445],[-53.5792087,-28.77057445],[-53.5792161,-28.77057056],[-53.57922349,-28.77056926],[-53.57922645,-28.77056537],[-53.57923385,-28.77055628],[-53.57923533,-28.7705511],[-53.57923681,-28.77054591],[-53.57923533,-28.77053812],[-53.57923237,-28.77052775],[-53.57922645,-28.77051737],[-53.57922645,-28.77051607],[-53.57922054,-28.77051089],[-53.5792161,-28.7705044],[-53.57921167,-28.77049922],[-53.57920131,-28.77049273],[-53.5791954,-28.77048755],[-53.57919244,-28.77048106],[-53.57918801,-28.77047328],[-53.57918505,-28.77046291],[-53.57918506,-28.77045124],[-53.57918654,-28.77044217],[-53.57919097,-28.77043439],[-53.57919837,-28.77042273],[-53.57920872,-28.77041107],[-53.57921168,-28.77040977],[-53.57921759,-28.77040848],[-53.5792235,-28.770402],[-53.57922498,-28.77039423],[-53.57922498,-28.77038646],[-53.57922498,-28.77038128],[-53.57922794,-28.77037739],[-53.57923385,-28.77036832],[-53.57924124,-28.77036185],[-53.57924568,-28.77035926],[-53.57925011,-28.77034889],[-53.57925011,-28.77034371],[-53.57924863,-28.77033983],[-53.57924272,-28.77033336],[-53.57923385,-28.77032948],[-53.57923385,-28.77032818],[-53.57923976,-28.77031782],[-53.57923976,-28.77031653],[-53.57924124,-28.77030617],[-53.57924124,-28.7702984],[-53.57923533,-28.77029064],[-53.57923238,-28.77028676],[-53.5792309,-28.77027511],[-53.57923385,-28.77026734],[-53.57923533,-28.77026475],[-53.57923533,-28.77026087],[-53.57924328,-28.77023787],[-53.57924651,-28.77023078],[-53.57924813,-28.77022795],[-53.57925136,-28.77021662],[-53.57925136,-28.7702067],[-53.57924975,-28.77020104],[-53.57924651,-28.77019537],[-53.57924328,-28.77019254],[-53.57923359,-28.77018405],[-53.5792239,-28.77017697],[-53.57922389,-28.77017414],[-53.57922066,-28.77016281],[-53.5792142,-28.77015573],[-53.57920613,-28.77014441],[-53.5792029,-28.77014016],[-53.5792029,-28.77013167],[-53.57920129,-28.77012318],[-53.57919644,-28.77011752],[-53.57918837,-28.77011186],[-53.57917868,-28.77010338],[-53.57916739,-28.77009631],[-53.57916093,-28.77009349],[-53.57914964,-28.77008501],[-53.57913996,-28.77007653],[-53.57913835,-28.77007512],[-53.57913513,-28.77006664],[-53.57913351,-28.77006381],[-53.57912868,-28.77005675],[-53.5791303,-28.77004827],[-53.5791303,-28.77004544],[-53.57913192,-28.77003555],[-53.57913032,-28.77002567],[-53.5791271,-28.77001861],[-53.57911578,-28.77000229],[-53.57911324,-28.76999897],[-53.57911197,-28.76999675],[-53.57910815,-28.76998899],[-53.57910814,-28.76998345],[-53.57910814,-28.76998124],[-53.57911065,-28.7699757],[-53.57911444,-28.76997016],[-53.57912075,-28.7699624],[-53.57912454,-28.76995686],[-53.5791258,-28.76995465],[-53.57912704,-28.76994689],[-53.57912704,-28.76994357],[-53.57912576,-28.76994136],[-53.57912575,-28.76993582],[-53.57912448,-28.76993139],[-53.5791232,-28.76992253],[-53.57912447,-28.76992142],[-53.57912953,-28.76991366],[-53.57913712,-28.7699059],[-53.57913965,-28.76990036],[-53.57913965,-28.76989925],[-53.57913964,-28.76989261],[-53.57913963,-28.76988264],[-53.57913962,-28.76987821],[-53.57914215,-28.76987488],[-53.57914721,-28.76986823],[-53.57914848,-28.76986602],[-53.579151,-28.76985826],[-53.57915227,-28.76985494],[-53.57915606,-28.76984718],[-53.57915858,-28.76983943],[-53.57915857,-28.76983278],[-53.57915349,-28.76982505],[-53.57914969,-28.76982173],[-53.57914334,-28.76981732],[-53.57913954,-28.76981622],[-53.5791332,-28.76981623],[-53.57912307,-28.76981626],[-53.57911674,-28.76981848],[-53.57911295,-28.76982624],[-53.57911042,-28.76983177],[-53.57910916,-28.7698362],[-53.57910537,-28.76984395],[-53.57910284,-28.76984839],[-53.57910031,-28.76985392],[-53.57909906,-28.76986167],[-53.57909779,-28.7698661],[-53.57909653,-28.76987053],[-53.57909274,-28.76987607],[-53.57908261,-28.76988162],[-53.57907249,-28.76988274],[-53.57906743,-28.76988385],[-53.57905858,-28.76988607],[-53.57905099,-28.76988608],[-53.57904088,-28.76988609],[-53.57902697,-28.7698861],[-53.5790118,-28.76988611],[-53.5789979,-28.76988833],[-53.578984,-28.76989055],[-53.57897642,-28.76989387],[-53.5789739,-28.7698994],[-53.57897264,-28.76990383],[-53.57896759,-28.76991268],[-53.57896128,-28.76992153],[-53.57896128,-28.76992263],[-53.5789575,-28.76992706],[-53.57895371,-28.7699337],[-53.57894992,-28.76993813],[-53.57893981,-28.76994145],[-53.57893096,-28.76994146],[-53.57892717,-28.76994147],[-53.57891706,-28.76993926],[-53.57890821,-28.76993817],[-53.57889179,-28.76993597],[-53.57888294,-28.76993709],[-53.5788741,-28.76994152],[-53.57886905,-28.76994374],[-53.57886274,-28.76994706],[-53.57885517,-28.76995038],[-53.57884633,-28.7699526],[-53.57883876,-28.76995593],[-53.57883244,-28.76995925],[-53.57879459,-28.76995928],[-53.57878829,-28.76995928],[-53.57878072,-28.76995929],[-53.57877568,-28.7699593],[-53.57876685,-28.7699593],[-53.57876307,-28.7699582],[-53.57875173,-28.7699549],[-53.57875047,-28.76995379],[-53.57874544,-28.76995048],[-53.5787404,-28.76994718],[-53.57873663,-28.76994387],[-53.57873159,-28.76993835],[-53.57873034,-28.76993504],[-53.57872657,-28.76992842],[-53.57872028,-28.7699218],[-53.5787165,-28.7699185],[-53.57871273,-28.76991409],[-53.5787077,-28.76991078],[-53.57870141,-28.76990748],[-53.57869638,-28.76990528],[-53.57869135,-28.76990308],[-53.57868758,-28.76989978],[-53.5786813,-28.76989648],[-53.57867754,-28.76988877],[-53.57867377,-28.76988326],[-53.57867001,-28.76987775],[-53.57866499,-28.76987005],[-53.57866249,-28.76986344],[-53.57865622,-28.76985464],[-53.57864868,-28.76985355],[-53.57863863,-28.76985247],[-53.57863738,-28.76985247],[-53.57862858,-28.76985359],[-53.57862481,-28.76985469],[-53.57861978,-28.7698569],[-53.57860973,-28.76986023],[-53.57860344,-28.76986134],[-53.57859716,-28.76986245],[-53.57858837,-28.76986467],[-53.57857833,-28.76986468],[-53.57857331,-28.76986359],[-53.57856831,-28.769857],[-53.57856455,-28.7698548],[-53.57854412,-28.76985634],[-53.57853886,-28.76985519],[-53.57853492,-28.7698552],[-53.57852702,-28.7698552],[-53.57852308,-28.76985521],[-53.57851387,-28.76985522],[-53.57850598,-28.76985983],[-53.57850335,-28.76986329],[-53.57850072,-28.76987135],[-53.57850072,-28.76987711],[-53.57850072,-28.76988056],[-53.57850072,-28.76988632],[-53.57850072,-28.76989093],[-53.57849546,-28.76989785],[-53.5784902,-28.76990361],[-53.578481,-28.76990707],[-53.57847574,-28.76990938],[-53.57845996,-28.76990939],[-53.57844945,-28.76990939],[-53.57844025,-28.7699094],[-53.57842974,-28.7699094],[-53.5784258,-28.76991055],[-53.57841923,-28.76991401],[-53.5784166,-28.76991862],[-53.57841528,-28.76992323],[-53.57841396,-28.76993129],[-53.57841002,-28.76994051],[-53.57840607,-28.76994627],[-53.57840607,-28.76994857],[-53.5783995,-28.76995434],[-53.57839555,-28.76995549],[-53.57838636,-28.76995664],[-53.5783706,-28.76995895],[-53.57836404,-28.76995895],[-53.57835879,-28.7699578],[-53.5783496,-28.7699578],[-53.57834435,-28.76995895],[-53.57834041,-28.7699624],[-53.57833515,-28.76996816],[-53.57833252,-28.76997277],[-53.57832727,-28.76997738],[-53.57832201,-28.76998199],[-53.57831675,-28.7699889],[-53.57831281,-28.76999235],[-53.57830493,-28.76999811],[-53.57829836,-28.77000272],[-53.57827867,-28.77001193],[-53.57825631,-28.77002806],[-53.57824839,-28.77002807],[-53.57824178,-28.77003038],[-53.57823385,-28.7700327],[-53.57822724,-28.77003616],[-53.57821665,-28.77004079],[-53.57821136,-28.77004426],[-53.57821002,-28.77004772],[-53.57820474,-28.77005695],[-53.57820342,-28.77006157],[-53.57820078,-28.77006849],[-53.57819946,-28.7700731],[-53.57819814,-28.77007887],[-53.57819683,-28.77008579],[-53.5781836,-28.77011465],[-53.57817963,-28.77011812],[-53.57817698,-28.77012274],[-53.57817433,-28.77012737],[-53.57817167,-28.77013199],[-53.5781677,-28.77013547],[-53.57815976,-28.77014126],[-53.57814786,-28.77014821],[-53.57814257,-28.77014937],[-53.5781386,-28.77015054],[-53.57812935,-28.77015171],[-53.57812406,-28.77015172],[-53.57811614,-28.77015173],[-53.57811349,-28.77015173],[-53.57810689,-28.77015059],[-53.57809764,-28.77014829],[-53.57809237,-28.77014367],[-53.57808841,-28.77014136],[-53.5780818,-28.77014137],[-53.57807519,-28.77014138],[-53.57806327,-28.77014603],[-53.57805929,-28.77014835],[-53.57805135,-28.77015068],[-53.57804208,-28.77015185],[-53.57803546,-28.77015186],[-53.57802355,-28.77015304],[-53.5780156,-28.77015305],[-53.57800899,-28.7701519],[-53.5780037,-28.7701496],[-53.57799577,-28.77014614],[-53.57798917,-28.77014267],[-53.57797859,-28.77013922],[-53.57797594,-28.77013922],[-53.57796799,-28.77013923],[-53.57795474,-28.77014041],[-53.57794815,-28.77014157],[-53.57794419,-28.77014388],[-53.57793496,-28.77014966],[-53.577931,-28.77015428],[-53.57792573,-28.77016237],[-53.57790019,-28.77017528],[-53.57789499,-28.77017893],[-53.57789082,-28.77018166],[-53.57788458,-28.77018623],[-53.57788145,-28.77018805],[-53.57787833,-28.77019262],[-53.57787729,-28.77019627],[-53.57787416,-28.77020084],[-53.57787416,-28.77020816],[-53.57787416,-28.77021273],[-53.57787208,-28.77022004],[-53.57787208,-28.77022095],[-53.57787208,-28.77022644],[-53.57787104,-28.77023192],[-53.57786791,-28.77023832],[-53.57786583,-28.77024015],[-53.57786166,-28.77024197],[-53.57785541,-28.77024471],[-53.57785228,-28.77024471],[-53.57783978,-28.77024654],[-53.57783248,-28.77024745],[-53.57782831,-28.77024745],[-53.5778231,-28.77024836],[-53.57781058,-28.7702511],[-53.57780745,-28.7702511],[-53.57780015,-28.77025476],[-53.57779702,-28.77025842],[-53.57779285,-28.77026299],[-53.57778972,-28.77026848],[-53.57778345,-28.77027763],[-53.57778137,-28.7702822],[-53.57777824,-28.77028769],[-53.57777406,-28.77029136],[-53.57776884,-28.77029319],[-53.57776258,-28.7702941],[-53.57775422,-28.77029685],[-53.57774274,-28.77029776],[-53.57773856,-28.77029868],[-53.5777323,-28.77029959],[-53.57772812,-28.77030051],[-53.57771977,-28.770306],[-53.57771664,-28.77030783],[-53.57771142,-28.77031331],[-53.57770829,-28.7703188],[-53.57770516,-28.77032429],[-53.57770203,-28.77032795],[-53.5776989,-28.77033161],[-53.5776916,-28.77033709],[-53.57768221,-28.77034258],[-53.57767491,-28.77034441],[-53.57766865,-28.77034441],[-53.57765926,-28.77034441],[-53.57765299,-28.77034441],[-53.57764882,-28.77034532],[-53.57764152,-28.77034715],[-53.57763422,-28.77034989],[-53.57763317,-28.77034989],[-53.57762692,-28.77035355],[-53.57762275,-28.7703572],[-53.57761858,-28.77035994],[-53.57761024,-28.77036451],[-53.57760711,-28.77036634],[-53.5776019,-28.77036725],[-53.5775946,-28.77036817],[-53.57759042,-28.77036817],[-53.57758625,-28.77036908],[-53.57757999,-28.77037091],[-53.57757583,-28.77037273],[-53.57757374,-28.77037365],[-53.57755185,-28.77038096],[-53.57754559,-28.77038187],[-53.57753933,-28.77038187],[-53.57753412,-28.77038461],[-53.577531,-28.77038552],[-53.57752683,-28.77038735],[-53.5775164,-28.77039009],[-53.57751012,-28.77039284],[-53.57750908,-28.77039284],[-53.57750385,-28.77039468],[-53.57749234,-28.77039744],[-53.57749024,-28.77040018],[-53.57748815,-28.77040201],[-53.57748397,-28.77040385],[-53.57747768,-28.77040477],[-53.5774735,-28.77040752],[-53.57746826,-28.77040936],[-53.57746512,-28.77040936],[-53.57745884,-28.77041212],[-53.57745046,-28.77041487],[-53.57743999,-28.77041763],[-53.57743789,-28.77041764],[-53.57742846,-28.77041765],[-53.57742217,-28.77041858],[-53.57742008,-28.77041858],[-53.57741274,-28.77041767],[-53.5774096,-28.77041402],[-53.57740435,-28.77041036],[-53.57740016,-28.77040945],[-53.57739701,-28.77040396],[-53.57739387,-28.77040122],[-53.57739072,-28.77039848],[-53.57738548,-28.77039849],[-53.57738023,-28.77039666],[-53.57737918,-28.770393],[-53.57737814,-28.77038842],[-53.57737709,-28.77038568],[-53.57736345,-28.77038752],[-53.57735925,-28.7703857],[-53.57735715,-28.7703857],[-53.57735085,-28.77038479],[-53.5773477,-28.77038479],[-53.57734035,-28.77038847],[-53.57733615,-28.7703903],[-53.57732775,-28.77039215],[-53.5773204,-28.77039124],[-53.57731935,-28.77039032],[-53.57731305,-28.77038666],[-53.57730885,-28.77038575],[-53.57730149,-28.77038484],[-53.57729834,-28.77038485],[-53.57729729,-28.7703876],[-53.57729203,-28.77039402],[-53.57728993,-28.77039494],[-53.57728047,-28.77039403],[-53.57727626,-28.77039312],[-53.5772689,-28.77039313],[-53.57726575,-28.77039314],[-53.57725734,-28.77039498],[-53.57725102,-28.77039866],[-53.57724892,-28.77039958],[-53.57724682,-28.77040325],[-53.57724366,-28.770406],[-53.5772384,-28.77041151],[-53.57723735,-28.77041243],[-53.57723209,-28.77041519],[-53.57722371,-28.77041702],[-53.57720893,-28.77042519],[-53.5772059,-28.77042431],[-53.57719476,-28.77042166],[-53.57718665,-28.77042166],[-53.5771826,-28.77042166],[-53.57717347,-28.77042255],[-53.57716839,-28.7704261],[-53.57716533,-28.77043053],[-53.57716024,-28.77043674],[-53.57715718,-28.7704394],[-53.57715108,-28.77044295],[-53.577146,-28.77044472],[-53.57713382,-28.77044562],[-53.5771257,-28.77044562],[-53.5771186,-28.77044386],[-53.57711556,-28.77044297],[-53.57710845,-28.77044297],[-53.57710743,-28.77044298],[-53.57710335,-28.7704483],[-53.57710132,-28.77045273],[-53.57709726,-28.77045983],[-53.57709421,-28.77046249],[-53.57709319,-28.77046693],[-53.57709014,-28.77047048],[-53.57708608,-28.7704758],[-53.57708405,-28.77047847],[-53.57707896,-28.77048025],[-53.57706677,-28.77048381],[-53.5770627,-28.77048381],[-53.5770566,-28.77048382],[-53.57704338,-28.77049093],[-53.57703626,-28.77049094],[-53.57703015,-28.77049272],[-53.57702608,-28.77049716],[-53.57702201,-28.7705016],[-53.57701692,-28.7705096],[-53.5770098,-28.77051493],[-53.57700776,-28.77051583],[-53.57699961,-28.77051584],[-53.57699452,-28.77051407],[-53.57698943,-28.77051408],[-53.57698128,-28.77051764],[-53.57697823,-28.77052031],[-53.57697721,-28.77052386],[-53.57697517,-28.77052742],[-53.57697415,-28.77053452],[-53.57697211,-28.7705363],[-53.57697008,-28.77054074],[-53.576966,-28.7705443],[-53.57696294,-28.77054786],[-53.57695887,-28.77055142],[-53.57695581,-28.77055409],[-53.57694969,-28.77055677],[-53.57694256,-28.77055767],[-53.57694154,-28.77055767],[-53.57693236,-28.77056124],[-53.5769293,-28.77056391],[-53.57692522,-28.77057192],[-53.57692216,-28.77057548],[-53.57692012,-28.77057904],[-53.57691604,-28.77058704],[-53.576914,-28.77059238],[-53.57691094,-28.77059772],[-53.57690584,-28.77060217],[-53.57690073,-28.77060485],[-53.57689461,-28.77060576],[-53.57688749,-28.77060754],[-53.57688547,-28.77060843],[-53.57688144,-28.77061464],[-53.57688044,-28.77061908],[-53.57687842,-28.77062085],[-53.57687741,-28.77062618],[-53.5768754,-28.77062973],[-53.57687339,-28.77063417],[-53.57687036,-28.77063771],[-53.57684679,-28.77064901],[-53.57684066,-28.77065332],[-53.57683697,-28.77065763],[-53.57683575,-28.77066409],[-53.57683452,-28.7706684],[-53.57683452,-28.77066948],[-53.57683084,-28.77067809],[-53.57682838,-28.7706824],[-53.57682347,-28.77069102],[-53.57681734,-28.77069424],[-53.57681243,-28.77069424],[-53.57680507,-28.77069531],[-53.57679157,-28.77069745],[-53.57678666,-28.77070068],[-53.57678297,-28.77070822],[-53.57677805,-28.77071361],[-53.57677682,-28.77071684],[-53.57677191,-28.77072331],[-53.57676331,-28.77072438],[-53.5767584,-28.77072437],[-53.57675104,-28.77072329],[-53.57674736,-28.77072221],[-53.57674491,-28.77072113],[-53.57672773,-28.77071789],[-53.57671793,-28.7707125],[-53.5767167,-28.77071142],[-53.57670811,-28.77071034],[-53.5766983,-28.77070926],[-53.57668849,-28.77070925],[-53.57668726,-28.77070925],[-53.57667868,-28.77070924],[-53.57667255,-28.77070816],[-53.5766652,-28.77070385],[-53.57665785,-28.7707017],[-53.57665049,-28.77070061],[-53.57664314,-28.77069846],[-53.57663579,-28.77069738],[-53.57662721,-28.77069737],[-53.57662598,-28.77069845],[-53.5766027,-28.77069521],[-53.57660025,-28.77069521],[-53.57658922,-28.7706952],[-53.57658187,-28.77069735],[-53.57657573,-28.77070273],[-53.57657205,-28.77070488],[-53.57656225,-28.77070595],[-53.5765549,-28.77070595],[-53.57654143,-28.77070594],[-53.57653655,-28.77070486],[-53.57652922,-28.77070485],[-53.57652066,-28.77070484],[-53.57651333,-28.77070483],[-53.57650845,-28.7707059],[-53.57649867,-28.77070912],[-53.57649378,-28.77070912],[-53.57648768,-28.77070911],[-53.57648035,-28.7707091],[-53.57647059,-28.77070694],[-53.57646572,-28.77070586],[-53.57646205,-28.77070586],[-53.57645593,-28.770708],[-53.57644978,-28.77071338],[-53.57644611,-28.77071446],[-53.57643755,-28.77071445],[-53.57643266,-28.77071337],[-53.57642289,-28.77071121],[-53.5764168,-28.77070691],[-53.57640948,-28.77070368],[-53.57640215,-28.77070152],[-53.5763948,-28.77070474],[-53.57638499,-28.77070904],[-53.57638131,-28.77071119],[-53.57637763,-28.77071442],[-53.57637273,-28.77071657],[-53.57636659,-28.77072087],[-53.57635925,-28.77072086],[-53.57634946,-28.77072301],[-53.57634336,-28.77072193],[-53.57633849,-28.7707187],[-53.5763336,-28.77071869],[-53.57631397,-28.77072048],[-53.57630395,-28.77071828],[-53.57629894,-28.77071828],[-53.57629142,-28.77071828],[-53.57628766,-28.77071828],[-53.57627514,-28.77072157],[-53.57626762,-28.77072487],[-53.5762601,-28.77072926],[-53.57625759,-28.77073585],[-53.57625383,-28.77074024],[-53.57625007,-28.77074573],[-53.57624381,-28.77074903],[-53.57624005,-28.77075013],[-53.57622627,-28.77075342],[-53.57621876,-28.77075452],[-53.57621124,-28.77075781],[-53.57619997,-28.7707644],[-53.57619746,-28.77076769],[-53.57619495,-28.77077209],[-53.57619369,-28.77077758],[-53.57619243,-28.77078307],[-53.57619243,-28.77078857],[-53.57619116,-28.77079736],[-53.57618991,-28.77080066],[-53.57618489,-28.77080835],[-53.57618238,-28.77081274],[-53.57617737,-28.77081494],[-53.57616861,-28.77081823],[-53.5761536,-28.77081931],[-53.57614234,-28.7708193],[-53.57613734,-28.7708182],[-53.57612735,-28.77081599],[-53.57611485,-28.77081598],[-53.5761086,-28.77081597],[-53.57610109,-28.77081926],[-53.57609484,-28.77082255],[-53.57608608,-28.77082803],[-53.57607983,-28.77083242],[-53.57607357,-28.77083791],[-53.57607231,-28.77084011],[-53.57606605,-28.77084669],[-53.57606229,-28.77085108],[-53.57605854,-28.77085328],[-53.57604854,-28.77085656],[-53.57604105,-28.77085655],[-53.5760398,-28.77085655],[-53.57602983,-28.77085104],[-53.57602734,-28.77084884],[-53.57601613,-28.77084114],[-53.57601114,-28.77084113],[-53.57600616,-28.77083893],[-53.57599993,-28.77083563],[-53.57599496,-28.77082903],[-53.57599247,-28.77082793],[-53.57598748,-28.77082793],[-53.57598001,-28.77082462],[-53.57597628,-28.77082243],[-53.5759688,-28.77082132],[-53.57596134,-28.77081802],[-53.5759601,-28.77081692],[-53.57592523,-28.7708125],[-53.57591777,-28.7708092],[-53.57590534,-28.7708048],[-53.57590161,-28.7708048],[-53.57589788,-28.7708037],[-53.57588918,-28.77079931],[-53.57588297,-28.77079711],[-53.57587924,-28.77079601],[-53.57587178,-28.77079491],[-53.57586556,-28.770796],[-53.57585558,-28.77080257],[-53.5758506,-28.77080256],[-53.57583072,-28.77080035],[-53.57582575,-28.77080035],[-53.57582203,-28.77079816],[-53.57581458,-28.77079815],[-53.57581085,-28.77079815],[-53.57579965,-28.77080033],[-53.57579344,-28.77080032],[-53.5757922,-28.77080032],[-53.57576985,-28.77079921],[-53.57576364,-28.7707992],[-53.57575497,-28.77079701],[-53.57574381,-28.77079481],[-53.57574257,-28.77079481],[-53.57572396,-28.77079479],[-53.57571157,-28.7707915],[-53.57570538,-28.7707904],[-53.5756967,-28.77079039],[-53.57568182,-28.77079038],[-53.57567438,-28.77079038],[-53.57565475,-28.77079385],[-53.57564872,-28.77079385],[-53.57563425,-28.77078961],[-53.57562461,-28.77078643],[-53.57561979,-28.77078537],[-53.57561376,-28.77078537],[-53.57560051,-28.77078537],[-53.57559448,-28.77078537],[-53.57558846,-28.77078748],[-53.57558363,-28.77079171],[-53.5755764,-28.77079489],[-53.57556676,-28.770797],[-53.57554508,-28.77079911],[-53.57553786,-28.77079699],[-53.57553426,-28.77079488],[-53.57552344,-28.7707917],[-53.57551863,-28.77079064],[-53.57551622,-28.77079064],[-53.57550418,-28.77078958],[-53.57549816,-28.77078852],[-53.57549335,-28.77078641],[-53.57548734,-28.77078429],[-53.57548134,-28.77078007],[-53.57547173,-28.77077584],[-53.57546452,-28.77077267],[-53.5754549,-28.7707695],[-53.57545009,-28.7707695],[-53.57544168,-28.77076633],[-53.57543567,-28.77076633],[-53.57542845,-28.77076527],[-53.57542005,-28.7707621],[-53.57541765,-28.77075999],[-53.57540926,-28.77075577],[-53.57539123,-28.77075366],[-53.57538524,-28.77074943],[-53.57537445,-28.77074416],[-53.57536965,-28.77074205],[-53.57536245,-28.77074099],[-53.57535885,-28.77073994],[-53.57534923,-28.77073994],[-53.57534563,-28.77073994],[-53.5753396,-28.77074311],[-53.57533357,-28.77074733],[-53.57532871,-28.77075472],[-53.57532508,-28.77075894],[-53.57532265,-28.77076316],[-53.57532022,-28.77076738],[-53.57531658,-28.77077266],[-53.57531174,-28.77077689],[-53.57530452,-28.770779],[-53.57529728,-28.77078322],[-53.57529126,-28.77078428],[-53.57528044,-28.77078427],[-53.57527205,-28.77078216],[-53.57527085,-28.77078216],[-53.57526244,-28.77078111],[-53.57525644,-28.7707811],[-53.57525403,-28.7707811],[-53.575248,-28.77078427],[-53.57524318,-28.77078638],[-53.57523594,-28.77079061],[-53.57522992,-28.77079377],[-53.57522388,-28.77079905],[-53.57521906,-28.77080328],[-53.57521664,-28.77080644],[-53.57521662,-28.77080961],[-53.57519989,-28.77081484],[-53.57519288,-28.77081607],[-53.57518025,-28.7708173],[-53.57516623,-28.7708173],[-53.57514521,-28.77081729],[-53.575127,-28.77081729],[-53.5751144,-28.77081483],[-53.57510881,-28.77081236],[-53.57510042,-28.77080867],[-53.57508924,-28.77080375],[-53.57507805,-28.77080129],[-53.57507107,-28.7707976],[-53.57506547,-28.77079637],[-53.57505429,-28.77079268],[-53.57504871,-28.77079023],[-53.57504452,-28.770789],[-53.57503332,-28.77078899],[-53.57502493,-28.77078899],[-53.57501653,-28.77078899],[-53.57501095,-28.77078776],[-53.57500258,-28.77078408],[-53.57498724,-28.77077793],[-53.57498305,-28.7707767],[-53.57497748,-28.77077425],[-53.5749691,-28.77077302],[-53.57495791,-28.77077302],[-53.57494533,-28.77077302],[-53.57493834,-28.77077302],[-53.57492857,-28.77077179],[-53.5749202,-28.77076933],[-53.5749097,-28.77076053],[-53.5749052,-28.77075954],[-53.57490183,-28.7707536],[-53.5748996,-28.77074669],[-53.57489848,-28.77074273],[-53.57489624,-28.77073779],[-53.57487938,-28.77073285],[-53.57487827,-28.77072791],[-53.57487604,-28.77072297],[-53.57487492,-28.77072001],[-53.57487268,-28.77071607],[-53.57486932,-28.7707131],[-53.57486259,-28.77070718],[-53.57486035,-28.77070521],[-53.57485474,-28.77070225],[-53.57485026,-28.77069929],[-53.57484128,-28.77069732],[-53.57483454,-28.77069633],[-53.57482442,-28.77069535],[-53.57481767,-28.77069436],[-53.57480979,-28.77069239],[-53.57480191,-28.77068943],[-53.57479291,-28.77068648],[-53.57478391,-28.77068254],[-53.5747783,-28.77067761],[-53.57477494,-28.77067366],[-53.57477381,-28.77067366],[-53.57476036,-28.77065888],[-53.57475924,-28.7706579],[-53.57475363,-28.77065199],[-53.57475027,-28.77064903],[-53.57474465,-28.77064608],[-53.57473903,-28.77064411],[-53.57473452,-28.7706441],[-53.57473113,-28.77064509],[-53.57472661,-28.77064607],[-53.5747187,-28.77064902],[-53.57471417,-28.77065198],[-53.57470964,-28.77065592],[-53.5747051,-28.77066084],[-53.57469941,-28.77066774],[-53.57469488,-28.7706707],[-53.57468354,-28.7706776],[-53.57467789,-28.77067859],[-53.57466998,-28.77067859],[-53.57466209,-28.77067661],[-53.57465193,-28.77067563],[-53.57464742,-28.77067464],[-53.57463838,-28.77067464],[-53.57463382,-28.77067859],[-53.57462814,-28.77068253],[-53.57461225,-28.77069043],[-53.57460088,-28.77069636],[-53.57459294,-28.77069933],[-53.5745861,-28.77070427],[-53.57457813,-28.77071021],[-53.57457356,-28.77071416],[-53.57456335,-28.77071615],[-53.57455088,-28.77071714],[-53.57454523,-28.77071516],[-53.57454296,-28.77071516],[-53.57453839,-28.77071912],[-53.57453494,-28.77072407],[-53.57453037,-28.77072803],[-53.57452923,-28.77072803],[-53.57450986,-28.77073696],[-53.57450417,-28.77073894],[-53.57449962,-28.77073994],[-53.5744928,-28.77074093],[-53.57448825,-28.77074192],[-53.57447013,-28.77073797],[-53.57446672,-28.77073797],[-53.57446332,-28.77073698],[-53.57445766,-28.770736],[-53.57445089,-28.77073203],[-53.57444637,-28.77073005],[-53.57444415,-28.7707251],[-53.57444423,-28.77071817],[-53.57444425,-28.77071619],[-53.57444548,-28.77070826],[-53.57444549,-28.77070727],[-53.57444441,-28.77070232],[-53.57444451,-28.7706944],[-53.5744446,-28.77068649],[-53.57444468,-28.77067957],[-53.57444019,-28.77067462],[-53.57443459,-28.77066869],[-53.57443123,-28.77066473],[-53.57443129,-28.77065979],[-53.5744302,-28.77065584],[-53.57442801,-28.77064991],[-53.57442688,-28.77064892],[-53.57440544,-28.77063903],[-53.57440547,-28.77063706],[-53.57440213,-28.77063212],[-53.57439878,-28.77062718],[-53.57439543,-28.77062323],[-53.57439204,-28.77062224],[-53.57438754,-28.77061927],[-53.57437852,-28.77061433],[-53.57437514,-28.77061236],[-53.57437064,-28.77060939],[-53.57436393,-28.77060248],[-53.57436166,-28.77060248],[-53.57435148,-28.77059951],[-53.57434921,-28.77059951],[-53.57434243,-28.77059753],[-53.57433903,-28.77059654],[-53.57433113,-28.77059357],[-53.5743255,-28.77058962],[-53.57431761,-28.77058567],[-53.5743131,-28.77058369],[-53.57429501,-28.77053932],[-53.57429334,-28.77053489],[-53.57429003,-28.77052163],[-53.57429004,-28.77051868],[-53.57429007,-28.77051131],[-53.57428842,-28.77050395],[-53.57428846,-28.77049217],[-53.57429185,-28.7704848],[-53.57429523,-28.77047891],[-53.5743003,-28.77047154],[-53.57430537,-28.77046124],[-53.57430707,-28.77045535],[-53.5743071,-28.77044653],[-53.57430717,-28.7704377],[-53.57430553,-28.77043181],[-53.57430059,-28.77041857],[-53.57429895,-28.77041416],[-53.57429399,-28.77040388],[-53.57429068,-28.770398],[-53.57428905,-28.77039213],[-53.5742841,-28.77038185],[-53.57428251,-28.77037012],[-53.57428257,-28.77036279],[-53.5742843,-28.77035546],[-53.57428602,-28.7703496],[-53.57428603,-28.77034813],[-53.5742878,-28.77033642],[-53.5742879,-28.77032325],[-53.5742846,-28.7703174],[-53.57428131,-28.77031009],[-53.57427968,-28.77030424],[-53.57425814,-28.7702794],[-53.57425658,-28.77026627],[-53.5742533,-28.77025898],[-53.57424999,-28.7702546],[-53.57424002,-28.77024876],[-53.57422833,-28.7702473],[-53.57421668,-28.77024292],[-53.57420503,-28.77023708],[-53.57420338,-28.77023562],[-53.57419341,-28.77022979],[-53.5741868,-28.7702225],[-53.57418022,-28.77021231],[-53.57417196,-28.77020357],[-53.57416366,-28.7701992],[-53.57415531,-28.77019919],[-53.57415196,-28.77019919],[-53.57414031,-28.77019627],[-53.57413531,-28.77019627],[-53.57409495,-28.77018146],[-53.57408748,-28.77018015],[-53.57407855,-28.77017491],[-53.5740741,-28.77016967],[-53.5740682,-28.77015919],[-53.57406082,-28.77014741],[-53.57405489,-28.77014087],[-53.57404451,-28.77013172],[-53.57403262,-28.77012649],[-53.57402963,-28.77012649],[-53.57402068,-28.77012649],[-53.57401023,-28.77012649],[-53.57400128,-28.77012649],[-53.57399382,-28.77012649],[-53.57398637,-28.77012518],[-53.57397298,-28.77012126],[-53.57395813,-28.77011473],[-53.57395219,-28.77011212],[-53.57394479,-28.7701069],[-53.57392691,-28.7701056],[-53.57391799,-28.77010299],[-53.57391501,-28.77010299],[-53.57390308,-28.77010299],[-53.57389861,-28.77010299],[-53.57389263,-28.77010429],[-53.57388515,-28.77010559],[-53.57388066,-28.7701069],[-53.57387021,-28.7701082],[-53.57386872,-28.7701082],[-53.57385528,-28.77010951],[-53.57384631,-28.77011081],[-53.57383736,-28.77011081],[-53.57383434,-28.77011342],[-53.5738209,-28.77011473],[-53.57381045,-28.77011473],[-53.57380596,-28.77011473],[-53.57379251,-28.77011472],[-53.57377336,-28.77011286],[-53.5737661,-28.77011286],[-53.57375886,-28.77011075],[-53.57375283,-28.77010864],[-53.57374076,-28.77010654],[-53.57373351,-28.77010548],[-53.57372506,-28.77010443],[-53.57370817,-28.77010127],[-53.57370094,-28.77009917],[-53.5736949,-28.77009917],[-53.57369005,-28.77010127],[-53.57368517,-28.77010653],[-53.57368029,-28.77011285],[-53.57367906,-28.77011496],[-53.573679,-28.77012339],[-53.57367899,-28.77012445],[-53.57367892,-28.77013289],[-53.57367888,-28.77013711],[-53.57367272,-28.77015085],[-53.57367266,-28.77015719],[-53.573669,-28.77016037],[-53.57366288,-28.77016778],[-53.57365923,-28.7701699],[-53.57365191,-28.77017519],[-53.57364704,-28.77017731],[-53.57364091,-28.77018368],[-53.57363845,-28.77018686],[-53.57363474,-28.77019429],[-53.57363349,-28.77019747],[-53.57363102,-28.77020172],[-53.5736261,-28.7702081],[-53.57361629,-28.77021661],[-53.57360406,-28.77022406],[-53.57359673,-28.77022725],[-53.57358571,-28.77023364],[-53.57358082,-28.77023471],[-53.57357102,-28.77023791],[-53.57355999,-28.77024111],[-53.57355511,-28.77024111],[-53.57355023,-28.77024111],[-53.57354413,-28.77024111],[-53.57353189,-28.77024324],[-53.57352699,-28.77024431],[-53.57351967,-28.77024431],[-53.57351482,-28.77024218],[-53.57351006,-28.77023577],[-53.57350768,-28.77023257],[-53.57350533,-28.77022831],[-53.57350179,-28.77022192],[-53.57350066,-28.77021766],[-53.57350076,-28.77021233],[-53.57349843,-28.77020702],[-53.57349852,-28.77020276],[-53.57349873,-28.77019214],[-53.57349399,-28.77018577],[-53.5734892,-28.77018153],[-53.57348799,-28.77018153],[-53.57346144,-28.77017091],[-53.57345433,-28.77016244],[-53.57345083,-28.77015715],[-53.57344849,-28.77015398],[-53.57344617,-28.77014975],[-53.57344021,-28.77014659],[-53.57343187,-28.77014237],[-53.57342951,-28.77014026],[-53.57341992,-28.77013816],[-53.57341148,-28.77013817],[-53.57340666,-28.77013817],[-53.57340061,-28.77013923],[-53.57339204,-28.77014451],[-53.57338837,-28.77014663],[-53.57338464,-28.77015085],[-53.57338212,-28.77015508],[-53.57337836,-28.77016037],[-53.5733746,-28.77016566],[-53.57337202,-28.77017201],[-53.5733707,-28.77017625],[-53.57336938,-28.77018049],[-53.57336676,-28.77018791],[-53.57336546,-28.77019109],[-53.57336293,-28.77019534],[-53.57336031,-28.77020277],[-53.57335775,-28.77020809],[-53.57334775,-28.77021979],[-53.57334397,-28.77022511],[-53.57334264,-28.77022937],[-53.57334012,-28.77023257],[-53.57333876,-28.7702379],[-53.57333479,-28.77024963],[-53.57331969,-28.77026887],[-53.57331713,-28.77027315],[-53.57331579,-28.77027743],[-53.57331566,-28.77028171],[-53.57331308,-28.77028707],[-53.57331173,-28.77029136],[-53.57330914,-28.77029672],[-53.57330411,-28.77030423],[-53.57330029,-28.77031174],[-53.57329653,-28.7703171],[-53.57329279,-28.77032139],[-53.57328408,-28.77033105],[-53.57328046,-28.77033104],[-53.57327321,-28.77033103],[-53.57326237,-28.77032993],[-53.57325389,-28.77033099],[-53.573249,-28.77033313],[-53.57324038,-28.77033957],[-53.57323663,-28.77034386],[-53.57323168,-28.77034816],[-53.57322676,-28.77035137],[-53.57321825,-28.77035351],[-53.57321101,-28.77035349],[-53.57320498,-28.77035347],[-53.57319416,-28.77035237],[-53.57318462,-28.77034912],[-53.57318107,-28.77034697],[-53.57317388,-28.77034587],[-53.57316913,-28.77034372],[-53.57316071,-28.7703437],[-53.5731559,-28.77034369],[-53.57314627,-28.77034367],[-53.57313786,-28.77034365],[-53.57313432,-28.77034149],[-53.57312722,-28.77033826],[-53.57312365,-28.77033718],[-53.57311892,-28.77033502],[-53.57311422,-28.7703318],[-53.57309069,-28.77031706],[-53.57308687,-28.77031131],[-53.57308434,-28.77030671],[-53.57308047,-28.77030441],[-53.57307667,-28.77029867],[-53.57306892,-28.77029522],[-53.57305857,-28.77029177],[-53.57305083,-28.77028833],[-53.57303919,-28.77028488],[-53.57302886,-28.77028144],[-53.57301721,-28.77027915],[-53.57301074,-28.770278],[-53.57300167,-28.77027685],[-53.57299518,-28.77027685],[-53.5729861,-28.77027684],[-53.57297828,-28.77027798],[-53.57297177,-28.77027913],[-53.57296009,-28.77027912],[-53.57295236,-28.77027683],[-53.57294465,-28.77027339],[-53.572937,-28.77026767],[-53.57293187,-28.77026538],[-53.57292286,-28.77026424],[-53.57287903,-28.77025448],[-53.57286542,-28.77025297],[-53.57285351,-28.77025296],[-53.57283989,-28.77025595],[-53.57282967,-28.77025744],[-53.57281264,-28.77026341],[-53.57280072,-28.77026639],[-53.57279052,-28.77026788],[-53.5727752,-28.77027236],[-53.57275995,-28.77026785],[-53.57275323,-28.77025887],[-53.57274991,-28.77024989],[-53.57274658,-28.77024242],[-53.57274327,-28.77023345],[-53.57273826,-28.77022449],[-53.57272985,-28.77021703],[-53.57272141,-28.77021404],[-53.57271128,-28.77021105],[-53.57270113,-28.77021105],[-53.57268761,-28.77020956],[-53.57267577,-28.77020956],[-53.57266732,-28.77020955],[-53.57265717,-28.77020955],[-53.5726521,-28.77020955],[-53.57263521,-28.77020955],[-53.57263018,-28.77020657],[-53.57261838,-28.77020508],[-53.57260994,-28.77020508],[-53.57259977,-28.77020805],[-53.57258958,-28.770214],[-53.57258956,-28.77021549],[-53.57257934,-28.77022294],[-53.57257081,-28.77023038],[-53.57254872,-28.77024229],[-53.57254197,-28.77024228],[-53.57253687,-28.77024526],[-53.57253011,-28.77024675],[-53.57252168,-28.77024674],[-53.57251494,-28.77024674],[-53.57250146,-28.77024673],[-53.57249308,-28.77024374],[-53.57248639,-28.77024076],[-53.57246453,-28.77023926],[-53.57244944,-28.77023627],[-53.57244608,-28.77023627],[-53.57243441,-28.77023031],[-53.57243107,-28.77022883],[-53.57241776,-28.77022139],[-53.57241445,-28.77021842],[-53.57240453,-28.7702095],[-53.57240469,-28.7702006],[-53.57240482,-28.77019318],[-53.57240667,-28.7701828],[-53.57241016,-28.77017538],[-53.57238059,-28.77015849],[-53.57237545,-28.77014935],[-53.57235998,-28.77014322],[-53.57233764,-28.7701386],[-53.57232389,-28.77013856],[-53.5723067,-28.7701385],[-53.57229811,-28.77013848],[-53.57227577,-28.77014297],[-53.57226717,-28.77014446],[-53.57225515,-28.77014594],[-53.57224486,-28.77014591],[-53.57223286,-28.77014435],[-53.57221747,-28.77013824],[-53.57221065,-28.77013367],[-53.57220042,-28.77012758],[-53.57218334,-28.77012299],[-53.572168,-28.77011538],[-53.57216117,-28.77011384],[-53.57215094,-28.77011079],[-53.5721407,-28.77010925],[-53.57213217,-28.77010772],[-53.5721185,-28.77010768],[-53.57210825,-28.77010766],[-53.57206032,-28.77012114],[-53.57205861,-28.77012113],[-53.57204668,-28.7701211],[-53.57203645,-28.77012107],[-53.57202618,-28.77012407],[-53.5720091,-28.77012704],[-53.57199884,-28.77013003],[-53.57198173,-28.77013603],[-53.5719783,-28.77013753],[-53.57196802,-28.77014204],[-53.57196111,-28.77014958],[-53.57195078,-28.77015711],[-53.57192318,-28.77017652],[-53.57191795,-28.77017957],[-53.57190747,-28.77018722],[-53.57190048,-28.77019181],[-53.57189175,-28.77019792],[-53.57188128,-28.77020404],[-53.57186557,-28.77021321],[-53.57185686,-28.77021474],[-53.57183945,-28.77021932],[-53.57183074,-28.77022238],[-53.57181681,-28.77022696],[-53.57180811,-28.77022849],[-53.57179067,-28.77023766],[-53.57178021,-28.77024224],[-53.57177496,-28.77024683],[-53.5717697,-28.77025295],[-53.57176269,-28.77025907],[-53.57175916,-28.7702652],[-53.57175391,-28.77026979],[-53.57174693,-28.77027284],[-53.5717416,-28.7702851],[-53.57173978,-28.77029277],[-53.57173967,-28.77030351],[-53.57173963,-28.77030658],[-53.57174301,-28.7703158],[-53.57174639,-28.77032503],[-53.5717498,-28.77033118],[-53.57175146,-28.77033888],[-53.57175483,-28.77034965],[-53.5717547,-28.77036197],[-53.57175111,-28.77037274],[-53.57175098,-28.77038507],[-53.5717509,-28.77039279],[-53.57175425,-28.77040668],[-53.57175415,-28.77041595],[-53.57175406,-28.77042522],[-53.57175044,-28.77043757],[-53.57174337,-28.77044836],[-53.5717381,-28.77045605],[-53.57172135,-28.77049545],[-53.57171971,-28.77050119],[-53.5717197,-28.77050407],[-53.57171315,-28.77050837],[-53.57170497,-28.77051268],[-53.57169351,-28.77051699],[-53.57168534,-28.77051986],[-53.57167716,-28.77052273],[-53.57167062,-28.77052416],[-53.57166081,-28.77052703],[-53.5716559,-28.77053134],[-53.57164771,-28.77054139],[-53.57164606,-28.77054569],[-53.57164441,-28.77055287],[-53.57164439,-28.77056149],[-53.57164438,-28.77056436],[-53.57165089,-28.77057443],[-53.57165415,-28.77057587],[-53.57166068,-28.77058018],[-53.57166721,-28.7705845],[-53.57167701,-28.77059027],[-53.57168681,-28.77059747],[-53.57168842,-28.77060754],[-53.57168842,-28.77061186],[-53.57168349,-28.77062049],[-53.57167692,-28.77062768],[-53.571672,-28.77063487],[-53.57166871,-28.77064063],[-53.5716687,-28.77064783],[-53.57166704,-28.77065503],[-53.57166376,-28.77066079],[-53.57166373,-28.77066943],[-53.57166044,-28.77067951],[-53.57166043,-28.7706824],[-53.57165875,-28.77069826],[-53.57165383,-28.77070401],[-53.57164399,-28.7707112],[-53.57163415,-28.7707155],[-53.57162595,-28.77072124],[-53.57161774,-28.77073276],[-53.57161117,-28.7707414],[-53.57158981,-28.77076731],[-53.57158817,-28.77077019],[-53.5715816,-28.77077739],[-53.57157668,-28.7707817],[-53.57156519,-28.77079321],[-53.57155699,-28.7708004],[-53.57155043,-28.77080326],[-53.57153736,-28.77080321],[-53.57152756,-28.77080317],[-53.57152265,-28.77080315],[-53.57151448,-28.77080456],[-53.57149979,-28.7708045],[-53.57149652,-28.77080448],[-53.57146064,-28.77080145],[-53.57145086,-28.77080141],[-53.57143782,-28.77080136],[-53.5714313,-28.77080133],[-53.57141992,-28.7707984],[-53.57141181,-28.77079261],[-53.57141184,-28.77078684],[-53.57141025,-28.77078107],[-53.57140218,-28.77076952],[-53.57140223,-28.77076088],[-53.57140227,-28.77075512],[-53.57140235,-28.77074217],[-53.5714024,-28.77073354],[-53.57139918,-28.77072777],[-53.57139434,-28.77072057],[-53.57138784,-28.77071338],[-53.57138294,-28.77071195],[-53.57137151,-28.77070907],[-53.57136824,-28.77070907],[-53.57135843,-28.77070907],[-53.57134861,-28.77071051],[-53.57134696,-28.77071194],[-53.57133872,-28.77072057],[-53.5713354,-28.77072776],[-53.57132923,-28.77073888],[-53.5713262,-28.77073888],[-53.57131811,-28.77074242],[-53.57131609,-28.77074685],[-53.57131003,-28.77075127],[-53.57130599,-28.7707557],[-53.57130498,-28.77075924],[-53.57130195,-28.77076367],[-53.57130095,-28.77077076],[-53.57130197,-28.7707743],[-53.571304,-28.77077784],[-53.57130603,-28.77078139],[-53.57131211,-28.7707867],[-53.57131516,-28.77079025],[-53.57131718,-28.77079202],[-53.57132429,-28.77079822],[-53.5713253,-28.77079999],[-53.57132835,-28.77080354],[-53.57133243,-28.77081152],[-53.57133244,-28.77081507],[-53.57133448,-28.77082128],[-53.57133449,-28.77082572],[-53.5713345,-28.7708275],[-53.57132947,-28.77084526],[-53.57132746,-28.77084881],[-53.57132747,-28.77085414],[-53.5713285,-28.77086037],[-53.57133054,-28.77086392],[-53.57133462,-28.77087193],[-53.57133563,-28.77087282],[-53.57134276,-28.77088083],[-53.57134378,-28.7708835],[-53.57134582,-28.77088706],[-53.57134584,-28.7708924],[-53.57134585,-28.77089596],[-53.57134587,-28.7709022],[-53.57134385,-28.77090665],[-53.57134182,-28.77090754],[-53.57133879,-28.77091378],[-53.57132663,-28.77092358],[-53.57132563,-28.77093071],[-53.57132564,-28.7709325],[-53.57132565,-28.77093785],[-53.57132566,-28.77094231],[-53.57132466,-28.77094588],[-53.57132263,-28.77095034],[-53.57132061,-28.77095391],[-53.57131655,-28.77095748],[-53.5713125,-28.77096194],[-53.57130539,-28.77096461],[-53.5712993,-28.77096729],[-53.57129523,-28.77096728],[-53.57128812,-28.77096728],[-53.57128405,-28.77096638],[-53.571281,-28.77096281],[-53.57127693,-28.77095923],[-53.57127184,-28.77095655],[-53.57126981,-28.77095387],[-53.57126371,-28.7709494],[-53.57125965,-28.77094672],[-53.57125152,-28.77094404],[-53.57123934,-28.77093957],[-53.57123426,-28.770936],[-53.57123121,-28.77093422],[-53.57122208,-28.77093065],[-53.57121701,-28.77092975],[-53.57120788,-28.77092796],[-53.57119875,-28.77092707],[-53.57119063,-28.77092706],[-53.57118252,-28.77092705],[-53.57117847,-28.77092705],[-53.57117238,-28.77092704],[-53.57116833,-28.77092704],[-53.57116225,-28.77092525],[-53.57115415,-28.77092168],[-53.57114908,-28.7709199],[-53.57113997,-28.77091811],[-53.5711258,-28.77091364],[-53.57112378,-28.77091008],[-53.5711167,-28.7709083],[-53.57111569,-28.7709083],[-53.57109443,-28.7709145],[-53.57108735,-28.77091272],[-53.57108128,-28.77091182],[-53.57107218,-28.77091092],[-53.57106309,-28.77091003],[-53.571055,-28.77090913],[-53.57105298,-28.77090913],[-53.57104286,-28.77091268],[-53.57103779,-28.77091623],[-53.57103677,-28.77091978],[-53.57103372,-28.77092334],[-53.57103067,-28.77092778],[-53.5710256,-28.77093311],[-53.57102053,-28.77093756],[-53.5710185,-28.77093755],[-53.57100839,-28.77093755],[-53.57100738,-28.77093755],[-53.5710013,-28.77093932],[-53.57099421,-28.77094198],[-53.57099016,-28.77094465],[-53.57098407,-28.77094909],[-53.57098103,-28.77095176],[-53.57097696,-28.77095709],[-53.5709739,-28.77096243],[-53.57096983,-28.77096955],[-53.57096878,-28.77097756],[-53.57096775,-28.77098201],[-53.57096672,-28.77098557],[-53.57096468,-28.77099002],[-53.57096263,-28.77099536],[-53.57095654,-28.77099981],[-53.57094945,-28.77100158],[-53.57094439,-28.77100247],[-53.57093933,-28.77100157],[-53.57093327,-28.77099978],[-53.5709262,-28.77099711],[-53.5709161,-28.77099442],[-53.570906,-28.77099441],[-53.57089287,-28.77099794],[-53.57089084,-28.77099882],[-53.57088477,-28.77100326],[-53.57087972,-28.77100592],[-53.57087566,-28.77101036],[-53.57087464,-28.77101391],[-53.5708716,-28.77101836],[-53.57086956,-28.77102369],[-53.57086751,-28.77102992],[-53.57084719,-28.7710449],[-53.57084026,-28.7710459],[-53.57082986,-28.77104792],[-53.57082523,-28.77104893],[-53.57082061,-28.77105197],[-53.57081714,-28.77105704],[-53.57081135,-28.77106414],[-53.57081018,-28.77107125],[-53.57080901,-28.77107937],[-53.57081016,-28.77108242],[-53.57081708,-28.77108853],[-53.57082516,-28.7710916],[-53.57083325,-28.77109466],[-53.57083787,-28.77109569],[-53.57084365,-28.77109875],[-53.57084942,-28.77110181],[-53.57084898,-28.77111754],[-53.57084898,-28.77111994],[-53.57084899,-28.77112476],[-53.57084625,-28.77112957],[-53.57084214,-28.77113558],[-53.57083802,-28.77113798],[-53.57083115,-28.77114639],[-53.57082566,-28.77114759],[-53.57081742,-28.7711524],[-53.57080919,-28.771156],[-53.57079958,-28.771162],[-53.57079409,-28.7711644],[-53.57079135,-28.77117041],[-53.57078998,-28.77117642],[-53.57078861,-28.77118123],[-53.57078724,-28.77118724],[-53.57078312,-28.77119445],[-53.57077763,-28.77120046],[-53.5707694,-28.77120285],[-53.57076391,-28.77120404],[-53.57074881,-28.77120641],[-53.57074332,-28.7712064],[-53.57073783,-28.77120519],[-53.57072686,-28.77120277],[-53.57071589,-28.77120035],[-53.57070355,-28.77120033],[-53.57069944,-28.77120272],[-53.57069533,-28.77120992],[-53.57069533,-28.77121473],[-53.57069396,-28.77122313],[-53.57069259,-28.77123153],[-53.57069122,-28.77123273],[-53.57069121,-28.77123874],[-53.5706871,-28.77124593],[-53.57068299,-28.77125313],[-53.57067751,-28.77125913],[-53.57067066,-28.77126031],[-53.57066245,-28.7712627],[-53.57065149,-28.77126268],[-53.57065012,-28.77126268],[-53.57064327,-28.77126147],[-53.57063369,-28.77126025],[-53.57061179,-28.77128061],[-53.57060632,-28.7712842],[-53.57059811,-28.77128538],[-53.57059537,-28.77128538],[-53.57058853,-28.77128537],[-53.5705817,-28.77128415],[-53.57057076,-28.77128053],[-53.57056529,-28.77127932],[-53.57055572,-28.77127691],[-53.57055025,-28.77127929],[-53.57054751,-28.77127929],[-53.57054068,-28.77128047],[-53.57053521,-28.77128286],[-53.57053248,-28.77128406],[-53.57051882,-28.77129481],[-53.57051609,-28.77129361],[-53.5705038,-28.77129117],[-53.57049425,-28.77128995],[-53.5704847,-28.77128992],[-53.57047515,-28.77128989],[-53.57047242,-28.77129228],[-53.57046697,-28.77129825],[-53.57046425,-28.77130422],[-53.57046153,-28.771309],[-53.57046017,-28.77131378],[-53.57045745,-28.77131976],[-53.57045609,-28.77132454],[-53.57045201,-28.7713341],[-53.57045337,-28.7713353],[-53.57043787,-28.77134317],[-53.57043316,-28.77134729],[-53.57042963,-28.77135141],[-53.57042845,-28.77135967],[-53.57042609,-28.77136482],[-53.57042609,-28.77137102],[-53.57042845,-28.77137412],[-53.57043081,-28.77138032],[-53.57043434,-28.7713855],[-53.57043434,-28.77138859],[-53.57043788,-28.7713917],[-53.57044141,-28.77139997],[-53.57044141,-28.7714041],[-53.57044377,-28.77140721],[-53.57043435,-28.77141336],[-53.57043435,-28.77141439],[-53.57043435,-28.77141852],[-53.57043317,-28.77142265],[-53.57042963,-28.77142985],[-53.57042375,-28.77143602],[-53.57041786,-28.77144012],[-53.57041197,-28.77144525],[-53.57040726,-28.77144832],[-53.57040256,-28.77145036],[-53.57039197,-28.77145032],[-53.57038138,-28.77144924],[-53.57037432,-28.77144921],[-53.57036727,-28.77144711],[-53.57035903,-28.77144606],[-53.57034727,-28.77144602],[-53.57034257,-28.77144601],[-53.57033552,-28.77144702],[-53.57032965,-28.77145111],[-53.57032613,-28.77145109],[-53.57032025,-28.77145106],[-53.57031086,-28.77145102],[-53.57031086,-28.77145205],[-53.57029207,-28.77144271],[-53.57028386,-28.77144268],[-53.57027917,-28.77144266],[-53.57027213,-28.77144262],[-53.57026392,-28.77144156],[-53.5702604,-28.77144155],[-53.57025454,-28.77143947],[-53.57024867,-28.77143636],[-53.57024162,-28.77142605],[-53.57023927,-28.77142296],[-53.57023808,-28.77141781],[-53.57023691,-28.77141575],[-53.57023573,-28.77141164],[-53.57023337,-28.77140443],[-53.57023336,-28.77139929],[-53.57023686,-28.77139416],[-53.57023802,-28.77139005],[-53.57024036,-28.77138595],[-53.57024504,-28.77138082],[-53.57024972,-28.77137569],[-53.57025205,-28.77137158],[-53.57025205,-28.77136747],[-53.57025203,-28.77136026],[-53.57025203,-28.77135717],[-53.57025085,-28.77134995],[-53.57025084,-28.77134377],[-53.57025084,-28.77133862],[-53.57025553,-28.77133038],[-53.57026022,-28.77132833],[-53.57026727,-28.77132113],[-53.57026725,-28.77130566],[-53.57026842,-28.7713036],[-53.57026959,-28.77129432],[-53.57026723,-28.7712871],[-53.57026136,-28.77128297],[-53.57025783,-28.77128296],[-53.57024961,-28.77127986],[-53.57024608,-28.77127985],[-53.57023199,-28.77127983],[-53.57022495,-28.77127982],[-53.57021673,-28.77127775],[-53.5702132,-28.77127672],[-53.57020616,-28.77127258],[-53.57020146,-28.77127052],[-53.57019676,-28.77126536],[-53.57019559,-28.77126433],[-53.57019323,-28.77125814],[-53.57019088,-28.77125195],[-53.5701897,-28.77124886],[-53.570185,-28.77124267],[-53.57017795,-28.77123751],[-53.57016973,-28.77123338],[-53.57016621,-28.77123234],[-53.57015365,-28.77122578],[-53.57015139,-28.77122446],[-53.5701461,-28.77122181],[-53.57014082,-28.77121915],[-53.57013553,-28.77121584],[-53.57013478,-28.77121518],[-53.57013025,-28.77121121],[-53.5701295,-28.77120922],[-53.57012799,-28.77120459],[-53.57012723,-28.77120062],[-53.57012572,-28.77119665],[-53.57012497,-28.77119004],[-53.57012497,-28.77118674],[-53.57012497,-28.77118343],[-53.57012572,-28.77117946],[-53.57012648,-28.77117682],[-53.57013025,-28.77117153],[-53.57013252,-28.77116955],[-53.5701363,-28.77116756],[-53.57014083,-28.77116558],[-53.5701446,-28.77116492],[-53.57014838,-28.77116294],[-53.57015065,-28.77116162],[-53.57015291,-28.77115964],[-53.57015443,-28.77115699],[-53.57015518,-28.771155],[-53.57015518,-28.77114971],[-53.57015518,-28.77114772],[-53.57015519,-28.77114243],[-53.57015216,-28.77113845],[-53.57014839,-28.77113382],[-53.5701431,-28.77113183],[-53.57013781,-28.77112984],[-53.57013101,-28.77112918],[-53.57012648,-28.77112918],[-53.57012195,-28.77112918],[-53.57011818,-28.77112918],[-53.57011365,-28.7711305],[-53.57010837,-28.77113249],[-53.57010309,-28.77113381],[-53.57009931,-28.77113513],[-53.57009554,-28.77113579],[-53.57008875,-28.77113778],[-53.57008574,-28.77113777],[-53.57008197,-28.77113843],[-53.57007895,-28.77113843],[-53.57007443,-28.77113843],[-53.57006538,-28.77113843],[-53.57005634,-28.77113711],[-53.57005107,-28.7711371],[-53.57004504,-28.7711371],[-53.57003902,-28.7711371],[-53.5700345,-28.77113842],[-53.57002697,-28.7711404],[-53.57002321,-28.7711404],[-53.5700172,-28.77114304],[-53.57001269,-28.77114502],[-53.57000893,-28.77114634],[-53.5699999,-28.771147],[-53.56999238,-28.77114699],[-53.56998712,-28.77114699],[-53.56998336,-28.77114699],[-53.56997735,-28.77114831],[-53.5699691,-28.7711516],[-53.56996685,-28.77115424],[-53.56996385,-28.77115688],[-53.56996085,-28.77115754],[-53.56995634,-28.77115819],[-53.56995184,-28.77115819],[-53.56994809,-28.77115819],[-53.56994358,-28.77115753],[-53.56993908,-28.77115686],[-53.56993382,-28.7711562],[-53.56993007,-28.7711562],[-53.56992632,-28.7711562],[-53.56992182,-28.77115685],[-53.56991807,-28.77115817],[-53.56991283,-28.77115883],[-53.56990683,-28.77115882],[-53.56990158,-28.77115882],[-53.56989632,-28.77115618],[-53.56989182,-28.7711542],[-53.56988732,-28.77115222],[-53.56988507,-28.77115156],[-53.56987906,-28.77114826],[-53.56987531,-28.77114629],[-53.56987156,-28.77114497],[-53.56986256,-28.77114299],[-53.56986031,-28.77114299],[-53.56984126,-28.77114112],[-53.56983735,-28.77114112],[-53.56982171,-28.77114282],[-53.56981878,-28.77114368],[-53.56980998,-28.77114624],[-53.56979533,-28.7711488],[-53.56979142,-28.77114794],[-53.56978555,-28.77114451],[-53.56978067,-28.77114365],[-53.56977579,-28.77114108],[-53.56976602,-28.77113851],[-53.56976016,-28.77113679],[-53.56975333,-28.77113593],[-53.56974845,-28.77113593],[-53.56973771,-28.77113764],[-53.56973381,-28.77113849],[-53.56972699,-28.77113934],[-53.56971918,-28.77113934],[-53.56971235,-28.77113591],[-53.5697065,-28.77113334],[-53.56970163,-28.77113077],[-53.56969773,-28.77113077],[-53.56969188,-28.77112819],[-53.56968799,-28.77112734],[-53.56968409,-28.77112562],[-53.56966461,-28.77112561],[-53.56966071,-28.77112561],[-53.56965682,-28.77112476],[-53.56964904,-28.77112219],[-53.5696432,-28.77112047],[-53.56963931,-28.77111962],[-53.56963542,-28.7711179],[-53.56962667,-28.77111448],[-53.56962181,-28.77111277],[-53.56961404,-28.77110849],[-53.56960919,-28.77110592],[-53.56960434,-28.77110165],[-53.56959851,-28.77109823],[-53.56959463,-28.77109566],[-53.56958687,-28.77109139],[-53.56958106,-28.77108712],[-53.56957718,-28.77108541],[-53.5695733,-28.77108285],[-53.56957039,-28.77108114],[-53.56955323,-28.77108155],[-53.56955147,-28.77108155],[-53.56954356,-28.77108],[-53.56953124,-28.77107923],[-53.56952773,-28.77107846],[-53.56951718,-28.77107768],[-53.56950927,-28.77107768],[-53.56950663,-28.77107845],[-53.56950311,-28.77108154],[-53.56949959,-28.77108385],[-53.56949607,-28.77108616],[-53.56948465,-28.77108616],[-53.56948114,-28.77108539],[-53.56947324,-28.7710823],[-53.56946885,-28.7710823],[-53.56946183,-28.77108307],[-53.56945744,-28.77108307],[-53.56945305,-28.77108152],[-53.56944779,-28.77107998],[-53.56944428,-28.77107844],[-53.5694399,-28.77107689],[-53.56943464,-28.77107381],[-53.56943026,-28.77107304],[-53.56942325,-28.77106919],[-53.56942151,-28.7710661],[-53.56939959,-28.7710661],[-53.56939521,-28.77106687],[-53.56939082,-28.77107149],[-53.56938819,-28.77107226],[-53.56938117,-28.7710738],[-53.5693768,-28.7710738],[-53.56937154,-28.7710738],[-53.56936717,-28.77107303],[-53.56936191,-28.77107303],[-53.56935404,-28.77107149],[-53.56934967,-28.77107072],[-53.56934268,-28.77106764],[-53.56933744,-28.77106379],[-53.56933395,-28.77106071],[-53.56932868,-28.77105917],[-53.56932518,-28.7710584],[-53.56932166,-28.7710584],[-53.56931465,-28.77105763],[-53.56931027,-28.77105532],[-53.56930326,-28.77105225],[-53.56930064,-28.7710484],[-53.5692954,-28.77104302],[-53.56929102,-28.77103917],[-53.56928665,-28.77103609],[-53.56928052,-28.77103379],[-53.5692735,-28.77103225],[-53.56926737,-28.77102994],[-53.56926124,-28.77102687],[-53.56925774,-28.77102533],[-53.56925249,-28.77102302],[-53.56924635,-28.77102149],[-53.56923759,-28.77101995],[-53.5692332,-28.77101995],[-53.56922706,-28.77101995],[-53.56921739,-28.77102379],[-53.56919893,-28.77102917],[-53.56919629,-28.77103147],[-53.56919187,-28.77103686],[-53.56918922,-28.7710407],[-53.56918569,-28.77104378],[-53.56918391,-28.77104839],[-53.56918388,-28.77105378],[-53.56918384,-28.77105993],[-53.56918557,-28.77106609],[-53.56918643,-28.77106916],[-53.56918816,-28.77107224],[-53.5691899,-28.77107609],[-53.56919162,-28.77108225],[-53.5691916,-28.77108533],[-53.56919158,-28.77108918],[-53.56919155,-28.77109457],[-53.5691924,-28.77110073],[-53.569195,-28.77110612],[-53.56919586,-28.7711092],[-53.56919847,-28.77111537],[-53.56919397,-28.7711354],[-53.5691931,-28.77114156],[-53.56919046,-28.77114773],[-53.5691887,-28.77115081],[-53.56918343,-28.77115774],[-53.56917376,-28.7711639],[-53.56916849,-28.77116698],[-53.56916146,-28.77116929],[-53.56915619,-28.77117006],[-53.56915004,-28.77117237],[-53.56914652,-28.77117545],[-53.56914389,-28.77118238],[-53.56914389,-28.77118315],[-53.56912892,-28.77119592],[-53.56912776,-28.77119592],[-53.56912313,-28.77119999],[-53.56911849,-28.77120913],[-53.56911617,-28.77121421],[-53.56911617,-28.77122132],[-53.56911617,-28.7712264],[-53.56911617,-28.77123046],[-53.56911617,-28.77123758],[-53.56911501,-28.77124469],[-53.56911153,-28.7712518],[-53.56909183,-28.77126602],[-53.56908951,-28.77126602],[-53.56908024,-28.77126602],[-53.5690756,-28.77126602],[-53.56906865,-28.77126399],[-53.56905822,-28.77126094],[-53.5690559,-28.77125789],[-53.56905242,-28.77125281],[-53.56904779,-28.77124773],[-53.56904663,-28.77123656],[-53.56904663,-28.77123249],[-53.56904663,-28.7712264],[-53.56904663,-28.77121827],[-53.56904663,-28.77120913],[-53.56904779,-28.77120303],[-53.56904895,-28.77119693],[-53.56904895,-28.77119186],[-53.56904895,-28.77118678],[-53.56904895,-28.7711817],[-53.56904664,-28.7711756],[-53.56903852,-28.77116849],[-53.56903273,-28.77116442],[-53.56902694,-28.77115934],[-53.56901998,-28.77115528],[-53.56900955,-28.7711502],[-53.56900144,-28.77114817],[-53.56898869,-28.77114614],[-53.56897942,-28.7711441],[-53.56897594,-28.7711441],[-53.56896667,-28.7711441],[-53.56896087,-28.77114512],[-53.56895392,-28.77114816],[-53.56894813,-28.77114918],[-53.56894349,-28.77115121],[-53.56893306,-28.77115223],[-53.56892726,-28.77115426],[-53.56892147,-28.77115426],[-53.56890988,-28.77115324],[-53.56890524,-28.77115324],[-53.56889018,-28.77115324],[-53.56888902,-28.77115425],[-53.56886004,-28.77115832],[-53.56885309,-28.7711573],[-53.56885077,-28.77115628],[-53.56884034,-28.77115628],[-53.56883918,-28.77115628],[-53.56883338,-28.7711573],[-53.56882875,-28.77116136],[-53.56882179,-28.77116542],[-53.568816,-28.77116949],[-53.56881136,-28.77117254],[-53.56880441,-28.77117761],[-53.56879977,-28.77118168],[-53.56879398,-28.77118472],[-53.56878818,-28.77118879],[-53.56878354,-28.7711898],[-53.56875812,-28.77120139],[-53.56875608,-28.77120317],[-53.56874998,-28.77120942],[-53.56874692,-28.7712112],[-53.56874082,-28.77121209],[-53.56873267,-28.77121477],[-53.56872249,-28.77121655],[-53.56871435,-28.77121655],[-53.56870824,-28.77121655],[-53.56870417,-28.77121477],[-53.56869501,-28.7712112],[-53.56868585,-28.77120584],[-53.56868077,-28.77119871],[-53.56867771,-28.77119603],[-53.56867669,-28.77119157],[-53.56867466,-28.77118443],[-53.56867466,-28.77118175],[-53.56867161,-28.77117372],[-53.56867161,-28.77116926],[-53.56866957,-28.7711648],[-53.56866856,-28.77116123],[-53.56866856,-28.77115766],[-53.5686655,-28.77114964],[-53.56866449,-28.77114607],[-53.56866347,-28.77114161],[-53.56866347,-28.77113804],[-53.56866245,-28.77113268],[-53.56866145,-28.77112554],[-53.5686574,-28.77111662],[-53.56865538,-28.77110949],[-53.56865132,-28.77110235],[-53.56865031,-28.77109878],[-53.56864727,-28.77109343],[-53.56864423,-28.77108719],[-53.56864018,-28.77107917],[-53.56863611,-28.77107471],[-53.56862798,-28.77107025],[-53.56862187,-28.77106758],[-53.56861678,-28.77106668],[-53.56861271,-28.77106668],[-53.56860761,-28.77106668],[-53.56860048,-28.77106668],[-53.56859539,-28.77106668],[-53.56858826,-28.77106667],[-53.56857806,-28.77106667],[-53.56857296,-28.77106667],[-53.56856684,-28.77106666],[-53.56856173,-28.77106666],[-53.56855663,-28.77106666],[-53.56854846,-28.77106665],[-53.56851889,-28.77105594],[-53.56851583,-28.77105504],[-53.56850972,-28.77105237],[-53.56850258,-28.77104969],[-53.56849953,-28.77104701],[-53.56849443,-28.77104522],[-53.56848934,-28.77104165],[-53.5684863,-28.77103808],[-53.56848326,-28.77103363],[-53.56848226,-28.77103006],[-53.56848023,-28.77102738],[-53.56847822,-28.77102204],[-53.56847722,-28.77101847],[-53.56847725,-28.77101313],[-53.5684773,-28.771006],[-53.56847835,-28.77100066],[-53.56848145,-28.77099621],[-53.56848455,-28.77098999],[-53.56848865,-28.77098643],[-53.56849072,-28.77098199],[-53.56849586,-28.77097488],[-53.56849893,-28.77097132],[-53.56849996,-28.77096865],[-53.56850201,-28.77096509],[-53.56850406,-28.77096154],[-53.56850716,-28.77095175],[-53.56850718,-28.77094642],[-53.56850719,-28.77094197],[-53.56850721,-28.77093752],[-53.56850724,-28.77093041],[-53.56850726,-28.77092419],[-53.56850626,-28.77092063],[-53.5684968,-28.7709116],[-53.56849415,-28.77091005],[-53.5684915,-28.7709085],[-53.56848973,-28.77090541],[-53.56848708,-28.77090231],[-53.56848355,-28.77089767],[-53.5684809,-28.77089226],[-53.56847825,-28.77089148],[-53.56847561,-28.77088916],[-53.56847031,-28.77088452],[-53.56846678,-28.7708822],[-53.56846501,-28.7708822],[-53.56845883,-28.7708791],[-53.56845441,-28.770876],[-53.56845,-28.77087136],[-53.5684447,-28.7708675],[-53.56843852,-28.7708644],[-53.5684341,-28.77086208],[-53.56842615,-28.77085975],[-53.56842262,-28.77085975],[-53.5684182,-28.77086051],[-53.56841466,-28.77086283],[-53.568412,-28.77086591],[-53.56840935,-28.770869],[-53.56840669,-28.77087286],[-53.5684058,-28.77087595],[-53.56840491,-28.77087982],[-53.56840491,-28.77088523],[-53.56840402,-28.77088755],[-53.56839995,-28.77089783],[-53.56839928,-28.770899],[-53.56839661,-28.77090133],[-53.56839594,-28.77090191],[-53.56839127,-28.77090424],[-53.56838726,-28.77090656],[-53.56838525,-28.77090773],[-53.56838325,-28.77091123],[-53.56838057,-28.77091473],[-53.56837856,-28.77091589],[-53.56837856,-28.7709194],[-53.56837722,-28.77092232],[-53.56837655,-28.77092582],[-53.56837588,-28.77092933],[-53.56837253,-28.77093342],[-53.56837253,-28.77093517],[-53.56837252,-28.77093868],[-53.56837386,-28.77094102],[-53.56837452,-28.77094453],[-53.56837452,-28.77094804],[-53.56837117,-28.7709533],[-53.56836782,-28.77095623],[-53.56836179,-28.77096032],[-53.56835509,-28.77096442],[-53.5683504,-28.77096559],[-53.56834437,-28.77096675],[-53.56834035,-28.77096851],[-53.56833766,-28.77097144],[-53.56833564,-28.77097437],[-53.56833362,-28.77097847],[-53.56833161,-28.77098082],[-53.56832824,-28.77098492],[-53.56832555,-28.77098786],[-53.56832286,-28.77099255],[-53.56831815,-28.77099725],[-53.56831345,-28.77099783],[-53.56830875,-28.77099783],[-53.56830808,-28.77099783],[-53.56829197,-28.77100194],[-53.56828996,-28.77100194],[-53.56828593,-28.77100312],[-53.56828324,-28.7710037],[-53.56827854,-28.77100547],[-53.56827585,-28.77100664],[-53.5682698,-28.7710084],[-53.56826778,-28.77100899],[-53.56826309,-28.77100899],[-53.5682557,-28.77100899],[-53.56824965,-28.77100958],[-53.56824361,-28.77100958],[-53.56823689,-28.77101076],[-53.56823084,-28.77101134],[-53.56822815,-28.77101134],[-53.56822681,-28.77101134],[-53.56822345,-28.77101134],[-53.56821404,-28.77101193],[-53.56820263,-28.77100899],[-53.56820129,-28.77100899],[-53.56819725,-28.77100899],[-53.56819389,-28.77100899],[-53.56818313,-28.77101017],[-53.56817639,-28.77101017],[-53.56816697,-28.77100899],[-53.56816361,-28.77100782],[-53.56816092,-28.77100723],[-53.56815621,-28.77100546],[-53.56815152,-28.77100311],[-53.56814817,-28.77100076],[-53.56814621,-28.7709937],[-53.56814488,-28.77099134],[-53.56814222,-28.77098782],[-53.5681409,-28.77098546],[-53.56813824,-28.77098135],[-53.56813558,-28.77097782],[-53.56813427,-28.77097371],[-53.56813164,-28.77096725],[-53.56813034,-28.77096197],[-53.56813038,-28.77095786],[-53.5681304,-28.77095492],[-53.5681311,-28.77095199],[-53.56813179,-28.77094906],[-53.56813385,-28.77094319],[-53.56813521,-28.77094084],[-53.5681359,-28.77093791],[-53.56813661,-28.77093322],[-53.56813797,-28.77093029],[-53.56813935,-28.77092561],[-53.56813938,-28.77092151],[-53.56814009,-28.77091623],[-53.56813878,-28.77091155],[-53.56812962,-28.7709005],[-53.56812862,-28.77089701],[-53.56812165,-28.7708909],[-53.56811866,-28.77089003],[-53.56811267,-28.77089002],[-53.56810569,-28.77089002],[-53.56810071,-28.77089176],[-53.56809272,-28.77089524],[-53.56809073,-28.77089611],[-53.56808574,-28.77089786],[-53.56807775,-28.77090047],[-53.56807576,-28.77090047],[-53.56806977,-28.77090046],[-53.56806479,-28.77089697],[-53.5680598,-28.77089347],[-53.56805581,-28.77089085],[-53.56804484,-28.77088822],[-53.56804084,-28.77088734],[-53.56803485,-28.77088733],[-53.56802986,-28.77088733],[-53.56802285,-28.7708908],[-53.56802185,-28.77089342],[-53.56801984,-28.77089691],[-53.56800684,-28.77089863],[-53.56800184,-28.77089863],[-53.56799583,-28.77090037],[-53.56799083,-28.77090211],[-53.56798581,-28.77090559],[-53.5679818,-28.77090646],[-53.5679738,-28.77090645],[-53.56796879,-28.77090732],[-53.56796479,-28.77090731],[-53.5679588,-28.77090556],[-53.56795382,-28.77090294],[-53.56794684,-28.77090032],[-53.56793986,-28.77089858],[-53.56792988,-28.77089858],[-53.56792089,-28.77089858],[-53.5679159,-28.77089857],[-53.56790989,-28.77090119],[-53.56789987,-28.77090643],[-53.56789587,-28.77090818],[-53.56789087,-28.77090905],[-53.56788588,-28.77090905],[-53.56787388,-28.77090993],[-53.56787389,-28.77090905],[-53.56786592,-28.77090643],[-53.56786492,-28.77090643],[-53.56784994,-28.77090643],[-53.56784495,-28.77090643],[-53.56783799,-28.77090206],[-53.56783401,-28.77090031],[-53.56783204,-28.77089595],[-53.56782808,-28.77089158],[-53.56782513,-28.77088547],[-53.56782318,-28.77088024],[-53.56782223,-28.77087326],[-53.56781929,-28.77086628],[-53.56781735,-28.77086018],[-53.56781439,-28.77085582],[-53.56780847,-28.77084711],[-53.56780458,-28.77083579],[-53.56780261,-28.77083231],[-53.56780165,-28.77082796],[-53.56779772,-28.77082099],[-53.56779376,-28.77081751],[-53.56778981,-28.77081403],[-53.56778285,-28.77081229],[-53.56776993,-28.77080794],[-53.56776297,-28.77080621],[-53.56775801,-28.7708036],[-53.56775308,-28.77079838],[-53.56775111,-28.77079577],[-53.56774719,-28.77078969],[-53.56774425,-28.77078448],[-53.56774037,-28.77077406],[-53.56773941,-28.77076972],[-53.56773647,-28.77076538],[-53.56773254,-28.77076017],[-53.56772664,-28.77075236],[-53.56772169,-28.77075063],[-53.56772069,-28.77075063],[-53.56771571,-28.77075063],[-53.56770974,-28.77075063],[-53.56770377,-28.77075063],[-53.5676988,-28.77075063],[-53.56766502,-28.7707574],[-53.56766006,-28.7707574],[-53.56765136,-28.77076173],[-53.56764639,-28.77076499],[-53.56764018,-28.77076824],[-53.56763521,-28.77077149],[-53.56762901,-28.77077149],[-53.56762157,-28.77077149],[-53.5676104,-28.77077149],[-53.5676042,-28.77077149],[-53.56759552,-28.7707704],[-53.56758809,-28.77076932],[-53.56757818,-28.77076498],[-53.56757695,-28.7707639],[-53.56757697,-28.77075956],[-53.56757326,-28.77075523],[-53.56757204,-28.77075089],[-53.56756959,-28.77074439],[-53.56756962,-28.77073898],[-53.56756964,-28.77073356],[-53.56756968,-28.77072382],[-53.56756971,-28.77071841],[-53.56757098,-28.77071084],[-53.56757099,-28.77070759],[-53.56757103,-28.77069786],[-53.56757104,-28.77069678],[-53.56756858,-28.77069245],[-53.56756243,-28.77068381],[-53.56755749,-28.77068056],[-53.56754635,-28.7706784],[-53.56753645,-28.77067732],[-53.5675315,-28.77067732],[-53.56752531,-28.77067732],[-53.56751539,-28.77068056],[-53.5675067,-28.77068488],[-53.56750049,-28.77068812],[-53.5674918,-28.77069137],[-53.5674856,-28.77069245],[-53.56747445,-28.77069353],[-53.5674633,-28.77069353],[-53.56745089,-28.77069677],[-53.56744469,-28.77069785],[-53.56743724,-28.77070109],[-53.56742855,-28.77070434],[-53.56742359,-28.77070433],[-53.56741492,-28.77070433],[-53.56740375,-28.77070758],[-53.56739877,-28.77071082],[-53.56739502,-28.77071407],[-53.56739003,-28.77071948],[-53.56738499,-28.7707303],[-53.56738367,-28.77074004],[-53.56738112,-28.77074871],[-53.56737985,-28.77075304],[-53.56737607,-28.77076063],[-53.56737356,-28.77076388],[-53.56736481,-28.77077255],[-53.56735858,-28.7707758],[-53.56734985,-28.77078122],[-53.56734362,-28.77078448],[-53.56732581,-28.77080034],[-53.5673189,-28.77080275],[-53.56731751,-28.77080758],[-53.56731611,-28.77081241],[-53.5673161,-28.77081844],[-53.56731608,-28.77082448],[-53.56731607,-28.77083052],[-53.56731467,-28.77083535],[-53.56731051,-28.77084018],[-53.56730636,-28.77084501],[-53.5673022,-28.77084985],[-53.56729804,-28.77085468],[-53.56728835,-28.77086072],[-53.56728144,-28.77086072],[-53.56727591,-28.77086072],[-53.56726902,-28.7708571],[-53.56726075,-28.77085348],[-53.56725524,-28.77084985],[-53.56724835,-28.77084623],[-53.56724285,-28.7708414],[-53.56723598,-28.77083416],[-53.5672291,-28.77083054],[-53.56721533,-28.77082451],[-53.56720982,-28.77082451],[-53.56720568,-28.77082451],[-53.56719741,-28.77082452],[-53.56718223,-28.77082694],[-53.56717394,-28.77082936],[-53.56716842,-28.77083057],[-53.56715876,-28.77083299],[-53.56715323,-28.7708342],[-53.56714082,-28.77083541],[-53.56713393,-28.77083541],[-53.56712704,-28.77083421],[-53.56712154,-28.7708318],[-53.56711604,-28.77082939],[-53.56710919,-28.77082336],[-53.56710232,-28.77081974],[-53.56709133,-28.77081613],[-53.56708445,-28.77081372],[-53.56707894,-28.77081372],[-53.56705964,-28.77081735],[-53.56705412,-28.77081856],[-53.56704722,-28.77082098],[-53.56703482,-28.77082098],[-53.56702932,-28.77082099],[-53.56702245,-28.77081858],[-53.5670156,-28.77081376],[-53.56701151,-28.77080894],[-53.56700327,-28.77080653],[-53.56699777,-28.77080653],[-53.56698538,-28.77080654],[-53.56698262,-28.77080775],[-53.56695364,-28.77081983],[-53.56694952,-28.77081983],[-53.56693718,-28.77081743],[-53.56692759,-28.77081262],[-53.56691939,-28.77080539],[-53.56690295,-28.77079696],[-53.56689202,-28.77078612],[-53.56688791,-28.7707825],[-53.56687694,-28.77077769],[-53.56686457,-28.77077769],[-53.5668577,-28.7707777],[-53.5668467,-28.77077891],[-53.56684121,-28.77077892],[-53.56683022,-28.77077772],[-53.56682474,-28.77077531],[-53.56680405,-28.77077085],[-53.5667997,-28.77076576],[-53.56678517,-28.7707594],[-53.56677355,-28.77075431],[-53.56676774,-28.77075304],[-53.56676047,-28.77075177],[-53.56675176,-28.77074922],[-53.56674595,-28.77074923],[-53.56673868,-28.77075051],[-53.5667256,-28.77075306],[-53.56671689,-28.77075052],[-53.56670819,-28.77074288],[-53.56670094,-28.77073398],[-53.56669225,-28.77072762],[-53.56668354,-28.77072636],[-53.56668208,-28.77072636],[-53.56667482,-28.77072636],[-53.56666756,-28.77072637],[-53.56666029,-28.77073019],[-53.56664867,-28.77073528],[-53.56664285,-28.7707391],[-53.56661669,-28.77075057],[-53.56661379,-28.77075057],[-53.56660652,-28.77075312],[-53.5666007,-28.77075694],[-53.56659198,-28.77076331],[-53.56658182,-28.77076586],[-53.56656588,-28.77076715],[-53.5665572,-28.77076717],[-53.56655286,-28.77076717],[-53.56654707,-28.77077227],[-53.56653983,-28.77077865],[-53.5665326,-28.7707812],[-53.56652248,-28.77078249],[-53.56651236,-28.77078505],[-53.56649212,-28.77079017],[-53.56648057,-28.77079018],[-53.56647191,-28.77079019],[-53.56646182,-28.77078639],[-53.56645172,-28.77078259],[-53.56644452,-28.77077751],[-53.56643876,-28.77077244],[-53.56643445,-28.77076863],[-53.56642869,-28.77076355],[-53.56642294,-28.77075594],[-53.56640711,-28.77074707],[-53.56640568,-28.77073945],[-53.56640282,-28.7707331],[-53.56639564,-28.77072296],[-53.56638988,-28.77071916],[-53.56638413,-28.77071536],[-53.5663755,-28.77071284],[-53.56636399,-28.77071033],[-53.56635535,-28.77071035],[-53.5663496,-28.77070909],[-53.56634385,-28.77070656],[-53.56633667,-28.7707015],[-53.56632519,-28.77069392],[-53.56632375,-28.77069265],[-53.56629343,-28.77069579],[-53.56628643,-28.77069887],[-53.56628292,-28.77070041],[-53.56627417,-28.77070043],[-53.56626717,-28.77070199],[-53.56626016,-28.77070201],[-53.56624791,-28.77070204],[-53.56623392,-28.77070207],[-53.56623042,-28.77070054],[-53.56622167,-28.77069903],[-53.56621293,-28.77069445],[-53.56620768,-28.77068987],[-53.56619545,-28.77068377],[-53.56618496,-28.77067767],[-53.56617098,-28.77067004],[-53.56616224,-28.77067006],[-53.56616049,-28.77067006],[-53.56613429,-28.77067165],[-53.56612555,-28.77067167],[-53.56611159,-28.77067171],[-53.56610635,-28.77067173],[-53.56609588,-28.77067329],[-53.5660889,-28.77067484],[-53.56607843,-28.77067793],[-53.56606273,-28.77068257],[-53.56605575,-28.77068565],[-53.56605052,-28.77069485],[-53.56604354,-28.77070252],[-53.56603831,-28.77070865],[-53.5660296,-28.77071633],[-53.56602437,-28.77072246],[-53.56601739,-28.77073472],[-53.56601391,-28.77073778],[-53.56600694,-28.77074086],[-53.56599823,-28.770747],[-53.56598603,-28.77076385],[-53.56598255,-28.77076997],[-53.56597036,-28.77078682],[-53.56594772,-28.77080672],[-53.56594075,-28.77081285],[-53.56592683,-28.77082051],[-53.56590424,-28.7708282],[-53.56589206,-28.77083127],[-53.56586423,-28.7708313],[-53.56585554,-28.77082825],[-53.56583989,-28.77082063],[-53.56582598,-28.77081301],[-53.56581207,-28.77080691],[-53.56578948,-28.77080541],[-53.56577037,-28.77080543],[-53.56575995,-28.77080545],[-53.56574606,-28.77081004],[-53.56574258,-28.77081615],[-53.56573911,-28.77082226],[-53.56573216,-28.77083448],[-53.56573043,-28.770836],[-53.56572348,-28.77083754],[-53.56570786,-28.77083908],[-53.56570092,-28.77083908],[-53.56569051,-28.77083909],[-53.56566969,-28.77083911],[-53.56565581,-28.77084065],[-53.56565234,-28.77084675],[-53.5656402,-28.77086507],[-53.565635,-28.77087117],[-53.56562806,-28.77087575],[-53.56560899,-28.77088034],[-53.56560206,-28.77088034],[-53.56558819,-28.77088035],[-53.56557779,-28.77087731],[-53.56556567,-28.77087427],[-53.56555874,-28.77087427],[-53.56554661,-28.77087276],[-53.56553969,-28.77087429],[-53.56553276,-28.77088344],[-53.56552237,-28.77089106],[-53.56550852,-28.77089412],[-53.56550679,-28.77089412],[-53.56547563,-28.77089871],[-53.56546698,-28.77090328],[-53.56546179,-28.77090633],[-53.56545141,-28.77090634],[-53.56544276,-28.77090634],[-53.56543585,-28.7709033],[-53.56542547,-28.77089874],[-53.56541855,-28.77089722],[-53.56540991,-28.77089265],[-53.56539608,-28.77088809],[-53.56538744,-28.77088505],[-53.56536843,-28.77088354],[-53.56535979,-28.77088355],[-53.56534943,-28.77089116],[-53.56534251,-28.77090182],[-53.56533733,-28.77090792],[-53.56530862,-28.77092244],[-53.56529528,-28.7709258],[-53.56526288,-28.77093753],[-53.56525336,-28.77094255],[-53.56524002,-28.77094758],[-53.56522669,-28.77095094],[-53.56521907,-28.77095094],[-53.56520955,-28.77095095],[-53.56520002,-28.77094928],[-53.56518478,-28.77094428],[-53.56517335,-28.77094261],[-53.56516193,-28.7709376],[-53.5651486,-28.7709326],[-53.56513717,-28.77092926],[-53.56512384,-28.7709276],[-53.56511813,-28.7709276],[-53.5651048,-28.77092928],[-53.56509338,-28.77093931],[-53.56508767,-28.77094432],[-53.56508005,-28.77095268],[-53.56507053,-28.77096103],[-53.56505721,-28.77096939],[-53.56503435,-28.77096939],[-53.56501149,-28.77096938],[-53.56500768,-28.77096938],[-53.56499053,-28.77096938],[-53.56497338,-28.77097272],[-53.56495433,-28.77097439],[-53.56494289,-28.77097939],[-53.56493526,-28.77098106],[-53.56492763,-28.77098607],[-53.56491429,-28.77099107],[-53.56491047,-28.77099441],[-53.56487171,-28.77099027],[-53.5648705,-28.77099027],[-53.56486447,-28.77099133],[-53.56485119,-28.77099239],[-53.56484154,-28.77099239],[-53.5648355,-28.77099239],[-53.56483068,-28.77099028],[-53.56482344,-28.77099028],[-53.564815,-28.77098817],[-53.56480897,-28.77098606],[-53.56480414,-28.77098394],[-53.5647957,-28.77098077],[-53.56479088,-28.77097972],[-53.56478365,-28.77097655],[-53.56476676,-28.77098078],[-53.56475712,-28.7709755],[-53.56474869,-28.77097128],[-53.56473905,-28.77096811],[-53.56473061,-28.77096705],[-53.56471736,-28.770966],[-53.56471133,-28.77096601],[-53.56470289,-28.77096707],[-53.56469203,-28.77096812],[-53.56468719,-28.77097023],[-53.56467391,-28.77097446],[-53.56465821,-28.77097868],[-53.56464733,-28.77098291],[-53.56464128,-28.77098714],[-53.56463523,-28.77099136],[-53.5646316,-28.77099453],[-53.56462796,-28.77099982],[-53.56462674,-28.77100299],[-53.5646231,-28.77100828],[-53.56461947,-28.7710125],[-53.56461703,-28.77101779],[-53.56461096,-28.77102731],[-53.56460852,-28.77103366],[-53.56460367,-28.77104],[-53.56460002,-28.77104529],[-53.56459517,-28.7710527],[-53.56459152,-28.77105799],[-53.56458787,-28.77106646],[-53.56458785,-28.77107069],[-53.56458783,-28.77107598],[-53.56458539,-28.77108233],[-53.56458536,-28.77108975],[-53.56458534,-28.77109292],[-53.56457683,-28.77110669],[-53.56457439,-28.77111199],[-53.56457196,-28.77111728],[-53.5645671,-28.77112152],[-53.56455863,-28.77112576],[-53.56455015,-28.77112894],[-53.5645429,-28.77113],[-53.5645272,-28.77112999],[-53.56451157,-28.77112999],[-53.56449832,-28.7711321],[-53.5644923,-28.77113421],[-53.56448509,-28.7711395],[-53.56447787,-28.77114903],[-53.56447186,-28.77115114],[-53.56446585,-28.77115431],[-53.56445864,-28.77115643],[-53.56444302,-28.77115747],[-53.56443821,-28.77116064],[-53.56442981,-28.77116699],[-53.5644202,-28.77117333],[-53.56440561,-28.77117921],[-53.56439794,-28.7711819],[-53.56438568,-28.77118863],[-53.56437494,-28.77119401],[-53.56435962,-28.77119536],[-53.56433663,-28.77119536],[-53.56432284,-28.77119402],[-53.56430906,-28.77119133],[-53.56429834,-28.77118864],[-53.56428456,-28.77118596],[-53.56426926,-28.77118327],[-53.56425854,-28.77118193],[-53.56424783,-28.77117656],[-53.56424018,-28.77117522],[-53.56423254,-28.77117253],[-53.56422336,-28.77116985],[-53.56421724,-28.77116851],[-53.56420654,-28.77116717],[-53.56419278,-28.77116717],[-53.56418666,-28.77116717],[-53.56417749,-28.77116852],[-53.56417138,-28.77116852],[-53.56415915,-28.77117121],[-53.56414846,-28.77117256],[-53.56414082,-28.77117256],[-53.56413013,-28.77117122],[-53.56412402,-28.77116854],[-53.56411486,-28.77116317],[-53.56410722,-28.77116183],[-53.56409654,-28.77115646],[-53.56408585,-28.77115647],[-53.56407822,-28.77115513],[-53.56406754,-28.77115379],[-53.56405991,-28.7711538],[-53.56404465,-28.77115783],[-53.56403398,-28.77116052],[-53.5640233,-28.77116186],[-53.56401873,-28.7711632],[-53.56400348,-28.77116455],[-53.56398976,-28.77115919],[-53.56398214,-28.77115919],[-53.5639624,-28.7711577],[-53.56395653,-28.77115564],[-53.56394364,-28.77115461],[-53.56393895,-28.77115461],[-53.56392723,-28.77115564],[-53.56391669,-28.77115462],[-53.563912,-28.77115359],[-53.56389912,-28.77115153],[-53.56389444,-28.7711505],[-53.56388858,-28.77114844],[-53.56388156,-28.77114535],[-53.56386868,-28.77114123],[-53.56384762,-28.77114123],[-53.56384294,-28.77113917],[-53.56383826,-28.77113608],[-53.56383126,-28.77113197],[-53.56382659,-28.77113094],[-53.56382077,-28.77112888],[-53.56381609,-28.77112889],[-53.56381141,-28.77112889],[-53.56380556,-28.77112992],[-53.56379969,-28.77113198],[-53.56379501,-28.77113301],[-53.56378916,-28.77113301],[-53.56378098,-28.77113507],[-53.56377631,-28.77113508],[-53.56375645,-28.77113508],[-53.56374829,-28.771132],[-53.56373895,-28.771132],[-53.5637296,-28.77113303],[-53.56372376,-28.77113509],[-53.56371676,-28.77113715],[-53.5636917,-28.77114927],[-53.56368582,-28.77114927],[-53.56367114,-28.77114928],[-53.56366087,-28.77114929],[-53.5636462,-28.77114931],[-53.56363739,-28.7711506],[-53.56362713,-28.7711519],[-53.56361832,-28.77115965],[-53.56361539,-28.77116481],[-53.56361246,-28.77117255],[-53.56360806,-28.7711803],[-53.56360806,-28.77118288],[-53.56360219,-28.7711932],[-53.56359926,-28.77119449],[-53.56359193,-28.77119965],[-53.56357873,-28.77120353],[-53.56356406,-28.77120869],[-53.56355818,-28.77120998],[-53.56354496,-28.77121385],[-53.56354056,-28.77121385],[-53.56353321,-28.77121643],[-53.56351998,-28.77122287],[-53.56351116,-28.77123061],[-53.56350821,-28.77123448],[-53.56350526,-28.77124092],[-53.56350378,-28.77124608],[-53.56349643,-28.77125639],[-53.56349495,-28.77126026],[-53.56349055,-28.77126413],[-53.5634832,-28.77127573],[-53.56347734,-28.7712796],[-53.56346854,-28.77128218],[-53.56345975,-28.77128476],[-53.5634495,-28.77128733],[-53.56344072,-28.77128862],[-53.56343925,-28.77128862],[-53.56343192,-28.77129377],[-53.56342898,-28.77130151],[-53.5634231,-28.77130924],[-53.56341869,-28.77131955],[-53.56341574,-28.77132857],[-53.56340839,-28.77134017],[-53.56340693,-28.77134017],[-53.56337912,-28.77135309],[-53.56336398,-28.77136767],[-53.56335189,-28.77137164],[-53.56333979,-28.77137827],[-53.56333071,-28.77138357],[-53.56332617,-28.77138755],[-53.56332312,-28.77139417],[-53.56331705,-28.77140345],[-53.56331099,-28.77141008],[-53.56330341,-28.7714167],[-53.56329434,-28.77142201],[-53.56327771,-28.77142731],[-53.56325958,-28.77143393],[-53.56324899,-28.77143791],[-53.56324445,-28.77144188],[-53.56324141,-28.77144718],[-53.56323836,-28.77145381],[-53.56323077,-28.77146442],[-53.56322774,-28.77146707],[-53.56321714,-28.7714737],[-53.56320655,-28.77148165],[-53.56320051,-28.77148298],[-53.56318994,-28.77148695],[-53.56316094,-28.77149229],[-53.56315074,-28.77149525],[-53.56313883,-28.77150416],[-53.56313031,-28.77151307],[-53.56312689,-28.77152198],[-53.56312177,-28.77152941],[-53.56312006,-28.77153387],[-53.56311834,-28.7715413],[-53.56311493,-28.77154725],[-53.5631098,-28.77155914],[-53.56310468,-28.77156658],[-53.56309617,-28.77156955],[-53.56308765,-28.77157401],[-53.56307744,-28.77157698],[-53.56306552,-28.77157995],[-53.5630468,-28.7715844],[-53.56302976,-28.77159183],[-53.56302292,-28.77160225],[-53.56301437,-28.77161565],[-53.56300925,-28.7716216],[-53.56297513,-28.77164542],[-53.56296832,-28.77165138],[-53.5629632,-28.77166032],[-53.5629564,-28.77166181],[-53.56293089,-28.77166627],[-53.56292579,-28.77166776],[-53.56291557,-28.77167372],[-53.56291217,-28.77167372],[-53.56290196,-28.77168117],[-53.56289514,-28.7716916],[-53.56289172,-28.77169905],[-53.56289001,-28.77170353],[-53.56288659,-28.77171396],[-53.56287977,-28.77171992],[-53.56287296,-28.77172737],[-53.56286615,-28.77172886],[-53.56285254,-28.77173035],[-53.56281512,-28.7717378],[-53.56280831,-28.7717378],[-53.56279978,-28.7717378],[-53.56278616,-28.77173482],[-53.56278445,-28.77173333],[-53.56277935,-28.77172886],[-53.56277426,-28.7717214],[-53.56276916,-28.77171544],[-53.56276066,-28.77170351],[-53.56275046,-28.77169606],[-53.56274024,-28.77169159],[-53.56273002,-28.77168711],[-53.56272663,-28.77167966],[-53.56272666,-28.77166922],[-53.562725,-28.77165283],[-53.5627165,-28.77164239],[-53.5627063,-28.77163047],[-53.56269951,-28.77162152],[-53.56269271,-28.77161556],[-53.5626825,-28.77160811],[-53.56265865,-28.77160065],[-53.56265353,-28.77160064],[-53.56264159,-28.77160362],[-53.56263647,-28.77160362],[-53.56262453,-28.7716051],[-53.56261259,-28.7716051],[-53.56260406,-28.77160509],[-53.56259043,-28.77160509],[-53.56258533,-28.77160509],[-53.56257002,-28.77160509],[-53.56252316,-28.77162259],[-53.56251872,-28.77162518],[-53.56251279,-28.77163038],[-53.56250834,-28.77163557],[-53.5625039,-28.77164077],[-53.56249797,-28.77164986],[-53.56248908,-28.77165505],[-53.56248463,-28.77165505],[-53.56248019,-28.77165505],[-53.56246981,-28.77165635],[-53.56246093,-28.77165634],[-53.56245649,-28.77165374],[-53.56245353,-28.77164595],[-53.56245205,-28.77163946],[-53.56244169,-28.77163296],[-53.56242689,-28.77162646],[-53.56241505,-28.77162126],[-53.56240469,-28.77161996],[-53.5623899,-28.77161996],[-53.56237955,-28.77161995],[-53.56236328,-28.77161995],[-53.56235737,-28.77162254],[-53.56234702,-28.77162643],[-53.5623352,-28.77163291],[-53.56232633,-28.7716381],[-53.56232042,-28.77164199],[-53.56231155,-28.77164847],[-53.56230417,-28.77165495],[-53.5622953,-28.77166532],[-53.56228939,-28.7716718],[-53.56228349,-28.77167828],[-53.5622702,-28.77168735],[-53.56225839,-28.77169771],[-53.56224805,-28.77170418],[-53.5622333,-28.77171065],[-53.56222739,-28.77171324],[-53.56221264,-28.77171971],[-53.56220379,-28.7717197],[-53.56219347,-28.77171968],[-53.5621802,-28.77171967],[-53.56216841,-28.77171836],[-53.56216104,-28.77171706],[-53.56215219,-28.77171316],[-53.56214483,-28.77171056],[-53.56213304,-28.77170278],[-53.5621242,-28.77169888],[-53.56211389,-28.77169499],[-53.56210653,-28.77169498],[-53.56209475,-28.77169238],[-53.56208592,-28.77169108],[-53.56207414,-28.77169107],[-53.56206531,-28.77169106],[-53.56205501,-28.77169105],[-53.5620403,-28.77169104],[-53.56203442,-28.77168974],[-53.56202706,-28.77168585],[-53.56202412,-28.77168196],[-53.56201383,-28.7716716],[-53.56201089,-28.77166901],[-53.56200501,-28.77166383],[-53.56199619,-28.77165606],[-53.56199178,-28.77165088],[-53.56195024,-28.77164449],[-53.56194706,-28.7716431],[-53.56193595,-28.77163751],[-53.56191531,-28.77163471],[-53.56190896,-28.7716347],[-53.56189627,-28.7716347],[-53.56188199,-28.77163748],[-53.56187088,-28.77163887],[-53.56185502,-28.77164026],[-53.56184709,-28.77164025],[-53.56183441,-28.77163885],[-53.56182807,-28.77163466],[-53.56181856,-28.77163187],[-53.56181222,-28.77163047],[-53.56180429,-28.77163047],[-53.56179003,-28.77163046],[-53.56178369,-28.77163046],[-53.56177424,-28.77162906],[-53.56176322,-28.77162348],[-53.56174106,-28.77161941],[-53.5617384,-28.77161823],[-53.5617264,-28.77161821],[-53.56171974,-28.7716182],[-53.56171042,-28.77161818],[-53.56169976,-28.77161582],[-53.56169444,-28.77161463],[-53.56169045,-28.77160759],[-53.56168646,-28.77160055],[-53.56167981,-28.77159117],[-53.56167449,-28.77158413],[-53.56166519,-28.77157709],[-53.56165456,-28.77157005],[-53.56164925,-28.77157004],[-53.56164261,-28.77156887],[-53.5616373,-28.77156886],[-53.56163066,-28.77156886],[-53.56161872,-28.77156885],[-53.56161342,-28.77156885],[-53.56160811,-28.77156884],[-53.56160016,-28.7715665],[-53.56159088,-28.7715583],[-53.56158426,-28.77155245],[-53.56158294,-28.7715466],[-53.56158162,-28.77154192],[-53.56158029,-28.77153724],[-53.56158029,-28.77152905],[-53.56158029,-28.7715232],[-53.56157897,-28.7715197],[-53.56157765,-28.77151385],[-53.56157368,-28.77150449],[-53.56156838,-28.77149865],[-53.56154986,-28.77149633],[-53.56154854,-28.77149633],[-53.56154325,-28.77149283],[-53.56153136,-28.7714905],[-53.56153003,-28.7714905],[-53.56152343,-28.77149051],[-53.56151154,-28.77149285],[-53.56150362,-28.77149636],[-53.56149042,-28.77150221],[-53.56148515,-28.77150572],[-53.56147987,-28.77151272],[-53.56147326,-28.77152206],[-53.56146664,-28.77152673],[-53.56145475,-28.77153373],[-53.56144548,-28.7715454],[-53.56144152,-28.7715454],[-53.56142704,-28.77154656],[-53.56142045,-28.77154772],[-53.56140729,-28.77155122],[-53.56139809,-28.77155354],[-53.56139151,-28.77155704],[-53.5613823,-28.77156169],[-53.56137441,-28.77156635],[-53.56136915,-28.77156984],[-53.56135995,-28.77157449],[-53.56135338,-28.77157565],[-53.56134289,-28.77157564],[-53.56133503,-28.77157563],[-53.56132585,-28.77157679],[-53.5613193,-28.77157678],[-53.56130882,-28.77157561],[-53.56129835,-28.77157444],[-53.56129181,-28.77157443],[-53.56128266,-28.77157442],[-53.56127612,-28.77157209],[-53.56126698,-28.77157092],[-53.56126044,-28.77157092],[-53.56125522,-28.77156975],[-53.56125131,-28.77156859],[-53.56124218,-28.77156509],[-53.56123957,-28.77156509],[-53.56124111,-28.77151111],[-53.56227278,-28.76297361],[-53.56381669,-28.76312987],[-53.57086664,-28.76387509],[-53.57110981,-28.76389683],[-53.57894633,-28.76469534],[-53.57898574,-28.7646792],[-53.57898576,-28.76466771],[-53.57898577,-28.76465622],[-53.57898577,-28.76464933],[-53.57898054,-28.76462636],[-53.5789753,-28.76461258],[-53.57896219,-28.7646034],[-53.57895957,-28.76460111],[-53.57894122,-28.76458733],[-53.57893074,-28.76458044],[-53.57892026,-28.76456896],[-53.57891502,-28.76455977],[-53.57891504,-28.76454829],[-53.57890981,-28.7645391],[-53.57890983,-28.76452303],[-53.57890985,-28.76450925],[-53.57891249,-28.76449548],[-53.57891775,-28.764484],[-53.57892564,-28.76446564],[-53.5789309,-28.76445417],[-53.57893354,-28.76443811],[-53.57893355,-28.76443123],[-53.57892307,-28.76442205],[-53.57890997,-28.76441746],[-53.57888638,-28.76441056],[-53.57886541,-28.76440826],[-53.57885229,-28.76440825],[-53.5788418,-28.76440824],[-53.57882344,-28.76440364],[-53.57880509,-28.76439904],[-53.57879984,-28.76439675],[-53.57878149,-28.76438985],[-53.57877363,-28.76438296],[-53.57876052,-28.76437607],[-53.57875005,-28.7643623],[-53.57874482,-28.76435311],[-53.57873437,-28.76433016],[-53.57873439,-28.7643164],[-53.57873442,-28.76430493],[-53.57873445,-28.76429117],[-53.57873709,-28.764282],[-53.57873712,-28.76426366],[-53.57873712,-28.76424529],[-53.57873712,-28.76422923],[-53.5787345,-28.76421545],[-53.57872925,-28.76419938],[-53.57871351,-28.76418099],[-53.57869251,-28.76416259],[-53.57867676,-28.76415568],[-53.57866888,-28.76415567],[-53.57865575,-28.76415335],[-53.57864262,-28.76415103],[-53.57862161,-28.76414411],[-53.57860848,-28.76413719],[-53.57858907,-28.76408662],[-53.5785835,-28.76407441],[-53.57858071,-28.76407197],[-53.57856955,-28.76405977],[-53.57855282,-28.76404512],[-53.57854167,-28.7640378],[-53.5785333,-28.76403048],[-53.57851935,-28.76401583],[-53.57851377,-28.7640085],[-53.57851098,-28.7639914],[-53.57851098,-28.76397674],[-53.57851377,-28.76395475],[-53.57851935,-28.76394742],[-53.57853051,-28.76394009],[-53.57854446,-28.76393032],[-53.57855561,-28.76392054],[-53.57856677,-28.76391321],[-53.57857513,-28.76390589],[-53.57858907,-28.76389856],[-53.57860302,-28.76389123],[-53.57862532,-28.7638717],[-53.5786281,-28.76384972],[-53.5786281,-28.76383263],[-53.57863368,-28.76381309],[-53.57863925,-28.763796],[-53.57863925,-28.76377647],[-53.57863925,-28.76375693],[-53.57863925,-28.76373251],[-53.57863368,-28.76371786],[-53.57862532,-28.76369832],[-53.57861417,-28.76368121],[-53.5786058,-28.76366655],[-53.57859186,-28.76365188],[-53.57858071,-28.76363966],[-53.57857234,-28.76363232],[-53.57855561,-28.76362009],[-53.57854167,-28.76361763],[-53.57852493,-28.76361517],[-53.57850819,-28.76361026],[-53.57848866,-28.76360779],[-53.57846633,-28.76360044],[-53.578444,-28.76359308],[-53.57842725,-28.76358328],[-53.57839651,-28.76356366],[-53.5783937,-28.76354897],[-53.57839368,-28.76353673],[-53.57839366,-28.76352449],[-53.57840759,-28.76350247],[-53.57841875,-28.7634878],[-53.57842431,-28.76347556],[-53.57842709,-28.76346332],[-53.57842707,-28.76344862],[-53.57842706,-28.76343882],[-53.57842704,-28.76342412],[-53.57841584,-28.76340939],[-53.57841304,-28.76340693],[-53.57839346,-28.76339464],[-53.57837668,-28.7633897],[-53.57835991,-28.76338721],[-53.57834872,-28.76338474],[-53.57832914,-28.76338225],[-53.57831236,-28.76337976],[-53.57830117,-28.76337973],[-53.57827878,-28.76337478],[-53.57825918,-28.76336738],[-53.57823957,-28.76335752],[-53.57822555,-28.76334767],[-53.57821712,-28.76333293],[-53.57821711,-28.76332802],[-53.57821705,-28.76330102],[-53.57822263,-28.76329367],[-53.57822821,-28.76328386],[-53.57823938,-28.76326916],[-53.57825336,-28.76326183],[-53.57826732,-28.76324468],[-53.57826731,-28.76323977],[-53.57827008,-28.76322259],[-53.57826725,-28.76320785],[-53.57825321,-28.7631808],[-53.57823919,-28.76315869],[-53.57823918,-28.76315377],[-53.57824195,-28.76314148],[-53.57824752,-28.76313165],[-53.57825029,-28.76312182],[-53.57826424,-28.76310708],[-53.57826703,-28.76309972],[-53.57828457,-28.76306774],[-53.57828763,-28.76305968],[-53.57829374,-28.76304088],[-53.57829989,-28.76303818],[-53.57831217,-28.7630301],[-53.57832136,-28.76301129],[-53.57832747,-28.76298981],[-53.57833358,-28.76296832],[-53.57833357,-28.76295757],[-53.5783274,-28.76294415],[-53.57832124,-28.76293342],[-53.57831199,-28.76292],[-53.57830275,-28.76291195],[-53.5782935,-28.76290122],[-53.57828733,-28.76288778],[-53.57827501,-28.76286091],[-53.57827501,-28.76284477],[-53.57827501,-28.76282594],[-53.57827809,-28.76281249],[-53.57828733,-28.76279635],[-53.57829657,-28.76277752],[-53.57830889,-28.76275868],[-53.57830889,-28.76274524],[-53.57831197,-28.76272911],[-53.57830581,-28.76271297],[-53.57829657,-28.76269684],[-53.57828118,-28.76267533],[-53.57828118,-28.76265381],[-53.57828118,-28.76265112],[-53.5782781,-28.76263768],[-53.5782781,-28.76262154],[-53.57828426,-28.76260003],[-53.57829042,-28.76258659],[-53.57830579,-28.76257046],[-53.57831808,-28.76255971],[-53.57833653,-28.76253283],[-53.57833653,-28.76252745],[-53.57833653,-28.7625167],[-53.57833653,-28.7624925],[-53.57836573,-28.76243104],[-53.57836573,-28.76242503],[-53.57838292,-28.7623949],[-53.57838979,-28.76237985],[-53.57839323,-28.76235879],[-53.57839323,-28.76233775],[-53.57839321,-28.76231673],[-53.57838289,-28.76228973],[-53.57838289,-28.76228672],[-53.57836913,-28.76226272],[-53.5783588,-28.76223871],[-53.57835192,-28.7622207],[-53.578345,-28.76218768],[-53.57834497,-28.76216666],[-53.57834835,-28.76213363],[-53.57837235,-28.76209755],[-53.57838949,-28.7620735],[-53.57839978,-28.76205846],[-53.57841007,-28.76204042],[-53.57842033,-28.76201338],[-53.5784203,-28.76199836],[-53.57842027,-28.76198334],[-53.57841335,-28.76196231],[-53.57840989,-28.76194729],[-53.5784064,-28.76192625],[-53.57839948,-28.7619022],[-53.57839255,-28.76187815],[-53.57838564,-28.76185709],[-53.57838216,-28.76183302],[-53.57838214,-28.76182098],[-53.57838212,-28.76180292],[-53.5783821,-28.76179088],[-53.57838895,-28.76177282],[-53.57839924,-28.76176077],[-53.5784061,-28.76174572],[-53.57842671,-28.76173367],[-53.57845763,-28.7617156],[-53.57851861,-28.76166354],[-53.57853062,-28.76164245],[-53.57854666,-28.76162136],[-53.57856271,-28.76160026],[-53.57857876,-28.76157916],[-53.57859078,-28.76155805],[-53.57859471,-28.76152639],[-53.57860281,-28.76150161],[-53.57860694,-28.7614697],[-53.57861506,-28.76144843],[-53.57862726,-28.76140945],[-53.5786394,-28.76138819],[-53.57865962,-28.76135986],[-53.57867981,-28.76133861],[-53.57870406,-28.76130321],[-53.57872426,-28.76128196],[-53.57875256,-28.76125005],[-53.57879739,-28.76120023],[-53.57881286,-28.76120021],[-53.57882249,-28.7611968],[-53.57883408,-28.76119508],[-53.57884371,-28.76119166],[-53.57885529,-28.76118995],[-53.5788745,-28.76117801],[-53.57888603,-28.76116949],[-53.5788956,-28.76115757],[-53.57890709,-28.76114395],[-53.57891279,-28.76113373],[-53.57891657,-28.76112692],[-53.57892032,-28.76111671],[-53.57892401,-28.7611014],[-53.57892774,-28.7610895],[-53.57893142,-28.7610725],[-53.57893507,-28.76105381],[-53.57893506,-28.76105211],[-53.57893492,-28.76103853],[-53.57893091,-28.76102325],[-53.578927,-28.76101647],[-53.57891345,-28.76100799],[-53.57889989,-28.76099782],[-53.57889216,-28.76099443],[-53.57888055,-28.76098766],[-53.57886896,-28.76098257],[-53.57885737,-28.76097749],[-53.57884964,-28.7609741],[-53.5788458,-28.7609741],[-53.57883615,-28.76097072],[-53.57882263,-28.76096563],[-53.57881293,-28.76095716],[-53.57881292,-28.76095546],[-53.57880704,-28.7609436],[-53.5788031,-28.76093343],[-53.57880304,-28.76092665],[-53.57880871,-28.76091479],[-53.57881251,-28.76090971],[-53.57881628,-28.76090124],[-53.57882195,-28.76088939],[-53.57883142,-28.76087416],[-53.57883522,-28.76086908],[-53.57884664,-28.76085724],[-53.57885038,-28.7608471],[-53.57885413,-28.76083696],[-53.578856,-28.76082681],[-53.57885981,-28.76081328],[-53.57886746,-28.76079976],[-53.57887126,-28.76078286],[-53.57887317,-28.7607761],[-53.57887506,-28.76076427],[-53.57888274,-28.76074567],[-53.57888659,-28.76073891],[-53.57889429,-28.76072877],[-53.57890198,-28.76072032],[-53.5789116,-28.76070849],[-53.57891353,-28.76070849],[-53.57892122,-28.76069666],[-53.57893084,-28.7606899],[-53.57894431,-28.76068145],[-53.57894815,-28.76067808],[-53.57895006,-28.76066456],[-53.57895196,-28.76064597],[-53.57895196,-28.76063076],[-53.57895196,-28.76062061],[-53.57895196,-28.76059864],[-53.57895196,-28.76058849],[-53.57895196,-28.76057666],[-53.57895156,-28.76056011],[-53.57895156,-28.76055335],[-53.57895156,-28.76054545],[-53.5789503,-28.76053644],[-53.5789439,-28.76052854],[-53.57893748,-28.76052178],[-53.57893235,-28.76051501],[-53.57893107,-28.76050712],[-53.57892722,-28.76050148],[-53.57892208,-28.76049133],[-53.5789195,-28.76048231],[-53.57891949,-28.7604778],[-53.57891562,-28.7604699],[-53.57891432,-28.76046314],[-53.57891302,-28.76045863],[-53.57891173,-28.76044961],[-53.57890787,-28.76044058],[-53.57890658,-28.76043607],[-53.57890401,-28.76042705],[-53.57890401,-28.7604169],[-53.57890529,-28.76040788],[-53.57890529,-28.76040112],[-53.57890529,-28.76038758],[-53.57890787,-28.76037856],[-53.57890787,-28.7603718],[-53.57890787,-28.76036165],[-53.57890787,-28.7603515],[-53.57890787,-28.76034022],[-53.57891044,-28.76033233],[-53.57891687,-28.7603188],[-53.57892073,-28.76030977],[-53.5789233,-28.76030414],[-53.57892716,-28.76029511],[-53.57893102,-28.76028609],[-53.57893617,-28.76027482],[-53.57894003,-28.76026467],[-53.57894517,-28.76025452],[-53.57894517,-28.76024324],[-53.57894517,-28.76022407],[-53.57894389,-28.76021167],[-53.57893617,-28.76019701],[-53.57893102,-28.7601846],[-53.5789233,-28.76017445],[-53.57891559,-28.76016205],[-53.57891173,-28.76015303],[-53.57890656,-28.76014289],[-53.57890522,-28.76013165],[-53.57890388,-28.76012041],[-53.57890257,-28.7601148],[-53.57891046,-28.76009482],[-53.57891175,-28.76008688],[-53.57891175,-28.76007328],[-53.57891175,-28.76006534],[-53.57891538,-28.76004505],[-53.57891728,-28.76004009],[-53.57891824,-28.76003594],[-53.57892299,-28.76002933],[-53.57892489,-28.76002519],[-53.57892584,-28.76002105],[-53.57892584,-28.76001524],[-53.57892584,-28.76001027],[-53.57892584,-28.76000613],[-53.57892584,-28.76000281],[-53.57892489,-28.75999949],[-53.57892299,-28.75999451],[-53.57892014,-28.75998788],[-53.57891824,-28.75998373],[-53.57891443,-28.75997626],[-53.57891348,-28.75997377],[-53.57891158,-28.75996714],[-53.57891158,-28.75996382],[-53.57891158,-28.75995719],[-53.57891538,-28.75995222],[-53.57891824,-28.75994809],[-53.57892299,-28.75994312],[-53.57892869,-28.75993982],[-53.57893345,-28.75993817],[-53.578942,-28.75993487],[-53.57895239,-28.75993072],[-53.57895611,-28.75992738],[-53.57896261,-28.75992403],[-53.57896912,-28.75991572],[-53.57896819,-28.75990909],[-53.5789654,-28.75990413],[-53.57896168,-28.75989917],[-53.5789589,-28.75989587],[-53.57895704,-28.75989256],[-53.57895611,-28.75988925],[-53.57895239,-28.75987931],[-53.57895239,-28.75987185],[-53.57895239,-28.75986273],[-53.57895239,-28.75985527],[-53.57895518,-28.75984698],[-53.57895797,-28.75984448],[-53.57896354,-28.75983867],[-53.57896819,-28.75983286],[-53.5789719,-28.75982871],[-53.57897284,-28.75982457],[-53.57897286,-28.75981794],[-53.57896822,-28.75981132],[-53.57896358,-28.75980718],[-53.57895613,-28.75980304],[-53.57895053,-28.75979973],[-53.5789477,-28.75979392],[-53.5789477,-28.75978895],[-53.5789477,-28.75978231],[-53.5789477,-28.75977568],[-53.5789496,-28.75976822],[-53.5789496,-28.75976159],[-53.57894292,-28.75975744],[-53.57893336,-28.75975496],[-53.57893049,-28.75975165],[-53.57892858,-28.75974337],[-53.57892667,-28.7597384],[-53.57892189,-28.75973094],[-53.57892189,-28.75972929],[-53.57891903,-28.75972349],[-53.57891425,-28.75972019],[-53.57890948,-28.75971854],[-53.57890375,-28.75970944],[-53.57889612,-28.75970779],[-53.57889039,-28.75970615],[-53.57888562,-28.75970202],[-53.57888086,-28.75969623],[-53.57887418,-28.75969377],[-53.57887323,-28.75969294],[-53.57886521,-28.75968605],[-53.5788642,-28.75967989],[-53.57886217,-28.75967725],[-53.57885913,-28.75966668],[-53.57885608,-28.7596614],[-53.57885406,-28.75965612],[-53.57885203,-28.75964556],[-53.57885,-28.75964028],[-53.57884594,-28.75962972],[-53.57884493,-28.75962708],[-53.57883986,-28.75962092],[-53.57883277,-28.75961212],[-53.57883176,-28.75960948],[-53.57882467,-28.75960332],[-53.57881353,-28.75958925],[-53.57881252,-28.75958837],[-53.57881151,-28.75958398],[-53.57880645,-28.75957695],[-53.57880139,-28.75956992],[-53.57879835,-28.75956202],[-53.57879532,-28.75955675],[-53.57878824,-28.75954797],[-53.57878217,-28.75954007],[-53.57877409,-28.75953481],[-53.57877106,-28.75953393],[-53.57876399,-28.75953043],[-53.57876197,-28.7595278],[-53.57874985,-28.75951816],[-53.57874683,-28.75951466],[-53.57874178,-28.75950764],[-53.57873976,-28.75950414],[-53.57873775,-28.75949888],[-53.57873371,-28.75949011],[-53.5787317,-28.75948573],[-53.5787317,-28.75947871],[-53.57873069,-28.75947082],[-53.57872766,-28.75946557],[-53.57872362,-28.75945769],[-53.57872361,-28.75945418],[-53.57872357,-28.75944543],[-53.57872356,-28.75944105],[-53.57872354,-28.75943667],[-53.5787225,-28.7594288],[-53.57872247,-28.75942005],[-53.57872145,-28.75941568],[-53.5787184,-28.75940957],[-53.57871037,-28.75940332],[-53.57870863,-28.75939447],[-53.57870348,-28.75938269],[-53.57870005,-28.75937532],[-53.57869493,-28.75936796],[-53.57868468,-28.75935176],[-53.57868124,-28.75934293],[-53.57867442,-28.7593341],[-53.578671,-28.75932675],[-53.57866756,-28.75931645],[-53.57866752,-28.75930762],[-53.5786641,-28.75930174],[-53.57865557,-28.75928852],[-53.57864705,-28.7592753],[-53.57864364,-28.75927089],[-53.57863343,-28.75925916],[-53.57862999,-28.75924594],[-53.57862826,-28.75923713],[-53.57862822,-28.75922831],[-53.57863157,-28.75921802],[-53.57863491,-28.7592092],[-53.57863656,-28.75919891],[-53.57863821,-28.75918863],[-53.57863986,-28.75917981],[-53.57863983,-28.75917247],[-53.57863979,-28.75916367],[-53.57863975,-28.75915486],[-53.57863803,-28.75914753],[-53.57863799,-28.75913872],[-53.57863794,-28.75912699],[-53.57863789,-28.75911525],[-53.57863955,-28.75910791],[-53.57864288,-28.7590947],[-53.57865127,-28.75907999],[-53.5786563,-28.75906971],[-53.57865965,-28.75906236],[-53.57866298,-28.75905208],[-53.57866462,-28.75903888],[-53.57866285,-28.75902276],[-53.57866113,-28.75901545],[-53.57865769,-28.75900228],[-53.57865936,-28.75899787],[-53.5786661,-28.75899344],[-53.57867114,-28.75898462],[-53.57868289,-28.75896697],[-53.57868626,-28.75896402],[-53.57868792,-28.75895669],[-53.57868787,-28.75894644],[-53.57868783,-28.75893619],[-53.57867934,-28.75892892],[-53.57867423,-28.75892164],[-53.57866744,-28.75891436],[-53.57865728,-28.75891151],[-53.5786539,-28.75891007],[-53.57864715,-28.75891158],[-53.57863837,-28.75889297],[-53.57863835,-28.75888741],[-53.57863512,-28.75887769],[-53.57863348,-28.75886659],[-53.57863188,-28.75886381],[-53.57862867,-28.75885826],[-53.57861588,-28.75884993],[-53.57860947,-28.75884022],[-53.57860307,-28.7588319],[-53.57859826,-28.75882358],[-53.57859665,-28.75881804],[-53.57859663,-28.75881111],[-53.5785966,-28.75880418],[-53.57859658,-28.75879725],[-53.57859653,-28.75878478],[-53.5785997,-28.75877924],[-53.57860445,-28.75877369],[-53.5786092,-28.75876814],[-53.5786187,-28.75875844],[-53.57862346,-28.75875428],[-53.57862815,-28.75873904],[-53.5786297,-28.75873073],[-53.57863439,-28.7587155],[-53.57863912,-28.75870719],[-53.57864227,-28.75870026],[-53.57864858,-28.75869057],[-53.57865494,-28.75868779],[-53.57866766,-28.75868361],[-53.57868038,-28.75867804],[-53.57868674,-28.75867526],[-53.57869786,-28.75866832],[-53.5787042,-28.75866277],[-53.57870734,-28.75865446],[-53.57871207,-28.75864614],[-53.57871682,-28.7586406],[-53.57872157,-28.75863505],[-53.57872631,-28.75862812],[-53.57873578,-28.75861288],[-53.57875487,-28.75860452],[-53.57875804,-28.75860036],[-53.57876119,-28.75859482],[-53.57876906,-28.75858235],[-53.57878173,-28.75857541],[-53.57878966,-28.75857125],[-53.57879762,-28.75857122],[-53.57880241,-28.75857121],[-53.57881352,-28.75856703],[-53.57881671,-28.75856702],[-53.5788221,-28.75855207],[-53.57882044,-28.75854512],[-53.57881878,-28.75853816],[-53.57881868,-28.75852845],[-53.57882018,-28.75852013],[-53.57882487,-28.7585146],[-53.57883273,-28.7585077],[-53.57884057,-28.75849941],[-53.57884844,-28.75849389],[-53.57886265,-28.75848841],[-53.57887212,-28.75848429],[-53.57888001,-28.75848016],[-53.57889106,-28.75847466],[-53.57889728,-28.75846359],[-53.57890037,-28.75845667],[-53.57890181,-28.7584442],[-53.57890166,-28.75843173],[-53.5789015,-28.75841374],[-53.57890144,-28.75840682],[-53.57890293,-28.75839577],[-53.57890447,-28.75839024],[-53.57890906,-28.75837642],[-53.57891525,-28.75836536],[-53.57892144,-28.75835431],[-53.57892136,-28.7583474],[-53.57892123,-28.75833634],[-53.57891631,-28.75832114],[-53.57891623,-28.75831423],[-53.57891609,-28.75830318],[-53.57891596,-28.75829214],[-53.57891585,-28.75828248],[-53.5789204,-28.75826731],[-53.57892338,-28.75825215],[-53.57892637,-28.75823837],[-53.57892625,-28.75822872],[-53.57892134,-28.75821356],[-53.57891327,-28.75819841],[-53.57890519,-28.75818189],[-53.57889718,-28.75817089],[-53.57887965,-28.75815301],[-53.57887335,-28.75815301],[-53.57885282,-28.7581475],[-53.57884018,-28.75814338],[-53.57882122,-28.7581365],[-53.57881174,-28.75813238],[-53.57880541,-28.75812826],[-53.57880218,-28.75812003],[-53.57879888,-28.75810494],[-53.57879878,-28.75809534],[-53.5787987,-28.75808437],[-53.5787987,-28.75807752],[-53.5787987,-28.75806792],[-53.57879398,-28.7580597],[-53.5787877,-28.75805559],[-53.57877984,-28.75805148],[-53.57876256,-28.75804189],[-53.57875156,-28.75802682],[-53.57874685,-28.7580186],[-53.57874214,-28.75800764],[-53.57873429,-28.7579912],[-53.57873115,-28.75798299],[-53.57873115,-28.75797339],[-53.57873115,-28.75796654],[-53.57873115,-28.75795284],[-53.57872801,-28.75794051],[-53.57872644,-28.75792956],[-53.57872644,-28.75792408],[-53.57872644,-28.75791722],[-53.57872958,-28.757909],[-53.57873429,-28.75790214],[-53.57873793,-28.75787274],[-53.57874587,-28.7578686],[-53.57875857,-28.75785893],[-53.57876492,-28.7578534],[-53.57877128,-28.75784095],[-53.57877128,-28.75782986],[-53.57876969,-28.75782153],[-53.57876492,-28.75781459],[-53.57876016,-28.75780626],[-53.57875381,-28.75779932],[-53.57874587,-28.75778683],[-53.57873634,-28.75777849],[-53.57872999,-28.757766],[-53.57872523,-28.75775491],[-53.57872205,-28.75774659],[-53.57871888,-28.7577355],[-53.57871729,-28.75772856],[-53.57871412,-28.7577147],[-53.57870936,-28.75769807],[-53.57870777,-28.75768698],[-53.57870301,-28.75767589],[-53.57869983,-28.75766619],[-53.57869666,-28.75765925],[-53.57869507,-28.75765094],[-53.57868873,-28.75763431],[-53.57868714,-28.75762461],[-53.5786808,-28.75761352],[-53.57867921,-28.75760244],[-53.57867604,-28.75759135],[-53.57867128,-28.75757472],[-53.57866969,-28.75756503],[-53.57866969,-28.75755533],[-53.57866969,-28.75754563],[-53.57867128,-28.75753455],[-53.57867287,-28.75752763],[-53.57867604,-28.7575207],[-53.5786808,-28.75751101],[-53.57868556,-28.75750408],[-53.5786919,-28.75749577],[-53.57869984,-28.75748746],[-53.57870936,-28.75747637],[-53.57872047,-28.75746528],[-53.57873427,-28.75746026],[-53.57874338,-28.7574555],[-53.57874703,-28.75745391],[-53.57874885,-28.75744755],[-53.57875249,-28.75743961],[-53.57876343,-28.75743167],[-53.57876343,-28.75741894],[-53.57876343,-28.7574078],[-53.57876346,-28.75739349],[-53.57876171,-28.7573776],[-53.57875631,-28.75736011],[-53.57875457,-28.75734261],[-53.57875464,-28.75732512],[-53.57875468,-28.75731558],[-53.57876204,-28.75730126],[-53.57876759,-28.75728376],[-53.57877311,-28.75727263],[-53.57878046,-28.75726149],[-53.57878597,-28.75725353],[-53.57878783,-28.75724557],[-53.57878973,-28.75722964],[-53.57878979,-28.7572169],[-53.57878984,-28.75720575],[-53.57878992,-28.75718822],[-53.57878996,-28.75717866],[-53.57879187,-28.75716113],[-53.57879554,-28.75715634],[-53.57880291,-28.75714199],[-53.57880845,-28.75712923],[-53.57881217,-28.75711647],[-53.57881223,-28.75710371],[-53.57881228,-28.75709094],[-53.57881057,-28.757067],[-53.57880149,-28.75705424],[-53.57879061,-28.75703669],[-53.57877605,-28.75702234],[-53.57876878,-28.75701436],[-53.57875785,-28.75700639],[-53.57875239,-28.75700161],[-53.57874695,-28.75699203],[-53.57871896,-28.75696131],[-53.57871898,-28.75695753],[-53.57871688,-28.75694432],[-53.57871045,-28.7569311],[-53.57870833,-28.75692166],[-53.57870838,-28.75691222],[-53.57870629,-28.75689523],[-53.57870633,-28.75688767],[-53.57871075,-28.75687068],[-53.57871951,-28.75685179],[-53.5787261,-28.75683479],[-53.57873482,-28.75682345],[-53.57874356,-28.75681022],[-53.57875013,-28.75679888],[-53.57875451,-28.75678943],[-53.57875892,-28.75677619],[-53.57875899,-28.75676295],[-53.57875906,-28.75674971],[-53.57875915,-28.75673268],[-53.57875704,-28.75672133],[-53.57875701,-28.7567062],[-53.57875031,-28.75668162],[-53.57875021,-28.75666839],[-53.57875014,-28.75665894],[-53.57874352,-28.75664383],[-53.57873038,-28.75662684],[-53.57871518,-28.75662307],[-53.57871085,-28.75662307],[-53.57870214,-28.75661742],[-53.57869125,-28.75660987],[-53.57868685,-28.75660044],[-53.57867802,-28.75657592],[-53.57867796,-28.75656837],[-53.57867783,-28.75654952],[-53.5786821,-28.75654197],[-53.5786842,-28.75653254],[-53.57868413,-28.75652312],[-53.57868405,-28.75651181],[-53.57868613,-28.7565005],[-53.57868606,-28.75649108],[-53.5786903,-28.75647789],[-53.57869236,-28.7564647],[-53.57869434,-28.756444],[-53.57869419,-28.75642895],[-53.57869408,-28.75641767],[-53.57869825,-28.75640263],[-53.57870242,-28.7563876],[-53.57870446,-28.75637632],[-53.57871081,-28.75636128],[-53.57871718,-28.75634812],[-53.57872357,-28.75633872],[-53.57872567,-28.7563312],[-53.57872557,-28.75631805],[-53.57872974,-28.75629926],[-53.57873398,-28.75628987],[-53.57873821,-28.7562786],[-53.57874245,-28.7562692],[-53.57874457,-28.75626545],[-53.57874882,-28.75625793],[-53.57875739,-28.75625042],[-53.57876164,-28.7562429],[-53.57877018,-28.75623351],[-53.57877871,-28.75622224],[-53.57878939,-28.75621097],[-53.57880433,-28.75620161],[-53.57881504,-28.75619786],[-53.57882784,-28.75619037],[-53.5788321,-28.75618663],[-53.57887,-28.75617278],[-53.57885556,-28.75616],[-53.5767025,-28.75499306],[-53.57453417,-28.75385472],[-53.5743525,-28.75375806],[-53.5734358,-28.74922746],[-53.57342193,-28.74915893],[-53.57291417,-28.74664944],[-53.57131857,-28.73936417],[-53.57069926,-28.73653955],[-53.57137419,-28.73591981],[-53.57137657,-28.73591762],[-53.571401,-28.73592],[-53.5715199,-28.73593587],[-53.57152478,-28.73593652],[-53.571933,-28.735991],[-53.57274006,-28.73605471],[-53.5727518,-28.73605563],[-53.573884,-28.736145],[-53.573986,-28.736152],[-53.57431,-28.736172],[-53.574614,-28.736187],[-53.574861,-28.736181],[-53.575052,-28.73617],[-53.575267,-28.736146],[-53.57528442,-28.7361421],[-53.57576262,-28.73603509],[-53.57609028,-28.73707306],[-53.57642903,-28.73791836],[-53.5764327,-28.73792796],[-53.57644737,-28.73795355],[-53.57646569,-28.73797275],[-53.57647302,-28.73798235],[-53.5764877,-28.73800475],[-53.5764987,-28.73802076],[-53.57650973,-28.73804318],[-53.57651342,-28.73805599],[-53.57652077,-28.7380688],[-53.57652082,-28.73808802],[-53.57652453,-28.73810404],[-53.57652822,-28.73811686],[-53.5765356,-28.7381393],[-53.57654297,-28.73815854],[-53.57655764,-28.73817457],[-53.57656511,-28.73819385],[-53.57657618,-28.7382067],[-53.57658729,-28.73822598],[-53.57660212,-28.73825171],[-53.57661329,-28.73827745],[-53.57662071,-28.73829032],[-53.5766282,-28.73831286],[-53.57663581,-28.73835151],[-53.5766434,-28.73838696],[-53.57664714,-28.73839664],[-53.57666938,-28.7384257],[-53.57668049,-28.73843862],[-53.57670645,-28.73847094],[-53.57672866,-28.73849036],[-53.57674352,-28.73850977],[-53.57675849,-28.73853569],[-53.57678457,-28.73856491],[-53.57680703,-28.73859739],[-53.57682221,-28.73863639],[-53.57683365,-28.73866891],[-53.57684122,-28.73868519],[-53.57685259,-28.73871124],[-53.57686406,-28.73874384],[-53.57687168,-28.73876341],[-53.5768793,-28.73878299],[-53.57689457,-28.73882218],[-53.57689851,-28.73884178],[-53.57690237,-28.73885486],[-53.57694901,-28.73889998],[-53.57695565,-28.73891141],[-53.5769656,-28.73892569],[-53.57697885,-28.73894285],[-53.57699551,-28.73897433],[-53.57700221,-28.73899152],[-53.57700563,-28.73900872],[-53.57700574,-28.73902307],[-53.57700585,-28.73903742],[-53.57701596,-28.739069],[-53.57703273,-28.73910925],[-53.57704275,-28.73912652],[-53.57706275,-28.73915533],[-53.57707286,-28.73918128],[-53.57708299,-28.73920725],[-53.57709987,-28.73924193],[-53.57711347,-28.73927667],[-53.57711701,-28.73929694],[-53.57712389,-28.73932014],[-53.57714096,-28.73936185],[-53.57714106,-28.73938176],[-53.57714115,-28.7394017],[-53.57714125,-28.73942165],[-53.5771442,-28.73943911],[-53.57715288,-28.73945658],[-53.57716734,-28.73947906],[-53.57717892,-28.73949907],[-53.57719052,-28.7395216],[-53.57719635,-28.73953915],[-53.57720505,-28.7395567],[-53.57721084,-28.73956675],[-53.57721954,-28.73958685],[-53.57723403,-28.73961198],[-53.57724854,-28.73963965],[-53.57726018,-28.73966484],[-53.57727183,-28.73969256],[-53.57728056,-28.73970769],[-53.57728638,-28.73972031],[-53.57729222,-28.73973293],[-53.57730389,-28.73975819],[-53.57731556,-28.73978094],[-53.57733014,-28.73980625],[-53.57734179,-28.73981892],[-53.57736219,-28.73984175],[-53.57739422,-28.73986463],[-53.57740588,-28.73987226],[-53.57743507,-28.73989518],[-53.57745555,-28.73991302],[-53.57747896,-28.73993089],[-53.57749071,-28.73994365],[-53.57751719,-28.73997684],[-53.57753483,-28.73999475],[-53.57753775,-28.73999476],[-53.57757671,-28.74002128],[-53.57760767,-28.74003353],[-53.57762176,-28.74003844],[-53.57763302,-28.74004089],[-53.57766122,-28.74005316],[-53.57766689,-28.74006053],[-53.57769231,-28.74007283],[-53.57772624,-28.74009006],[-53.57774039,-28.74009745],[-53.57775177,-28.74011223],[-53.57776313,-28.74012457],[-53.57777168,-28.7401369],[-53.57778589,-28.74014925],[-53.57779446,-28.74016407],[-53.57780304,-28.74017889],[-53.57781444,-28.74019126],[-53.57782872,-28.74021106],[-53.5778487,-28.74023582],[-53.57786836,-28.74025804],[-53.57789084,-28.74028025],[-53.57790772,-28.74029506],[-53.57792463,-28.74030741],[-53.57794435,-28.74032223],[-53.57795844,-28.74033211],[-53.57796964,-28.74034691],[-53.57797808,-28.74035431],[-53.57798643,-28.74036909],[-53.57799763,-28.74038387],[-53.57800879,-28.74040111],[-53.57802566,-28.74041591],[-53.57803687,-28.74042823],[-53.5780538,-28.74043812],[-53.57807922,-28.7404505],[-53.57811458,-28.7404845],[-53.57812952,-28.74048713],[-53.57815343,-28.74048713],[-53.57817436,-28.74049238],[-53.57820127,-28.74050024],[-53.57822819,-28.74051335],[-53.57824315,-28.7405186],[-53.57825811,-28.74052647],[-53.57828203,-28.74053434],[-53.57830299,-28.74053435],[-53.57832991,-28.74054222],[-53.57834487,-28.74054484],[-53.57835684,-28.74054747],[-53.57837781,-28.74054748],[-53.57838977,-28.74055272],[-53.57840472,-28.74056058],[-53.57841969,-28.74056321],[-53.57844065,-28.74056584],[-53.57847063,-28.74056586],[-53.57848862,-28.74056587],[-53.57852158,-28.74057113],[-53.57853654,-28.74057638],[-53.57856352,-28.74058164],[-53.57857851,-28.74058689],[-53.5785905,-28.74058952],[-53.57863254,-28.74060005],[-53.57864755,-28.74060531],[-53.57866256,-28.74061057],[-53.57868658,-28.74061584],[-53.57871362,-28.74061849],[-53.57876773,-28.74062116],[-53.57877976,-28.7406238],[-53.57880081,-28.74062645],[-53.57881885,-28.74063171],[-53.57885193,-28.74063962],[-53.57887903,-28.74063965],[-53.57890914,-28.74063968],[-53.57893925,-28.74064497],[-53.57895436,-28.74064499],[-53.57899069,-28.74066703],[-53.57900474,-28.74067196],[-53.57903568,-28.74067197],[-53.57904976,-28.74067197],[-53.57906384,-28.74067198],[-53.57908356,-28.7406695],[-53.57910048,-28.74066951],[-53.5791174,-28.74066951],[-53.57913996,-28.74067199],[-53.57915125,-28.74067694],[-53.57917666,-28.74068189],[-53.5791936,-28.74068684],[-53.57921338,-28.74069427],[-53.57922752,-28.74070171],[-53.57923883,-28.74070666],[-53.57925862,-28.74070915],[-53.57927277,-28.74070916],[-53.57930108,-28.74071413],[-53.57932944,-28.74072407],[-53.57934079,-28.74072657],[-53.57936066,-28.74073155],[-53.57937203,-28.74073404],[-53.5794033,-28.74073905],[-53.57944314,-28.7407391],[-53.57945737,-28.74073911],[-53.57948296,-28.74073913],[-53.57950003,-28.74073914],[-53.57952565,-28.74073916],[-53.57955698,-28.74074168],[-53.57958551,-28.74074917],[-53.57960264,-28.74075417],[-53.57963405,-28.74076167],[-53.57964261,-28.74076417],[-53.57965404,-28.74076916],[-53.57967687,-28.74077167],[-53.5797083,-28.74077918],[-53.57971402,-28.74078168],[-53.57973401,-28.7407817],[-53.57975114,-28.74078172],[-53.57976541,-28.74077924],[-53.57978542,-28.74077926],[-53.57985124,-28.7407893],[-53.57986838,-28.74079181],[-53.57987694,-28.74079181],[-53.5798884,-28.74079682],[-53.57990843,-28.74080183],[-53.57992844,-28.74080434],[-53.57995422,-28.74081185],[-53.57996567,-28.74081436],[-53.57998858,-28.74081688],[-53.57999432,-28.74081689],[-53.58000869,-28.74081941],[-53.58003453,-28.74082195],[-53.58004604,-28.74082446],[-53.58006617,-28.74082699],[-53.5800921,-28.74083454],[-53.58011515,-28.74083958],[-53.5801209,-28.74083959],[-53.58014108,-28.74084463],[-53.58014974,-28.74084715],[-53.58016706,-28.74085219],[-53.58018439,-28.74085723],[-53.58020169,-28.74085977],[-53.58023055,-28.74086483],[-53.58025075,-28.74086738],[-53.58026516,-28.7408674],[-53.58030539,-28.74086995],[-53.58031692,-28.74087247],[-53.58033946,-28.74087241],[-53.58036185,-28.74087234],[-53.58038419,-28.74086975],[-53.58039253,-28.74086721],[-53.58040366,-28.74086467],[-53.58041757,-28.74086211],[-53.58042869,-28.74085957],[-53.58044518,-28.74084698],[-53.58046106,-28.74084194],[-53.58046671,-28.74083938],[-53.58047238,-28.74083809],[-53.5804738,-28.74083808],[-53.58047626,-28.7408511],[-53.58047363,-28.74085453],[-53.58046704,-28.74085791],[-53.58046441,-28.74086018],[-53.58045913,-28.74086359],[-53.58045253,-28.74086813],[-53.58044593,-28.74087267],[-53.58044593,-28.74087383],[-53.58044331,-28.74088073],[-53.58044333,-28.7408842],[-53.58044468,-28.74088769],[-53.58045002,-28.74089584],[-53.5804527,-28.7409005],[-53.58045408,-28.74090978],[-53.58045411,-28.74091557],[-53.58045281,-28.74092019],[-53.58045018,-28.74092832],[-53.58044489,-28.74093759],[-53.58044357,-28.74094224],[-53.58044225,-28.74094689],[-53.58044095,-28.74095621],[-53.58044097,-28.74096321],[-53.58044098,-28.74096788],[-53.58044365,-28.74097257],[-53.58044765,-28.7409761],[-53.58045697,-28.74098434],[-53.5804623,-28.74098788],[-53.58046363,-28.74098906],[-53.5804663,-28.74099492],[-53.58046898,-28.7410031],[-53.580469,-28.74100894],[-53.58046902,-28.74101595],[-53.58046903,-28.74102062],[-53.58046905,-28.74102529],[-53.5804704,-28.74103465],[-53.58047309,-28.74104401],[-53.58047576,-28.74104987],[-53.58047977,-28.74105573],[-53.58049041,-28.74106163],[-53.58049839,-28.74106751],[-53.58050505,-28.74107573],[-53.58050507,-28.74107923],[-53.58050509,-28.74108508],[-53.58050511,-28.74109209],[-53.58050514,-28.74110028],[-53.58050382,-28.74111199],[-53.58050249,-28.74111316],[-53.58050249,-28.74111902],[-53.58050249,-28.74112488],[-53.58050382,-28.74113191],[-53.58051181,-28.74114364],[-53.58051847,-28.74114599],[-53.58052512,-28.74114951],[-53.58053444,-28.74115538],[-53.58053843,-28.74116241],[-53.58053976,-28.74116592],[-53.58053976,-28.74117178],[-53.58053976,-28.74118466],[-53.58054375,-28.74118818],[-53.58054907,-28.74119403],[-53.58055705,-28.74120106],[-53.58056237,-28.74120808],[-53.58057499,-28.74121285],[-53.58057632,-28.74121636],[-53.58057897,-28.74122104],[-53.58057897,-28.74122804],[-53.58058162,-28.74123388],[-53.58058295,-28.74124322],[-53.58058295,-28.74125022],[-53.5805856,-28.74125607],[-53.58058693,-28.74125841],[-53.58059223,-28.74126542],[-53.5805949,-28.74127008],[-53.58059757,-28.74127358],[-53.58060423,-28.74128174],[-53.5806069,-28.7412864],[-53.58060824,-28.74129106],[-53.58060828,-28.74130037],[-53.58060831,-28.7413062],[-53.58060833,-28.74131202],[-53.58060968,-28.74131668],[-53.58061501,-28.74132368],[-53.58062037,-28.74133535],[-53.58062039,-28.74134001],[-53.58062041,-28.74134467],[-53.58061911,-28.7413505],[-53.58061648,-28.74135632],[-53.58061519,-28.74136449],[-53.58060859,-28.74137265],[-53.58060065,-28.74137964],[-53.58059933,-28.74138081],[-53.58059139,-28.74138781],[-53.58058345,-28.74139481],[-53.58057948,-28.74139948],[-53.58057418,-28.74140532],[-53.58057021,-28.74141117],[-53.58056624,-28.74141701],[-53.58056095,-28.74142403],[-53.58055964,-28.74143222],[-53.58055435,-28.74144042],[-53.58055303,-28.7414451],[-53.58055038,-28.74144979],[-53.58054908,-28.74145682],[-53.5805491,-28.74146385],[-53.58055178,-28.74146971],[-53.58055713,-28.74147674],[-53.58055981,-28.74148143],[-53.58056516,-28.74148846],[-53.58056918,-28.74149315],[-53.5805732,-28.74150018],[-53.58057321,-28.7415037],[-53.5805719,-28.74150957],[-53.5805679,-28.74151778],[-53.58056122,-28.7415295],[-53.58055855,-28.74153419],[-53.58055721,-28.74154474],[-53.58055721,-28.7415506],[-53.58055721,-28.74155763],[-53.58056523,-28.74156232],[-53.58057325,-28.74156701],[-53.58058127,-28.74156935],[-53.58059063,-28.74157053],[-53.58059999,-28.74157287],[-53.58061737,-28.74157873],[-53.58062272,-28.74158225],[-53.58062806,-28.74158694],[-53.5806294,-28.74159514],[-53.5806294,-28.74160335],[-53.58062809,-28.74161274],[-53.58062545,-28.74162097],[-53.58062282,-28.74163156],[-53.58062646,-28.74165447],[-53.58062502,-28.74166097],[-53.58062504,-28.74166617],[-53.58062806,-28.74167527],[-53.58062808,-28.74167917],[-53.58063258,-28.74168958],[-53.58064004,-28.74169738],[-53.58064901,-28.74170909],[-53.58065499,-28.7417169],[-53.58065801,-28.74172602],[-53.58065807,-28.74173514],[-53.5806581,-28.74174165],[-53.58065813,-28.74174556],[-53.58066263,-28.74175468],[-53.58067015,-28.74176512],[-53.58067768,-28.74177556],[-53.5806777,-28.74177817],[-53.58067923,-28.7417847],[-53.58068076,-28.74178992],[-53.58068084,-28.74180297],[-53.58068238,-28.74180951],[-53.58069514,-28.74182472],[-53.58070506,-28.74183333],[-53.58071499,-28.74184366],[-53.58071897,-28.74184883],[-53.58072694,-28.7418609],[-53.58072894,-28.74186607],[-53.58073293,-28.74187297],[-53.58073299,-28.74188505],[-53.58073303,-28.74189195],[-53.5807331,-28.74190576],[-53.58073317,-28.74191958],[-53.58073324,-28.74193167],[-53.58073724,-28.74194031],[-53.58074523,-28.74195242],[-53.58075523,-28.74196108],[-53.58077118,-28.74196975],[-53.58078121,-28.74198015],[-53.58078125,-28.74198362],[-53.58078735,-28.74199576],[-53.58079152,-28.74201312],[-53.58079358,-28.74202007],[-53.58079567,-28.74202875],[-53.58079983,-28.7420444],[-53.58080596,-28.74205833],[-53.58080613,-28.74207225],[-53.58080831,-28.74208793],[-53.58080842,-28.74210011],[-53.58080246,-28.74210878],[-53.58079653,-28.74212092],[-53.5807886,-28.74213305],[-53.5807913,-28.74216217],[-53.58079133,-28.74216747],[-53.5807883,-28.74217544],[-53.58078223,-28.74218475],[-53.58077919,-28.74219007],[-53.58077617,-28.74219804],[-53.58077468,-28.74220732],[-53.58077471,-28.74221395],[-53.58077474,-28.7422219],[-53.58077477,-28.74222986],[-53.5807748,-28.74223516],[-53.58077788,-28.74224178],[-53.58078251,-28.74225105],[-53.58078407,-28.74225768],[-53.58078412,-28.7422683],[-53.58078414,-28.74227361],[-53.58078419,-28.74228557],[-53.58078733,-28.74230151],[-53.58078891,-28.74231347],[-53.58079354,-28.74232144],[-53.58079974,-28.74233474],[-53.58080748,-28.74234937],[-53.58081829,-28.74236269],[-53.58082448,-28.74237068],[-53.58083067,-28.74237868],[-53.58083685,-28.74238535],[-53.58084613,-28.74239336],[-53.5808539,-28.74240671],[-53.58085548,-28.7424134],[-53.58086171,-28.74242543],[-53.58087972,-28.74247188],[-53.58087973,-28.74247618],[-53.58088469,-28.74248763],[-53.58088966,-28.74249622],[-53.58089628,-28.74250624],[-53.58089793,-28.74250623],[-53.58090785,-28.74251048],[-53.58091612,-28.74251474],[-53.58093101,-28.74252041],[-53.58094261,-28.74252755],[-53.58094427,-28.74252898],[-53.58095754,-28.74253467],[-53.58096916,-28.74253893],[-53.58098244,-28.74254319],[-53.58099243,-28.7425518],[-53.58099577,-28.74255755],[-53.58100414,-28.74257629],[-53.5810075,-28.74258494],[-53.58101082,-28.74259072],[-53.5810125,-28.74259939],[-53.58101417,-28.74260807],[-53.5810175,-28.7426182],[-53.58102411,-28.74262833],[-53.58103401,-28.74263702],[-53.58103898,-28.74264281],[-53.58105218,-28.7426515],[-53.58106376,-28.74266164],[-53.58106709,-28.74266742],[-53.58107373,-28.74267611],[-53.58107874,-28.74268624],[-53.58108375,-28.74269638],[-53.58108381,-28.74270507],[-53.58108389,-28.74271666],[-53.58108393,-28.74272391],[-53.58108232,-28.74273261],[-53.58108236,-28.74274276],[-53.58108805,-28.74275453],[-53.58108806,-28.7427581],[-53.58108947,-28.74276884],[-53.58109223,-28.74277838],[-53.58109498,-28.74278554],[-53.58110047,-28.74279628],[-53.58110322,-28.74280225],[-53.58110733,-28.74280942],[-53.58111282,-28.74281898],[-53.58112376,-28.74283212],[-53.58112787,-28.7428369],[-53.58113469,-28.74284168],[-53.58114288,-28.74284646],[-53.58114834,-28.74285125],[-53.58115517,-28.74285603],[-53.58116608,-28.74286201],[-53.58117153,-28.7428644],[-53.58117972,-28.74287038],[-53.58118382,-28.74287277],[-53.58118794,-28.74287994],[-53.58118934,-28.74288592],[-53.58119072,-28.74289071],[-53.58119214,-28.74289909],[-53.58119356,-28.74290866],[-53.58119632,-28.74291584],[-53.58120046,-28.74292542],[-53.58120457,-28.74293021],[-53.58121141,-28.7429362],[-53.58121825,-28.74294099],[-53.58122644,-28.74294577],[-53.58123191,-28.74294937],[-53.58123736,-28.74295176],[-53.58124829,-28.74295894],[-53.58125652,-28.74296733],[-53.5812579,-28.74297092],[-53.58126463,-28.74300182],[-53.58126765,-28.74301104],[-53.58127069,-28.74302158],[-53.58127521,-28.74302816],[-53.58128124,-28.74304002],[-53.58128426,-28.74304661],[-53.58128729,-28.74305452],[-53.58129032,-28.74306506],[-53.58129034,-28.74307166],[-53.58129037,-28.74307957],[-53.5812859,-28.74308748],[-53.58127992,-28.74309672],[-53.58127545,-28.74310464],[-53.5812725,-28.74312312],[-53.58127252,-28.7431284],[-53.58127254,-28.74313632],[-53.58127557,-28.74314292],[-53.5812786,-28.74315349],[-53.58127861,-28.74315481],[-53.58127864,-28.74316538],[-53.58128017,-28.74317463],[-53.58128622,-28.7431852],[-53.58129075,-28.74319444],[-53.58129378,-28.74320105],[-53.5812938,-28.74320767],[-53.58129384,-28.74321957],[-53.58129086,-28.74322751],[-53.58128938,-28.74323281],[-53.58128641,-28.7432434],[-53.58128494,-28.74325267],[-53.58128495,-28.74325796],[-53.58128495,-28.74326721],[-53.58128646,-28.74327514],[-53.58129249,-28.74328703],[-53.58129551,-28.74328968],[-53.58130003,-28.74330025],[-53.58130003,-28.74330818],[-53.58130003,-28.74331742],[-53.58129703,-28.74332667],[-53.58129252,-28.7433333],[-53.58128801,-28.74335969],[-53.58128175,-28.74336381],[-53.58127397,-28.74338029],[-53.58126774,-28.74339264],[-53.58126306,-28.74339951],[-53.5812584,-28.74341325],[-53.58125373,-28.74342561],[-53.58125219,-28.74343523],[-53.58125222,-28.74344623],[-53.58126009,-28.74345586],[-53.58126481,-28.74345999],[-53.58127268,-28.74346962],[-53.58127741,-28.7434765],[-53.58128214,-28.74348476],[-53.58128532,-28.74349853],[-53.58128535,-28.74350679],[-53.58128225,-28.74351918],[-53.58127914,-28.74352882],[-53.58127606,-28.74354535],[-53.5812745,-28.74355086],[-53.58127453,-28.74356051],[-53.58127928,-28.74357017],[-53.58128714,-28.74357431],[-53.58129973,-28.74357984],[-53.58131232,-28.74358675],[-53.58132647,-28.74358952],[-53.58133434,-28.74359228],[-53.58135008,-28.7435992],[-53.58136271,-28.74360338],[-53.58137222,-28.7436117],[-53.58137699,-28.74361862],[-53.58138019,-28.7436283],[-53.58138339,-28.74363799],[-53.58138977,-28.74365184],[-53.58139455,-28.74366016],[-53.5814025,-28.74366987],[-53.58140884,-28.74367543],[-53.58142152,-28.7436824],[-53.58143103,-28.74368521],[-53.58144214,-28.74369218],[-53.58144849,-28.74369636],[-53.58145485,-28.74370331],[-53.58146435,-28.74371859],[-53.58146857,-28.74372226],[-53.58147562,-28.74372959],[-53.58148126,-28.74374062],[-53.58148267,-28.74374552],[-53.5814855,-28.74375288],[-53.58148692,-28.74376516],[-53.58148694,-28.74377498],[-53.58148554,-28.74378113],[-53.58148274,-28.74379097],[-53.58147853,-28.74380574],[-53.58147853,-28.74381435],[-53.58147854,-28.7438205],[-53.58147855,-28.74383034],[-53.58147855,-28.74383649],[-53.58148421,-28.74386477],[-53.58148703,-28.74387092],[-53.58148985,-28.74387706],[-53.58149268,-28.74388691],[-53.58149268,-28.7438906],[-53.5814941,-28.74390168],[-53.58149553,-28.74392261],[-53.58150541,-28.74392752],[-53.58151388,-28.74393367],[-53.58151388,-28.7439386],[-53.58151389,-28.74394599],[-53.58150966,-28.74395462],[-53.58150402,-28.74396325],[-53.5814998,-28.74397064],[-53.58149557,-28.74397557],[-53.58149135,-28.74398543],[-53.5814843,-28.74399282],[-53.58147444,-28.74399897],[-53.58146739,-28.74400267],[-53.58146035,-28.74400636],[-53.58145472,-28.74401005],[-53.58144487,-28.74401497],[-53.58143643,-28.74401989],[-53.58143081,-28.74402604],[-53.5814266,-28.74403588],[-53.58142519,-28.74404204],[-53.5814252,-28.74404943],[-53.5814238,-28.74405558],[-53.58142381,-28.74406297],[-53.58142382,-28.74407406],[-53.58142241,-28.74407652],[-53.5814196,-28.74408144],[-53.58141538,-28.74408636],[-53.58140835,-28.74409373],[-53.58140132,-28.74409863],[-53.58139569,-28.74410354],[-53.58138866,-28.7441109],[-53.58138586,-28.74411705],[-53.58138445,-28.74412689],[-53.58138024,-28.74413795],[-53.581372,-28.74415821],[-53.58136746,-28.74416086],[-53.58136141,-28.74416748],[-53.58135688,-28.74417409],[-53.58135385,-28.74418071],[-53.58134932,-28.74418865],[-53.58134932,-28.7441966],[-53.58134933,-28.74420719],[-53.58134933,-28.74421646],[-53.58135235,-28.74422176],[-53.58135841,-28.7442284],[-53.581369,-28.7442324],[-53.5813796,-28.74423507],[-53.58138263,-28.7442364],[-53.58138869,-28.74423774],[-53.5813993,-28.74424175],[-53.5814084,-28.74424575],[-53.58141751,-28.7442524],[-53.58142813,-28.74425774],[-53.58142965,-28.74425907],[-53.5814356,-28.74428228],[-53.58144126,-28.74428884],[-53.5814526,-28.74429866],[-53.58146206,-28.74431344],[-53.58146207,-28.74432333],[-53.58146208,-28.74433651],[-53.58146208,-28.74433816],[-53.5814602,-28.74435135],[-53.58145834,-28.74436122],[-53.5814565,-28.74437109],[-53.58145655,-28.7443826],[-53.58145657,-28.74438753],[-53.58145662,-28.7443974],[-53.58145665,-28.74440398],[-53.58145859,-28.7444155],[-53.58146053,-28.74442537],[-53.58146438,-28.74443854],[-53.5814682,-28.74444677],[-53.58147017,-28.74446161],[-53.58147212,-28.74447315],[-53.58147404,-28.74447975],[-53.58147406,-28.74448966],[-53.58147029,-28.74450124],[-53.58146842,-28.74451281],[-53.58147035,-28.74452438],[-53.58147037,-28.74453264],[-53.5814742,-28.74454421],[-53.58147802,-28.74455414],[-53.58148184,-28.74456075],[-53.58148567,-28.74457068],[-53.5814876,-28.74458227],[-53.58148763,-28.7445922],[-53.58148956,-28.7446038],[-53.58149341,-28.74461871],[-53.58149724,-28.744627],[-53.58149917,-28.7446353],[-53.58150491,-28.74464691],[-53.58151067,-28.74466019],[-53.5815107,-28.74467015],[-53.58151073,-28.74468343],[-53.58151076,-28.74469173],[-53.5815108,-28.74470169],[-53.58151084,-28.74471001],[-53.58151095,-28.74472997],[-53.58151099,-28.74473662],[-53.58150912,-28.74474327],[-53.58150916,-28.7447516],[-53.58150923,-28.74476326],[-53.58150929,-28.74477492],[-53.58150745,-28.74478658],[-53.58151691,-28.74481301],[-53.58151692,-28.74482029],[-53.58151694,-28.74482903],[-53.58151862,-28.74483486],[-53.58152197,-28.74484654],[-53.58152864,-28.74485093],[-53.581542,-28.74485973],[-53.58154868,-28.74485975],[-53.58155869,-28.74485978],[-53.58157539,-28.74485837],[-53.58158542,-28.7448584],[-53.58159211,-28.74485842],[-53.58160718,-28.74485847],[-53.5816122,-28.74485848],[-53.58161556,-28.74485996],[-53.581634,-28.74486002],[-53.58164239,-28.74486004],[-53.5816575,-28.74486009],[-53.58166759,-28.74486012],[-53.58168275,-28.74486457],[-53.58169621,-28.74486607],[-53.58170617,-28.74486898],[-53.58172608,-28.74487625],[-53.58173608,-28.74488795],[-53.58173944,-28.74489527],[-53.58174279,-28.74490113],[-53.5817478,-28.74490844],[-53.58175282,-28.74491723],[-53.58175948,-28.74492454],[-53.58176584,-28.74493977],[-53.58177038,-28.74494112],[-53.5817795,-28.74494781],[-53.58178405,-28.74495049],[-53.58178864,-28.74495851],[-53.5817917,-28.74496386],[-53.5817963,-28.74497321],[-53.58179787,-28.74498257],[-53.58179793,-28.74499059],[-53.58179803,-28.74500397],[-53.58179807,-28.74500932],[-53.58179207,-28.74501601],[-53.58178607,-28.74502271],[-53.58178005,-28.74502807],[-53.58177556,-28.74503478],[-53.58177409,-28.74504148],[-53.5817726,-28.74504953],[-53.58177262,-28.74505623],[-53.58177417,-28.74506428],[-53.58177721,-28.74506964],[-53.58178331,-28.74507901],[-53.58178787,-28.74508437],[-53.58179244,-28.74509241],[-53.5817955,-28.74510045],[-53.58179703,-28.74510581],[-53.58179857,-28.74511386],[-53.5817986,-28.74512191],[-53.58179862,-28.74512728],[-53.58178954,-28.74515714],[-53.58178666,-28.74516094],[-53.58178235,-28.74517109],[-53.58178091,-28.74517997],[-53.58177803,-28.74518885],[-53.58177803,-28.745199],[-53.58177803,-28.74520154],[-53.58177803,-28.74521042],[-53.58177803,-28.74521676],[-53.58177803,-28.74522311],[-53.58177803,-28.74522946],[-53.58177803,-28.74524215],[-53.58177659,-28.74525103],[-53.58177228,-28.74525864],[-53.5817694,-28.74526753],[-53.58176652,-28.74527515],[-53.58176076,-28.74528277],[-53.581755,-28.74529039],[-53.58175212,-28.74529801],[-53.58175356,-28.74530689],[-53.58174924,-28.74531325],[-53.58174347,-28.74532087],[-53.58174203,-28.74532341],[-53.58173771,-28.74533231],[-53.58173627,-28.74533866],[-53.58173627,-28.74534374],[-53.58173627,-28.74535517],[-53.58174059,-28.74536787],[-53.58174203,-28.74536913],[-53.5817478,-28.74537801],[-53.58175356,-28.7453818],[-53.581755,-28.74538307],[-53.58176942,-28.74539066],[-53.58176944,-28.74539702],[-53.58176946,-28.7454021],[-53.58176947,-28.74540465],[-53.58176949,-28.74541101],[-53.58176951,-28.74541737],[-53.58176379,-28.74543011],[-53.5817595,-28.74543904],[-53.58175808,-28.74544414],[-53.5817523,-28.74545177],[-53.58173929,-28.74547443],[-53.58173612,-28.74548],[-53.58173453,-28.74548418],[-53.58172818,-28.74549394],[-53.5817266,-28.74549952],[-53.5817266,-28.74550927],[-53.5817266,-28.74551763],[-53.58172818,-28.74552321],[-53.58172977,-28.74553435],[-53.58173612,-28.74554689],[-53.58173771,-28.74554828],[-53.58174405,-28.74555385],[-53.58174881,-28.74555942],[-53.58175675,-28.74556917],[-53.5817615,-28.74557613],[-53.58176309,-28.7455817],[-53.58176309,-28.74559006],[-53.58176309,-28.7456012],[-53.58176151,-28.74561514],[-53.58175992,-28.74562489],[-53.58175992,-28.74563465],[-53.58175992,-28.74564301],[-53.58176944,-28.74565553],[-53.58177261,-28.7456597],[-53.58178212,-28.74566665],[-53.58178688,-28.74567083],[-53.58179957,-28.74567638],[-53.58180432,-28.74567915],[-53.58180749,-28.74568472],[-53.58181225,-28.74569307],[-53.58181383,-28.74570142],[-53.58181383,-28.74570699],[-53.58181859,-28.74571952],[-53.58182176,-28.74572787],[-53.58182811,-28.74573343],[-53.58183605,-28.745739],[-53.58184399,-28.74574596],[-53.58186139,-28.74576955],[-53.58186416,-28.74577198],[-53.58187247,-28.74577562],[-53.58188492,-28.74578169],[-53.5818877,-28.74578655],[-53.58189186,-28.74579384],[-53.58189186,-28.74579991],[-53.58189464,-28.7458072],[-53.5818988,-28.74581327],[-53.58190434,-28.74582056],[-53.58190851,-28.74582907],[-53.58191405,-28.74583879],[-53.58191683,-28.74584365],[-53.58192652,-28.7458485],[-53.58193621,-28.74585214],[-53.58195143,-28.74585699],[-53.58196526,-28.74586306],[-53.58197495,-28.74586912],[-53.58198326,-28.74587519],[-53.58198604,-28.7458837],[-53.58198605,-28.74588978],[-53.58198745,-28.7458995],[-53.58198747,-28.7459068],[-53.58198473,-28.74592018],[-53.58198336,-28.74592626],[-53.58198615,-28.74593843],[-53.58198893,-28.74594451],[-53.58199448,-28.74595058],[-53.58200416,-28.74595422],[-53.58201109,-28.74596029],[-53.58201387,-28.74596637],[-53.58201664,-28.74597123],[-53.58201943,-28.74597853],[-53.58202083,-28.74598705],[-53.582025,-28.74599678],[-53.58202917,-28.74600651],[-53.58202779,-28.74600773],[-53.58204218,-28.74603432],[-53.58204628,-28.74603912],[-53.58205176,-28.74604272],[-53.5820627,-28.74604872],[-53.58207775,-28.74605712],[-53.58208185,-28.74605952],[-53.58209006,-28.74606312],[-53.58209553,-28.74606552],[-53.582101,-28.74607032],[-53.58210374,-28.74607632],[-53.58210375,-28.74608112],[-53.58210376,-28.74608712],[-53.58210514,-28.74609312],[-53.58210925,-28.74609913],[-53.58211609,-28.74610513],[-53.5821202,-28.74610873],[-53.58212703,-28.74610993],[-53.5821366,-28.74611112],[-53.58213933,-28.74611352],[-53.582153,-28.74611712],[-53.58215983,-28.74611951],[-53.5821653,-28.74612191],[-53.58217214,-28.74612671],[-53.58217489,-28.74613631],[-53.58217765,-28.74614592],[-53.58217767,-28.74615432],[-53.58217768,-28.74615913],[-53.5821777,-28.74616754],[-53.58217908,-28.74617234],[-53.58218277,-28.74618122],[-53.58218278,-28.74618824],[-53.58218394,-28.74619627],[-53.58218624,-28.7462033],[-53.58218853,-28.74620731],[-53.58219313,-28.74621736],[-53.58219428,-28.74622037],[-53.58219657,-28.74622539],[-53.58219773,-28.74623443],[-53.58219888,-28.74623644],[-53.58220232,-28.74624046],[-53.58220347,-28.74624447],[-53.58220576,-28.74624849],[-53.58221037,-28.74626356],[-53.58221038,-28.74626858],[-53.58220694,-28.74627059],[-53.58220237,-28.74627461],[-53.58219894,-28.74627963],[-53.58219208,-28.74628566],[-53.5821875,-28.74628867],[-53.58218407,-28.74629168],[-53.58217949,-28.7462957],[-53.58217606,-28.74630173],[-53.58217263,-28.74630777],[-53.58217149,-28.74631179],[-53.5821715,-28.74632386],[-53.58217151,-28.74633191],[-53.58217381,-28.74633594],[-53.58217726,-28.74634298],[-53.58218185,-28.74634801],[-53.58218759,-28.74635304],[-53.58219104,-28.74635707],[-53.58219563,-28.74636311],[-53.58219678,-28.74636613],[-53.58219679,-28.74637016],[-53.58219679,-28.7463762],[-53.5821968,-28.74638022],[-53.58219566,-28.74638425],[-53.58219337,-28.74638828],[-53.58219224,-28.74639533],[-53.58218861,-28.74640608],[-53.58218734,-28.74641057],[-53.58218608,-28.74641618],[-53.58218484,-28.74642516],[-53.58218484,-28.74642741],[-53.58218487,-28.74643303],[-53.58218745,-28.74643864],[-53.58218875,-28.74644426],[-53.58218878,-28.74645213],[-53.58218502,-28.74647012],[-53.58218504,-28.74647462],[-53.58218506,-28.74648137],[-53.58218509,-28.74648812],[-53.58218513,-28.74649825],[-53.58218132,-28.74650614],[-53.58217621,-28.74650952],[-53.58216854,-28.74651403],[-53.58216088,-28.74652192],[-53.58215832,-28.74652305],[-53.58215192,-28.74652644],[-53.5821468,-28.74653095],[-53.58214039,-28.74653433],[-53.58213142,-28.7465411],[-53.58212886,-28.74654336],[-53.58212373,-28.74654674],[-53.5821186,-28.74655013],[-53.58210963,-28.74655577],[-53.58210834,-28.7465569],[-53.58210065,-28.7465648],[-53.58209633,-28.74657634],[-53.5820929,-28.74657835],[-53.58208947,-28.74658336],[-53.58208719,-28.74659138],[-53.5820872,-28.7465964],[-53.5820872,-28.74660142],[-53.58209064,-28.74660744],[-53.58209294,-28.74661045],[-53.58209638,-28.74661346],[-53.58210096,-28.74661547],[-53.58210783,-28.74661848],[-53.582117,-28.7466225],[-53.58212617,-28.74662752],[-53.58212732,-28.74662853],[-53.5821342,-28.74663355],[-53.5821342,-28.74663455],[-53.58213765,-28.74664158],[-53.58213766,-28.74665062],[-53.58213766,-28.74665163],[-53.58213538,-28.74665665],[-53.58213197,-28.74666771],[-53.58213083,-28.74667374],[-53.58213085,-28.74668179],[-53.58213201,-28.74668883],[-53.58213545,-28.74669386],[-53.5821389,-28.74669989],[-53.5821435,-28.74670593],[-53.58214694,-28.74670995],[-53.58215154,-28.74671498],[-53.58215499,-28.74672203],[-53.58215501,-28.74672908],[-53.58215158,-28.74673613],[-53.58215045,-28.74674117],[-53.58214818,-28.74675326],[-53.58214818,-28.74675528],[-53.5821482,-28.74676032],[-53.58214936,-28.74676536],[-53.58215282,-28.74677343],[-53.58215283,-28.74677646],[-53.58215514,-28.74678251],[-53.5821563,-28.74678554],[-53.58215632,-28.7467926],[-53.58217138,-28.74681633],[-53.58217436,-28.74682024],[-53.58217736,-28.74682806],[-53.58217736,-28.74683067],[-53.58217589,-28.74684372],[-53.58216993,-28.74684893],[-53.58216397,-28.74685676],[-53.582161,-28.74686329],[-53.58215504,-28.74687112],[-53.58215057,-28.74688026],[-53.58215058,-28.74688549],[-53.58215058,-28.74688941],[-53.58215058,-28.74689464],[-53.58215506,-28.74689856],[-53.58216104,-28.7469051],[-53.58216851,-28.74690902],[-53.5821715,-28.74691294],[-53.58217449,-28.74692341],[-53.5821745,-28.74692995],[-53.58217451,-28.74693649],[-53.58217451,-28.74694303],[-53.5821805,-28.7469535],[-53.58218648,-28.74695743],[-53.58220142,-28.74696136],[-53.5822074,-28.74696398],[-53.58222084,-28.74696659],[-53.58222981,-28.74697052],[-53.58224028,-28.74697707],[-53.58224776,-28.746981],[-53.58225076,-28.74698755],[-53.58225226,-28.74699279],[-53.58225228,-28.74699934],[-53.5822508,-28.74700851],[-53.58225082,-28.74702031],[-53.58225083,-28.74702687],[-53.58225534,-28.74703736],[-53.58225984,-28.74704523],[-53.58226584,-28.7470531],[-53.58227033,-28.74705835],[-53.58227483,-28.7470636],[-53.58227634,-28.74706885],[-53.58227785,-28.74707541],[-53.58227786,-28.74708197],[-53.58227938,-28.74709116],[-53.58228089,-28.74709904],[-53.58228241,-28.74710562],[-53.58228547,-28.74711878],[-53.58229001,-28.74713063],[-53.58229901,-28.74713326],[-53.58230354,-28.74714116],[-53.58230356,-28.74714512],[-53.58230661,-28.74715698],[-53.58230667,-28.74716753],[-53.58230671,-28.74717677],[-53.58230226,-28.74718469],[-53.5822978,-28.74719393],[-53.58229333,-28.74719922],[-53.58228886,-28.7472045],[-53.58228439,-28.74721243],[-53.58228142,-28.74721772],[-53.58227546,-28.7472283],[-53.58226802,-28.74724154],[-53.58226503,-28.74724419],[-53.58226952,-28.74726784],[-53.58226477,-28.74727623],[-53.58226161,-28.74728321],[-53.58225686,-28.7472916],[-53.58225689,-28.74730418],[-53.58225692,-28.74731818],[-53.58226013,-28.74732797],[-53.5822681,-28.74733777],[-53.58227608,-28.74734617],[-53.58229043,-28.74735179],[-53.5823,-28.747356],[-53.58230797,-28.7473588],[-53.5823271,-28.74736581],[-53.58233668,-28.74737142],[-53.58234466,-28.74737703],[-53.58235266,-28.74738545],[-53.58235589,-28.74739388],[-53.58235754,-28.74740652],[-53.5823576,-28.74742057],[-53.58235763,-28.7474304],[-53.58236403,-28.74743462],[-53.5823848,-28.74744026],[-53.58239756,-28.74744306],[-53.58241671,-28.74744726],[-53.58243107,-28.74745287],[-53.58243908,-28.74745989],[-53.58244388,-28.7474641],[-53.58245667,-28.74747112],[-53.5824647,-28.74748237],[-53.58246954,-28.74749221],[-53.58247594,-28.74749643],[-53.58248553,-28.74750064],[-53.58249991,-28.74750626],[-53.5825095,-28.74751047],[-53.58251909,-28.74751468],[-53.5825287,-28.7475203],[-53.58253352,-28.74752593],[-53.58254155,-28.74753438],[-53.58254798,-28.74754142],[-53.582568,-28.7475738],[-53.58257729,-28.74758194],[-53.58258812,-28.74758737],[-53.58259277,-28.7475928],[-53.58260051,-28.74760095],[-53.58260827,-28.74761181],[-53.58261294,-28.74762404],[-53.58261605,-28.7476322],[-53.58261608,-28.74764308],[-53.58261147,-28.74765533],[-53.58260532,-28.74767031],[-53.58260226,-28.74768259],[-53.58260075,-28.74769486],[-53.58260076,-28.74769896],[-53.58260234,-28.74770851],[-53.58260547,-28.74771943],[-53.58260967,-28.74772806],[-53.5826097,-28.74773884],[-53.58261108,-28.74774603],[-53.58261794,-28.74775803],[-53.58262069,-28.74776642],[-53.58262755,-28.74777602],[-53.58263851,-28.74778803],[-53.58265494,-28.74779883],[-53.58266452,-28.74780363],[-53.58267684,-28.74780963],[-53.58268369,-28.74781563],[-53.58269464,-28.74782403],[-53.58270013,-28.74783004],[-53.58271108,-28.74783724],[-53.5827152,-28.74784084],[-53.58271932,-28.74784925],[-53.5827248,-28.74785406],[-53.58272757,-28.74786127],[-53.58273031,-28.74786368],[-53.5827358,-28.74786729],[-53.58274682,-28.74788413],[-53.58274683,-28.74788774],[-53.58274824,-28.74789738],[-53.58274688,-28.74790219],[-53.5827428,-28.74791063],[-53.58273871,-28.74791665],[-53.58273189,-28.74792629],[-53.58272779,-28.7479287],[-53.58272233,-28.74793353],[-53.58271413,-28.74793716],[-53.58270729,-28.74794079],[-53.58269909,-28.74794442],[-53.58269635,-28.74794684],[-53.58269502,-28.74795771],[-53.58269229,-28.74796133],[-53.58269094,-28.74796979],[-53.58269095,-28.7479722],[-53.58268004,-28.74800106],[-53.58267682,-28.74800532],[-53.5826736,-28.74801099],[-53.58266716,-28.74801808],[-53.5826607,-28.74802233],[-53.58265587,-28.74803226],[-53.58265427,-28.74803794],[-53.58265429,-28.74804645],[-53.5826543,-28.74805071],[-53.58265755,-28.74805639],[-53.58266567,-28.74806917],[-53.5826754,-28.74807628],[-53.5826754,-28.7480777],[-53.58268026,-28.74808196],[-53.58268352,-28.74808764],[-53.58268677,-28.74809759],[-53.5826884,-28.74810469],[-53.58268842,-28.74811464],[-53.58268357,-28.74812317],[-53.58267871,-28.74812743],[-53.58268037,-28.74814308],[-53.58267389,-28.74814308],[-53.58266256,-28.7481502],[-53.58265608,-28.74815447],[-53.58264638,-28.74816301],[-53.58263991,-28.74817155],[-53.58263991,-28.74817297],[-53.58263993,-28.74818009],[-53.5826416,-28.74820289],[-53.58263999,-28.74821002],[-53.58264001,-28.74821572],[-53.58264002,-28.74822428],[-53.58264167,-28.74823711],[-53.58264331,-28.74824282],[-53.58264983,-28.74825281],[-53.58265148,-28.74826566],[-53.58264824,-28.74826994],[-53.58264015,-28.74828137],[-53.58263041,-28.74828708],[-53.58263042,-28.74828994],[-53.58262719,-28.74830137],[-53.5826272,-28.7483028],[-53.58262722,-28.7483128],[-53.58262886,-28.74831995],[-53.58263051,-28.74833426],[-53.58263052,-28.74833998],[-53.58262404,-28.74835],[-53.58261593,-28.74835715],[-53.5826143,-28.74835858],[-53.5826078,-28.74836287],[-53.58260129,-28.74836571],[-53.58259479,-28.74836712],[-53.5825834,-28.74837281],[-53.58257527,-28.74837422],[-53.58256551,-28.74837563],[-53.58256063,-28.74838133],[-53.58256064,-28.74838705],[-53.58255901,-28.74839562],[-53.58255902,-28.7483999],[-53.58256065,-28.74840991],[-53.58256716,-28.74842136],[-53.58256716,-28.74842422],[-53.58256139,-28.74845998],[-53.58255758,-28.74847337],[-53.58254994,-28.74848342],[-53.58253848,-28.74849513],[-53.58252511,-28.74850517],[-53.58251555,-28.74851018],[-53.58250409,-28.74852022],[-53.58249646,-28.74853026],[-53.58249264,-28.74854198],[-53.58249264,-28.74855035],[-53.5824906,-28.74859622],[-53.5824906,-28.74859946],[-53.5824906,-28.74860594],[-53.58249431,-28.74862216],[-53.58249987,-28.74862864],[-53.58250543,-28.74863675],[-53.58250728,-28.7486481],[-53.58250728,-28.74865459],[-53.58249987,-28.74866594],[-53.58249431,-28.74867566],[-53.5824869,-28.74868863],[-53.58247949,-28.74869511],[-53.58247764,-28.74870159],[-53.58247209,-28.74871942],[-53.58246838,-28.74873076],[-53.58246653,-28.74874697],[-53.58246653,-28.74876642],[-53.58246838,-28.7487729],[-53.58247024,-28.74878263],[-53.58247209,-28.74879722],[-53.58247394,-28.74881182],[-53.58247579,-28.74882155],[-53.5824758,-28.74882966],[-53.58248136,-28.74884427],[-53.58248693,-28.74885564],[-53.5824888,-28.74888972],[-53.58248881,-28.74889622],[-53.58249808,-28.74890923],[-53.58249993,-28.74891085],[-53.58251106,-28.74891576],[-53.58252589,-28.74892067],[-53.58252775,-28.7489223],[-53.58253702,-28.74892557],[-53.58255187,-28.74892886],[-53.58256114,-28.74893051],[-53.58256857,-28.74893216],[-53.58257971,-28.74893707],[-53.58259271,-28.74894036],[-53.58260199,-28.74894363],[-53.58261128,-28.74894691],[-53.58262615,-28.74895184],[-53.58263173,-28.7489551],[-53.5826373,-28.74895512],[-53.58265785,-28.74896172],[-53.58266061,-28.74896173],[-53.58267721,-28.74896053],[-53.58268275,-28.74896054],[-53.5826952,-28.74896176],[-53.58269935,-28.74896298],[-53.58270628,-28.74896541],[-53.58271874,-28.74897028],[-53.58272429,-28.74897392],[-53.58273538,-28.74898],[-53.58274509,-28.7489873],[-53.58275064,-28.74899338],[-53.58275481,-28.74900189],[-53.5827562,-28.74900917],[-53.58275621,-28.74902253],[-53.58275483,-28.74902738],[-53.58274928,-28.74903829],[-53.58274513,-28.74904557],[-53.5827382,-28.74905648],[-53.58273266,-28.74906617],[-53.58272712,-28.74907708],[-53.58272574,-28.749088],[-53.58272574,-28.74909529],[-53.58272574,-28.74910015],[-53.58272852,-28.74910744],[-53.58273824,-28.74912084],[-53.58274379,-28.74912815],[-53.58275768,-28.74913429],[-53.58276879,-28.7491392],[-53.58277852,-28.7491441],[-53.58278825,-28.74915387],[-53.58278964,-28.7491551],[-53.58279242,-28.74916482],[-53.58279658,-28.74917212],[-53.58279657,-28.7491806],[-53.58279655,-28.74918908],[-53.58279654,-28.74919877],[-53.58279652,-28.74920967],[-53.58279652,-28.7492133],[-53.58280623,-28.74922305],[-53.58280761,-28.74922911],[-53.58281037,-28.7492376],[-53.58281036,-28.74924366],[-53.58281174,-28.74924972],[-53.58281451,-28.74925942],[-53.58281728,-28.74926065],[-53.58285288,-28.7492816],[-53.58286012,-28.74928163],[-53.58286977,-28.74928166],[-53.58288185,-28.74928064],[-53.58288788,-28.74928066],[-53.58289634,-28.74927858],[-53.5829048,-28.74927755],[-53.58291568,-28.74927547],[-53.58292415,-28.74927444],[-53.5829302,-28.74927446],[-53.58294351,-28.74927239],[-53.58295441,-28.74927242],[-53.58297016,-28.74927247],[-53.58297743,-28.74927355],[-53.58298348,-28.74927887],[-53.5829859,-28.74928417],[-53.58298832,-28.74928842],[-53.58299782,-28.74929909],[-53.58299989,-28.7493009],[-53.58300505,-28.74930177],[-53.58301124,-28.74930446],[-53.58301537,-28.74930625],[-53.5830226,-28.74930893],[-53.58302777,-28.74931162],[-53.5830319,-28.74931432],[-53.583035,-28.74931884],[-53.58304223,-28.74932787],[-53.58304533,-28.74933239],[-53.58304635,-28.74933874],[-53.58304635,-28.74934418],[-53.58304634,-28.74935234],[-53.5830453,-28.74935779],[-53.58304116,-28.74936506],[-53.58303806,-28.74937232],[-53.58303495,-28.74938321],[-53.58303185,-28.74938684],[-53.58302772,-28.74938958],[-53.58302255,-28.74939684],[-53.58301635,-28.74940501],[-53.58301119,-28.74941137],[-53.583005,-28.74941772],[-53.58300087,-28.74942316],[-53.58299469,-28.7494286],[-53.58299365,-28.74943403],[-53.58299159,-28.74944037],[-53.58299159,-28.7494476],[-53.58299159,-28.74945573],[-53.58299262,-28.74945844],[-53.5829957,-28.74947469],[-53.58299261,-28.7494747],[-53.58298643,-28.74948013],[-53.58298437,-28.74948465],[-53.58298128,-28.74949188],[-53.58297922,-28.7494973],[-53.58297922,-28.74950271],[-53.58297922,-28.74951444],[-53.58297922,-28.74951715],[-53.58297922,-28.74952346],[-53.58298128,-28.74952797],[-53.58298642,-28.74953518],[-53.58299054,-28.74953969],[-53.58299362,-28.7495433],[-53.58299671,-28.749546],[-53.58300288,-28.74955502],[-53.58300494,-28.74955953],[-53.58300802,-28.74956494],[-53.58301008,-28.74957125],[-53.58301008,-28.74958117],[-53.58301007,-28.74958657],[-53.58301007,-28.74959018],[-53.58301419,-28.74959739],[-53.58301521,-28.749601],[-53.5830183,-28.74960551],[-53.58302139,-28.74961092],[-53.5830255,-28.74961723],[-53.58302859,-28.74962264],[-53.58303064,-28.74962985],[-53.58303064,-28.74963435],[-53.58303063,-28.74964516],[-53.58303165,-28.74965417],[-53.58303165,-28.74966137],[-53.58303782,-28.74967399],[-53.5830409,-28.749683],[-53.58304501,-28.74968931],[-53.58305016,-28.74969562],[-53.58305633,-28.74970194],[-53.58306662,-28.74971277],[-53.58307073,-28.74972088],[-53.58307176,-28.74972808],[-53.58307381,-28.74973439],[-53.58307689,-28.74973979],[-53.58307688,-28.74974339],[-53.58307893,-28.74975149],[-53.58307892,-28.74976318],[-53.58307891,-28.74977217],[-53.58307684,-28.74977755],[-53.58307684,-28.74979539],[-53.583073,-28.74980099],[-53.58306789,-28.74980772],[-53.58306022,-28.74981445],[-53.58305383,-28.74982342],[-53.58304872,-28.74983574],[-53.58304617,-28.74984469],[-53.58304617,-28.7498514],[-53.58304617,-28.74985698],[-53.58304872,-28.74986369],[-53.58305383,-28.74987263],[-53.58305767,-28.74987821],[-53.5830615,-28.74988268],[-53.58306917,-28.74989051],[-53.58307301,-28.74989722],[-53.58307556,-28.74990505],[-53.58307812,-28.74991512],[-53.58307685,-28.74992408],[-53.58307048,-28.74993527],[-53.58306537,-28.74994199],[-53.58305899,-28.74995206],[-53.58305899,-28.74996102],[-53.58305899,-28.74996662],[-53.58306028,-28.74997558],[-53.58306156,-28.74998118],[-53.58306412,-28.74999239],[-53.58306413,-28.74999799],[-53.58306414,-28.75001256],[-53.58305902,-28.7500148],[-53.58304752,-28.7500215],[-53.58303857,-28.75002597],[-53.58302835,-28.75003155],[-53.58302069,-28.75003714],[-53.58301558,-28.75004497],[-53.58301175,-28.75005056],[-53.5830092,-28.75006176],[-53.5830092,-28.75006625],[-53.58301048,-28.7500741],[-53.58301431,-28.75008644],[-53.58301176,-28.75009092],[-53.58300665,-28.75009651],[-53.58300282,-28.75010099],[-53.58299516,-28.75010433],[-53.5829875,-28.75010991],[-53.58297344,-28.75012753],[-53.58296491,-28.75013376],[-53.58295781,-28.75014373],[-53.58295212,-28.75014747],[-53.58294644,-28.75015619],[-53.58294075,-28.75016242],[-53.58293507,-28.75017115],[-53.58293365,-28.75017614],[-53.58293223,-28.75018488],[-53.58293222,-28.75020235],[-53.58293222,-28.7502061],[-53.58293791,-28.75021484],[-53.58294502,-28.75022485],[-53.58295356,-28.75023111],[-53.58296352,-28.75024363],[-53.58296494,-28.75024988],[-53.58296495,-28.75025987],[-53.58296353,-28.75027487],[-53.58295783,-28.75028735],[-53.58295499,-28.7502961],[-53.58294787,-28.75030483],[-53.58294218,-28.75031231],[-53.58293933,-28.75032856],[-53.58293933,-28.75033356],[-53.58294645,-28.7503436],[-53.58295072,-28.75034862],[-53.5829607,-28.75035992],[-53.58296639,-28.75036745],[-53.58296925,-28.75037247],[-53.58296925,-28.75038374],[-53.58296783,-28.75039125],[-53.58296783,-28.75040002],[-53.5829854,-28.75042243],[-53.58297761,-28.75042925],[-53.58296786,-28.75043437],[-53.58295812,-28.75043778],[-53.58295228,-28.75043949],[-53.58293864,-28.7504412],[-53.58292386,-28.75047114],[-53.58291534,-28.75047116],[-53.58290469,-28.75047304],[-53.5828962,-28.75047862],[-53.5828856,-28.75048792],[-53.58288138,-28.75049535],[-53.58287717,-28.75050463],[-53.5828751,-28.75051577],[-53.58287307,-28.75053247],[-53.58286887,-28.75054175],[-53.5828647,-28.75055474],[-53.5828563,-28.75057145],[-53.58284357,-28.75058075],[-53.58282874,-28.75059377],[-53.58282239,-28.75059935],[-53.58281178,-28.75060679],[-53.5827991,-28.75061793],[-53.58279281,-28.7506272],[-53.58278871,-28.75064204],[-53.58278037,-28.75065874],[-53.58277624,-28.75067174],[-53.58277422,-28.75068288],[-53.58277434,-28.75069589],[-53.5827681,-28.75071076],[-53.5827576,-28.75072563],[-53.58274065,-28.75073493],[-53.58272158,-28.7507461],[-53.58270462,-28.75076101],[-53.58269619,-28.75077406],[-53.58269413,-28.75078337],[-53.58268789,-28.75080388],[-53.58268586,-28.75081694],[-53.58268174,-28.75083559],[-53.58267978,-28.75085239],[-53.5826799,-28.75086359],[-53.58267149,-28.7508748],[-53.58266088,-28.75088228],[-53.58264602,-28.75089163],[-53.58263537,-28.75089537],[-53.58262686,-28.75089911],[-53.58261844,-28.75091595],[-53.58261636,-28.75092344],[-53.58261428,-28.75093092],[-53.58261223,-28.75094403],[-53.58260805,-28.75095715],[-53.58260597,-28.75096652],[-53.58260392,-28.75097965],[-53.5825976,-28.75099278],[-53.58258913,-28.75100591],[-53.58258566,-28.75102622],[-53.58257724,-28.75103065],[-53.58256879,-28.75103361],[-53.58255697,-28.75103805],[-53.58254517,-28.75104396],[-53.58253843,-28.75104543],[-53.58252842,-28.75105428],[-53.58252009,-28.75106314],[-53.58251188,-28.75108088],[-53.58250527,-28.75109272],[-53.58249532,-28.75110753],[-53.58249025,-28.751109],[-53.58248353,-28.75111344],[-53.58247344,-28.75111937],[-53.58245827,-28.75112677],[-53.58244819,-28.75113418],[-53.58243637,-28.75113863],[-53.58241951,-28.75114901],[-53.58240436,-28.7511609],[-53.58239601,-28.75117429],[-53.58239444,-28.7511862],[-53.58239459,-28.75119962],[-53.58239133,-28.75121304],[-53.58238632,-28.75122499],[-53.58238465,-28.75123845],[-53.58238128,-28.75125191],[-53.58237443,-28.75126388],[-53.58236069,-28.75127287],[-53.58233838,-28.75128634],[-53.58231609,-28.7512983],[-53.58230923,-28.75130279],[-53.58230583,-28.75131774],[-53.58230415,-28.75133119],[-53.58230246,-28.75134465],[-53.58230248,-28.75135662],[-53.58230423,-28.75136858],[-53.58230597,-28.75138056],[-53.58230428,-28.75139103],[-53.58229742,-28.7513955],[-53.58228371,-28.75140595],[-53.58226658,-28.75141339],[-53.58225802,-28.75141936],[-53.58225289,-28.75142832],[-53.5822495,-28.75144327],[-53.58224611,-28.75145374],[-53.58224442,-28.75146272],[-53.58224103,-28.75147469],[-53.58224106,-28.75148816],[-53.58223596,-28.75150313],[-53.58223085,-28.7515136],[-53.58221374,-28.75151803],[-53.58220178,-28.75152398],[-53.58219495,-28.75152844],[-53.58218983,-28.75153442],[-53.58218302,-28.75154937],[-53.58217961,-28.75155535],[-53.58217792,-28.75156732],[-53.58217794,-28.7515823],[-53.58217795,-28.75159128],[-53.58217796,-28.75159877],[-53.58217284,-28.75160923],[-53.58216602,-28.75162268],[-53.5821609,-28.75163314],[-53.58215407,-28.75164059],[-53.58214895,-28.75164655],[-53.58214212,-28.7516555],[-53.5821345,-28.75167126],[-53.58213294,-28.75167263],[-53.5821314,-28.75168221],[-53.58212987,-28.75169316],[-53.58212989,-28.75170138],[-53.5821166,-28.75174412],[-53.58211661,-28.75174674],[-53.58210913,-28.75176252],[-53.58210763,-28.75176778],[-53.58210468,-28.75178749],[-53.58210773,-28.75179801],[-53.58211379,-28.75181116],[-53.58211533,-28.75181905],[-53.58211535,-28.75182826],[-53.58211537,-28.75183353],[-53.58210787,-28.75184669],[-53.58210186,-28.75185196],[-53.58209735,-28.75185722],[-53.58208684,-28.7518717],[-53.58207784,-28.75188487],[-53.58207033,-28.7518954],[-53.58206884,-28.75190067],[-53.58206583,-28.75191646],[-53.5820643,-28.75193225],[-53.58206429,-28.75194936],[-53.58206129,-28.7519612],[-53.58205978,-28.751977],[-53.58205978,-28.75198884],[-53.58205678,-28.75199542],[-53.58205076,-28.75200989],[-53.58204475,-28.75202041],[-53.5820437,-28.7520514],[-53.58203979,-28.75206167],[-53.58203784,-28.75207878],[-53.58203392,-28.75209076],[-53.58203392,-28.75210615],[-53.58203392,-28.75212497],[-53.58203392,-28.75213523],[-53.5820261,-28.75215234],[-53.58201828,-28.75216773],[-53.58201632,-28.75217286],[-53.58200264,-28.75218996],[-53.58200068,-28.75220193],[-53.58200069,-28.7522139],[-53.58200266,-28.75223271],[-53.58199878,-28.75225153],[-53.58199487,-28.75226008],[-53.5819812,-28.75227375],[-53.5819734,-28.75228401],[-53.58195583,-28.75230451],[-53.58195388,-28.75230793],[-53.58194607,-28.75231989],[-53.58194022,-28.75233015],[-53.58193436,-28.75234382],[-53.58193046,-28.7523592],[-53.58192851,-28.75237287],[-53.58192461,-28.75238313],[-53.58192461,-28.75241218],[-53.5819168,-28.75241388],[-53.58191095,-28.75243952],[-53.5819051,-28.75244634],[-53.58190315,-28.75245489],[-53.58190315,-28.75246173],[-53.58190706,-28.75247543],[-53.58191876,-28.75248399],[-53.58194217,-28.75249085],[-53.58195778,-28.752496],[-53.5819734,-28.75250287],[-53.58197926,-28.75250972],[-53.58199878,-28.75252515],[-53.58200074,-28.75253199],[-53.5820066,-28.75254397],[-53.5820105,-28.75255082],[-53.58201832,-28.75255597],[-53.58202222,-28.75255598],[-53.58203394,-28.75255942],[-53.58205181,-28.752562],[-53.58205476,-28.75257237],[-53.58206068,-28.75258533],[-53.5820696,-28.75259829],[-53.58207564,-28.75260865],[-53.58208769,-28.75262679],[-53.58209674,-28.75264233],[-53.58210281,-28.75265527],[-53.58210884,-28.75266822],[-53.58212081,-28.75268375],[-53.58212979,-28.75269411],[-53.58214472,-28.75270445],[-53.58215666,-28.75271221],[-53.58218038,-28.75271997],[-53.58221004,-28.75273031],[-53.58223968,-28.75274066],[-53.58226935,-28.75275358],[-53.5822901,-28.75276134],[-53.58231088,-28.75277168],[-53.58233463,-28.7527846],[-53.58234351,-28.75278718],[-53.58237021,-28.7528001],[-53.58237319,-28.75280268],[-53.58238519,-28.75282076],[-53.58239117,-28.75282592],[-53.58241924,-28.75284332],[-53.58242436,-28.75284774],[-53.58242947,-28.75285215],[-53.58243969,-28.7528595],[-53.58244314,-28.75286686],[-53.58244486,-28.7528698],[-53.58245,-28.75287715],[-53.58245682,-28.75288303],[-53.58246358,-28.75288449],[-53.58247034,-28.75288449],[-53.58247876,-28.75288301],[-53.58248717,-28.75288006],[-53.58250565,-28.75287123],[-53.58251911,-28.75286681],[-53.58253088,-28.75286238],[-53.58254772,-28.75285796],[-53.58255614,-28.75285649],[-53.58256288,-28.75285648],[-53.58258491,-28.75286823],[-53.58259001,-28.7528741],[-53.58260022,-28.75288585],[-53.58260532,-28.75289172],[-53.58260705,-28.75289759],[-53.58261383,-28.75290199],[-53.58262736,-28.75290932],[-53.58263579,-28.75291078],[-53.58264926,-28.75291076],[-53.58266272,-28.75291075],[-53.58267615,-28.75290633],[-53.58268958,-28.75290045],[-53.5826963,-28.75289898],[-53.58270302,-28.7528975],[-53.58272151,-28.75289602],[-53.58274505,-28.75289453],[-53.58275177,-28.75289452],[-53.58276354,-28.75289451],[-53.58278035,-28.7528945],[-53.58278876,-28.75289449],[-53.58281061,-28.75289594],[-53.58282407,-28.75290032],[-53.58284255,-28.75290177],[-53.58285767,-28.75290322],[-53.58286439,-28.75290468],[-53.58289124,-28.75290466],[-53.58290467,-28.75290611],[-53.58292313,-28.75291048],[-53.58293823,-28.75291047],[-53.58295835,-28.75291045],[-53.58297509,-28.75290457],[-53.58298346,-28.75290017],[-53.5829935,-28.75289577],[-53.58300688,-28.75288697],[-53.58301357,-28.75288257],[-53.58302362,-28.75287817],[-53.583037,-28.75286936],[-53.58304705,-28.75286643],[-53.5830621,-28.75285469],[-53.58307047,-28.75284736],[-53.58308554,-28.75284001],[-53.58315032,-28.7528261],[-53.58316425,-28.75282081],[-53.58318614,-28.75281374],[-53.58320802,-28.75280495],[-53.58322791,-28.75279963],[-53.58323585,-28.75279093],[-53.58324775,-28.75277529],[-53.58325567,-28.75276141],[-53.58326361,-28.75275098],[-53.58327353,-28.75273881],[-53.58328147,-28.75272838],[-53.58329336,-28.75270754],[-53.58330327,-28.75268672],[-53.58331518,-28.75267453],[-53.5833271,-28.75266408],[-53.58334895,-28.75265011],[-53.58336285,-28.75263272],[-53.58337873,-28.75261878],[-53.58339263,-28.75260312],[-53.58340455,-28.75258572],[-53.58341646,-28.75257351],[-53.58343433,-28.75255953],[-53.58345617,-28.75254555],[-53.58347205,-28.75253681],[-53.58350378,-28.7525228],[-53.58351568,-28.75251581],[-53.58352163,-28.75250884],[-53.58353551,-28.75249317],[-53.58355336,-28.75247228],[-53.58356525,-28.75245835],[-53.58357516,-28.75244269],[-53.58358904,-28.75242529],[-53.58360687,-28.75240962],[-53.58361875,-28.75240091],[-53.58363063,-28.75239394],[-53.58365042,-28.75238348],[-53.58367614,-28.75236954],[-53.58368801,-28.75236431],[-53.5836979,-28.75235561],[-53.58370977,-28.75234691],[-53.58372164,-28.75233474],[-53.58372758,-28.75232432],[-53.58373156,-28.75230696],[-53.58373355,-28.7522948],[-53.58373949,-28.75228611],[-53.58375532,-28.75226874],[-53.58377307,-28.75225656],[-53.58378885,-28.75224267],[-53.58380658,-28.75223398],[-53.58382037,-28.75222356],[-53.58382826,-28.75221315],[-53.58384008,-28.75220274],[-53.58384995,-28.75218539],[-53.58385784,-28.75217151],[-53.58386376,-28.75215763],[-53.58386576,-28.75214375],[-53.58386382,-28.75213333],[-53.58385795,-28.75212117],[-53.58384816,-28.75210726],[-53.58383638,-28.75209508],[-53.58382264,-28.75207941],[-53.58381283,-28.75206721],[-53.58380694,-28.7520585],[-53.58380302,-28.75204632],[-53.58379713,-28.75203586],[-53.58379321,-28.75202367],[-53.58378536,-28.7520045],[-53.58378144,-28.75199578],[-53.58377751,-28.75198532],[-53.58377555,-28.75197834],[-53.58377359,-28.75197137],[-53.58377165,-28.75195568],[-53.58377168,-28.75194],[-53.58378156,-28.75192959],[-53.58379341,-28.75192442],[-53.58380136,-28.75189916],[-53.58381002,-28.75188578],[-53.58382951,-28.75187045],[-53.58384249,-28.75186277],[-53.5838706,-28.75185883],[-53.58389437,-28.75185681],[-53.58389869,-28.75185489],[-53.58391164,-28.75184912],[-53.58392889,-28.75183005],[-53.58393535,-28.75181863],[-53.58394179,-28.75179771],[-53.5839547,-28.7517711],[-53.58396977,-28.7517483],[-53.58398915,-28.75173119],[-53.58399776,-28.75172549],[-53.58402789,-28.75171784],[-53.58403864,-28.75171214],[-53.58405154,-28.75170643],[-53.58406658,-28.75169504],[-53.58407946,-28.75168934],[-53.58409449,-28.75168174],[-53.58411593,-28.75166657],[-53.58412664,-28.75165521],[-53.58413948,-28.75164574],[-53.58415017,-28.75162871],[-53.58415873,-28.7516117],[-53.58416516,-28.7515947],[-53.58416945,-28.7515777],[-53.58417158,-28.7515607],[-53.58417157,-28.75154748],[-53.5841737,-28.75153615],[-53.58417368,-28.75152293],[-53.58417795,-28.7515116],[-53.58418864,-28.75149839],[-53.58419934,-28.75149085],[-53.58420789,-28.75148331],[-53.58421644,-28.75147388],[-53.58422926,-28.75146447],[-53.58424849,-28.75145506],[-53.58425916,-28.75144942],[-53.58427624,-28.75143813],[-53.58429117,-28.75143062],[-53.58434073,-28.75138934],[-53.58435781,-28.75138029],[-53.58436805,-28.75136828],[-53.58438171,-28.75135029],[-53.58438854,-28.75133233],[-53.58439536,-28.75129944],[-53.58439536,-28.75127554],[-53.58438512,-28.75124572],[-53.58437829,-28.75122185],[-53.58437829,-28.75118302],[-53.58438511,-28.75115612],[-53.58440213,-28.75112925],[-53.58443279,-28.75109341],[-53.58445322,-28.75106953],[-53.58446684,-28.75104865],[-53.58447364,-28.75103373],[-53.58447363,-28.75101583],[-53.58445997,-28.75099196],[-53.58446854,-28.75097381],[-53.58446856,-28.75096773],[-53.58447136,-28.75095921],[-53.58447835,-28.7509519],[-53.5844881,-28.75094703],[-53.58449229,-28.7509446],[-53.58450206,-28.75093485],[-53.58450905,-28.75092633],[-53.58451186,-28.75091902],[-53.58451187,-28.75091415],[-53.5845133,-28.75090318],[-53.58451333,-28.75089343],[-53.58451334,-28.75088978],[-53.58450919,-28.75088125],[-53.5845078,-28.75088125],[-53.58450224,-28.75087637],[-53.58449668,-28.75087271],[-53.58449113,-28.7508654],[-53.58448976,-28.75086052],[-53.58448838,-28.75085321],[-53.58448701,-28.75084711],[-53.58448703,-28.75084101],[-53.58448287,-28.75083247],[-53.58448009,-28.75083003],[-53.58446758,-28.75082027],[-53.58446341,-28.75081539],[-53.58446343,-28.75081051],[-53.58446206,-28.75079953],[-53.5844593,-28.75079098],[-53.58445932,-28.75078488],[-53.58445934,-28.75077633],[-53.58446076,-28.75076901],[-53.58446356,-28.75076168],[-53.58446637,-28.75075435],[-53.58447058,-28.75074702],[-53.58447618,-28.75073847],[-53.58448178,-28.75073236],[-53.58449295,-28.75072503],[-53.58449855,-28.75071892],[-53.58450276,-28.75071158],[-53.58450418,-28.75070303],[-53.5845056,-28.75069447],[-53.58450701,-28.75068958],[-53.58451261,-28.75068346],[-53.58452825,-28.75067097],[-53.5845322,-28.75066751],[-53.58453912,-28.75066319],[-53.58454406,-28.7506606],[-53.58455098,-28.75065542],[-53.58455494,-28.75065282],[-53.58456185,-28.75064936],[-53.58456779,-28.75064418],[-53.5845757,-28.75063899],[-53.58458065,-28.7506338],[-53.58458462,-28.75062948],[-53.58459056,-28.75062256],[-53.58459552,-28.75061564],[-53.5845995,-28.75060785],[-53.58460151,-28.7505992],[-53.58460153,-28.75059487],[-53.58460057,-28.75058708],[-53.58459763,-28.75058188],[-53.58459271,-28.75057842],[-53.58458382,-28.75057842],[-53.58457691,-28.75057842],[-53.58456901,-28.75057842],[-53.58456308,-28.75057929],[-53.58455419,-28.75058188],[-53.58454925,-28.75058362],[-53.5845443,-28.75058795],[-53.58454033,-28.75059227],[-53.58453637,-28.7505966],[-53.58453142,-28.75060266],[-53.58452745,-28.75060785],[-53.58452053,-28.75061304],[-53.58451559,-28.75061477],[-53.58451361,-28.75061564],[-53.58450571,-28.75061737],[-53.58450473,-28.75061737],[-53.58449486,-28.75061824],[-53.58448005,-28.75061824],[-53.58447907,-28.75061824],[-53.58447216,-28.75061737],[-53.58446526,-28.75061564],[-53.58446033,-28.75061305],[-53.58445441,-28.75060959],[-53.58444751,-28.75060526],[-53.58444258,-28.75060353],[-53.58443272,-28.75060007],[-53.58442976,-28.75059747],[-53.58442484,-28.75059314],[-53.58442188,-28.75058708],[-53.58441992,-28.75058189],[-53.58441894,-28.75057756],[-53.58441895,-28.75057063],[-53.58441699,-28.75056544],[-53.58441601,-28.75055937],[-53.58441208,-28.75054984],[-53.58440617,-28.75053944],[-53.58440025,-28.75053511],[-53.58439531,-28.75053164],[-53.58439037,-28.75053165],[-53.58438148,-28.75053165],[-53.58437556,-28.75053251],[-53.58436963,-28.75053425],[-53.5843637,-28.75053771],[-53.58435875,-28.75054031],[-53.5843548,-28.75054291],[-53.58435085,-28.75054638],[-53.5843459,-28.75054985],[-53.58433899,-28.75055331],[-53.58433504,-28.75055504],[-53.58432516,-28.75055851],[-53.58431429,-28.75056198],[-53.58431133,-28.75056284],[-53.58430639,-28.75056371],[-53.58430047,-28.75056457],[-53.5842896,-28.75056631],[-53.58427973,-28.75056804],[-53.58427084,-28.75057064],[-53.58426294,-28.75057151],[-53.58425801,-28.75057237],[-53.58425307,-28.75057237],[-53.58424616,-28.75057151],[-53.58424517,-28.75056804],[-53.58424517,-28.75056371],[-53.58424319,-28.75055851],[-53.58424319,-28.75055505],[-53.58424319,-28.75055072],[-53.5842422,-28.75054465],[-53.58423924,-28.75053858],[-53.58423726,-28.75053425],[-53.58423528,-28.75052992],[-53.5842333,-28.75052558],[-53.58422935,-28.75051951],[-53.58422737,-28.75051258],[-53.58422539,-28.75050477],[-53.5842244,-28.7505013],[-53.5842244,-28.75049523],[-53.5842244,-28.75048916],[-53.58422439,-28.75048135],[-53.58422241,-28.75047527],[-53.58422142,-28.75047006],[-53.58421845,-28.75046312],[-53.58421449,-28.7504553],[-53.5842135,-28.75045444],[-53.58421152,-28.75045096],[-53.58421053,-28.75044749],[-53.58420954,-28.75044054],[-53.58420954,-28.75043706],[-53.58421151,-28.75043359],[-53.5842125,-28.75043011],[-53.58421349,-28.7504249],[-53.58421744,-28.75041969],[-53.58422337,-28.75041186],[-53.584238,-28.75040108],[-53.58424232,-28.75040014],[-53.58424771,-28.75039447],[-53.58425311,-28.7503888],[-53.58425419,-28.75038691],[-53.5842639,-28.75037935],[-53.58426821,-28.7503784],[-53.58428116,-28.7503784],[-53.58428332,-28.7503784],[-53.58428763,-28.75037935],[-53.58429626,-28.75038313],[-53.58430273,-28.75038313],[-53.58431244,-28.75038124],[-53.58431784,-28.7503784],[-53.58432432,-28.75037367],[-53.58433188,-28.75036611],[-53.58433944,-28.75035855],[-53.58434916,-28.75035287],[-53.58435349,-28.75034625],[-53.58435889,-28.75033774],[-53.5843589,-28.75033017],[-53.58435892,-28.75032071],[-53.58435785,-28.75031503],[-53.58435678,-28.75030651],[-53.58435463,-28.75030273],[-53.58435032,-28.75029421],[-53.58434817,-28.75028568],[-53.58434818,-28.75028095],[-53.58435143,-28.75027527],[-53.58435467,-28.75027053],[-53.584359,-28.7502639],[-53.58436441,-28.75025821],[-53.58436766,-28.75025158],[-53.58436875,-28.75024779],[-53.584372,-28.75024115],[-53.58437417,-28.75023736],[-53.5843785,-28.75023072],[-53.58438393,-28.75021745],[-53.5843861,-28.75021176],[-53.58439043,-28.75020702],[-53.58439476,-28.75020037],[-53.5843991,-28.75019563],[-53.58440451,-28.75019183],[-53.58440776,-28.75018709],[-53.58441101,-28.75018234],[-53.58441535,-28.75017855],[-53.58442077,-28.75017],[-53.58442402,-28.75016716],[-53.58442836,-28.75016241],[-53.58443594,-28.75015766],[-53.58443918,-28.75015671],[-53.58444351,-28.75015576],[-53.5844511,-28.7501529],[-53.58445543,-28.7501529],[-53.58445976,-28.750151],[-53.58448142,-28.75015383],[-53.58448791,-28.75015572],[-53.58449441,-28.75015762],[-53.58449982,-28.75015856],[-53.58451173,-28.7501614],[-53.58452363,-28.75016519],[-53.58453122,-28.75016518],[-53.5845388,-28.75016708],[-53.58454097,-28.75016708],[-53.58454754,-28.750169],[-53.58455074,-28.75017321],[-53.58455555,-28.75017672],[-53.58455956,-28.75017813],[-53.58456678,-28.75018094],[-53.584574,-28.75018235],[-53.58457721,-28.75018306],[-53.58458604,-28.75018447],[-53.58459326,-28.75018588],[-53.58460049,-28.75018589],[-53.58460852,-28.7501852],[-53.58461174,-28.7501838],[-53.58461495,-28.7501831],[-53.58461978,-28.750181],[-53.58462944,-28.75017329],[-53.58463186,-28.75017049],[-53.58463509,-28.75016558],[-53.58463671,-28.75016067],[-53.58463672,-28.75015505],[-53.58463674,-28.75015084],[-53.58463676,-28.75014451],[-53.58463677,-28.7501389],[-53.58463679,-28.75013327],[-53.58463922,-28.75012836],[-53.58464245,-28.75012203],[-53.5846481,-28.75011571],[-53.58465295,-28.75011009],[-53.58466021,-28.75010236],[-53.58466424,-28.75009955],[-53.58466749,-28.75009251],[-53.58466911,-28.75008829],[-53.58467315,-28.75008337],[-53.58467641,-28.75007563],[-53.58467967,-28.7500693],[-53.58467969,-28.75006648],[-53.58468055,-28.75005662],[-53.5846798,-28.75004605],[-53.58467901,-28.75004183],[-53.58467906,-28.75003407],[-53.58467747,-28.75002773],[-53.58467749,-28.7500249],[-53.58467752,-28.75001926],[-53.58467836,-28.75001362],[-53.5846784,-28.75000656],[-53.58467843,-28.75000091],[-53.58467845,-28.74999597],[-53.58467849,-28.74998891],[-53.5846769,-28.74998326],[-53.58467611,-28.74997972],[-53.58467453,-28.74997407],[-53.58467455,-28.74996983],[-53.58467217,-28.74996206],[-53.58467218,-28.74995923],[-53.58467059,-28.74995357],[-53.58466984,-28.74994367],[-53.58466987,-28.749938],[-53.58466989,-28.74993234],[-53.58467066,-28.74992158],[-53.58467067,-28.74992024],[-53.58467069,-28.74991488],[-53.58467072,-28.74990885],[-53.58466844,-28.74990348],[-53.5846654,-28.74989678],[-53.58466388,-28.74989343],[-53.58466083,-28.74988873],[-53.58465702,-28.74988136],[-53.5846555,-28.749878],[-53.58465398,-28.74987465],[-53.584654,-28.74987062],[-53.58465401,-28.74986794],[-53.58465479,-28.74986458],[-53.58465788,-28.74985921],[-53.5846625,-28.74985585],[-53.58466711,-28.74985383],[-53.58467557,-28.74985248],[-53.58468402,-28.74985248],[-53.58469016,-28.74985248],[-53.584694,-28.74985247],[-53.58470246,-28.74985247],[-53.58470707,-28.74985247],[-53.58471476,-28.74985179],[-53.58471938,-28.74985045],[-53.58472323,-28.74984977],[-53.58472709,-28.74984842],[-53.58473017,-28.74984842],[-53.58473555,-28.74984775],[-53.58473864,-28.74984707],[-53.58474402,-28.74984573],[-53.58475018,-28.74984505],[-53.5847548,-28.74984505],[-53.5847625,-28.74984504],[-53.58476866,-28.74984437],[-53.58478099,-28.74984234],[-53.58478558,-28.749841],[-53.58479098,-28.74984032],[-53.58479174,-28.74983965],[-53.58479559,-28.74983897],[-53.58480097,-28.74983426],[-53.58480403,-28.74982956],[-53.58480786,-28.74982485],[-53.58481168,-28.7498188],[-53.58481319,-28.74981275],[-53.58481393,-28.7498067],[-53.58481391,-28.74980267],[-53.58481389,-28.7497973],[-53.58481311,-28.74979596],[-53.58481,-28.74979126],[-53.58480844,-28.74978724],[-53.58480764,-28.74978187],[-53.58480762,-28.7497765],[-53.58480837,-28.74977247],[-53.58480989,-28.74976844],[-53.58480987,-28.74976375],[-53.58480983,-28.74975704],[-53.58480902,-28.74974833],[-53.58480436,-28.74974029],[-53.58480204,-28.74973963],[-53.58479819,-28.74973896],[-53.58479434,-28.74973897],[-53.58478819,-28.74973899],[-53.58478435,-28.74973966],[-53.58477976,-28.74974033],[-53.58477593,-28.74974033],[-53.5847721,-28.74974033],[-53.58476827,-28.74974033],[-53.58476137,-28.74974033],[-53.58475525,-28.74974033],[-53.58474912,-28.74974033],[-53.58474376,-28.74973966],[-53.58473839,-28.74973765],[-53.58473531,-28.7497343],[-53.58473376,-28.74972895],[-53.58473297,-28.74972359],[-53.58473295,-28.7497189],[-53.58473293,-28.74971287],[-53.58473137,-28.74970551],[-53.58472982,-28.74970082],[-53.58472751,-28.74969681],[-53.58472443,-28.74969279],[-53.58472136,-28.74969012],[-53.58471905,-28.74968677],[-53.58471674,-28.74968276],[-53.58470701,-28.74966936],[-53.58470451,-28.74966391],[-53.58470201,-28.74965845],[-53.58469826,-28.7496519],[-53.58469451,-28.74964535],[-53.58468952,-28.7496388],[-53.58468578,-28.74963444],[-53.58468079,-28.74962789],[-53.58467705,-28.74962353],[-53.58467579,-28.74961916],[-53.58467578,-28.7496148],[-53.58467577,-28.74960935],[-53.58467576,-28.74960389],[-53.58467824,-28.74959953],[-53.58468071,-28.74959408],[-53.58468567,-28.74958754],[-53.58468815,-28.74958536],[-53.58469062,-28.74958099],[-53.58469434,-28.74957554],[-53.5846993,-28.74957227],[-53.58470551,-28.749569],[-53.58471296,-28.74956573],[-53.58472041,-28.74956246],[-53.58472662,-28.74956246],[-53.58473159,-28.74956137],[-53.58473781,-28.74956137],[-53.58474278,-28.74956137],[-53.58475272,-28.74956137],[-53.58476639,-28.74956137],[-53.58477261,-28.74956137],[-53.58478006,-28.74956028],[-53.58478877,-28.74956028],[-53.5848,-28.74956246],[-53.58480749,-28.74956246],[-53.58482246,-28.74956246],[-53.5848287,-28.74956246],[-53.58483993,-28.74956246],[-53.58484741,-28.74956246],[-53.58484865,-28.74956246],[-53.58485361,-28.74956028],[-53.58486104,-28.74955701],[-53.58486598,-28.74955265],[-53.58487093,-28.74954938],[-53.58488082,-28.74954284],[-53.58488821,-28.74953413],[-53.58489438,-28.74952868],[-53.58489805,-28.74952215],[-53.58490049,-28.7495167],[-53.58490661,-28.74950691],[-53.58490784,-28.74950473],[-53.5849165,-28.74949711],[-53.58492145,-28.74949385],[-53.58493261,-28.74949058],[-53.58494006,-28.7494884],[-53.58494874,-28.74948623],[-53.58495742,-28.74948296],[-53.58496238,-28.74948079],[-53.5849698,-28.74947426],[-53.58497472,-28.74946556],[-53.58498088,-28.74945577],[-53.58498828,-28.74944707],[-53.58499695,-28.74944272],[-53.58501059,-28.74943837],[-53.58501802,-28.74943619],[-53.58502794,-28.74943293],[-53.58502793,-28.74943076],[-53.58504674,-28.74942067],[-53.58505237,-28.74941819],[-53.58506222,-28.74941572],[-53.58507488,-28.74941324],[-53.58509035,-28.74941077],[-53.5851044,-28.74940582],[-53.58512689,-28.74940211],[-53.58513392,-28.74940087],[-53.58515081,-28.74939964],[-53.58515644,-28.74939964],[-53.5851663,-28.74939964],[-53.58517196,-28.74940458],[-53.58518183,-28.74940705],[-53.58519027,-28.74940705],[-53.58520015,-28.74941076],[-53.58520862,-28.74941447],[-53.58521284,-28.74941447],[-53.5852213,-28.74941694],[-53.58522553,-28.74941817],[-53.58523116,-28.74941817],[-53.58524102,-28.74941817],[-53.58525085,-28.7494157],[-53.58526207,-28.74941076],[-53.58527045,-28.74940334],[-53.58527882,-28.74939469],[-53.58528297,-28.74938482],[-53.5852871,-28.74937371],[-53.58528839,-28.74936013],[-53.58529251,-28.7493478],[-53.58530085,-28.7493367],[-53.58530502,-28.74932931],[-53.58531199,-28.74931822],[-53.58531892,-28.7493022],[-53.58532871,-28.74929234],[-53.58533852,-28.74928618],[-53.58534974,-28.74928126],[-53.58535675,-28.7492788],[-53.58536517,-28.7492751],[-53.58537358,-28.74927141],[-53.58537638,-28.74926895],[-53.58537497,-28.74926895],[-53.58539079,-28.74926388],[-53.58539335,-28.74926388],[-53.58540228,-28.74925939],[-53.58540484,-28.74925827],[-53.58541505,-28.7492549],[-53.5854291,-28.74925041],[-53.58543931,-28.74924704],[-53.58545079,-28.74924031],[-53.58545972,-28.74923694],[-53.5854661,-28.7492347],[-53.58547376,-28.74923246],[-53.58548522,-28.74922572],[-53.58549286,-28.74922123],[-53.58550177,-28.74921675],[-53.58550941,-28.74921226],[-53.58551705,-28.74921002],[-53.58552597,-28.74920329],[-53.58553105,-28.74919657],[-53.58553486,-28.74918873],[-53.58553866,-28.74917866],[-53.58554121,-28.7491753],[-53.58554375,-28.74917082],[-53.58554756,-28.7491641],[-53.58555265,-28.74915851],[-53.58555776,-28.74915067],[-53.58556286,-28.7491406],[-53.58556797,-28.74913389],[-53.58557307,-28.74912494],[-53.58557818,-28.74911822],[-53.58558328,-28.74911039],[-53.58558838,-28.74910255],[-53.58559221,-28.74909136],[-53.58559604,-28.74908689],[-53.58559859,-28.74908129],[-53.58560242,-28.74907682],[-53.58561008,-28.74907122],[-53.58561774,-28.74906675],[-53.58562412,-28.74906227],[-53.58562922,-28.74905891],[-53.5856305,-28.74905444],[-53.58563305,-28.74904772],[-53.58563433,-28.74903989],[-53.58563943,-28.74903206],[-53.58564071,-28.74902646],[-53.58564199,-28.74902087],[-53.58564326,-28.74901303],[-53.58564326,-28.74900744],[-53.58564454,-28.7489996],[-53.58564709,-28.74899513],[-53.58565478,-28.74899176],[-53.58565992,-28.74898839],[-53.58566965,-28.74896974],[-53.58567096,-28.74896859],[-53.58567359,-28.74896284],[-53.58567491,-28.74895824],[-53.58568279,-28.74895248],[-53.58568674,-28.74895018],[-53.58569462,-28.74894903],[-53.58570251,-28.74894904],[-53.58570777,-28.74894904],[-53.58571565,-28.74895249],[-53.58572091,-28.7489548],[-53.58572748,-28.74895595],[-53.58573274,-28.74895825],[-53.58573931,-28.74896171],[-53.58574982,-28.74896977],[-53.58575377,-28.74897208],[-53.58575903,-28.74897553],[-53.5857656,-28.74897784],[-53.58577481,-28.74897899],[-53.58578534,-28.748979],[-53.5857906,-28.748979],[-53.58579718,-28.74898016],[-53.58580375,-28.74898361],[-53.58581165,-28.74898707],[-53.58582086,-28.74899053],[-53.58583007,-28.74899515],[-53.58583534,-28.74899515],[-53.58584324,-28.74899631],[-53.5858551,-28.74899401],[-53.58586038,-28.7489894],[-53.58586434,-28.7489848],[-53.58587227,-28.74897443],[-53.58587888,-28.74896406],[-53.58588285,-28.7489583],[-53.58589209,-28.74895484],[-53.58589868,-28.74895369],[-53.58590264,-28.74895369],[-53.58590923,-28.74895485],[-53.58591583,-28.748956],[-53.58592638,-28.74895831],[-53.58593693,-28.74895831],[-53.58594486,-28.74895716],[-53.58595673,-28.74895255],[-53.58596463,-28.74894793],[-53.58597252,-28.74894331],[-53.58598042,-28.7489387],[-53.58598832,-28.74893293],[-53.58599358,-28.74892831],[-53.58600938,-28.74892254],[-53.58601596,-28.74892254],[-53.58602517,-28.74892254],[-53.58603176,-28.74892254],[-53.58604097,-28.74892023],[-53.58604755,-28.74891792],[-53.58605808,-28.74891446],[-53.5860673,-28.74890984],[-53.58607256,-28.74890869],[-53.58608046,-28.74890638],[-53.58608704,-28.74890292],[-53.58609494,-28.74889599],[-53.58609494,-28.74889369],[-53.58609494,-28.74888791],[-53.58609099,-28.74887753],[-53.58608572,-28.74887176],[-53.58607651,-28.74886368],[-53.58607256,-28.74886137],[-53.58606598,-28.74886022],[-53.58605808,-28.74885791],[-53.58604886,-28.74885676],[-53.58604097,-28.74885445],[-53.58603702,-28.74884868],[-53.58603307,-28.74884291],[-53.58602254,-28.74883945],[-53.58601596,-28.74883714],[-53.58600674,-28.74883599],[-53.58600016,-28.74883253],[-53.58599226,-28.74882791],[-53.58598963,-28.74882676],[-53.58598305,-28.7488233],[-53.58597515,-28.74881983],[-53.58597121,-28.74881291],[-53.58597255,-28.74880597],[-53.58597388,-28.74880366],[-53.58597916,-28.74879673],[-53.58598313,-28.74879211],[-53.58598446,-28.74878633],[-53.58598712,-28.74877824],[-53.58599241,-28.74877015],[-53.58599901,-28.74876668],[-53.5860056,-28.74876321],[-53.58600957,-28.74875974],[-53.58601353,-28.74875512],[-53.5860175,-28.74874933],[-53.58602148,-28.7487424],[-53.58603072,-28.74873661],[-53.58603733,-28.74872967],[-53.58603867,-28.74872389],[-53.58604659,-28.74871926],[-53.58604923,-28.74871694],[-53.58606108,-28.74871579],[-53.58606764,-28.7487158],[-53.5860742,-28.74871582],[-53.58607945,-28.74871582],[-53.58608601,-28.74871584],[-53.58609519,-28.7487147],[-53.58610306,-28.74871471],[-53.58610961,-28.74871472],[-53.58611879,-28.74871358],[-53.58612404,-28.74871244],[-53.5861319,-28.7487113],[-53.58613714,-28.74871362],[-53.58614238,-28.74871709],[-53.58615156,-28.74872057],[-53.58615549,-28.74872403],[-53.58616074,-28.7487275],[-53.58617653,-28.74873443],[-53.58618575,-28.74873789],[-53.58619233,-28.74874019],[-53.58620023,-28.74874943],[-53.58620944,-28.7487552],[-53.58621471,-28.74875866],[-53.58622129,-28.74875981],[-53.58623314,-28.74875981],[-53.5862384,-28.74875866],[-53.58624235,-28.74875519],[-53.5862463,-28.74874942],[-53.58624893,-28.74874481],[-53.58625156,-28.74873327],[-53.58625683,-28.74872403],[-53.58626078,-28.74871942],[-53.58628315,-28.74870095],[-53.58629713,-28.74869232],[-53.58629813,-28.74869145],[-53.58630111,-28.74868621],[-53.58630409,-28.74868098],[-53.58630509,-28.74867662],[-53.58630608,-28.74867051],[-53.58630807,-28.74866092],[-53.58630907,-28.74865481],[-53.58631305,-28.74864609],[-53.58631703,-28.74864085],[-53.58632,-28.74863126],[-53.58632197,-28.74862515],[-53.58632492,-28.74861468],[-53.5863249,-28.74861032],[-53.58632687,-28.74860248],[-53.58632981,-28.74859202],[-53.58632979,-28.74858418],[-53.58632978,-28.74857895],[-53.58632975,-28.74857024],[-53.58632974,-28.74856327],[-53.58633071,-28.74855717],[-53.58633861,-28.7485476],[-53.58634354,-28.74853977],[-53.58634946,-28.74853194],[-53.58635341,-28.7485276],[-53.5863623,-28.74851978],[-53.58636823,-28.74851543],[-53.58637712,-28.74851197],[-53.58638305,-28.7485085],[-53.58638601,-28.74850589],[-53.58638996,-28.74850329],[-53.58639884,-28.74849635],[-53.58640377,-28.74849288],[-53.58640968,-28.74848594],[-53.58641557,-28.74847639],[-53.58642146,-28.74847034],[-53.58642734,-28.74846515],[-53.58643617,-28.74845997],[-53.58644306,-28.74845739],[-53.58645683,-28.74845223],[-53.58646566,-28.74844792],[-53.58646957,-28.74844447],[-53.58647552,-28.74843752],[-53.58647751,-28.74843404],[-53.5864815,-28.74842795],[-53.58648349,-28.74841925],[-53.58648349,-28.74841404],[-53.58648349,-28.7484097],[-53.5864815,-28.74840276],[-53.58647851,-28.74839669],[-53.58647352,-28.74838976],[-53.58646754,-28.74838458],[-53.5864706,-28.74837306],[-53.5864706,-28.74837009],[-53.5864706,-28.74836416],[-53.58646606,-28.74835723],[-53.58646039,-28.74834931],[-53.58645472,-28.74834534],[-53.58645245,-28.74834435],[-53.58644224,-28.74834039],[-53.58643658,-28.74833742],[-53.58643318,-28.74833643],[-53.58642978,-28.74833346],[-53.58642751,-28.7483295],[-53.58642638,-28.74832456],[-53.58642184,-28.74831664],[-53.58641618,-28.74830873],[-53.58641165,-28.7483028],[-53.58640825,-28.74829786],[-53.58640485,-28.74829489],[-53.58639693,-28.74829192],[-53.58638901,-28.74828995],[-53.58638448,-28.74828995],[-53.58637995,-28.74828896],[-53.58637204,-28.74828698],[-53.58636638,-28.74828599],[-53.58635733,-28.74828204],[-53.58635394,-28.74828007],[-53.58634942,-28.74827711],[-53.58634377,-28.74827316],[-53.58633586,-28.74826921],[-53.58633021,-28.74826526],[-53.58632569,-28.74826428],[-53.58632004,-28.74826132],[-53.58631553,-28.74825441],[-53.58631327,-28.74824947],[-53.58631214,-28.74824355],[-53.58631101,-28.74823862],[-53.58630988,-28.7482327],[-53.58630875,-28.74822776],[-53.58630762,-28.74822283],[-53.58630762,-28.74821395],[-53.58630762,-28.74821],[-53.58630875,-28.74820111],[-53.58630988,-28.74819322],[-53.58631439,-28.74818433],[-53.58631778,-28.74817642],[-53.58631891,-28.74817247],[-53.58632117,-28.74816358],[-53.58632229,-28.74815865],[-53.58632568,-28.7481537],[-53.58632907,-28.74814975],[-53.58633133,-28.7481448],[-53.58633246,-28.74813888],[-53.58633472,-28.74813097],[-53.58633582,-28.74812507],[-53.58633803,-28.7481172],[-53.58634026,-28.7481113],[-53.58634249,-28.74810638],[-53.58634361,-28.74810441],[-53.5863481,-28.74809949],[-53.5863537,-28.74809161],[-53.58635817,-28.74808375],[-53.58636376,-28.7480749],[-53.58636711,-28.748069],[-53.58637272,-28.74806211],[-53.58637721,-28.74805916],[-53.58638622,-28.74805422],[-53.58638846,-28.74805225],[-53.58639974,-28.74805025],[-53.58640765,-28.74805022],[-53.58641896,-28.74805116],[-53.58643147,-28.748056],[-53.58643831,-28.7480589],[-53.58644973,-28.74806077],[-53.58646458,-28.74806063],[-53.58646572,-28.74806062],[-53.58647258,-28.74806056],[-53.58648059,-28.74806048],[-53.58648288,-28.74806145],[-53.58649548,-28.74806332],[-53.58650462,-28.74806523],[-53.58651028,-28.7480682],[-53.58651706,-28.74807017],[-53.58652272,-28.74807214],[-53.5865363,-28.74807609],[-53.58654536,-28.74807905],[-53.58655441,-28.74808696],[-53.58655554,-28.74809191],[-53.58655554,-28.74809686],[-53.58655554,-28.74809983],[-53.58655894,-28.74810775],[-53.58655894,-28.74811567],[-53.5865612,-28.74812359],[-53.58656347,-28.74813151],[-53.58656574,-28.74813448],[-53.58656689,-28.74814338],[-53.5865669,-28.74814734],[-53.58658216,-28.74817102],[-53.58658216,-28.74817293],[-53.58658543,-28.74818248],[-53.5865887,-28.7481882],[-53.58659307,-28.74819584],[-53.58659852,-28.74820443],[-53.58660179,-28.74821016],[-53.58660616,-28.74821589],[-53.58661052,-28.74821589],[-53.58661488,-28.74821589],[-53.5866236,-28.74821111],[-53.58662905,-28.74820729],[-53.58663668,-28.74820155],[-53.58664321,-28.74819678],[-53.58664757,-28.74819104],[-53.58665411,-28.74818627],[-53.58665847,-28.7481834],[-53.58666501,-28.74817958],[-53.58667373,-28.74817671],[-53.5866781,-28.74817671],[-53.586689,-28.7481767],[-53.58669555,-28.7481767],[-53.586701,-28.74817765],[-53.58670865,-28.74818051],[-53.58671629,-28.74818242],[-53.58672283,-28.74818337],[-53.58673048,-28.74818719],[-53.58673594,-28.7481891],[-53.58674249,-28.74819005],[-53.58675231,-28.74819005],[-53.58675777,-28.74819004],[-53.58676542,-28.748191],[-53.58677197,-28.74819195],[-53.58677743,-28.74819386],[-53.58678508,-28.74819577],[-53.58678945,-28.74819768],[-53.58679382,-28.74819863],[-53.5867971,-28.7482015],[-53.58679929,-28.74820341],[-53.58680039,-28.74820819],[-53.58680149,-28.74821488],[-53.58680041,-28.74822062],[-53.58679823,-28.74822635],[-53.58679715,-28.74823018],[-53.58679388,-28.74823687],[-53.58679499,-28.74824835],[-53.58679499,-28.74825122],[-53.58679501,-28.74825887],[-53.58679501,-28.74826174],[-53.58679502,-28.74826652],[-53.58679394,-28.74827322],[-53.58679067,-28.74828183],[-53.58679068,-28.74828565],[-53.58679397,-28.74829426],[-53.58679398,-28.74830001],[-53.58679399,-28.74830479],[-53.58679181,-28.74830862],[-53.58678854,-28.74831532],[-53.58678636,-28.74832106],[-53.58678418,-28.7483268],[-53.586782,-28.74833063],[-53.58678092,-28.74833445],[-53.58677874,-28.7483402],[-53.58677766,-28.74834881],[-53.58677767,-28.74835264],[-53.58677767,-28.74835743],[-53.58677769,-28.74836604],[-53.58677988,-28.74836892],[-53.58678644,-28.74837371],[-53.5867941,-28.74837754],[-53.58679738,-28.74837755],[-53.58680503,-28.74837755],[-53.58681159,-28.74837755],[-53.58681597,-28.74837756],[-53.58682034,-28.74837756],[-53.58682581,-28.74837852],[-53.58683018,-28.74837852],[-53.58683894,-28.74838044],[-53.58684332,-28.74838332],[-53.5868499,-28.74838716],[-53.58685649,-28.74839483],[-53.58686308,-28.74840155],[-53.58687077,-28.74841019],[-53.58687187,-28.74841211],[-53.58687627,-28.74841786],[-53.58687737,-28.7484217],[-53.58687958,-28.74842937],[-53.58688288,-28.74843513],[-53.58688508,-28.74843801],[-53.58688839,-28.74844377],[-53.58689279,-28.7484505],[-53.58689609,-28.74845338],[-53.58689939,-28.74845818],[-53.58690379,-28.74846203],[-53.58690599,-28.74846491],[-53.58691479,-28.74847357],[-53.58691367,-28.74848026],[-53.58691366,-28.74848313],[-53.5869317,-28.74849349],[-53.58693442,-28.74849827],[-53.58693851,-28.74850185],[-53.58694259,-28.74850782],[-53.5869494,-28.7485126],[-53.58696439,-28.74851739],[-53.58697802,-28.74852337],[-53.58698483,-28.74852815],[-53.58699437,-28.74853174],[-53.58699982,-28.74853294],[-53.58701209,-28.74854012],[-53.58702299,-28.7485461],[-53.58703526,-28.74855089],[-53.58705436,-28.74855331],[-53.58706288,-28.74855014],[-53.58706496,-28.74854834],[-53.58706772,-28.74854714],[-53.58707256,-28.74854293],[-53.58707602,-28.74854173],[-53.58708017,-28.74853811],[-53.58708916,-28.7485327],[-53.5870947,-28.7485303],[-53.58709885,-28.74852789],[-53.58710093,-28.74852548],[-53.58710231,-28.74852306],[-53.5871044,-28.74851521],[-53.58710579,-28.7485134],[-53.58710925,-28.74850978],[-53.58711064,-28.74850555],[-53.58711203,-28.74850132],[-53.58711689,-28.74849406],[-53.58712105,-28.74849104],[-53.58712452,-28.74848984],[-53.58713007,-28.74848743],[-53.58713631,-28.74848623],[-53.58713908,-28.74848502],[-53.58714324,-28.74848382],[-53.58714949,-28.7484814],[-53.58715435,-28.74847899],[-53.58715851,-28.74847718],[-53.58716407,-28.74847294],[-53.58716684,-28.74847051],[-53.587171,-28.74846566],[-53.58717238,-28.74846202],[-53.58717377,-28.74845959],[-53.58717446,-28.74845716],[-53.58717445,-28.74845412],[-53.58717443,-28.74844805],[-53.58717303,-28.74844319],[-53.58717233,-28.74843772],[-53.58717231,-28.74843286],[-53.5871723,-28.74842861],[-53.58717229,-28.74842558],[-53.58717505,-28.74842011],[-53.58717781,-28.74841708],[-53.58718266,-28.74841465],[-53.58718611,-28.74841101],[-53.58718818,-28.74840677],[-53.58718886,-28.74840434],[-53.58719091,-28.74839827],[-53.58719296,-28.74839463],[-53.5871957,-28.74839039],[-53.58719775,-28.74838614],[-53.58720185,-28.74837947],[-53.58720527,-28.74837584],[-53.58720938,-28.748371],[-53.58721486,-28.74836676],[-53.58722376,-28.74836192],[-53.5872265,-28.74836132],[-53.58723678,-28.74835951],[-53.58724705,-28.74835952],[-53.58725116,-28.74835952],[-53.58725664,-28.74835952],[-53.58726348,-28.74835953],[-53.58726827,-28.74835953],[-53.58727032,-28.74835953],[-53.58729614,-28.7483637],[-53.58729979,-28.7483653],[-53.58730344,-28.7483677],[-53.58730891,-28.7483701],[-53.5873162,-28.7483725],[-53.58732622,-28.74837248],[-53.58733622,-28.74837247],[-53.58734077,-28.74837086],[-53.58735076,-28.74836844],[-53.58736619,-28.74836281],[-53.58738071,-28.74835798],[-53.58738433,-28.74835718],[-53.58739703,-28.74835636],[-53.58741153,-28.74835635],[-53.58741878,-28.74835634],[-53.5874333,-28.74835633],[-53.58744689,-28.74835632],[-53.58745324,-28.74835631],[-53.58746682,-28.7483547],[-53.58747044,-28.7483531],[-53.58747587,-28.7483515],[-53.58749485,-28.7483435],[-53.58750299,-28.7483411],[-53.5875075,-28.7483395],[-53.58752376,-28.7483355],[-53.58752737,-28.7483347],[-53.5875382,-28.7483339],[-53.5875463,-28.74833389],[-53.58755979,-28.7483307],[-53.58756879,-28.7483299],[-53.58757957,-28.7483275],[-53.58758676,-28.7483259],[-53.58759124,-28.74832351],[-53.58759662,-28.74832112],[-53.58760021,-28.74831953],[-53.5876047,-28.74831794],[-53.58760918,-28.74831794],[-53.58761547,-28.74831793],[-53.58762354,-28.74831793],[-53.5876334,-28.74831793],[-53.58763878,-28.74831793],[-53.58764773,-28.74831554],[-53.58765757,-28.74831236],[-53.58766292,-28.74830441],[-53.58766556,-28.74829329],[-53.58767702,-28.74828375],[-53.58767702,-28.74827731],[-53.58767702,-28.74827086],[-53.58767597,-28.7482635],[-53.58767387,-28.74825613],[-53.58767282,-28.74825337],[-53.58767073,-28.74824693],[-53.58766968,-28.7482414],[-53.58766863,-28.74823496],[-53.58766653,-28.74822667],[-53.58766548,-28.74821654],[-53.58766548,-28.74820917],[-53.58766653,-28.74820181],[-53.58766967,-28.74819536],[-53.58767072,-28.74819076],[-53.58767701,-28.74818247],[-53.58768016,-28.74817695],[-53.5876833,-28.74816866],[-53.58768854,-28.7481567],[-53.58769273,-28.7481521],[-53.58770006,-28.74814382],[-53.58770739,-28.74813739],[-53.58771158,-28.74813463],[-53.58772519,-28.74812913],[-53.58773251,-28.7481273],[-53.58774297,-28.74812271],[-53.58775029,-28.7481218],[-53.58775343,-28.74812089],[-53.58776492,-28.74811631],[-53.58777015,-28.74811448],[-53.5877785,-28.74811173],[-53.58778372,-28.74810806],[-53.58778789,-28.74810256],[-53.58778997,-28.74809614],[-53.58778997,-28.74809338],[-53.58778996,-28.74808971],[-53.58778996,-28.74808236],[-53.58778995,-28.74807593],[-53.58778994,-28.74806951],[-53.58779097,-28.74806308],[-53.58779305,-28.74805666],[-53.58779409,-28.74804841],[-53.58779618,-28.74804106],[-53.58779827,-28.74803831],[-53.58780349,-28.74803464],[-53.58780976,-28.74803006],[-53.5878129,-28.7480264],[-53.58781603,-28.74802273],[-53.5878223,-28.74801907],[-53.58783065,-28.74801357],[-53.58784109,-28.74800809],[-53.58787229,-28.74800324],[-53.58788607,-28.74799674],[-53.58789136,-28.74799676],[-53.58789983,-28.74799585],[-53.58790512,-28.74799586],[-53.58791146,-28.74799495],[-53.58791781,-28.74799403],[-53.58792626,-28.74799406],[-53.5879326,-28.74799408],[-53.58793788,-28.74799409],[-53.58794211,-28.7479941],[-53.58794739,-28.74799412],[-53.58795267,-28.74799413],[-53.587959,-28.74799415],[-53.58796533,-28.74799417],[-53.58796955,-28.74799511],[-53.58797904,-28.74799793],[-53.58798432,-28.7480026],[-53.58798853,-28.74800634],[-53.5879938,-28.74801101],[-53.58799802,-28.74801288],[-53.58800013,-28.74801661],[-53.58800645,-28.74802035],[-53.58801276,-28.74802315],[-53.58802224,-28.74802783],[-53.58802645,-28.74803063],[-53.58802961,-28.74803435],[-53.58803592,-28.74803995],[-53.58804013,-28.74804367],[-53.58804433,-28.7480474],[-53.58804854,-28.74805206],[-53.58805169,-28.74805671],[-53.58805695,-28.7480623],[-53.58806115,-28.74806509],[-53.58806535,-28.74806975],[-53.58807166,-28.74807626],[-53.58807901,-28.74808091],[-53.58808741,-28.74808557],[-53.5880979,-28.74809022],[-53.58810734,-28.7480958],[-53.58811573,-28.74809952],[-53.58812516,-28.74810324],[-53.58813354,-28.74810695],[-53.58814087,-28.74810881],[-53.58814715,-28.74810882],[-53.58815448,-28.74810882],[-53.58816285,-28.74810882],[-53.58817017,-28.74810882],[-53.58817644,-28.74810697],[-53.58818271,-28.74810512],[-53.58818794,-28.74810141],[-53.58819847,-28.74809585],[-53.58820373,-28.74809493],[-53.58820689,-28.74809493],[-53.58821214,-28.74809493],[-53.58821633,-28.74809771],[-53.5882205,-28.7481005],[-53.5882257,-28.74810328],[-53.58822985,-28.74810699],[-53.58823086,-28.74811162],[-53.58823188,-28.74811533],[-53.58828656,-28.7481015],[-53.5882998,-28.74810152],[-53.58831038,-28.74809691],[-53.58832097,-28.74809461],[-53.58833419,-28.74808769],[-53.58834211,-28.7480738],[-53.58836326,-28.74806226],[-53.58836855,-28.74806227],[-53.5883844,-28.74805072],[-53.58838969,-28.7480461],[-53.58841083,-28.74804152],[-53.58842668,-28.74804156],[-53.58844253,-28.74804391],[-53.58845838,-28.74804858],[-53.5884663,-28.74805323],[-53.58848214,-28.74806021],[-53.5884927,-28.74806718],[-53.5885059,-28.74807647],[-53.58851645,-28.74808111],[-53.58853227,-28.74808576],[-53.58854809,-28.74809041],[-53.58857445,-28.74809274],[-53.58858235,-28.74809275],[-53.58861134,-28.74809045],[-53.58861661,-28.74809045],[-53.58862978,-28.74809045],[-53.58864823,-28.74809046],[-53.5886614,-28.74809047],[-53.58867457,-28.74809047],[-53.58869037,-28.74809048],[-53.58870354,-28.7480928],[-53.58871406,-28.74809975],[-53.58872722,-28.7481067],[-53.58874301,-28.74811596],[-53.58875353,-28.7481229],[-53.58876404,-28.74814141],[-53.58876929,-28.74814834],[-53.58877718,-28.74815759],[-53.58878243,-28.74816683],[-53.58879558,-28.74817377],[-53.58881399,-28.74817839],[-53.58884029,-28.74818071],[-53.58887974,-28.74818072],[-53.58890606,-28.7481738],[-53.58894818,-28.74816456],[-53.58896922,-28.74815994],[-53.588985,-28.74815995],[-53.58900078,-28.74815995],[-53.58902442,-28.7481692],[-53.58904805,-28.74818305],[-53.58905592,-28.74818998],[-53.5890743,-28.74820152],[-53.58908217,-28.74820845],[-53.58909529,-28.74821537],[-53.58911366,-28.7482223],[-53.5891268,-28.7482223],[-53.58914256,-28.7482223],[-53.5891557,-28.74822231],[-53.58920038,-28.74821078],[-53.58921089,-28.74820617],[-53.58922667,-28.74819925],[-53.5892477,-28.74819233],[-53.58925562,-28.74819002],[-53.58927671,-28.74819231],[-53.58929518,-28.7481923],[-53.58930045,-28.74819461],[-53.58932418,-28.74819921],[-53.58934525,-28.74820612],[-53.58935315,-28.74820612],[-53.58936896,-28.74821073],[-53.58938212,-28.74821764],[-53.58940582,-28.74823148],[-53.58942425,-28.74824301],[-53.58944006,-28.74824762],[-53.5894506,-28.74825223],[-53.58947168,-28.74825684],[-53.58949275,-28.74826606],[-53.58950592,-28.74827298],[-53.58951645,-28.74828221],[-53.58953224,-28.74829374],[-53.58955069,-28.74829836],[-53.58956124,-28.74829835],[-53.58958498,-28.74829835],[-53.58963785,-28.74829603],[-53.58965107,-28.74829603],[-53.58967489,-28.7482891],[-53.58968547,-28.74828909],[-53.58973671,-28.74832279],[-53.5897482,-28.74832279],[-53.58978266,-28.74831945],[-53.5898018,-28.7483228],[-53.58982858,-28.7483295],[-53.58989364,-28.74832951],[-53.58991277,-28.74832951],[-53.58992426,-28.74832951],[-53.58996632,-28.74832951],[-53.58998544,-28.74832616],[-53.59000455,-28.7483228],[-53.5900122,-28.7483161],[-53.59003896,-28.74830939],[-53.59005425,-28.74830269],[-53.59007336,-28.74829598],[-53.59011155,-28.74828257],[-53.59014208,-28.74827922],[-53.59017643,-28.74827921],[-53.59020314,-28.74827586],[-53.59024129,-28.7482725],[-53.59027182,-28.74827585],[-53.59028711,-28.7482859],[-53.59031771,-28.7482993],[-53.59032919,-28.748306],[-53.59034833,-28.74832275],[-53.59037511,-28.74833616],[-53.59039042,-28.74834286],[-53.59042103,-28.74835962],[-53.59043251,-28.74836632],[-53.59045928,-28.74837302],[-53.59050133,-28.74837637],[-53.59053571,-28.74837636],[-53.59054715,-28.74837636],[-53.59056622,-28.74837635],[-53.59059673,-28.74837634],[-53.59063864,-28.74837633],[-53.59069569,-28.7483763],[-53.59072611,-28.74837628],[-53.59074895,-28.74838297],[-53.5907908,-28.74838965],[-53.59081746,-28.74839969],[-53.59084411,-28.74840972],[-53.59087454,-28.7484164],[-53.59090119,-28.74842644],[-53.59093904,-28.74842975],[-53.59100228,-28.74846215],[-53.59101639,-28.74846956],[-53.59103049,-28.74847946],[-53.59104742,-28.74849183],[-53.59106715,-28.7485042],[-53.59110659,-28.7485215],[-53.5911263,-28.74852644],[-53.59115163,-28.74853632],[-53.59118258,-28.74854126],[-53.59120508,-28.74854619],[-53.59122756,-28.74855359],[-53.59124722,-28.74856346],[-53.59126686,-28.74857331],[-53.5912893,-28.74858563],[-53.59130332,-28.74859302],[-53.59132853,-28.74860778],[-53.59134814,-28.74861762],[-53.59135931,-28.74862992],[-53.59137044,-28.74864712],[-53.59137878,-28.74866186],[-53.59140113,-28.74867659],[-53.59142628,-28.74868884],[-53.59146267,-28.74869372],[-53.59149347,-28.7486937],[-53.59152426,-28.74869368],[-53.59154937,-28.74869364],[-53.59158558,-28.74869357],[-53.59161062,-28.74869597],[-53.59163008,-28.74870084],[-53.59164675,-28.74870326],[-53.59166345,-28.74871059],[-53.59168015,-28.74872038],[-53.59169126,-28.74873262],[-53.59170517,-28.74874241],[-53.59172183,-28.74875709],[-53.59173293,-28.74876932],[-53.59174682,-28.7487791],[-53.5917607,-28.74879132],[-53.59178292,-28.74880597],[-53.5918191,-28.74881571],[-53.59183859,-28.74882059],[-53.59186646,-28.7488279],[-53.59188874,-28.74883033],[-53.59189988,-28.74883031],[-53.59192494,-28.74882538],[-53.59195,-28.74882045],[-53.59197226,-28.74882042],[-53.59199732,-28.74882284],[-53.59201405,-28.74883018],[-53.59203074,-28.74883505],[-53.59204468,-28.74884484],[-53.59206139,-28.74885462],[-53.59208092,-28.7488693],[-53.59209487,-28.74888154],[-53.59210883,-28.74889378],[-53.59211722,-28.74890357],[-53.5921284,-28.74891582],[-53.59214509,-28.74892314],[-53.59216456,-28.74893045],[-53.59218676,-28.74893285],[-53.59221448,-28.74893278],[-53.59223942,-28.74893272],[-53.59227261,-28.74892528],[-53.5922809,-28.74892281],[-53.59229194,-28.74891788],[-53.5923113,-28.74891538],[-53.59233621,-28.74891532],[-53.59235849,-28.74891286],[-53.59240597,-28.74892021],[-53.5924283,-28.74892266],[-53.59245064,-28.74892755],[-53.59246175,-28.74892998],[-53.59248127,-28.74893976],[-53.59250067,-28.74894217],[-53.59252563,-28.74894702],[-53.59255541,-28.74896279],[-53.59256304,-28.74896277],[-53.5925732,-28.74896946],[-53.5925859,-28.74898062],[-53.5925986,-28.74898955],[-53.59261893,-28.74900069],[-53.59263927,-28.74900736],[-53.5926825,-28.74900724],[-53.59272315,-28.74900723],[-53.5927511,-28.74900275],[-53.59277397,-28.74900275],[-53.59279937,-28.74899827],[-53.59281969,-28.74899379],[-53.59288827,-28.74898486],[-53.59294164,-28.7489849],[-53.59297468,-28.74898492],[-53.59300265,-28.74898942],[-53.59304334,-28.74899615],[-53.59306622,-28.74899614],[-53.59309417,-28.74899614],[-53.59310941,-28.7489939],[-53.59313224,-28.74898495],[-53.59314998,-28.74897376],[-53.59317028,-28.74896705],[-53.59319568,-28.7489626],[-53.59321855,-28.74895814],[-53.59323888,-28.74895369],[-53.59328208,-28.74894702],[-53.59330752,-28.74894703],[-53.59333805,-28.74894705],[-53.59336604,-28.74894707],[-53.59340405,-28.74894701],[-53.59342936,-28.7489425],[-53.59345464,-28.74893576],[-53.5934698,-28.74893127],[-53.59349259,-28.74893124],[-53.59352042,-28.74893119],[-53.59353815,-28.7489334],[-53.59355335,-28.74893561],[-53.59356856,-28.74894005],[-53.59359896,-28.74894669],[-53.59362173,-28.74894889],[-53.59364196,-28.74894885],[-53.59366473,-28.74895105],[-53.59368748,-28.74895101],[-53.59371274,-28.74895097],[-53.59373548,-28.74895093],[-53.59377599,-28.74896202],[-53.59379625,-28.74896868],[-53.59381902,-28.7489731],[-53.59383926,-28.74897753],[-53.59389363,-28.74896872],[-53.59390958,-28.74896306],[-53.59392873,-28.74896302],[-53.5939351,-28.7489602],[-53.59397337,-28.74895168],[-53.59401482,-28.74894878],[-53.59403077,-28.74894875],[-53.59405626,-28.74894308],[-53.59407538,-28.74894304],[-53.59409769,-28.74894299],[-53.59412637,-28.74894294],[-53.59415186,-28.74894288],[-53.59416779,-28.74894285],[-53.59419008,-28.74894281],[-53.59420601,-28.74894277],[-53.59422512,-28.74894554],[-53.59424426,-28.74895393],[-53.59427611,-28.74895667],[-53.59427929,-28.74895666],[-53.59429839,-28.74895662],[-53.59433014,-28.74894252],[-53.59433964,-28.74893408],[-53.59436826,-28.74893121],[-53.59440006,-28.74893115],[-53.59441595,-28.74893112],[-53.59445092,-28.74893105],[-53.59447956,-28.7489366],[-53.59451461,-28.74895056],[-53.59453055,-28.74895894],[-53.59455606,-28.74897292],[-53.59460073,-28.74900088],[-53.5946135,-28.74900927],[-53.5946294,-28.74901205],[-53.59465798,-28.74901198],[-53.59466433,-28.74901196],[-53.59467703,-28.74901194],[-53.59470876,-28.74900906],[-53.59474043,-28.74900057],[-53.59476254,-28.74899767],[-53.59478465,-28.74899757],[-53.59480045,-28.7489975],[-53.59483202,-28.74899736],[-53.59485098,-28.74900008],[-53.59486053,-28.74900845],[-53.5948732,-28.749014],[-53.59491113,-28.74902224],[-53.59494907,-28.74903327],[-53.59496801,-28.74903599],[-53.59499009,-28.74903868],[-53.59503418,-28.74903848],[-53.59507195,-28.7490383],[-53.59508768,-28.74903823],[-53.59510027,-28.74903817],[-53.59511914,-28.74903808],[-53.595138,-28.74903799],[-53.59516318,-28.74904067],[-53.59518527,-28.74904896],[-53.59522318,-28.74906837],[-53.59524513,-28.74906546],[-53.59527335,-28.74906252],[-53.59529845,-28.7490624],[-53.59531099,-28.74906234],[-53.59532667,-28.74906226],[-53.59535175,-28.74906214],[-53.59536429,-28.74906208],[-53.59538628,-28.74908767],[-53.5954061,-28.74936697],[-53.59544204,-28.74955137],[-53.59590917,-28.75276556],[-53.5964425,-28.75681611],[-53.59653733,-28.75751767],[-53.59664967,-28.75834879],[-53.59693274,-28.76044303],[-53.5965042,-28.76050089],[-53.5964959,-28.76050201],[-53.59552662,-28.76063287],[-53.59550234,-28.76063615],[-53.594822,-28.760728],[-53.594698,-28.760721],[-53.593136,-28.760289],[-53.59299145,-28.7602276],[-53.59289065,-28.76018478],[-53.591693,-28.759676],[-53.588529,-28.760082],[-53.587994,-28.760783],[-53.587442,-28.761512],[-53.587059,-28.762031],[-53.587079,-28.762607],[-53.589248,-28.762305],[-53.589495,-28.762271],[-53.590651,-28.762102],[-53.592831,-28.761367],[-53.594585,-28.760769],[-53.594661,-28.760791],[-53.594829,-28.760771],[-53.59626072,-28.76059128],[-53.59627838,-28.76058906],[-53.5969237,-28.76050805],[-53.59711597,-28.76185528],[-53.59724901,-28.76277421],[-53.59749364,-28.76467447],[-53.5976071,-28.76561412],[-53.59760831,-28.7656279],[-53.59758993,-28.76563042],[-53.59748989,-28.76564604],[-53.59735244,-28.76565205],[-53.59721707,-28.7656554],[-53.59719634,-28.76565553],[-53.59708306,-28.76565622],[-53.59693098,-28.76565763],[-53.59676442,-28.7656637],[-53.59658744,-28.76567316],[-53.5964204,-28.76568627],[-53.59594177,-28.76570901],[-53.59583853,-28.76571183],[-53.59532692,-28.76597933],[-53.59518323,-28.76605446],[-53.59472168,-28.76629579],[-53.59430904,-28.76628133],[-53.59430547,-28.76619272],[-53.59387775,-28.76623041],[-53.59371391,-28.76624485],[-53.59153561,-28.76643679],[-53.59191747,-28.76715882],[-53.59191301,-28.76720749],[-53.5918695,-28.76767718],[-53.59217301,-28.76853822],[-53.59231628,-28.77008101],[-53.59208737,-28.77127865],[-53.59166259,-28.77224275],[-53.58921127,-28.77101852],[-53.58920925,-28.77105286],[-53.58921207,-28.77105791],[-53.58925621,-28.77112667],[-53.58933174,-28.77133035],[-53.58931397,-28.7714815],[-53.58933744,-28.77154317],[-53.58940129,-28.77176982],[-53.58948248,-28.77190917],[-53.58952024,-28.77226639],[-53.58944334,-28.77244971],[-53.58948792,-28.77266387],[-53.58942322,-28.77271274],[-53.58951626,-28.77297657],[-53.5894321,-28.77326893],[-53.5891081,-28.77343919],[-53.58906208,-28.77380654],[-53.58905826,-28.77447267],[-53.58907633,-28.77456584],[-53.5890717,-28.77484346],[-53.58907063,-28.77490765],[-53.58907028,-28.77492886],[-53.58898363,-28.7753465],[-53.58887763,-28.7756905],[-53.58874608,-28.77597429],[-53.58864408,-28.77615319],[-53.5883846,-28.7763919],[-53.58840522,-28.77655078],[-53.58835946,-28.77665404],[-53.5884529,-28.77675799],[-53.5884509,-28.77675799]]]]},"geometry_name":"geo_area_imovel","properties":{"cod_imovel":"RS-4306106-01C555A918224638BECD627FC1F76EF8","status_imovel":"AT","dat_criacao":"2025-11-25T12:13:59.027Z","area":732.1772,"condicao":"Aguardando análise","uf":"RS","municipio":"Cruz Alta","cod_municipio_ibge":4306106,"m_fiscal":36.6089,"tipo_imovel":"IRU"}},{"type":"Feature","id":"sicar_imoveis_rs.3025015","geometry":{"type":"MultiPolygon","coordinates":[[[[-53.6952281,-28.58261864],[-53.69628793,-28.58409451],[-53.6963635,-28.58435719],[-53.6963138,-28.58472429],[-53.69636087,-28.58505455],[-53.69656426,-28.58550135],[-53.69691241,-28.58576902],[-53.69675159,-28.58597256],[-53.69703136,-28.58627478],[-53.69743824,-28.58655666],[-53.69769573,-28.58689582],[-53.69788134,-28.58730774],[-53.69764886,-28.58741185],[-53.69750079,-28.58753212],[-53.69742234,-28.58770906],[-53.6973059,-28.58788246],[-53.69716529,-28.58802866],[-53.69694471,-28.58812053],[-53.69668934,-28.58792566],[-53.69653702,-28.58796979],[-53.69647264,-28.58812053],[-53.69651319,-28.58837921],[-53.69653702,-28.58853504],[-53.69662285,-28.58877998],[-53.69640827,-28.58902492],[-53.69625807,-28.58919449],[-53.69623661,-28.58932638],[-53.69636536,-28.58949595],[-53.69612307,-28.58963995],[-53.69592948,-28.58974786],[-53.69573323,-28.58979688],[-53.69551345,-28.58980169],[-53.69534823,-28.58982829],[-53.69501094,-28.59017291],[-53.69484912,-28.59009042],[-53.69473457,-28.59009888],[-53.69469584,-28.59001716],[-53.69448415,-28.58995471],[-53.69436979,-28.58994815],[-53.69433559,-28.58992328],[-53.69414552,-28.58992204],[-53.69389772,-28.59004235],[-53.69381189,-28.59008003],[-53.69364023,-28.59013656],[-53.69343504,-28.5902154],[-53.69301796,-28.59030613],[-53.69286129,-28.59047259],[-53.69274761,-28.59078062],[-53.69220257,-28.59077716],[-53.69192362,-28.59072064],[-53.69160175,-28.59072064],[-53.68898392,-28.58685813],[-53.6952281,-28.58261864]]]]},"geometry_name":"geo_area_imovel","properties":{"cod_imovel":"RS-4306106-01E36B140A604FABA0663A5EE0CFC269","status_imovel":"AT","dat_criacao":"2016-05-19T02:30:16.253Z","area":44.0421,"condicao":"Aguardando análise","uf":"RS","municipio":"Cruz Alta","cod_municipio_ibge":4306106,"m_fiscal":2.2021,"tipo_imovel":"IRU"}},{"type":"Feature","id":"sicar_imoveis_rs.3189788","geometry":{"type":"MultiPolygon","coordinates":[[[[-53.697052,-28.64065661],[-53.69838238,-28.63835906],[-53.69851112,-28.63839673],[-53.69702241,-28.64792611],[-53.69577597,-28.64899458],[-53.69383502,-28.64923395],[-53.69108891,-28.64973666],[-53.6900568,-28.64980865],[-53.69029569,-28.64470063],[-53.69040012,-28.64370738],[-53.69164467,-28.64344374],[-53.69331837,-28.64272813],[-53.69567871,-28.64285995],[-53.697052,-28.64065661]]]]},"geometry_name":"geo_area_imovel","properties":{"cod_imovel":"RS-4306106-01EBD15C208042DDBE3D4C046B681DCD","status_imovel":"AT","dat_criacao":"2016-05-26T14:34:11.711Z","area":53.2993,"condicao":"Aguardando análise","uf":"RS","municipio":"Cruz Alta","cod_municipio_ibge":4306106,"m_fiscal":2.665,"tipo_imovel":"IRU"}},{"type":"Feature","id":"sicar_imoveis_rs.7143153","geometry":{"type":"MultiPolygon","coordinates":[[[[-53.62644955,-28.67550355],[-53.62702828,-28.67810881],[-53.62954819,-28.67805804],[-53.63143412,-28.67801795],[-53.63426936,-28.6779271],[-53.63741992,-28.67782555],[-53.63788222,-28.67781486],[-53.64106351,-28.67772935],[-53.64193214,-28.67766141],[-53.64131762,-28.67678639],[-53.64130099,-28.67630041],[-53.64040388,-28.67613462],[-53.63993157,-28.67560911],[-53.63973808,-28.67489411],[-53.639542,-28.67490923],[-53.63330432,-28.6752228],[-53.62644955,-28.67550355]]]]},"geometry_name":"geo_area_imovel","properties":{"cod_imovel":"RS-4306106-020EA5B6035B4877926122A32E93C949","status_imovel":"AT","dat_criacao":"2019-07-21T00:48:02.177Z","area":41.9261,"condicao":"Aguardando análise","uf":"RS","municipio":"Cruz Alta","cod_municipio_ibge":4306106,"m_fiscal":2.0963,"tipo_imovel":"IRU"}},{"type":"Feature","id":"sicar_imoveis_rs.15708014","geometry":{"type":"MultiPolygon","coordinates":[[[[-53.61637073,-28.73329443],[-53.61666416,-28.73312217],[-53.61685189,-28.73300145],[-53.6171462,-28.7328678],[-53.61739966,-28.73279194],[-53.61777998,-28.73271592],[-53.61808465,-28.73267045],[-53.61834945,-28.7326649],[-53.61859582,-28.73264859],[-53.61874582,-28.73263881],[-53.61898312,-28.73261383],[-53.6192847,-28.73265264],[-53.6196518,-28.73271879],[-53.6195393,-28.73329271],[-53.61946538,-28.73369995],[-53.61953078,-28.73383447],[-53.61948848,-28.73417118],[-53.61945812,-28.73433902],[-53.61943386,-28.73443078],[-53.61942773,-28.73447171],[-53.61941828,-28.73470385],[-53.61948446,-28.73504572],[-53.61957091,-28.73527778],[-53.61979448,-28.73557859],[-53.61995811,-28.73590627],[-53.6200978,-28.73616062],[-53.6202797,-28.73649539],[-53.62010472,-28.7367455],[-53.62000734,-28.73686778],[-53.61996476,-28.73694747],[-53.62049156,-28.73757133],[-53.62039218,-28.73767975],[-53.62024403,-28.73782439],[-53.61987574,-28.73817445],[-53.6197133,-28.73833088],[-53.61947964,-28.73854953],[-53.61926767,-28.73875747],[-53.61900174,-28.73900571],[-53.61887196,-28.73912911],[-53.61867373,-28.73932219],[-53.61852728,-28.73945681],[-53.6183001,-28.73938775],[-53.6181299,-28.73934041],[-53.61792684,-28.73929236],[-53.61749794,-28.73916163],[-53.61745831,-28.73905051],[-53.61740793,-28.7388227],[-53.61735572,-28.73856217],[-53.61728311,-28.73819953],[-53.61721209,-28.73779469],[-53.6171486,-28.73748714],[-53.61712556,-28.73730805],[-53.61705747,-28.73700078],[-53.61702006,-28.73675565],[-53.61694114,-28.73638284],[-53.61685796,-28.73592446],[-53.61674386,-28.73546417],[-53.61664864,-28.73506107],[-53.6165701,-28.73469084],[-53.61640443,-28.73411064],[-53.61620669,-28.73343906],[-53.61637073,-28.73329443]]]]},"geometry_name":"geo_area_imovel","properties":{"cod_imovel":"RS-4306106-0215EB39F4934A619CD8C56E55640622","status_imovel":"AT","dat_criacao":"2026-05-22T19:27:42.724Z","area":20.2941,"condicao":"Aguardando análise","uf":"RS","municipio":"Cruz Alta","cod_municipio_ibge":4306106,"m_fiscal":1.0147,"tipo_imovel":"IRU"}},{"type":"Feature","id":"sicar_imoveis_rs.3353221","geometry":{"type":"MultiPolygon","coordinates":[[[[-53.33943797,-28.60416819],[-53.34097279,-28.60552998],[-53.34296789,-28.60813744],[-53.34340764,-28.60883114],[-53.34350448,-28.60993152],[-53.34343054,-28.61022747],[-53.3431983,-28.6106205],[-53.34325614,-28.61134872],[-53.34326645,-28.61146514],[-53.34348933,-28.61221366],[-53.3432649,-28.61340135],[-53.34371816,-28.61538543],[-53.34371083,-28.6164824],[-53.34298895,-28.61675887],[-53.34254806,-28.61672473],[-53.3417294,-28.61659395],[-53.34093826,-28.61637337],[-53.34055953,-28.61624819],[-53.34017809,-28.61609331],[-53.3398368,-28.61602459],[-53.3390205,-28.61589489],[-53.33876412,-28.6156149],[-53.33826981,-28.6153177],[-53.33750957,-28.61506407],[-53.33675781,-28.61489874],[-53.33613839,-28.60731457],[-53.33775263,-28.60352816],[-53.33943797,-28.60416819]]]]},"geometry_name":"geo_area_imovel","properties":{"cod_imovel":"RS-4306106-0242615D2C5A4DAFA27E48AD3D210552","status_imovel":"AT","dat_criacao":"2016-06-07T17:49:23.319Z","area":79.7917,"condicao":"Aguardando análise","uf":"RS","municipio":"Cruz Alta","cod_municipio_ibge":4306106,"m_fiscal":3.9896,"tipo_imovel":"IRU"}},{"type":"Feature","id":"sicar_imoveis_rs.4980470","geometry":{"type":"MultiPolygon","coordinates":[[[[-53.61355359,-28.73470462],[-53.61231512,-28.73534692],[-53.61193541,-28.73448042],[-53.61132391,-28.73223768],[-53.61124277,-28.73042151],[-53.61193285,-28.73042164],[-53.613126,-28.73038156],[-53.61297686,-28.73121524],[-53.61509853,-28.73167056],[-53.61532707,-28.73201628],[-53.61567848,-28.73244221],[-53.6159149,-28.73333315],[-53.61355359,-28.73470462]]]]},"geometry_name":"geo_area_imovel","properties":{"cod_imovel":"RS-4306106-02C0374134774A59B57294093EAD057A","status_imovel":"AT","dat_criacao":"2017-12-23T00:39:13.473Z","area":15.3239,"condicao":"Aguardando análise","uf":"RS","municipio":"Cruz Alta","cod_municipio_ibge":4306106,"m_fiscal":0.7662,"tipo_imovel":"IRU"}},{"type":"Feature","id":"sicar_imoveis_rs.5872652","geometry":{"type":"MultiPolygon","coordinates":[[[[-53.59633819,-28.73904523],[-53.59556931,-28.74555196],[-53.59529254,-28.74879487],[-53.59537942,-28.74954335],[-53.59401438,-28.74907113],[-53.59281712,-28.74907046],[-53.59179107,-28.74891522],[-53.59053725,-28.74853468],[-53.58940576,-28.7484828],[-53.58851366,-28.74822838],[-53.58913057,-28.74769031],[-53.58902871,-28.74707275],[-53.58862149,-28.74649587],[-53.58872523,-28.74554977],[-53.5883421,-28.74456279],[-53.58825497,-28.74408455],[-53.58814559,-28.74004285],[-53.5884407,-28.73871552],[-53.58836577,-28.73777702],[-53.58830399,-28.73722273],[-53.58973549,-28.73565986],[-53.59397993,-28.73833288],[-53.59449145,-28.73852206],[-53.59579375,-28.73859511],[-53.59608871,-28.73869834],[-53.59633819,-28.73904523]]]]},"geometry_name":"geo_area_imovel","properties":{"cod_imovel":"RS-4306106-02FF46BC0D4A45EC88596AFF10E45D75","status_imovel":"AT","dat_criacao":"2018-08-29T00:15:51.713Z","area":92.5158,"condicao":"Aguardando análise","uf":"RS","municipio":"Cruz Alta","cod_municipio_ibge":4306106,"m_fiscal":4.6258,"tipo_imovel":"IRU"}},{"type":"Feature","id":"sicar_imoveis_rs.4826248","geometry":{"type":"MultiPolygon","coordinates":[[[[-53.46813526,-28.65211302],[-53.4680062,-28.65000937],[-53.46559066,-28.65034681],[-53.4635257,-28.65059732],[-53.46355955,-28.65256222],[-53.46813526,-28.65211302]]]]},"geometry_name":"geo_area_imovel","properties":{"cod_imovel":"RS-4306106-0321DE89D8174B43AA2CD0242FE6C402","status_imovel":"AT","dat_criacao":"2017-12-06T03:28:04.474Z","area":9.9832,"condicao":"Aguardando análise","uf":"RS","municipio":"Cruz Alta","cod_municipio_ibge":4306106,"m_fiscal":0.4992,"tipo_imovel":"IRU"}},{"type":"Feature","id":"sicar_imoveis_rs.11917157","geometry":{"type":"MultiPolygon","coordinates":[[[[-53.58216763,-28.71253321],[-53.58100093,-28.71507343],[-53.58078755,-28.71497612],[-53.5806519,-28.71494899],[-53.58060616,-28.71482687],[-53.58050111,-28.7147301],[-53.58042962,-28.71458046],[-53.58035442,-28.71440955],[-53.58031435,-28.71426967],[-53.58049393,-28.71415166],[-53.58045101,-28.71388819],[-53.58037402,-28.71383137],[-53.58053684,-28.7137],[-53.58066559,-28.71362472],[-53.5805216,-28.71353156],[-53.58053684,-28.71336126],[-53.58048472,-28.7132304],[-53.58033589,-28.71319614],[-53.58030004,-28.71300537],[-53.58022039,-28.71282753],[-53.5801251,-28.71262465],[-53.58000671,-28.71243136],[-53.57995807,-28.71233159],[-53.57985831,-28.7122853],[-53.57969607,-28.71213852],[-53.57959449,-28.71209082],[-53.57953348,-28.71192751],[-53.5795927,-28.71181808],[-53.57954979,-28.7117428],[-53.57958759,-28.7116576],[-53.57954979,-28.71147933],[-53.57946994,-28.71136563],[-53.57942632,-28.71116511],[-53.57926472,-28.71069503],[-53.57957967,-28.71053216],[-53.58098227,-28.70984201],[-53.5824261,-28.70919148],[-53.58355369,-28.70993546],[-53.58216763,-28.71253321]]]]},"geometry_name":"geo_area_imovel","properties":{"cod_imovel":"RS-4306106-0336F88F61C8486BA83D7D2DB9654CCC","status_imovel":"AT","dat_criacao":"2023-08-11T01:21:35.563Z","area":13.1829,"condicao":"Aguardando análise","uf":"RS","municipio":"Cruz Alta","cod_municipio_ibge":4306106,"m_fiscal":0.6591,"tipo_imovel":"IRU"}},{"type":"Feature","id":"sicar_imoveis_rs.3128914","geometry":{"type":"MultiPolygon","coordinates":[[[[-53.68329763,-28.58350423],[-53.68267536,-28.58341002],[-53.68205309,-28.58356076],[-53.68168831,-28.58318391],[-53.68132353,-28.58286359],[-53.68095875,-28.58252442],[-53.6806798,-28.58218526],[-53.68155956,-28.58190261],[-53.68177414,-28.58148807],[-53.68228912,-28.5814127],[-53.68269682,-28.58111122],[-53.6841774,-28.58197799],[-53.68456364,-28.58271285],[-53.68385553,-28.58382455],[-53.68329763,-28.58350423]]]]},"geometry_name":"geo_area_imovel","properties":{"cod_imovel":"RS-4306106-033BAB8DA70C49A2A9A692DBD520DCB9","status_imovel":"AT","dat_criacao":"2016-05-22T05:28:35.477Z","area":6.5499,"condicao":"Aguardando análise","uf":"RS","municipio":"Cruz Alta","cod_municipio_ibge":4306106,"m_fiscal":0.3275,"tipo_imovel":"IRU"}},{"type":"Feature","id":"sicar_imoveis_rs.3152443","geometry":{"type":"MultiPolygon","coordinates":[[[[-53.71355753,-28.86571887],[-53.71910596,-28.86736546],[-53.7190021,-28.8679127],[-53.71898001,-28.86847857],[-53.71885708,-28.869059],[-53.71888415,-28.86956543],[-53.71901813,-28.87008511],[-53.71903375,-28.87014488],[-53.71904745,-28.8701845],[-53.71924322,-28.87060842],[-53.71935068,-28.87118714],[-53.71935146,-28.87119964],[-53.71950029,-28.87211949],[-53.71982859,-28.87296083],[-53.71995963,-28.87357719],[-53.72018826,-28.87415574],[-53.72026479,-28.87508658],[-53.72040397,-28.87556439],[-53.72063985,-28.87603412],[-53.72092652,-28.87664551],[-53.72099367,-28.87702849],[-53.71294885,-28.87629019],[-53.71344117,-28.86702397],[-53.71355753,-28.86571887]]]]},"geometry_name":"geo_area_imovel","properties":{"cod_imovel":"RS-4306106-0352D72BC0FB4353B4C6D1ED3ED398D4","status_imovel":"AT","dat_criacao":"2016-05-24T15:13:27.433Z","area":69.98,"condicao":"Aguardando análise","uf":"RS","municipio":"Cruz Alta","cod_municipio_ibge":4306106,"m_fiscal":3.4792,"tipo_imovel":"IRU"}},{"type":"Feature","id":"sicar_imoveis_rs.14229626","geometry":{"type":"MultiPolygon","coordinates":[[[[-53.65583364,-28.59598618],[-53.65576808,-28.59586952],[-53.65563447,-28.59575285],[-53.65559947,-28.59587979],[-53.65539336,-28.59597813],[-53.65451864,-28.59633341],[-53.6537678,-28.59689452],[-53.65355836,-28.59703591],[-53.65323391,-28.59724785],[-53.65303864,-28.59743063],[-53.65282169,-28.59749035],[-53.65252891,-28.59788868],[-53.65257058,-28.59840563],[-53.65270086,-28.59862813],[-53.65285975,-28.59866452],[-53.65295002,-28.59887257],[-53.65307641,-28.59894146],[-53.6531853,-28.59908424],[-53.6540753,-28.59954868],[-53.6554578,-28.60027035],[-53.65572864,-28.59796535],[-53.65583364,-28.59598618]]]]},"geometry_name":"geo_area_imovel","properties":{"cod_imovel":"RS-4306106-0356DECEE7B54573AE7812736F5C5D1D","status_imovel":"AT","dat_criacao":"2025-06-02T20:48:14.618Z","area":9.6508,"condicao":"Aguardando análise","uf":"RS","municipio":"Cruz Alta","cod_municipio_ibge":4306106,"m_fiscal":0.4825,"tipo_imovel":"IRU"}},{"type":"Feature","id":"sicar_imoveis_rs.2642285","geometry":{"type":"MultiPolygon","coordinates":[[[[-53.59714508,-28.73947892],[-53.59712362,-28.73927196],[-53.59720945,-28.73883923],[-53.59735966,-28.73838768],[-53.60038519,-28.73842531],[-53.60040657,-28.73886394],[-53.60095551,-28.73893596],[-53.60260202,-28.73855576],[-53.60231638,-28.73887686],[-53.60188723,-28.73915908],[-53.600986,-28.73944129],[-53.6001277,-28.73968588],[-53.59935522,-28.73996809],[-53.59871149,-28.74017505],[-53.59823942,-28.74032557],[-53.59776735,-28.74041964],[-53.59710217,-28.74057015],[-53.59710217,-28.73961062],[-53.59714508,-28.73947892]]]]},"geometry_name":"geo_area_imovel","properties":{"cod_imovel":"RS-4306106-0357CF6548714D2F8B92EA581DA9CF60","status_imovel":"AT","dat_criacao":"2016-04-23T05:03:17.868Z","area":7.1041,"condicao":"Aguardando análise","uf":"RS","municipio":"Cruz Alta","cod_municipio_ibge":4306106,"m_fiscal":0.3552,"tipo_imovel":"IRU"}},{"type":"Feature","id":"sicar_imoveis_rs.13138397","geometry":{"type":"MultiPolygon","coordinates":[[[[-53.36434597,-28.68135643],[-53.36497001,-28.67908541],[-53.35987844,-28.6788265],[-53.36077168,-28.67720005],[-53.36685116,-28.67749178],[-53.3683408,-28.67675853],[-53.36835861,-28.67924618],[-53.36837704,-28.68020101],[-53.3678036,-28.68079093],[-53.3659537,-28.68130588],[-53.3651225,-28.68135299],[-53.36434597,-28.68135643]]]]},"geometry_name":"geo_area_imovel","properties":{"cod_imovel":"RS-4306106-0382A3D4748041079532E7F0D325D64A","status_imovel":"AT","dat_criacao":"2024-08-10T12:35:20.747Z","area":22.9336,"condicao":"Aguardando análise","uf":"RS","municipio":"Cruz Alta","cod_municipio_ibge":4306106,"m_fiscal":1.1467,"tipo_imovel":"IRU"}},{"type":"Feature","id":"sicar_imoveis_rs.1817608","geometry":{"type":"MultiPolygon","coordinates":[[[[-53.57963562,-28.73419194],[-53.57939959,-28.73400378],[-53.57959403,-28.73379468],[-53.5798502,-28.73374037],[-53.5801506,-28.7335334],[-53.58021498,-28.73360866],[-53.58022571,-28.73359925],[-53.58022571,-28.73359925],[-53.58022571,-28.73359925],[-53.58022571,-28.73359925],[-53.58024716,-28.73358044],[-53.58027935,-28.73355221],[-53.58035445,-28.73354281],[-53.58038664,-28.73354281],[-53.5804081,-28.73354281],[-53.58041883,-28.73354281],[-53.58041883,-28.73354281],[-53.58041883,-28.73354281],[-53.58042955,-28.7335334],[-53.58050466,-28.73350518],[-53.58053684,-28.73349577],[-53.58057976,-28.73346754],[-53.58077288,-28.73334524],[-53.580966,-28.73321353],[-53.58128786,-28.73310064],[-53.58163118,-28.73308183],[-53.58221054,-28.7330442],[-53.58233929,-28.73306301],[-53.58248949,-28.73302538],[-53.58270407,-28.7330442],[-53.58313873,-28.7330264],[-53.58349524,-28.73306915],[-53.58358324,-28.73325472],[-53.58362675,-28.73370274],[-53.58373404,-28.73413549],[-53.58474255,-28.73569716],[-53.58585835,-28.73710828],[-53.5869956,-28.73850057],[-53.5877037,-28.73814309],[-53.5883923,-28.73773458],[-53.58849145,-28.73846244],[-53.58828647,-28.73929252],[-53.58817855,-28.73990076],[-53.5882596,-28.74004322],[-53.58823306,-28.7406591],[-53.58832357,-28.74174424],[-53.58832904,-28.74256271],[-53.58834743,-28.7434675],[-53.58837814,-28.74392966],[-53.58847456,-28.7441727],[-53.58857888,-28.74456148],[-53.58865631,-28.74491857],[-53.58870641,-28.74530239],[-53.58880036,-28.74553326],[-53.5887177,-28.74569945],[-53.58860857,-28.74591152],[-53.58874273,-28.74605515],[-53.58870893,-28.74628866],[-53.58867485,-28.7465321],[-53.5887848,-28.74690251],[-53.58899696,-28.74688151],[-53.58921948,-28.74689575],[-53.58923991,-28.74722457],[-53.58920277,-28.74770389],[-53.58897452,-28.74810081],[-53.58820743,-28.74825085],[-53.58792678,-28.74839916],[-53.58739398,-28.74870602],[-53.58707036,-28.74895863],[-53.58671528,-28.74919714],[-53.58598607,-28.74931526],[-53.58576289,-28.74951481],[-53.58552051,-28.74983466],[-53.58527782,-28.74980818],[-53.58509788,-28.74994303],[-53.58489621,-28.75013152],[-53.58473778,-28.75036582],[-53.5846599,-28.75058667],[-53.58459211,-28.75093393],[-53.5844475,-28.75127533],[-53.58420477,-28.75166823],[-53.58400168,-28.75202903],[-53.58374322,-28.75227976],[-53.58350445,-28.75257414],[-53.58324817,-28.75278353],[-53.58291311,-28.75293328],[-53.58243888,-28.75294386],[-53.58204175,-28.75297664],[-53.58181298,-28.75296296],[-53.58165896,-28.75276452],[-53.58176433,-28.7522353],[-53.58214118,-28.75160934],[-53.58293052,-28.75076456],[-53.58307098,-28.750256],[-53.58319356,-28.74982087],[-53.5830571,-28.74927554],[-53.58523607,-28.74696679],[-53.58452797,-28.74495377],[-53.58416319,-28.74395666],[-53.58377695,-28.74286546],[-53.58266115,-28.74311004],[-53.5818243,-28.7433358],[-53.58113766,-28.74200002],[-53.58049393,-28.74068304],[-53.58175993,-28.74017505],[-53.58311176,-28.73964825],[-53.58266115,-28.73812428],[-53.58221087,-28.73659081],[-53.58188499,-28.73591092],[-53.58150244,-28.7356219],[-53.58107328,-28.73535848],[-53.58047247,-28.73496337],[-53.58010769,-28.73469995],[-53.57987165,-28.73441772],[-53.57963562,-28.73419194]]]]},"geometry_name":"geo_area_imovel","properties":{"cod_imovel":"RS-4306106-03AA3720531C4556B8115A552847DDCD","status_imovel":"AT","dat_criacao":"2015-12-16T07:18:49.696Z","area":89.7857,"condicao":"Aguardando análise","uf":"RS","municipio":"Cruz Alta","cod_municipio_ibge":4306106,"m_fiscal":4.4893,"tipo_imovel":"IRU"}},{"type":"Feature","id":"sicar_imoveis_rs.7410534","geometry":{"type":"MultiPolygon","coordinates":[[[[-53.7264061,-28.52782898],[-53.7247324,-28.52767816],[-53.72104168,-28.52764045],[-53.71966839,-28.52805521],[-53.71426105,-28.52741423],[-53.71314526,-28.52828144],[-53.71288776,-28.53367306],[-53.71790886,-28.54042163],[-53.72061253,-28.5388005],[-53.72168541,-28.53815958],[-53.72254372,-28.53770717],[-53.72323036,-28.53759407],[-53.72353077,-28.53699084],[-53.72348785,-28.5359352],[-53.7236166,-28.53469103],[-53.72395992,-28.53393698],[-53.7264061,-28.52782898]]]]},"geometry_name":"geo_area_imovel","properties":{"cod_imovel":"RS-4306106-03CFA2DE2F974EC2A5B736D8E79F36C6","status_imovel":"AT","dat_criacao":"2019-09-06T02:17:10.049Z","area":128.686,"condicao":"Aguardando análise","uf":"RS","municipio":"Cruz Alta","cod_municipio_ibge":4306106,"m_fiscal":6.5331,"tipo_imovel":"IRU"}},{"type":"Feature","id":"sicar_imoveis_rs.14825805","geometry":{"type":"MultiPolygon","coordinates":[[[[-53.644435,-28.66776861],[-53.64442472,-28.66753667],[-53.64441167,-28.66729],[-53.64417361,-28.66631194],[-53.64416333,-28.66628472],[-53.64411556,-28.66633528],[-53.64410889,-28.66646278],[-53.64409083,-28.66654083],[-53.64406167,-28.66662444],[-53.64402444,-28.66670556],[-53.64386,-28.66699889],[-53.64360361,-28.66742833],[-53.643345,-28.66779889],[-53.64322861,-28.66794194],[-53.64309194,-28.66807333],[-53.64291361,-28.66819972],[-53.64273611,-28.66828361],[-53.64251083,-28.66835694],[-53.64227861,-28.66841722],[-53.64191556,-28.66849667],[-53.64162861,-28.66853444],[-53.64096528,-28.66856278],[-53.640605,-28.66859194],[-53.64036139,-28.66863778],[-53.64014583,-28.66871167],[-53.63992944,-28.66881111],[-53.63967056,-28.66897056],[-53.63942083,-28.66914222],[-53.63934306,-28.66919917],[-53.6392175,-28.66931583],[-53.63898806,-28.66956472],[-53.63881111,-28.669785],[-53.63862778,-28.67004444],[-53.63852556,-28.67016667],[-53.63837611,-28.67027722],[-53.63819472,-28.67035611],[-53.63793583,-28.67041472],[-53.6376825,-28.6704625],[-53.63740722,-28.67048778],[-53.63695417,-28.67049361],[-53.63672972,-28.67048639],[-53.63657167,-28.67046722],[-53.63651722,-28.6704625],[-53.63645611,-28.67046556],[-53.63636306,-28.67049111],[-53.63619111,-28.67056472],[-53.63629732,-28.67064394],[-53.63634511,-28.67073567],[-53.63637773,-28.67090211],[-53.63640314,-28.67096802],[-53.63643624,-28.67103825],[-53.6364329,-28.6711018],[-53.63645932,-28.67115294],[-53.63647032,-28.67120976],[-53.63648204,-28.67127027],[-53.63649272,-28.67133937],[-53.63648971,-28.67138879],[-53.63648221,-28.67146927],[-53.63647315,-28.67159682],[-53.63648721,-28.6716723],[-53.63649152,-28.67173399],[-53.63648921,-28.67186779],[-53.63648218,-28.67197601],[-53.63649338,-28.67217023],[-53.63652066,-28.67228439],[-53.63652923,-28.67235222],[-53.63652679,-28.67241976],[-53.63653869,-28.67249],[-53.63652112,-28.67254058],[-53.63643925,-28.67259009],[-53.63642112,-28.67263682],[-53.63855972,-28.673885],[-53.63912083,-28.67329472],[-53.63960694,-28.67278917],[-53.64124167,-28.67108917],[-53.64189528,-28.67040917],[-53.644435,-28.66776861]]]]},"geometry_name":"geo_area_imovel","properties":{"cod_imovel":"RS-4306106-041A23F1561F493B80D8A206712BF914","status_imovel":"AT","dat_criacao":"2025-10-06T19:25:51.544Z","area":21.8768,"condicao":"Aguardando análise","uf":"RS","municipio":"Cruz Alta","cod_municipio_ibge":4306106,"m_fiscal":1.0938,"tipo_imovel":"IRU"}},{"type":"Feature","id":"sicar_imoveis_rs.10114683","geometry":{"type":"MultiPolygon","coordinates":[[[[-53.63421829,-28.61108685],[-53.63840985,-28.612078],[-53.63862254,-28.61189441],[-53.63882753,-28.61171144],[-53.63895064,-28.61160046],[-53.63896174,-28.61159088],[-53.6391569,-28.61142961],[-53.63927387,-28.6113243],[-53.6392774,-28.61132116],[-53.63959731,-28.61104112],[-53.6397587,-28.61089583],[-53.6400975,-28.61058588],[-53.64010721,-28.61057733],[-53.64036132,-28.61036202],[-53.64056229,-28.61019271],[-53.64078561,-28.60999696],[-53.64078811,-28.60999478],[-53.64095722,-28.60984944],[-53.64115745,-28.60967791],[-53.64128137,-28.60956914],[-53.64128774,-28.60956368],[-53.64143773,-28.6094384],[-53.64163547,-28.60927268],[-53.64164241,-28.60926702],[-53.6417494,-28.60918199],[-53.64175294,-28.60917922],[-53.64191325,-28.60905515],[-53.64193292,-28.60904098],[-53.64210194,-28.60892783],[-53.64231489,-28.60878564],[-53.64232336,-28.60878015],[-53.64246102,-28.60869372],[-53.64246999,-28.60868827],[-53.64263512,-28.60859114],[-53.64279606,-28.6084954],[-53.64282089,-28.6084819],[-53.64297257,-28.60840675],[-53.64310683,-28.60833997],[-53.64328147,-28.60825335],[-53.64328967,-28.60824941],[-53.64345417,-28.60817274],[-53.64345536,-28.60817218],[-53.64361533,-28.6080983],[-53.64363169,-28.6080912],[-53.6438171,-28.60801593],[-53.64382917,-28.60801126],[-53.64396603,-28.607961],[-53.64410187,-28.60790802],[-53.64411405,-28.60790351],[-53.64419189,-28.60787613],[-53.64369426,-28.60673857],[-53.64358299,-28.60606646],[-53.64352623,-28.60607554],[-53.64347627,-28.60608462],[-53.64339453,-28.606071],[-53.64334231,-28.60604375],[-53.64330143,-28.60603921],[-53.64322877,-28.60603921],[-53.64316974,-28.60604829],[-53.64315838,-28.60604829],[-53.64309026,-28.60607327],[-53.64293813,-28.60610733],[-53.64284503,-28.60613004],[-53.64273604,-28.60616409],[-53.64259526,-28.60613912],[-53.64231314,-28.60612776],[-53.64217236,-28.60611641],[-53.64207245,-28.60607781],[-53.6419521,-28.60603013],[-53.64163251,-28.60596428],[-53.64156893,-28.60598244],[-53.6413782,-28.6059779],[-53.64129191,-28.60594838],[-53.64106031,-28.60595747],[-53.64093996,-28.60594838],[-53.64088093,-28.6059938],[-53.64080827,-28.60604148],[-53.64068792,-28.6060551],[-53.64061299,-28.60612322],[-53.64052671,-28.60616182],[-53.64040409,-28.60620724],[-53.64019633,-28.60630942],[-53.64007825,-28.60635256],[-53.63994485,-28.60636391],[-53.63986538,-28.60626173],[-53.63977001,-28.60625719],[-53.63962242,-28.60627309],[-53.63949981,-28.60631396],[-53.63942771,-28.60629125],[-53.63937776,-28.60629125],[-53.63924606,-28.60629579],[-53.63913934,-28.6063185],[-53.63902808,-28.60632077],[-53.63894407,-28.60636618],[-53.63889411,-28.60643203],[-53.63883507,-28.60648653],[-53.63876014,-28.60651604],[-53.63868521,-28.60653875],[-53.63857679,-28.60661141],[-53.63853592,-28.60667272],[-53.63850413,-28.60671813],[-53.63842466,-28.60675219],[-53.63834745,-28.60679306],[-53.63828615,-28.60682485],[-53.63823165,-28.60687027],[-53.63815672,-28.60688389],[-53.63806589,-28.60692022],[-53.63799096,-28.60692476],[-53.63791149,-28.60686345],[-53.63781385,-28.60687708],[-53.63775709,-28.60688389],[-53.63758792,-28.6069452],[-53.63746758,-28.60700196],[-53.63742671,-28.60705419],[-53.63734042,-28.60707916],[-53.63726549,-28.60708825],[-53.63717239,-28.60713593],[-53.63711336,-28.60716545],[-53.63701345,-28.60726763],[-53.63689538,-28.60732667],[-53.63687948,-28.60739251],[-53.63665526,-28.60758098],[-53.63660757,-28.60760368],[-53.63661893,-28.60766953],[-53.63655308,-28.60770132],[-53.63646225,-28.60778988],[-53.63638732,-28.607858],[-53.63631466,-28.60796472],[-53.63626925,-28.60801694],[-53.63624654,-28.60807598],[-53.63623746,-28.60817816],[-53.63621021,-28.60827125],[-53.6361875,-28.60834846],[-53.63617615,-28.60840295],[-53.63611938,-28.60846199],[-53.63613755,-28.60853238],[-53.63612392,-28.60858006],[-53.63608305,-28.60865953],[-53.63602175,-28.6087549],[-53.6359559,-28.60881848],[-53.6359383,-28.60890476],[-53.63589516,-28.60894336],[-53.63582477,-28.60901375],[-53.63577027,-28.60910685],[-53.63574529,-28.60918405],[-53.63570442,-28.60929304],[-53.63560906,-28.60932029],[-53.63552731,-28.60935435],[-53.63552731,-28.60935435],[-53.63541151,-28.60945426],[-53.63539789,-28.60950876],[-53.63537518,-28.60956779],[-53.63528435,-28.60968814],[-53.63522759,-28.60974944],[-53.63514811,-28.60981075],[-53.63517536,-28.60989022],[-53.63509135,-28.60996743],[-53.63503912,-28.61001057],[-53.63503572,-28.61009004],[-53.63501074,-28.61018314],[-53.63496533,-28.61022401],[-53.63496987,-28.61029894],[-53.6348359,-28.61041928],[-53.63474962,-28.6104874],[-53.63464517,-28.61056461],[-53.63452255,-28.61062364],[-53.63439085,-28.61073263],[-53.63415017,-28.61085979],[-53.63421829,-28.61108685]]]]},"geometry_name":"geo_area_imovel","properties":{"cod_imovel":"RS-4306106-041CEC48C162429D906A43320018AF44","status_imovel":"AT","dat_criacao":"2022-02-14T18:54:06.218Z","area":35.7601,"condicao":"Aguardando análise","uf":"RS","municipio":"Cruz Alta","cod_municipio_ibge":4306106,"m_fiscal":1.788,"tipo_imovel":"IRU"}},{"type":"Feature","id":"sicar_imoveis_rs.2096352","geometry":{"type":"MultiPolygon","coordinates":[[[[-53.61222982,-28.61027591],[-53.61231565,-28.61001219],[-53.61231565,-28.60971078],[-53.61235857,-28.60931519],[-53.61238003,-28.60912681],[-53.61240149,-28.60903262],[-53.61246586,-28.60895727],[-53.61250877,-28.60895727],[-53.61253023,-28.60897611],[-53.61268044,-28.60897611],[-53.61295938,-28.60794002],[-53.61476183,-28.60795886],[-53.61476183,-28.60826027],[-53.61493349,-28.60858051],[-53.61512661,-28.60903262],[-53.61512661,-28.60923984],[-53.61510515,-28.60944705],[-53.61506224,-28.60959776],[-53.61498673,-28.60977288],[-53.61486912,-28.60995567],[-53.61476183,-28.61012521],[-53.61431122,-28.6108222],[-53.61401081,-28.61125547],[-53.61375332,-28.61155686],[-53.61368895,-28.61153803],[-53.61358166,-28.61153803],[-53.61353874,-28.61153803],[-53.61341,-28.61150035],[-53.61317396,-28.611425],[-53.61293793,-28.61134965],[-53.61222982,-28.61108593],[-53.61222982,-28.61027591]]]]},"geometry_name":"geo_area_imovel","properties":{"cod_imovel":"RS-4306106-04243056E3F0475387AB511867EB32E0","status_imovel":"AT","dat_criacao":"2016-03-01T01:04:30.063Z","area":8.5018,"condicao":"Aguardando análise","uf":"RS","municipio":"Cruz Alta","cod_municipio_ibge":4306106,"m_fiscal":0.4251,"tipo_imovel":"IRU"}},{"type":"Feature","id":"sicar_imoveis_rs.2795879","geometry":{"type":"MultiPolygon","coordinates":[[[[-53.5179105,-28.57568506],[-53.51723937,-28.57544172],[-53.51720664,-28.57544856],[-53.5161418,-28.57567117],[-53.51559631,-28.57565041],[-53.51515166,-28.5754816],[-53.51471475,-28.57511817],[-53.51272198,-28.57259509],[-53.51240927,-28.57203202],[-53.51214105,-28.57085909],[-53.51145691,-28.57036274],[-53.50811744,-28.56925795],[-53.50624564,-28.56863451],[-53.50418858,-28.56794105],[-53.50139488,-28.56751582],[-53.50115844,-28.57028639],[-53.5008074,-28.57441927],[-53.50025655,-28.58090447],[-53.49209634,-28.58155811],[-53.4885505,-28.58520495],[-53.48867233,-28.58563954],[-53.4886759,-28.58579064],[-53.48892505,-28.58578334],[-53.48899241,-28.58599717],[-53.48926615,-28.58622656],[-53.48916902,-28.58651634],[-53.48916636,-28.5866025],[-53.48917625,-28.58673681],[-53.48929125,-28.58689378],[-53.48913548,-28.58731112],[-53.48891743,-28.58744501],[-53.48854303,-28.58796141],[-53.48839747,-28.58824711],[-53.48906898,-28.58863714],[-53.48876319,-28.58911841],[-53.48866975,-28.5891664],[-53.48872495,-28.58938119],[-53.48873986,-28.58959713],[-53.4885632,-28.58964756],[-53.48856422,-28.58980615],[-53.48872713,-28.58985861],[-53.48850621,-28.59002759],[-53.48836109,-28.59026792],[-53.488224,-28.590356],[-53.48816255,-28.59068555],[-53.48831548,-28.59079878],[-53.48798477,-28.59113941],[-53.48789528,-28.59146371],[-53.48784049,-28.59178595],[-53.48784318,-28.59205545],[-53.48793475,-28.5922056],[-53.48776719,-28.59222928],[-53.48760488,-28.59238967],[-53.48743075,-28.59263614],[-53.48749082,-28.59285663],[-53.48717606,-28.59309246],[-53.48703465,-28.59321473],[-53.48719288,-28.59356741],[-53.48709046,-28.59392246],[-53.48748529,-28.59418804],[-53.48739464,-28.59436707],[-53.48753905,-28.59433929],[-53.48747744,-28.59449011],[-53.48724874,-28.59449715],[-53.48710854,-28.59474303],[-53.48702133,-28.59499729],[-53.48696613,-28.59544167],[-53.48681269,-28.59553077],[-53.48665352,-28.5955325],[-53.48642545,-28.59571798],[-53.48633141,-28.5962928],[-53.48641687,-28.5967813],[-53.48614054,-28.59680581],[-53.48598167,-28.59674457],[-53.48579788,-28.59679812],[-53.48579795,-28.59696253],[-53.48607903,-28.5969699],[-53.48556609,-28.59736127],[-53.48531788,-28.59736966],[-53.48558112,-28.59809771],[-53.48553978,-28.59811658],[-53.48536797,-28.59817852],[-53.48536797,-28.59817852],[-53.48536218,-28.59862443],[-53.48546268,-28.5992598],[-53.48574296,-28.5998419],[-53.48573569,-28.5999918],[-53.48588297,-28.60012015],[-53.48583945,-28.60026475],[-53.4859692,-28.60029467],[-53.48578591,-28.60045942],[-53.48577358,-28.60047979],[-53.48567904,-28.60062359],[-53.48605235,-28.60074593],[-53.48596681,-28.60113137],[-53.48576748,-28.60113923],[-53.48574958,-28.60150407],[-53.4855044,-28.6013932],[-53.48525333,-28.60134607],[-53.48535305,-28.60174143],[-53.48514649,-28.60172766],[-53.48504685,-28.60207454],[-53.48487694,-28.60218777],[-53.48464752,-28.60264837],[-53.48472842,-28.60300958],[-53.48461389,-28.60310076],[-53.4842219,-28.60307924],[-53.4841837,-28.60305907],[-53.48419054,-28.6032358],[-53.48445287,-28.60322021],[-53.48463181,-28.60332625],[-53.48482568,-28.60326857],[-53.48485477,-28.60350298],[-53.48496635,-28.60356838],[-53.49771004,-28.60672712],[-53.50878843,-28.5966855],[-53.51007559,-28.5955188],[-53.51007841,-28.59551624],[-53.52107699,-28.58554696],[-53.52132245,-28.58532447],[-53.52439723,-28.58253744],[-53.52420215,-28.58211962],[-53.52407113,-28.58130841],[-53.5238095,-28.58079254],[-53.5229323,-28.57995822],[-53.52269674,-28.57955534],[-53.52258395,-28.57893358],[-53.52284327,-28.57702569],[-53.52266181,-28.57642551],[-53.52212277,-28.5760664],[-53.52139984,-28.57607686],[-53.52064758,-28.57660663],[-53.51969004,-28.57685162],[-53.51903088,-28.57660876],[-53.51901893,-28.57660056],[-53.5179105,-28.57568506]]]]},"geometry_name":"geo_area_imovel","properties":{"cod_imovel":"RS-4306106-04379E027AAE4567AE101BA91321A876","status_imovel":"AT","dat_criacao":"2016-05-01T07:03:34.309Z","area":874.4065,"condicao":"Aguardando análise","uf":"RS","municipio":"Cruz Alta","cod_municipio_ibge":4306106,"m_fiscal":43.7203,"tipo_imovel":"IRU"}},{"type":"Feature","id":"sicar_imoveis_rs.15086622","geometry":{"type":"MultiPolygon","coordinates":[[[[-53.55440436,-28.71415199],[-53.55426835,-28.71474435],[-53.5542453,-28.71484054],[-53.55419546,-28.71504205],[-53.554154,-28.71521149],[-53.5541273,-28.71531987],[-53.55411131,-28.71539801],[-53.554057,-28.71561996],[-53.55401566,-28.71579472],[-53.55393623,-28.71613675],[-53.5539096,-28.71624568],[-53.55393679,-28.71635476],[-53.55397481,-28.71650501],[-53.55401297,-28.71667542],[-53.55406874,-28.71689693],[-53.55414125,-28.71718798],[-53.55424759,-28.71767393],[-53.55435656,-28.71815248],[-53.55455208,-28.7189652],[-53.55365952,-28.71895784],[-53.5518027,-28.7189903],[-53.55153955,-28.71786493],[-53.55111128,-28.71603095],[-53.55082238,-28.71476229],[-53.5507218,-28.71421118],[-53.55440436,-28.71415199]]]]},"geometry_name":"geo_area_imovel","properties":{"cod_imovel":"RS-4306106-043943B4617D43689B6D89D995E41F33","status_imovel":"AT","dat_criacao":"2025-12-08T20:44:36.417Z","area":15.3432,"condicao":"Aguardando análise","uf":"RS","municipio":"Cruz Alta","cod_municipio_ibge":4306106,"m_fiscal":0.7672,"tipo_imovel":"IRU"}},{"type":"Feature","id":"sicar_imoveis_rs.3227557","geometry":{"type":"MultiPolygon","coordinates":[[[[-53.68370533,-28.82950466],[-53.68342638,-28.83061374],[-53.6829114,-28.83239954],[-53.68261099,-28.83337701],[-53.68248304,-28.8336771],[-53.68101836,-28.83233812],[-53.67957486,-28.83099919],[-53.67746812,-28.82906632],[-53.67683887,-28.82847075],[-53.6766243,-28.82828277],[-53.67651701,-28.82807599],[-53.67624282,-28.8278488],[-53.67630198,-28.82779507],[-53.6764196,-28.82779519],[-53.6764762,-28.82772631],[-53.6765549,-28.82771722],[-53.67663381,-28.82765651],[-53.67670193,-28.82765401],[-53.67679032,-28.82763069],[-53.67691214,-28.82761723],[-53.67696473,-28.8275686],[-53.67702268,-28.82751227],[-53.67705711,-28.82746121],[-53.67709044,-28.82740174],[-53.67715965,-28.82739937],[-53.67723116,-28.82741231],[-53.6773518,-28.82742085],[-53.6774318,-28.82741109],[-53.67748117,-28.8273603],[-53.67763324,-28.82726062],[-53.67771645,-28.82719088],[-53.67779187,-28.82710242],[-53.67781832,-28.82703945],[-53.6778655,-28.82693459],[-53.67787362,-28.82685604],[-53.67791114,-28.82677824],[-53.67796734,-28.82669682],[-53.67804427,-28.82658619],[-53.67805848,-28.82651922],[-53.67811679,-28.82647303],[-53.67816209,-28.826413],[-53.67821305,-28.8263463],[-53.67827423,-28.82626421],[-53.67832175,-28.82622218],[-53.67839088,-28.82615832],[-53.67848138,-28.82611639],[-53.67856958,-28.82610385],[-53.67867968,-28.82613636],[-53.67868423,-28.82606454],[-53.6788559,-28.82608333],[-53.67898464,-28.82602694],[-53.67917776,-28.82595174],[-53.6793341,-28.82589626],[-53.67949396,-28.82586239],[-53.67959681,-28.82583962],[-53.68239641,-28.82595174],[-53.6854773,-28.82603785],[-53.68557776,-28.82604964],[-53.685682,-28.8260978],[-53.68589401,-28.82602694],[-53.68582964,-28.82615853],[-53.68550279,-28.82647878],[-53.68522549,-28.8268573],[-53.6848375,-28.82743321],[-53.68462801,-28.82781281],[-53.68447781,-28.82805719],[-53.6843073,-28.82825748],[-53.68410345,-28.82857785],[-53.68389845,-28.82914749],[-53.68370533,-28.82950466]]]]},"geometry_name":"geo_area_imovel","properties":{"cod_imovel":"RS-4306106-046A810A529A47F2B672172C99078D66","status_imovel":"AT","dat_criacao":"2016-05-30T17:07:17.472Z","area":41.1713,"condicao":"Aguardando análise","uf":"RS","municipio":"Cruz Alta","cod_municipio_ibge":4306106,"m_fiscal":2.0586,"tipo_imovel":"IRU"}},{"type":"Feature","id":"sicar_imoveis_rs.8802429","geometry":{"type":"MultiPolygon","coordinates":[[[[-53.4634876,-28.64384397],[-53.46349316,-28.63999733],[-53.46352156,-28.63893219],[-53.4635421,-28.63849955],[-53.46400734,-28.63827078],[-53.46443946,-28.63827171],[-53.46479308,-28.63837603],[-53.46523895,-28.63873729],[-53.46546774,-28.63929548],[-53.46571998,-28.63954676],[-53.46585148,-28.63988653],[-53.46611129,-28.64022575],[-53.46636086,-28.64042903],[-53.46662258,-28.64063239],[-53.4667329,-28.64070078],[-53.4634876,-28.64384397]]]]},"geometry_name":"geo_area_imovel","properties":{"cod_imovel":"RS-4306106-047157C2E4714CE5BFC39B8DFD2598DD","status_imovel":"AT","dat_criacao":"2020-12-06T04:29:47.582Z","area":11.103,"condicao":"Aguardando análise","uf":"RS","municipio":"Cruz Alta","cod_municipio_ibge":4306106,"m_fiscal":0.5552,"tipo_imovel":"IRU"}},{"type":"Feature","id":"sicar_imoveis_rs.2746757","geometry":{"type":"MultiPolygon","coordinates":[[[[-53.66832907,-28.70152745],[-53.66485011,-28.69476352],[-53.67324726,-28.69165311],[-53.67506455,-28.69790109],[-53.67581822,-28.70066299],[-53.67381383,-28.70389898],[-53.67371367,-28.70411201],[-53.67351641,-28.70420638],[-53.66832907,-28.70152745]]]]},"geometry_name":"geo_area_imovel","properties":{"cod_imovel":"RS-4306106-0521D0C740AC40B188953E54D1825CFF","status_imovel":"AT","dat_criacao":"2016-04-29T17:01:46.554Z","area":88.1044,"condicao":"Aguardando análise","uf":"RS","municipio":"Cruz Alta","cod_municipio_ibge":4306106,"m_fiscal":4.4052,"tipo_imovel":"IRU"}},{"type":"Feature","id":"sicar_imoveis_rs.14120391","geometry":{"type":"MultiPolygon","coordinates":[[[[-53.55061817,-28.57377042],[-53.54943284,-28.57418712],[-53.54857431,-28.5744141],[-53.54840071,-28.57440653],[-53.54387531,-28.57398348],[-53.54450672,-28.57307197],[-53.5560894,-28.57050803],[-53.55782486,-28.56917386],[-53.55843078,-28.56905642],[-53.55978472,-28.56917627],[-53.56212092,-28.5676126],[-53.56433478,-28.56943518],[-53.56509774,-28.57000555],[-53.56568987,-28.5704349],[-53.56622741,-28.57092859],[-53.56704299,-28.57194486],[-53.56754984,-28.57297306],[-53.56767235,-28.57332553],[-53.56783332,-28.57390587],[-53.56794245,-28.57459598],[-53.56820117,-28.57689795],[-53.56712079,-28.57708336],[-53.56386183,-28.57708785],[-53.5593675,-28.57982654],[-53.55553131,-28.5821662],[-53.55409507,-28.57700145],[-53.55203933,-28.57466265],[-53.55061817,-28.57377042]]]]},"geometry_name":"geo_area_imovel","properties":{"cod_imovel":"RS-4306106-0532D7F08A3A4641B316B59F950CE351","status_imovel":"AT","dat_criacao":"2025-05-06T13:47:15.064Z","area":164.0556,"condicao":"Aguardando análise","uf":"RS","municipio":"Cruz Alta","cod_municipio_ibge":4306106,"m_fiscal":8.2028,"tipo_imovel":"IRU"}},{"type":"Feature","id":"sicar_imoveis_rs.3242894","geometry":{"type":"MultiPolygon","coordinates":[[[[-53.56153786,-28.89665567],[-53.56200552,-28.89607514],[-53.5711505,-28.88426344],[-53.56561106,-28.8804974],[-53.5676635,-28.87654974],[-53.57062406,-28.87750799],[-53.57572838,-28.87865821],[-53.58096213,-28.88215553],[-53.58719564,-28.88427355],[-53.58729048,-28.88530362],[-53.58719072,-28.88561721],[-53.58726986,-28.88593063],[-53.58706804,-28.88638136],[-53.58680395,-28.88688046],[-53.586538,-28.88730498],[-53.58678119,-28.88783292],[-53.58737432,-28.88926158],[-53.58773463,-28.88985298],[-53.588555,-28.8908307],[-53.58913407,-28.89128535],[-53.58929403,-28.89201979],[-53.58953826,-28.89366751],[-53.58909862,-28.89456125],[-53.5885456,-28.8951888],[-53.58864218,-28.89642995],[-53.58772198,-28.89688327],[-53.5867256,-28.8979163],[-53.5851877,-28.89810897],[-53.58520226,-28.89897614],[-53.58486524,-28.89946037],[-53.58404491,-28.8996923],[-53.58406687,-28.90017726],[-53.58418816,-28.90045089],[-53.58471574,-28.90080977],[-53.5846792,-28.90147833],[-53.58625586,-28.90182164],[-53.58683687,-28.90234521],[-53.58690979,-28.903523],[-53.5873923,-28.90455121],[-53.58707533,-28.90508503],[-53.5871474,-28.90567483],[-53.58712322,-28.90632781],[-53.5872434,-28.90698081],[-53.58700125,-28.90761203],[-53.58601045,-28.90731516],[-53.585143,-28.90756806],[-53.58466175,-28.90782122],[-53.58504801,-28.90815888],[-53.58965398,-28.91149931],[-53.59573687,-28.91399417],[-53.59793199,-28.91746834],[-53.59588267,-28.91999452],[-53.58523566,-28.92292935],[-53.58400706,-28.92126844],[-53.58286115,-28.91813057],[-53.58083679,-28.91284568],[-53.58055,-28.91304693],[-53.5799917,-28.91284294],[-53.57952278,-28.9125868],[-53.57937828,-28.91230093],[-53.57871046,-28.91266241],[-53.57827868,-28.91320152],[-53.57800876,-28.91378624],[-53.57759525,-28.91411863],[-53.57659817,-28.91458737],[-53.57654416,-28.91496657],[-53.57677948,-28.91550403],[-53.57656291,-28.91578819],[-53.57591417,-28.91604086],[-53.57551692,-28.91646699],[-53.57508195,-28.91664037],[-53.57466642,-28.9171299],[-53.57402702,-28.91741439],[-53.57359166,-28.91784145],[-53.57355843,-28.91839452],[-53.57350535,-28.91864722],[-53.57299625,-28.91863197],[-53.57257993,-28.91896415],[-53.57236655,-28.91973779],[-53.57227873,-28.92044687],[-53.57222432,-28.92081035],[-53.57189685,-28.92125494],[-53.57167847,-28.92160416],[-53.57135596,-28.92157001],[-53.57128281,-28.9213338],[-53.57144564,-28.92093853],[-53.57128254,-28.92055961],[-53.57140965,-28.92016407],[-53.57115549,-28.91940597],[-53.57066769,-28.91939004],[-53.57017853,-28.91912159],[-53.56983905,-28.91913611],[-53.56980799,-28.91979778],[-53.56941443,-28.91959115],[-53.56912096,-28.91902414],[-53.56920567,-28.91836167],[-53.56914985,-28.91785591],[-53.56889868,-28.91739716],[-53.56886454,-28.91712837],[-53.56841456,-28.91673313],[-53.56807069,-28.91629041],[-53.56778054,-28.91572106],[-53.56742659,-28.9149473],[-53.56710137,-28.91458343],[-53.56695669,-28.91406145],[-53.56695616,-28.91385538],[-53.56668471,-28.91366501],[-53.5663405,-28.9132052],[-53.56576328,-28.91314258],[-53.5652736,-28.91317256],[-53.5640964,-28.91381955],[-53.56331924,-28.91377113],[-53.56296452,-28.91325544],[-53.56225549,-28.9133177],[-53.56194815,-28.9127973],[-53.56140452,-28.91288122],[-53.56090875,-28.91306937],[-53.56036642,-28.91317487],[-53.55970486,-28.9136086],[-53.5587601,-28.91373228],[-53.55850074,-28.91429087],[-53.55800453,-28.91451792],[-53.55729342,-28.91414393],[-53.55649409,-28.91422832],[-53.55564727,-28.91402274],[-53.55571582,-28.91358763],[-53.55531223,-28.91294532],[-53.55470118,-28.91245058],[-53.55418461,-28.91199733],[-53.55401281,-28.91151671],[-53.5545324,-28.91108288],[-53.55528799,-28.91097957],[-53.55585532,-28.91064835],[-53.5555011,-28.90973975],[-53.55564306,-28.90889328],[-53.55564322,-28.90831575],[-53.55543098,-28.90798577],[-53.55448706,-28.90781859],[-53.55361307,-28.90781647],[-53.55283364,-28.90746404],[-53.55236246,-28.90718612],[-53.5521514,-28.90631872],[-53.55210367,-28.90578081],[-53.55189044,-28.90530442],[-53.55082671,-28.9050963],[-53.54983995,-28.90503728],[-53.54918524,-28.90526756],[-53.54900417,-28.90595178],[-53.54843879,-28.90630187],[-53.54807201,-28.90565714],[-53.54764259,-28.90517972],[-53.54733284,-28.90464072],[-53.5472871,-28.90422791],[-53.54772201,-28.90383759],[-53.54730663,-28.90325857],[-53.54656683,-28.90289557],[-53.54590808,-28.9023643],[-53.54514051,-28.90178504],[-53.54396604,-28.90171227],[-53.54309161,-28.90165057],[-53.54235458,-28.90147808],[-53.54220682,-28.90065968],[-53.54181396,-28.90014291],[-53.54068263,-28.89988389],[-53.54009554,-28.89906698],[-53.53921067,-28.89811929],[-53.53783224,-28.89824682],[-53.5364081,-28.89820388],[-53.53469115,-28.89863472],[-53.53380795,-28.89816132],[-53.5329742,-28.89734386],[-53.53238986,-28.89670028],[-53.53140678,-28.89644134],[-53.53028389,-28.89643712],[-53.52960264,-28.89593418],[-53.5294269,-28.89546467],[-53.52873378,-28.89540721],[-53.52733298,-28.89531062],[-53.52600383,-28.89530934],[-53.52509176,-28.89325642],[-53.52199007,-28.88600641],[-53.53982097,-28.88222336],[-53.54159039,-28.88073174],[-53.54200279,-28.88181387],[-53.5421954,-28.88270762],[-53.54283005,-28.88355477],[-53.54382413,-28.88384488],[-53.54473556,-28.88420768],[-53.54536934,-28.88454779],[-53.54570073,-28.88476534],[-53.54589226,-28.88541884],[-53.54528478,-28.88590187],[-53.54431926,-28.88594945],[-53.54398867,-28.88650482],[-53.5439059,-28.88706119],[-53.54566875,-28.88706193],[-53.54594714,-28.88645791],[-53.54616888,-28.88626449],[-53.54691544,-28.88648221],[-53.54696925,-28.88699003],[-53.54768591,-28.88766711],[-53.54688245,-28.88930924],[-53.54782183,-28.88974531],[-53.54831863,-28.89044656],[-53.54820902,-28.89105154],[-53.54785236,-28.89163384],[-53.54837709,-28.89245669],[-53.5486232,-28.89305923],[-53.54932121,-28.89382778],[-53.54954302,-28.89533014],[-53.55003912,-28.89520892],[-53.55061889,-28.89472356],[-53.55095087,-28.89440766],[-53.55108925,-28.89397236],[-53.5520012,-28.89399688],[-53.55233251,-28.89472277],[-53.55280106,-28.89564276],[-53.5536019,-28.89610268],[-53.55454192,-28.89639321],[-53.55545318,-28.89644199],[-53.55622563,-28.89612796],[-53.5568332,-28.89634585],[-53.55716579,-28.89661196],[-53.55849154,-28.89707202],[-53.55919964,-28.89719318],[-53.56063651,-28.89644393],[-53.56116107,-28.89642015],[-53.56146535,-28.89687958],[-53.56153786,-28.89665567]]]]},"geometry_name":"geo_area_imovel","properties":{"cod_imovel":"RS-4306106-0536E6535ECF4A3A9E89D558F04EB433","status_imovel":"AT","dat_criacao":"2016-05-31T04:55:20.934Z","area":1592.7598,"condicao":"Aguardando análise","uf":"RS","municipio":"Cruz Alta","cod_municipio_ibge":4306106,"m_fiscal":79.638,"tipo_imovel":"IRU"}},{"type":"Feature","id":"sicar_imoveis_rs.7069527","geometry":{"type":"MultiPolygon","coordinates":[[[[-53.50746161,-28.74609298],[-53.51010429,-28.74596317],[-53.51177148,-28.74222706],[-53.51031574,-28.74113996],[-53.508967,-28.73825082],[-53.50840491,-28.73843259],[-53.50837601,-28.73837959],[-53.50831307,-28.73832968],[-53.50817748,-28.73830267],[-53.50810211,-28.73826934],[-53.50802729,-28.73820616],[-53.50795961,-28.73816952],[-53.50785312,-28.73818927],[-53.50779281,-28.73817259],[-53.50771384,-28.73814591],[-53.50763899,-28.73809596],[-53.50760517,-28.73808262],[-53.5075599,-28.73807926],[-53.50751836,-28.7380891],[-53.50748828,-28.73809223],[-53.50745114,-28.73804869],[-53.50738746,-28.73801489],[-53.50736496,-28.73800138],[-53.5073196,-28.73801123],[-53.50728186,-28.73801442],[-53.50723303,-28.73797734],[-53.50719534,-28.73796375],[-53.50713112,-28.73796684],[-53.50707447,-28.73797331],[-53.50706316,-28.7379464],[-53.50703293,-28.73792272],[-53.5069724,-28.73789889],[-53.5069231,-28.73786158],[-53.50687315,-28.73779503],[-53.5067796,-28.73769923],[-53.50673878,-28.73765006],[-53.50670385,-28.73761077],[-53.50667069,-28.73756645],[-53.50667182,-28.73753481],[-53.50670538,-28.73750146],[-53.5067138,-28.73747411],[-53.50669835,-28.73745942],[-53.50667615,-28.73745372],[-53.50666611,-28.73743731],[-53.50665625,-28.73742121],[-53.50666868,-28.73740339],[-53.50667001,-28.73738006],[-53.50665306,-28.73736726],[-53.50663103,-28.73732919],[-53.50663374,-28.73728421],[-53.50666604,-28.73721371],[-53.50667496,-28.73719191],[-53.50666036,-28.73713393],[-53.50665676,-28.73706244],[-53.50665718,-28.73700085],[-53.50662823,-28.73694676],[-53.50662289,-28.73685629],[-53.50662489,-28.73685549],[-53.50660873,-28.73676194],[-53.5065624,-28.73665048],[-53.50651285,-28.73651285],[-53.50650008,-28.73638439],[-53.506514,-28.73627366],[-53.50654811,-28.73606396],[-53.50655687,-28.73602746],[-53.50855941,-28.73544005],[-53.50826286,-28.73492556],[-53.50640854,-28.735401],[-53.50638252,-28.73526802],[-53.50647744,-28.73516372],[-53.50651959,-28.73507713],[-53.50641454,-28.73496652],[-53.50646097,-28.73485234],[-53.50653891,-28.73478873],[-53.50652038,-28.73461103],[-53.50643922,-28.73448759],[-53.50640533,-28.73434583],[-53.50638626,-28.73424047],[-53.50631464,-28.73414392],[-53.50624938,-28.73406667],[-53.50611683,-28.73392911],[-53.50601025,-28.73373566],[-53.50601132,-28.73368019],[-53.50598244,-28.73359825],[-53.50590726,-28.73354858],[-53.50580915,-28.73351186],[-53.5058367,-28.73345648],[-53.50575875,-28.73332173],[-53.50570247,-28.73321333],[-53.50574077,-28.73314467],[-53.50573739,-28.73306928],[-53.50568125,-28.73294144],[-53.50556468,-28.73282037],[-53.50542248,-28.7326344],[-53.50532604,-28.73249402],[-53.5052916,-28.73234378],[-53.50531594,-28.732312],[-53.50532974,-28.73227672],[-53.50531605,-28.73222904],[-53.5052865,-28.73213005],[-53.50526324,-28.73211942],[-53.50520867,-28.73211121],[-53.50518354,-28.73210984],[-53.50515601,-28.7320956],[-53.50514922,-28.7320736],[-53.505182,-28.73204535],[-53.50519428,-28.73203406],[-53.50519589,-28.73201375],[-53.50517232,-28.73199022],[-53.50513425,-28.73197249],[-53.50511936,-28.73196171],[-53.5051086,-28.73194901],[-53.50509971,-28.73192705],[-53.5050686,-28.73185021],[-53.50505407,-28.73176752],[-53.5050109,-28.73171118],[-53.50497884,-28.73168228],[-53.50497596,-28.73164915],[-53.50498963,-28.73160834],[-53.50501174,-28.73157106],[-53.50504552,-28.7314967],[-53.50505527,-28.73146703],[-53.50505479,-28.73144676],[-53.50506583,-28.73138388],[-53.50506487,-28.73134334],[-53.50505527,-28.73129191],[-53.50503567,-28.73125909],[-53.50499028,-28.73119726],[-53.50495835,-28.73117388],[-53.50491797,-28.73114698],[-53.50489262,-28.73113639],[-53.50488413,-28.73113102],[-53.50486082,-28.73111855],[-53.5048333,-28.73110431],[-53.50481622,-28.73108988],[-53.50478865,-28.7310738],[-53.50477807,-28.73106847],[-53.50474409,-28.73104697],[-53.50473346,-28.7310398],[-53.50469975,-28.73102936],[-53.50468285,-28.7310223],[-53.504668,-28.73101336],[-53.50465938,-28.73100246],[-53.50465462,-28.73097858],[-53.50469307,-28.73092441],[-53.50468636,-28.7309061],[-53.50464981,-28.73086438],[-53.50458639,-28.73083606],[-53.50451692,-28.73081707],[-53.50449216,-28.73079001],[-53.50447035,-28.7307632],[-53.50445661,-28.73070513],[-53.50443942,-28.73057635],[-53.50354143,-28.73113892],[-53.5022372,-28.73194464],[-53.50038766,-28.73308318],[-53.49881647,-28.73405557],[-53.49657093,-28.7354544],[-53.49659417,-28.7354933],[-53.49660502,-28.73550969],[-53.49661151,-28.73551878],[-53.49661159,-28.73552247],[-53.49660567,-28.73553733],[-53.4966038,-28.73554658],[-53.49657977,-28.73559126],[-53.49655961,-28.73562297],[-53.49655617,-28.73565437],[-53.49655909,-28.73568934],[-53.49658514,-28.73572942],[-53.49659817,-28.73574945],[-53.49661608,-28.7357989],[-53.49662366,-28.73585406],[-53.49662463,-28.73589459],[-53.49660138,-28.73597245],[-53.49656698,-28.73602101],[-53.49651564,-28.73606067],[-53.4964953,-28.73608501],[-53.49646473,-28.73611875],[-53.49641178,-28.73617872],[-53.49636297,-28.73623677],[-53.49633693,-28.73628518],[-53.49630898,-28.736341],[-53.49627671,-28.73639136],[-53.49621431,-28.7364939],[-53.49621114,-28.73653636],[-53.49621454,-28.7365916],[-53.49622156,-28.73662281],[-53.49624578,-28.73667397],[-53.4962721,-28.7367251],[-53.496284,-28.73678571],[-53.4962881,-28.73687043],[-53.49630414,-28.73692913],[-53.49631947,-28.73695834],[-53.4963369,-28.73698751],[-53.49635232,-28.73702041],[-53.49637424,-28.7370624],[-53.49644227,-28.73710907],[-53.49650543,-28.73712634],[-53.49656427,-28.73713815],[-53.49661075,-28.73715757],[-53.49665112,-28.73718448],[-53.49670235,-28.73722777],[-53.49671956,-28.73724773],[-53.49674556,-28.73728596],[-53.49677811,-28.73733513],[-53.4967974,-28.73735505],[-53.49682959,-28.73738948],[-53.49686566,-28.73741094],[-53.49690808,-28.73743596],[-53.49696737,-28.7374662],[-53.49703736,-28.73750731],[-53.49706964,-28.73754542],[-53.49708049,-28.73756181],[-53.49711246,-28.73758703],[-53.4971693,-28.73760257],[-53.49722427,-28.73762736],[-53.4972711,-28.73766152],[-53.49730525,-28.73769038],[-53.49733125,-28.73772861],[-53.49735321,-28.73777245],[-53.49736241,-28.7378073],[-53.49737552,-28.73783102],[-53.49740379,-28.73787659],[-53.49740401,-28.7378858],[-53.49742179,-28.73792971],[-53.49745172,-28.73795681],[-53.49749196,-28.73797819],[-53.49752576,-28.73799231],[-53.49759955,-28.73801675],[-53.49767756,-28.73804296],[-53.49771144,-28.73806077],[-53.49778741,-28.73808886],[-53.49785523,-28.73812632],[-53.49793577,-28.73817091],[-53.49797614,-28.73819782],[-53.49801857,-28.73822284],[-53.49804418,-28.73824449],[-53.49809323,-28.73828413],[-53.49815269,-28.73832175],[-53.49823968,-28.7383736],[-53.49828633,-28.73840038],[-53.49841936,-28.7385001],[-53.49846382,-28.73852279],[-53.49854945,-28.7385613],[-53.49866166,-28.73859655],[-53.49872794,-28.7386133],[-53.49880993,-28.73863114],[-53.49883839,-28.73864029],[-53.49887321,-28.73865347],[-53.49890977,-28.73867353],[-53.49898111,-28.73870539],[-53.49905863,-28.73873299],[-53.49912655,-28.73875247],[-53.49921648,-28.73877431],[-53.49928573,-28.73878409],[-53.49935015,-28.73878843],[-53.49943505,-28.73879654],[-53.4995406,-28.73881532],[-53.49963206,-28.73883575],[-53.499722,-28.73885759],[-53.49983598,-28.73890111],[-53.49991085,-28.73894949],[-53.50003754,-28.73899969],[-53.50015136,-28.73903629],[-53.50021774,-28.73905718],[-53.50029676,-28.73908199],[-53.50035419,-28.7391224],[-53.50045942,-28.73919373],[-53.5005441,-28.73925853],[-53.50060647,-28.73930853],[-53.5006729,-28.73939716],[-53.50075572,-28.73949737],[-53.50362253,-28.7382583],[-53.50408429,-28.73923294],[-53.50746161,-28.74609298]]]]},"geometry_name":"geo_area_imovel","properties":{"cod_imovel":"RS-4306106-05673409E53A4F62A19ACC94364B6BE6","status_imovel":"AT","dat_criacao":"2019-07-09T03:23:03.020Z","area":103.9288,"condicao":"Aguardando análise","uf":"RS","municipio":"Cruz Alta","cod_municipio_ibge":4306106,"m_fiscal":5.1964,"tipo_imovel":"IRU"}},{"type":"Feature","id":"sicar_imoveis_rs.13195763","geometry":{"type":"MultiPolygon","coordinates":[[[[-53.37910655,-28.69137936],[-53.37085691,-28.68924594],[-53.37074689,-28.68874891],[-53.37096108,-28.68809792],[-53.37128517,-28.68763872],[-53.3719254,-28.68752735],[-53.37232024,-28.68705524],[-53.37681312,-28.68902443],[-53.3797192,-28.69031876],[-53.37910655,-28.69137936]]]]},"geometry_name":"geo_area_imovel","properties":{"cod_imovel":"RS-4306106-05A82D19C9834218B000DF52AF3DBE82","status_imovel":"AT","dat_criacao":"2024-08-26T17:03:15.368Z","area":17.7685,"condicao":"Aguardando análise","uf":"RS","municipio":"Cruz Alta","cod_municipio_ibge":4306106,"m_fiscal":0.8884,"tipo_imovel":"IRU"}},{"type":"Feature","id":"sicar_imoveis_rs.14967809","geometry":{"type":"MultiPolygon","coordinates":[[[[-53.61157838,-28.73599694],[-53.61025885,-28.73650306],[-53.60995998,-28.73661469],[-53.60928349,-28.73686734],[-53.60857459,-28.73713192],[-53.60476211,-28.73821703],[-53.60479292,-28.73973868],[-53.6062672,-28.74261302],[-53.60643078,-28.74462413],[-53.60368783,-28.74492221],[-53.59919385,-28.75016912],[-53.59908256,-28.75030086],[-53.59904019,-28.7503424],[-53.59891429,-28.75035055],[-53.59878718,-28.75031329],[-53.59861098,-28.75027243],[-53.59853372,-28.75027219],[-53.59841397,-28.75020872],[-53.5983424,-28.75019066],[-53.59821057,-28.75021993],[-53.59811402,-28.75015974],[-53.59804882,-28.75010997],[-53.59792894,-28.75011159],[-53.59776678,-28.75009458],[-53.59756984,-28.75008131],[-53.59753099,-28.75006092],[-53.59742505,-28.74997103],[-53.59732683,-28.74995307],[-53.59720885,-28.74991027],[-53.59717382,-28.74991691],[-53.59700923,-28.74989739],[-53.59688702,-28.74985535],[-53.59671447,-28.74981865],[-53.59646746,-28.74975923],[-53.59623395,-28.74966621],[-53.59775058,-28.76119811],[-53.60436152,-28.76141209],[-53.6081462,-28.76153463],[-53.60988322,-28.7615911],[-53.61061074,-28.76516081],[-53.61056034,-28.76547654],[-53.61070329,-28.7653417],[-53.61090961,-28.76541647],[-53.61111919,-28.76538003],[-53.61127176,-28.76545466],[-53.61141919,-28.76586173],[-53.61135524,-28.7659742],[-53.61137802,-28.76609934],[-53.6114897,-28.76606569],[-53.61214384,-28.76619801],[-53.61217658,-28.76642724],[-53.61232106,-28.76648155],[-53.61238601,-28.76607623],[-53.61261924,-28.76614623],[-53.6126935,-28.76599965],[-53.61296179,-28.76595241],[-53.61326504,-28.76580022],[-53.61339188,-28.76593552],[-53.6137059,-28.76589065],[-53.61397317,-28.76592147],[-53.61417324,-28.76589748],[-53.61440252,-28.76601032],[-53.61425032,-28.76618864],[-53.61447437,-28.76633775],[-53.61459638,-28.76631626],[-53.61450481,-28.7660271],[-53.61484702,-28.76615625],[-53.61492539,-28.7663347],[-53.61537536,-28.76633077],[-53.61547012,-28.76656285],[-53.61563233,-28.76646174],[-53.61545576,-28.76616376],[-53.61556304,-28.7659864],[-53.61576326,-28.7658823],[-53.61587852,-28.76598399],[-53.6165531,-28.76615567],[-53.6165825,-28.76634112],[-53.6167547,-28.76613977],[-53.6170421,-28.76592698],[-53.61713526,-28.76637398],[-53.61723991,-28.76637042],[-53.61746961,-28.76597481],[-53.61766387,-28.76620189],[-53.61798998,-28.76628921],[-53.61830078,-28.76614417],[-53.61806637,-28.76567871],[-53.61819865,-28.76558061],[-53.61848324,-28.76562011],[-53.61858677,-28.76549406],[-53.61852551,-28.76539015],[-53.61819678,-28.76550956],[-53.61799062,-28.76540025],[-53.61799045,-28.76507802],[-53.61841015,-28.7651204],[-53.61843797,-28.76497597],[-53.61829012,-28.76506165],[-53.61805614,-28.76492464],[-53.61801464,-28.76461575],[-53.61834965,-28.7645674],[-53.61829683,-28.76441614],[-53.61818012,-28.76437511],[-53.61799033,-28.76454035],[-53.61792565,-28.76446718],[-53.61799429,-28.76423951],[-53.61789105,-28.76419695],[-53.61761401,-28.76427909],[-53.61749302,-28.76406682],[-53.61757456,-28.76396998],[-53.61745975,-28.7637676],[-53.61728322,-28.76381162],[-53.61720599,-28.76372371],[-53.61733299,-28.76358657],[-53.61758261,-28.76344379],[-53.61798118,-28.76318158],[-53.61793479,-28.7630459],[-53.61828143,-28.76299606],[-53.61793931,-28.76282885],[-53.61799378,-28.76273479],[-53.61824829,-28.7627921],[-53.61812577,-28.76268649],[-53.61827914,-28.76257643],[-53.61836762,-28.76247485],[-53.61829116,-28.76240967],[-53.61851912,-28.76216258],[-53.61845049,-28.76185746],[-53.61810871,-28.76182304],[-53.61813013,-28.76168469],[-53.61833949,-28.76160233],[-53.61844142,-28.76140017],[-53.61882543,-28.76133003],[-53.61898675,-28.76121008],[-53.61912868,-28.76118712],[-53.61929322,-28.76099502],[-53.61939359,-28.76093119],[-53.61951264,-28.76072572],[-53.61973931,-28.76045141],[-53.61972105,-28.76037211],[-53.61944219,-28.76013927],[-53.61953,-28.76003553],[-53.61939234,-28.75986906],[-53.61954364,-28.75957338],[-53.61981484,-28.75975829],[-53.61988612,-28.75950937],[-53.61961521,-28.7594098],[-53.61986482,-28.75921379],[-53.62009689,-28.75925043],[-53.62012061,-28.75931862],[-53.62047699,-28.75921653],[-53.62023223,-28.75904546],[-53.62032897,-28.7589632],[-53.62058573,-28.75896769],[-53.62066021,-28.75869931],[-53.62045026,-28.75862634],[-53.62067019,-28.75843913],[-53.62070556,-28.75815869],[-53.62072151,-28.75802261],[-53.62084467,-28.75793263],[-53.62089002,-28.75783811],[-53.62073272,-28.75761491],[-53.62062943,-28.7575783],[-53.62069394,-28.75735333],[-53.62041249,-28.75725017],[-53.62024606,-28.7568497],[-53.62012105,-28.75677112],[-53.62009701,-28.75667352],[-53.62024534,-28.75640308],[-53.6203348,-28.75618095],[-53.62045897,-28.75592685],[-53.62041389,-28.75578177],[-53.62046982,-28.75565646],[-53.62039583,-28.75547702],[-53.62047288,-28.75536104],[-53.6205111,-28.75509616],[-53.62065159,-28.75500737],[-53.62043384,-28.7548678],[-53.62053536,-28.75456317],[-53.62068864,-28.75472447],[-53.62076931,-28.75466689],[-53.62095607,-28.754521],[-53.62103954,-28.75436259],[-53.62102486,-28.75427113],[-53.6211975,-28.75421952],[-53.62119675,-28.7540871],[-53.62137471,-28.75401481],[-53.62123111,-28.75390114],[-53.62129532,-28.75382853],[-53.62105011,-28.7535364],[-53.62113064,-28.75342839],[-53.62106821,-28.75333073],[-53.62120083,-28.7532015],[-53.6211602,-28.75312822],[-53.62103106,-28.75315094],[-53.62094088,-28.75305697],[-53.62118975,-28.75293424],[-53.62101908,-28.7528025],[-53.62085998,-28.75281804],[-53.62074141,-28.75266553],[-53.62089833,-28.75257092],[-53.62082916,-28.75228097],[-53.62084012,-28.75217891],[-53.6208654,-28.75194946],[-53.62098183,-28.75159051],[-53.62123756,-28.75120575],[-53.62122163,-28.75100669],[-53.62121327,-28.75079098],[-53.62118652,-28.75067503],[-53.62124947,-28.75044133],[-53.62133141,-28.75022188],[-53.62139035,-28.75012656],[-53.62135026,-28.74988241],[-53.62149632,-28.74979974],[-53.62156355,-28.74952455],[-53.62152976,-28.74938051],[-53.62160798,-28.74925828],[-53.6215911,-28.74916867],[-53.62173701,-28.74907617],[-53.62159875,-28.74904854],[-53.62162066,-28.7488768],[-53.62188388,-28.74881287],[-53.62170402,-28.7486529],[-53.62174024,-28.74857038],[-53.62151266,-28.7485941],[-53.62141682,-28.7484822],[-53.62143832,-28.74836794],[-53.62134895,-28.74823634],[-53.62135556,-28.74801357],[-53.62149646,-28.74793731],[-53.62128159,-28.74790855],[-53.62133999,-28.74773836],[-53.62150868,-28.74771786],[-53.62139934,-28.74760243],[-53.62119961,-28.74760595],[-53.62096605,-28.74752929],[-53.6208145,-28.74744526],[-53.62062175,-28.74741274],[-53.62049337,-28.74735849],[-53.62035838,-28.74738429],[-53.62024852,-28.74733419],[-53.62016962,-28.74738822],[-53.62002376,-28.74729019],[-53.61981271,-28.74721734],[-53.61890791,-28.74736876],[-53.61649116,-28.74777328],[-53.6112912,-28.74940733],[-53.61024415,-28.7483028],[-53.61252371,-28.7464608],[-53.61408715,-28.74519753],[-53.61473401,-28.74460369],[-53.6132381,-28.74349328],[-53.61509787,-28.74123704],[-53.61490299,-28.74093719],[-53.61429692,-28.74003035],[-53.61429692,-28.74003035],[-53.61301992,-28.73813931],[-53.61222396,-28.73695298],[-53.61157838,-28.73599694]]]]},"geometry_name":"geo_area_imovel","properties":{"cod_imovel":"RS-4306106-05B36145075B48E296CB04486235B8BC","status_imovel":"AT","dat_criacao":"2025-11-06T15:21:54.694Z","area":479.1772,"condicao":"Aguardando análise","uf":"RS","municipio":"Cruz Alta","cod_municipio_ibge":4306106,"m_fiscal":23.9589,"tipo_imovel":"IRU"}},{"type":"Feature","id":"sicar_imoveis_rs.13758939","geometry":{"type":"MultiPolygon","coordinates":[[[[-53.3340991,-28.60726534],[-53.33390806,-28.60839475],[-53.33311255,-28.60833021],[-53.33315686,-28.60727676],[-53.3340991,-28.60726534]]]]},"geometry_name":"geo_area_imovel","properties":{"cod_imovel":"RS-4306106-0631EE2230354B00AB9299222EE44184","status_imovel":"AT","dat_criacao":"2025-01-22T12:18:14.303Z","area":1.0318,"condicao":"Aguardando análise","uf":"RS","municipio":"Cruz Alta","cod_municipio_ibge":4306106,"m_fiscal":0.0516,"tipo_imovel":"IRU"}},{"type":"Feature","id":"sicar_imoveis_rs.1913019","geometry":{"type":"MultiPolygon","coordinates":[[[[-53.6240513,-28.61776495],[-53.62383842,-28.61760349],[-53.62422466,-28.61743397],[-53.62450361,-28.61726444],[-53.62491131,-28.61690655],[-53.62499714,-28.61681237],[-53.62519026,-28.61677469],[-53.62533939,-28.61656109],[-53.62559795,-28.6164168],[-53.6258769,-28.61617193],[-53.62619877,-28.6160024],[-53.62654877,-28.61587945],[-53.62678256,-28.61677346],[-53.62559795,-28.6174528],[-53.62439632,-28.61794255],[-53.62384139,-28.61804742],[-53.6240513,-28.61776495]]]]},"geometry_name":"geo_area_imovel","properties":{"cod_imovel":"RS-4306106-0659DBAF06B644E6AADF41EACBBE124D","status_imovel":"AT","dat_criacao":"2016-01-12T02:19:42.840Z","area":2.6032,"condicao":"Aguardando análise","uf":"RS","municipio":"Cruz Alta","cod_municipio_ibge":4306106,"m_fiscal":0.1302,"tipo_imovel":"IRU"}},{"type":"Feature","id":"sicar_imoveis_rs.7260409","geometry":{"type":"MultiPolygon","coordinates":[[[[-53.4665966,-28.66434482],[-53.46470833,-28.66413771],[-53.46380711,-28.6640624],[-53.46376419,-28.66300802],[-53.46378565,-28.66268795],[-53.46369982,-28.66227372],[-53.46374273,-28.6613323],[-53.46676826,-28.66065448],[-53.4665966,-28.66434482]]]]},"geometry_name":"geo_area_imovel","properties":{"cod_imovel":"RS-4306106-0672DA8FB84E4DF58AA60E1152BB9FE5","status_imovel":"AT","dat_criacao":"2019-08-13T04:26:02.943Z","area":10.14,"condicao":"Aguardando análise","uf":"RS","municipio":"Cruz Alta","cod_municipio_ibge":4306106,"m_fiscal":0.507,"tipo_imovel":"IRU"}},{"type":"Feature","id":"sicar_imoveis_rs.7531665","geometry":{"type":"MultiPolygon","coordinates":[[[[-53.60115483,-28.70103491],[-53.60126177,-28.70108372],[-53.60143918,-28.70110703],[-53.60158513,-28.70111483],[-53.60172666,-28.70107554],[-53.60183405,-28.70095727],[-53.60192212,-28.70076067],[-53.60206118,-28.70064307],[-53.60228761,-28.70057864],[-53.60254996,-28.70053034],[-53.60294742,-28.70055256],[-53.60328912,-28.70061853],[-53.60371944,-28.70061264],[-53.60406935,-28.70063975],[-53.60433258,-28.70061267],[-53.60464409,-28.70055917],[-53.60492304,-28.70051896],[-53.60516434,-28.70055519],[-53.60538307,-28.70052897],[-53.60552991,-28.70042616],[-53.60564158,-28.70036866],[-53.60569274,-28.7003117],[-53.60581413,-28.70030773],[-53.60593298,-28.70038751],[-53.60596792,-28.70048403],[-53.60597081,-28.70057729],[-53.606056,-28.70067288],[-53.60618815,-28.70073134],[-53.60624341,-28.7007718],[-53.60627493,-28.70084061],[-53.60633458,-28.70090482],[-53.6064776,-28.70093675],[-53.60656405,-28.70092554],[-53.60670154,-28.7008639],[-53.6067362,-28.70084624],[-53.60665748,-28.70544219],[-53.60070311,-28.70556363],[-53.60115483,-28.70103491]]]]},"geometry_name":"geo_area_imovel","properties":{"cod_imovel":"RS-4306106-06A37F7679B1446384319100A64B8C05","status_imovel":"AT","dat_criacao":"2019-09-28T02:22:44.111Z","area":30.1638,"condicao":"Aguardando análise","uf":"RS","municipio":"Cruz Alta","cod_municipio_ibge":4306106,"m_fiscal":1.5082,"tipo_imovel":"IRU"}},{"type":"Feature","id":"sicar_imoveis_rs.5302289","geometry":{"type":"MultiPolygon","coordinates":[[[[-53.68290372,-28.67462985],[-53.68266758,-28.67452385],[-53.68265839,-28.67431293],[-53.68253135,-28.67418395],[-53.6824407,-28.67403839],[-53.68224543,-28.67382952],[-53.68234297,-28.67369864],[-53.68232825,-28.67339262],[-53.68218458,-28.67313306],[-53.68236748,-28.67290337],[-53.68239205,-28.67265461],[-53.68234465,-28.6723897],[-53.68219413,-28.67232774],[-53.68208334,-28.67246786],[-53.68189402,-28.67252054],[-53.68170711,-28.67234893],[-53.68153008,-28.67235548],[-53.6813211,-28.67207378],[-53.68130252,-28.67196358],[-53.68118048,-28.67174058],[-53.6809229,-28.67161204],[-53.68088205,-28.67132647],[-53.68083078,-28.67112594],[-53.6805915,-28.67102137],[-53.68040177,-28.67066208],[-53.6803367,-28.67019426],[-53.68024606,-28.66985064],[-53.68000756,-28.66985067],[-53.67960293,-28.66976708],[-53.67930208,-28.66979528],[-53.67916228,-28.66975283],[-53.67888995,-28.66935444],[-53.67888891,-28.66924749],[-53.67864678,-28.66897945],[-53.67855649,-28.66881844],[-53.67848071,-28.66821731],[-53.67842419,-28.66815189],[-53.67814153,-28.66827701],[-53.6779942,-28.66811125],[-53.67799828,-28.66788593],[-53.6778028,-28.66776161],[-53.67783502,-28.66750172],[-53.67736727,-28.66708651],[-53.67719306,-28.66712272],[-53.67684648,-28.66710764],[-53.67651051,-28.66683696],[-53.67637207,-28.66662402],[-53.67631171,-28.66638235],[-53.67614842,-28.66619797],[-53.67623697,-28.66603509],[-53.67598924,-28.66581806],[-53.67582174,-28.66564533],[-53.67572915,-28.66562679],[-53.67534021,-28.66566166],[-53.67521114,-28.66560225],[-53.67523219,-28.66539232],[-53.67508976,-28.66524546],[-53.67494096,-28.66516949],[-53.67479505,-28.66496954],[-53.67466183,-28.66493353],[-53.67453002,-28.66479564],[-53.67453169,-28.66471302],[-53.67435756,-28.66451301],[-53.67417555,-28.66447504],[-53.67415791,-28.66428412],[-53.67419075,-28.66420986],[-53.67411426,-28.6641254],[-53.67417121,-28.663927],[-53.67422017,-28.66386425],[-53.67420684,-28.66367238],[-53.67396422,-28.66344661],[-53.67412804,-28.66318899],[-53.674298,-28.66307078],[-53.67421367,-28.66291422],[-53.67416229,-28.66252368],[-53.67430808,-28.66241703],[-53.67429659,-28.66229774],[-53.67406712,-28.66241301],[-53.67394079,-28.66218479],[-53.67413357,-28.661973],[-53.67409217,-28.6618797],[-53.67391149,-28.66189201],[-53.67377139,-28.66163059],[-53.67356826,-28.66141945],[-53.67319019,-28.66110948],[-53.67325465,-28.66103885],[-53.67304838,-28.66078666],[-53.67322164,-28.66079669],[-53.67335416,-28.66069398],[-53.67324236,-28.66062604],[-53.67305728,-28.66064458],[-53.67300024,-28.6605701],[-53.67306958,-28.66034327],[-53.67295551,-28.66034442],[-53.67283298,-28.66015508],[-53.67276293,-28.65998048],[-53.67253378,-28.65966806],[-53.67238425,-28.65941281],[-53.6723545,-28.6592876],[-53.67220408,-28.65923146],[-53.67226617,-28.65899299],[-53.67232416,-28.65879808],[-53.67207998,-28.65895265],[-53.67208513,-28.65932636],[-53.67211614,-28.65960811],[-53.67193408,-28.65970624],[-53.67203199,-28.65992109],[-53.67192837,-28.66000227],[-53.67173123,-28.65996655],[-53.67150345,-28.66007713],[-53.67146462,-28.66035841],[-53.67136331,-28.66050034],[-53.67105057,-28.66073795],[-53.67089001,-28.66063912],[-53.67058012,-28.6606286],[-53.67049678,-28.66080053],[-53.67032691,-28.66089548],[-53.67031059,-28.66104567],[-53.67011791,-28.66106912],[-53.66981206,-28.66127251],[-53.66959465,-28.66141113],[-53.66943146,-28.6614428],[-53.66924701,-28.66164291],[-53.66931966,-28.66187152],[-53.66949488,-28.66182899],[-53.6695947,-28.66209085],[-53.6697337,-28.66200932],[-53.66998413,-28.66213935],[-53.67013521,-28.66232226],[-53.66961035,-28.66270644],[-53.66944516,-28.66270887],[-53.66907671,-28.66283562],[-53.66907828,-28.66293452],[-53.6689273,-28.66303494],[-53.66854971,-28.66317382],[-53.66860136,-28.66327536],[-53.66875552,-28.66344485],[-53.66863568,-28.66374995],[-53.66900791,-28.66373492],[-53.66893476,-28.66388843],[-53.66877811,-28.66403689],[-53.66894051,-28.66406358],[-53.66912939,-28.6642653],[-53.66902459,-28.66437178],[-53.66879365,-28.66432379],[-53.66876133,-28.66440704],[-53.66888118,-28.66451438],[-53.66880912,-28.66459152],[-53.66864911,-28.6645953],[-53.66872018,-28.66477495],[-53.66895041,-28.66464735],[-53.66911096,-28.66479034],[-53.66905621,-28.66502173],[-53.66887506,-28.66529721],[-53.66885157,-28.66542636],[-53.66877113,-28.66561464],[-53.66864527,-28.66583183],[-53.66854133,-28.66613584],[-53.66830789,-28.66628576],[-53.66818199,-28.66649985],[-53.66831767,-28.66675907],[-53.66814938,-28.66714144],[-53.66808266,-28.66711857],[-53.66794503,-28.66700166],[-53.66006321,-28.66001909],[-53.6576369,-28.65996407],[-53.6572605,-28.66259525],[-53.65302993,-28.66288689],[-53.65048962,-28.66279826],[-53.6503731,-28.66277323],[-53.65031935,-28.66267949],[-53.65027554,-28.66256426],[-53.64949112,-28.65865642],[-53.64849075,-28.6590263],[-53.64790732,-28.65908821],[-53.64670073,-28.6591907],[-53.64528223,-28.65919926],[-53.64406966,-28.65986994],[-53.64180745,-28.65926852],[-53.64182269,-28.65940196],[-53.64378886,-28.66448113],[-53.64509936,-28.66795029],[-53.64526807,-28.66801277],[-53.64895051,-28.66864],[-53.65492911,-28.66927953],[-53.65646927,-28.67022957],[-53.65771432,-28.67268421],[-53.65911896,-28.67349596],[-53.66085822,-28.674074],[-53.66151436,-28.67541072],[-53.66222824,-28.676309],[-53.66779807,-28.68258635],[-53.669698,-28.68545332],[-53.71830865,-28.67940267],[-53.72202439,-28.66827355],[-53.71136868,-28.67142201],[-53.69779509,-28.67543643],[-53.69447528,-28.67392856],[-53.68848467,-28.67556146],[-53.68749421,-28.67537329],[-53.68585895,-28.6754086],[-53.68420298,-28.67508285],[-53.68402231,-28.67511265],[-53.6835196,-28.67528805],[-53.68345495,-28.67528167],[-53.68323463,-28.675372],[-53.68283036,-28.67522275],[-53.68295428,-28.67497444],[-53.68281847,-28.67474365],[-53.68290372,-28.67462985]]]]},"geometry_name":"geo_area_imovel","properties":{"cod_imovel":"RS-4306106-06CA517A069F4E6C9A92CBDA58D2C866","status_imovel":"AT","dat_criacao":"2018-03-27T02:11:10.603Z","area":916.6409,"condicao":"Aguardando análise","uf":"RS","municipio":"Cruz Alta","cod_municipio_ibge":4306106,"m_fiscal":45.8321,"tipo_imovel":"IRU"}},{"type":"Feature","id":"sicar_imoveis_rs.3296775","geometry":{"type":"MultiPolygon","coordinates":[[[[-53.54612886,-28.6713537],[-53.53761918,-28.67623212],[-53.53746846,-28.67496478],[-53.53766515,-28.67442659],[-53.53831279,-28.67394704],[-53.53866338,-28.67316161],[-53.53858138,-28.67242242],[-53.53844243,-28.67189023],[-53.53844533,-28.67182744],[-53.53838583,-28.67113013],[-53.53846864,-28.67094267],[-53.53857146,-28.67033638],[-53.53857781,-28.67021044],[-53.53897273,-28.66953095],[-53.53949059,-28.66877351],[-53.53948822,-28.66829389],[-53.5394402,-28.66780985],[-53.54003825,-28.66737013],[-53.54020245,-28.66693787],[-53.54129897,-28.66722671],[-53.54253741,-28.66766102],[-53.54362206,-28.66829566],[-53.54612886,-28.6713537]]]]},"geometry_name":"geo_area_imovel","properties":{"cod_imovel":"RS-4306106-06CA636D7AA54F29ADAD4D2AAEC30AF6","status_imovel":"AT","dat_criacao":"2016-06-03T01:06:00.687Z","area":43.3601,"condicao":"Aguardando análise","uf":"RS","municipio":"Cruz Alta","cod_municipio_ibge":4306106,"m_fiscal":2.168,"tipo_imovel":"IRU"}},{"type":"Feature","id":"sicar_imoveis_rs.3194273","geometry":{"type":"MultiPolygon","coordinates":[[[[-53.63177489,-28.85904321],[-53.6318306,-28.85956335],[-53.63063571,-28.8600674],[-53.63026601,-28.860794],[-53.62975087,-28.86093076],[-53.62941742,-28.86061099],[-53.62905003,-28.86039252],[-53.62803754,-28.85953472],[-53.6271892,-28.85885049],[-53.62640418,-28.85818158],[-53.62598441,-28.85784852],[-53.62588167,-28.85765587],[-53.62584617,-28.85734806],[-53.62560103,-28.8566666],[-53.62544481,-28.85640176],[-53.62499756,-28.85625641],[-53.62443018,-28.85599533],[-53.62339615,-28.85568922],[-53.62262963,-28.85550003],[-53.62254266,-28.85528924],[-53.6225094,-28.8551696],[-53.62244345,-28.85508683],[-53.62226731,-28.8549481],[-53.62148152,-28.85452158],[-53.62123641,-28.85435333],[-53.62093304,-28.85407189],[-53.62552827,-28.85392865],[-53.62574928,-28.85430625],[-53.62650784,-28.85466851],[-53.62718853,-28.85501956],[-53.6279266,-28.85524117],[-53.62817468,-28.85554167],[-53.62847806,-28.85572382],[-53.62872262,-28.85600571],[-53.62871419,-28.85600593],[-53.62984079,-28.85711681],[-53.63039793,-28.85755897],[-53.63080069,-28.85813305],[-53.63177489,-28.85904321]]]]},"geometry_name":"geo_area_imovel","properties":{"cod_imovel":"RS-4306106-07063D92DD9F4572BEDCC3BC15020EAA","status_imovel":"AT","dat_criacao":"2016-05-26T18:21:03.292Z","area":29.4602,"condicao":"Aguardando análise","uf":"RS","municipio":"Cruz Alta","cod_municipio_ibge":4306106,"m_fiscal":1.473,"tipo_imovel":"IRU"}},{"type":"Feature","id":"sicar_imoveis_rs.6245914","geometry":{"type":"MultiPolygon","coordinates":[[[[-53.66320037,-28.89163807],[-53.66346044,-28.89185687],[-53.66385904,-28.89223671],[-53.66200308,-28.89365166],[-53.6611516,-28.89283626],[-53.66200459,-28.89219257],[-53.66303615,-28.89155169],[-53.66320037,-28.89163807]]]]},"geometry_name":"geo_area_imovel","properties":{"cod_imovel":"RS-4306106-070D9D32088847FB8E25B17D06CA5AAC","status_imovel":"AT","dat_criacao":"2018-12-29T01:20:09.355Z","area":2.833,"condicao":"Aguardando análise","uf":"RS","municipio":"Cruz Alta","cod_municipio_ibge":4306106,"m_fiscal":0.1416,"tipo_imovel":"IRU"}},{"type":"Feature","id":"sicar_imoveis_rs.14964754","geometry":{"type":"MultiPolygon","coordinates":[[[[-53.26413637,-28.72425609],[-53.26104384,-28.72463052],[-53.26081604,-28.72417816],[-53.260603,-28.72361425],[-53.26029799,-28.72278268],[-53.26012202,-28.7222798],[-53.26003012,-28.72199466],[-53.25995046,-28.72162353],[-53.26498732,-28.72111393],[-53.26541684,-28.72111166],[-53.26536595,-28.72394108],[-53.26533943,-28.72496387],[-53.2652862,-28.72510055],[-53.26505946,-28.72571106],[-53.26466646,-28.72650656],[-53.26445715,-28.72646647],[-53.26422684,-28.72637459],[-53.26387283,-28.72622694],[-53.26343936,-28.72605178],[-53.26310351,-28.72592373],[-53.26276462,-28.7258282],[-53.26413637,-28.72425609]]]]},"geometry_name":"geo_area_imovel","properties":{"cod_imovel":"RS-4306106-07158A22D0644C9DBA42C5FBBD433944","status_imovel":"AT","dat_criacao":"2025-11-05T20:05:05.835Z","area":20.4933,"condicao":"Aguardando análise","uf":"RS","municipio":"Cruz Alta","cod_municipio_ibge":4306106,"m_fiscal":1.0247,"tipo_imovel":"IRU"}},{"type":"Feature","id":"sicar_imoveis_rs.10630875","geometry":{"type":"MultiPolygon","coordinates":[[[[-53.62942565,-28.72723639],[-53.62877813,-28.72644815],[-53.62773825,-28.72680864],[-53.62693143,-28.72713366],[-53.62665597,-28.7274621],[-53.62644686,-28.72767583],[-53.62637418,-28.72773224],[-53.62625345,-28.72773802],[-53.62583628,-28.72758458],[-53.6245829,-28.72728241],[-53.62352522,-28.7270486],[-53.62303212,-28.72689921],[-53.6227784,-28.72673228],[-53.62268503,-28.72674096],[-53.62264709,-28.72678294],[-53.62216871,-28.72948691],[-53.62204768,-28.72963705],[-53.62232002,-28.7302367],[-53.62219557,-28.7305622],[-53.62201689,-28.7309025],[-53.62176532,-28.73113423],[-53.62174451,-28.73123775],[-53.62088069,-28.73100016],[-53.62014435,-28.73087008],[-53.61998845,-28.7308731],[-53.61907713,-28.7311537],[-53.61865285,-28.73134066],[-53.61824065,-28.73169923],[-53.61788156,-28.73199834],[-53.6175871,-28.73223089],[-53.61742232,-28.73234751],[-53.61728407,-28.73243268],[-53.61718071,-28.73251029],[-53.61712762,-28.73257061],[-53.61714189,-28.73267345],[-53.61751739,-28.73256306],[-53.61797949,-28.73248537],[-53.61852777,-28.73242319],[-53.61891329,-28.73240197],[-53.61934662,-28.73242107],[-53.62049843,-28.73263589],[-53.62137871,-28.73279067],[-53.62180398,-28.73279961],[-53.62221143,-28.73271952],[-53.6225591,-28.73262685],[-53.62323294,-28.73228381],[-53.62378723,-28.73176006],[-53.62414837,-28.73138786],[-53.62456975,-28.73092942],[-53.62499807,-28.73043647],[-53.62510817,-28.73031747],[-53.62624086,-28.72953414],[-53.62669199,-28.72917479],[-53.62782485,-28.72836052],[-53.62841534,-28.72796065],[-53.62912623,-28.72746391],[-53.62942565,-28.72723639]]]]},"geometry_name":"geo_area_imovel","properties":{"cod_imovel":"RS-4306106-075D2953B13D42C3B9D8A8B0AD1ED0F4","status_imovel":"AT","dat_criacao":"2022-08-05T11:34:56.431Z","area":28.9943,"condicao":"Aguardando análise","uf":"RS","municipio":"Cruz Alta","cod_municipio_ibge":4306106,"m_fiscal":1.4497,"tipo_imovel":"IRU"}},{"type":"Feature","id":"sicar_imoveis_rs.6527051","geometry":{"type":"MultiPolygon","coordinates":[[[[-53.70951823,-28.82439974],[-53.70968414,-28.82467636],[-53.71026616,-28.82535329],[-53.71060846,-28.82584846],[-53.71107719,-28.82661816],[-53.7089628,-28.82173134],[-53.70869719,-28.82119724],[-53.70847989,-28.82081966],[-53.70817219,-28.82034106],[-53.70682063,-28.81843405],[-53.70689878,-28.81881939],[-53.70705026,-28.81927621],[-53.70725165,-28.81968467],[-53.70752107,-28.82003982],[-53.70815212,-28.82070555],[-53.70876271,-28.82150407],[-53.70892456,-28.82182466],[-53.70908305,-28.82234405],[-53.70935611,-28.82394311],[-53.70951823,-28.82439974],[-53.70951823,-28.82439974]]]]},"geometry_name":"geo_area_imovel","properties":{"cod_imovel":"RS-4306106-07867B6B0528469EACEEA26A905DFDA7","status_imovel":"AT","dat_criacao":"2019-03-07T01:37:03.145Z","area":2.572,"condicao":"Aguardando análise","uf":"RS","municipio":"Cruz Alta","cod_municipio_ibge":4306106,"m_fiscal":0.1286,"tipo_imovel":"IRU"}},{"type":"Feature","id":"sicar_imoveis_rs.13340598","geometry":{"type":"MultiPolygon","coordinates":[[[[-53.36427136,-28.74076903],[-53.36360256,-28.74630842],[-53.36374827,-28.74631436],[-53.36676462,-28.74647907],[-53.36836348,-28.7465604],[-53.36862628,-28.74656545],[-53.36974126,-28.74634479],[-53.36981791,-28.74632964],[-53.36976754,-28.74624346],[-53.3660901,-28.73995506],[-53.36427136,-28.74076903]]]]},"geometry_name":"geo_area_imovel","properties":{"cod_imovel":"RS-4306106-07BA59396F764AB58AF3ADA0082572FB","status_imovel":"AT","dat_criacao":"2024-10-01T20:03:26.410Z","area":27.4109,"condicao":"Aguardando análise","uf":"RS","municipio":"Cruz Alta","cod_municipio_ibge":4306106,"m_fiscal":1.3705,"tipo_imovel":"IRU"}},{"type":"Feature","id":"sicar_imoveis_rs.16335911","geometry":{"type":"MultiPolygon","coordinates":[[[[-53.68726856,-28.84800609],[-53.68738978,-28.84810168],[-53.68736335,-28.84809373],[-53.68736968,-28.84828644],[-53.68757565,-28.84852153],[-53.68795934,-28.84880669],[-53.68818351,-28.8490743],[-53.68851649,-28.84917586],[-53.68882768,-28.84950755],[-53.68908211,-28.84983422],[-53.68949442,-28.85025123],[-53.68981824,-28.85052873],[-53.69000987,-28.85076976],[-53.69065071,-28.85089841],[-53.69108096,-28.85111682],[-53.69149895,-28.85153708],[-53.69192252,-28.85179453],[-53.69189162,-28.8519154],[-53.6914505,-28.85247391],[-53.69137445,-28.85251618],[-53.68920112,-28.85113424],[-53.6880925,-28.85115618],[-53.68731306,-28.85090063],[-53.68590223,-28.85020091],[-53.68531,-28.84972841],[-53.68516834,-28.84962535],[-53.68441112,-28.84899341],[-53.68442448,-28.84886016],[-53.684322,-28.84863607],[-53.68436029,-28.84851124],[-53.6842569,-28.84833185],[-53.68397361,-28.84809093],[-53.6837661,-28.84786522],[-53.68343616,-28.84750456],[-53.68338001,-28.84720046],[-53.68333999,-28.84703109],[-53.68328833,-28.84692349],[-53.68313863,-28.84677524],[-53.68283161,-28.84651586],[-53.6826581,-28.84628286],[-53.68260248,-28.84618972],[-53.68239229,-28.8458623],[-53.68227484,-28.84577109],[-53.68206589,-28.84555455],[-53.68172529,-28.84522653],[-53.68144998,-28.8450225],[-53.68107628,-28.84471235],[-53.68065336,-28.84443615],[-53.68052411,-28.84436217],[-53.68034301,-28.8441403],[-53.68023649,-28.84398891],[-53.68024148,-28.84390785],[-53.68025628,-28.84375798],[-53.68022772,-28.84368065],[-53.6803526,-28.84359262],[-53.68039372,-28.8434686],[-53.68048646,-28.84342566],[-53.68047864,-28.84317945],[-53.68045285,-28.84312145],[-53.68053589,-28.84311408],[-53.68060478,-28.84315367],[-53.68075187,-28.84331969],[-53.68086823,-28.84327182],[-53.68089179,-28.84319386],[-53.68080352,-28.84303951],[-53.68090025,-28.84308045],[-53.68108296,-28.84328061],[-53.68119328,-28.84324352],[-53.68124794,-28.84309561],[-53.6812018,-28.84298861],[-53.68136228,-28.84286482],[-53.6814714,-28.84274615],[-53.68152789,-28.8426576],[-53.68163546,-28.84264441],[-53.68179916,-28.84253257],[-53.68209756,-28.84257788],[-53.68250733,-28.84269591],[-53.68258757,-28.8427638],[-53.68275236,-28.84304004],[-53.68270779,-28.84311176],[-53.68291738,-28.84328531],[-53.68300339,-28.84325613],[-53.68303661,-28.84313492],[-53.68309125,-28.84313605],[-53.68308294,-28.84324155],[-53.6831582,-28.84331079],[-53.68309385,-28.84351631],[-53.68318186,-28.84357373],[-53.68329862,-28.8435589],[-53.68344874,-28.8435834],[-53.68366417,-28.84364231],[-53.68369985,-28.84376341],[-53.68380987,-28.84382992],[-53.6838777,-28.84375943],[-53.68385369,-28.8437064],[-53.6839708,-28.84370728],[-53.68406357,-28.84363256],[-53.68422058,-28.84362506],[-53.68420639,-28.84387071],[-53.68425369,-28.84392491],[-53.68446354,-28.8438864],[-53.68456369,-28.8437885],[-53.68460972,-28.84387494],[-53.68459792,-28.84394913],[-53.6845483,-28.84402303],[-53.6846353,-28.84417205],[-53.68470949,-28.84416627],[-53.68473842,-28.84405123],[-53.68490222,-28.84408837],[-53.68490669,-28.84418551],[-53.68484425,-28.84426394],[-53.68472883,-28.84427021],[-53.68464617,-28.84448173],[-53.68463593,-28.84457919],[-53.68488353,-28.84477475],[-53.68499884,-28.8447705],[-53.68507425,-28.84495503],[-53.68548357,-28.84528854],[-53.68566822,-28.84526925],[-53.68583087,-28.84532618],[-53.68575951,-28.8455687],[-53.68573239,-28.84565267],[-53.68578586,-28.84574613],[-53.68586353,-28.84579771],[-53.68601669,-28.84593964],[-53.68648753,-28.84617193],[-53.68670647,-28.84638273],[-53.68699973,-28.84682984],[-53.6870139,-28.84710795],[-53.68695133,-28.84723237],[-53.6869989,-28.84743619],[-53.68701383,-28.84774227],[-53.68726856,-28.84800609]]]]},"geometry_name":"geo_area_imovel","properties":{"cod_imovel":"RS-4306106-0816CCFD838E47489F8AE19C19649102","status_imovel":"AT","dat_criacao":"2026-09-15T13:18:05.965Z","area":33.7325,"condicao":"Aguardando análise","uf":"RS","municipio":"Cruz Alta","cod_municipio_ibge":4306106,"m_fiscal":1.6866,"tipo_imovel":"IRU"}},{"type":"Feature","id":"sicar_imoveis_rs.14127568","geometry":{"type":"MultiPolygon","coordinates":[[[[-53.69116547,-28.49744309],[-53.68503616,-28.49458027],[-53.6848627,-28.4948082],[-53.67975841,-28.49257992],[-53.67994199,-28.49208333],[-53.68040369,-28.49172819],[-53.68050039,-28.49149932],[-53.68057156,-28.49119042],[-53.68066733,-28.49085367],[-53.68086556,-28.49049501],[-53.68102973,-28.49004174],[-53.68111165,-28.48991349],[-53.68118941,-28.48984085],[-53.68130552,-28.48996386],[-53.68168299,-28.4901911],[-53.68190894,-28.49020762],[-53.68224531,-28.49006406],[-53.68348944,-28.48931934],[-53.68403338,-28.48904606],[-53.6847348,-28.48855413],[-53.68496434,-28.48831629],[-53.68505425,-28.48819354],[-53.6923118,-28.49503182],[-53.69116547,-28.49744309]]]]},"geometry_name":"geo_area_imovel","properties":{"cod_imovel":"RS-4306106-0859C1FA4B394016AF956DFA4441FA8F","status_imovel":"AT","dat_criacao":"2025-05-07T18:26:58.874Z","area":56.7122,"condicao":"Aguardando análise","uf":"RS","municipio":"Cruz Alta","cod_municipio_ibge":4306106,"m_fiscal":2.8356,"tipo_imovel":"IRU"}},{"type":"Feature","id":"sicar_imoveis_rs.1809149","geometry":{"type":"MultiPolygon","coordinates":[[[[-53.63264716,-28.61034672],[-53.63286223,-28.61080725],[-53.63279951,-28.61113045],[-53.63062802,-28.61097496],[-53.62637477,-28.61062024],[-53.62469949,-28.61063681],[-53.62460432,-28.61187121],[-53.62292615,-28.61198251],[-53.62191168,-28.61198106],[-53.62008429,-28.61172497],[-53.62542402,-28.6081124],[-53.63063208,-28.60851292],[-53.63264716,-28.61034672]]]]},"geometry_name":"geo_area_imovel","properties":{"cod_imovel":"RS-4306106-08C3FB88A8D34E539B7E7D363BCC22CF","status_imovel":"AT","dat_criacao":"2015-12-16T00:09:05.832Z","area":27.9761,"condicao":"Aguardando análise","uf":"RS","municipio":"Cruz Alta","cod_municipio_ibge":4306106,"m_fiscal":1.3988,"tipo_imovel":"IRU"}},{"type":"Feature","id":"sicar_imoveis_rs.6595515","geometry":{"type":"MultiPolygon","coordinates":[[[[-53.28078083,-28.66787884],[-53.28064342,-28.66720226],[-53.28080691,-28.66697304],[-53.28055676,-28.66672881],[-53.28030521,-28.66616123],[-53.28035672,-28.66600223],[-53.2801908,-28.6657325],[-53.28018693,-28.66561863],[-53.28001952,-28.66541456],[-53.27998697,-28.66512914],[-53.27983337,-28.66497985],[-53.27942089,-28.66495239],[-53.27916807,-28.66481126],[-53.27887308,-28.66477123],[-53.27840694,-28.66425658],[-53.27800742,-28.66384141],[-53.27776534,-28.66349532],[-53.27750427,-28.66266727],[-53.27700808,-28.66233052],[-53.27680284,-28.66218265],[-53.27654757,-28.66210237],[-53.27641221,-28.66220912],[-53.27597527,-28.66175262],[-53.27590346,-28.66161958],[-53.27578227,-28.66156337],[-53.27573013,-28.66137596],[-53.27565616,-28.66138577],[-53.27561179,-28.66149519],[-53.27550617,-28.66149726],[-53.27559677,-28.66121181],[-53.27596524,-28.66093969],[-53.27573925,-28.6608425],[-53.2754202,-28.66075027],[-53.27499337,-28.66050867],[-53.27467376,-28.66007438],[-53.27464001,-28.65999416],[-53.27440911,-28.6598965],[-53.27421213,-28.65978915],[-53.27369066,-28.65931134],[-53.27364916,-28.65921459],[-53.27365452,-28.65911649],[-53.27376847,-28.6590545],[-53.27393364,-28.65888958],[-53.274077,-28.6585168],[-53.27425032,-28.6583213],[-53.2743456,-28.6580392],[-53.27433904,-28.65780326],[-53.27431667,-28.65755902],[-53.27431606,-28.65742281],[-53.2742468,-28.65725849],[-53.27420188,-28.65709126],[-53.27431995,-28.65690993],[-53.27451328,-28.6568948],[-53.27846323,-28.65992788],[-53.28094532,-28.6619721],[-53.28417281,-28.6644418],[-53.28078083,-28.66787884]]]]},"geometry_name":"geo_area_imovel","properties":{"cod_imovel":"RS-4306106-08E9455EC302402684C70D46A53B1C0B","status_imovel":"AT","dat_criacao":"2019-03-18T00:29:26.393Z","area":38.952,"condicao":"Aguardando análise","uf":"RS","municipio":"Cruz Alta","cod_municipio_ibge":4306106,"m_fiscal":1.9476,"tipo_imovel":"IRU"}},{"type":"Feature","id":"sicar_imoveis_rs.11118719","geometry":{"type":"MultiPolygon","coordinates":[[[[-53.36595379,-28.69253735],[-53.36582111,-28.69254929],[-53.36180748,-28.68899509],[-53.36094926,-28.68900495],[-53.36007871,-28.68521982],[-53.36177583,-28.68519849],[-53.36181184,-28.68742463],[-53.36519016,-28.68782189],[-53.36595295,-28.68956741],[-53.36588859,-28.68980949],[-53.36580236,-28.69005687],[-53.36573691,-28.69026645],[-53.36572119,-28.69043389],[-53.36577146,-28.6905646],[-53.36580348,-28.69072452],[-53.3657066,-28.69081037],[-53.36559129,-28.69102823],[-53.36559778,-28.69112717],[-53.36569193,-28.69120424],[-53.36584242,-28.69127019],[-53.36589941,-28.69133616],[-53.36596241,-28.69141058],[-53.36602876,-28.69150211],[-53.36598138,-28.69168085],[-53.36601236,-28.69182756],[-53.36597118,-28.69197902],[-53.3659283,-28.69213499],[-53.36579441,-28.6922559],[-53.36595379,-28.69253735]]]]},"geometry_name":"geo_area_imovel","properties":{"cod_imovel":"RS-4306106-091D7F8A17D840518D376B30947FA6CD","status_imovel":"AT","dat_criacao":"2022-12-21T07:29:54.455Z","area":18.4419,"condicao":"Aguardando análise","uf":"RS","municipio":"Cruz Alta","cod_municipio_ibge":4306106,"m_fiscal":0.9221,"tipo_imovel":"IRU"}},{"type":"Feature","id":"sicar_imoveis_rs.13141097","geometry":{"type":"MultiPolygon","coordinates":[[[[-53.60106941,-28.69477132],[-53.59749757,-28.69499666],[-53.59727562,-28.69679324],[-53.59059314,-28.69733168],[-53.58869119,-28.6974495],[-53.58882684,-28.69438111],[-53.58978073,-28.69173128],[-53.59138597,-28.69241242],[-53.59390679,-28.69350273],[-53.59584587,-28.69436923],[-53.59782502,-28.69205055],[-53.60126078,-28.69229275],[-53.60106941,-28.69477132]]]]},"geometry_name":"geo_area_imovel","properties":{"cod_imovel":"RS-4306106-096849997A054EB49E16A3D22E0A31DA","status_imovel":"AT","dat_criacao":"2024-08-11T05:40:08.977Z","area":48.4899,"condicao":"Aguardando análise","uf":"RS","municipio":"Cruz Alta","cod_municipio_ibge":4306106,"m_fiscal":2.4245,"tipo_imovel":"IRU"}},{"type":"Feature","id":"sicar_imoveis_rs.6797331","geometry":{"type":"MultiPolygon","coordinates":[[[[-53.27346118,-28.72923995],[-53.2738536,-28.72912906],[-53.27411417,-28.72911837],[-53.27442829,-28.72915088],[-53.27462072,-28.72931472],[-53.27472031,-28.72951744],[-53.27493037,-28.72962022],[-53.27514715,-28.72961062],[-53.27543693,-28.72947796],[-53.27570368,-28.72947276],[-53.27589847,-28.72954739],[-53.27604841,-28.72978136],[-53.27616105,-28.729983],[-53.27625675,-28.73010442],[-53.27641364,-28.7302389],[-53.27657364,-28.73039003],[-53.27670184,-28.73056914],[-53.27668433,-28.73070023],[-53.27607186,-28.73197448],[-53.27814072,-28.73271168],[-53.27659575,-28.73471578],[-53.27522626,-28.73399685],[-53.27358313,-28.73733777],[-53.27145893,-28.73753429],[-53.27093659,-28.7362349],[-53.27020988,-28.73595328],[-53.27346118,-28.72923995]]]]},"geometry_name":"geo_area_imovel","properties":{"cod_imovel":"RS-4306106-09699948B9F04057A09EEA8A95CA51E6","status_imovel":"AT","dat_criacao":"2019-05-03T00:59:52.514Z","area":36.6797,"condicao":"Aguardando análise","uf":"RS","municipio":"Cruz Alta","cod_municipio_ibge":4306106,"m_fiscal":1.834,"tipo_imovel":"IRU"}},{"type":"Feature","id":"sicar_imoveis_rs.11017526","geometry":{"type":"MultiPolygon","coordinates":[[[[-53.63616398,-28.56372428],[-53.6363892,-28.56381644],[-53.63657371,-28.56393086],[-53.63565789,-28.56534091],[-53.63166867,-28.57146367],[-53.63104727,-28.5722379],[-53.63112931,-28.57199616],[-53.63124863,-28.571744],[-53.63133884,-28.57147992],[-53.63140706,-28.57123978],[-53.63129449,-28.57106124],[-53.62984525,-28.56911724],[-53.63007905,-28.56840875],[-53.63039811,-28.56795998],[-53.63031883,-28.56681133],[-53.63236534,-28.56917876],[-53.63616398,-28.56372428]]]]},"geometry_name":"geo_area_imovel","properties":{"cod_imovel":"RS-4306106-0993BCBF7D1A4CC78CA87AE79064076F","status_imovel":"AT","dat_criacao":"2022-11-23T20:57:36.093Z","area":11.1403,"condicao":"Aguardando análise","uf":"RS","municipio":"Cruz Alta","cod_municipio_ibge":4306106,"m_fiscal":0.557,"tipo_imovel":"IRU"}},{"type":"Feature","id":"sicar_imoveis_rs.660676","geometry":{"type":"MultiPolygon","coordinates":[[[[-53.45149216,-28.65141323],[-53.4516081,-28.65007292],[-53.45203786,-28.64695369],[-53.45222431,-28.64522308],[-53.45307484,-28.64514845],[-53.4535536,-28.64496705],[-53.45382228,-28.64476239],[-53.45401832,-28.64423756],[-53.45483305,-28.64347596],[-53.45573745,-28.64307362],[-53.45614412,-28.64236897],[-53.45640095,-28.64181584],[-53.45694066,-28.64139325],[-53.45756857,-28.6410072],[-53.45832659,-28.64079361],[-53.4587605,-28.64040827],[-53.45906139,-28.63960451],[-53.45971049,-28.63898981],[-53.46048943,-28.63847103],[-53.46125055,-28.63821717],[-53.46239865,-28.63819522],[-53.46349083,-28.63851122],[-53.46345017,-28.65148542],[-53.46343044,-28.65305261],[-53.45128508,-28.65291854],[-53.45149216,-28.65141323]]]]},"geometry_name":"geo_area_imovel","properties":{"cod_imovel":"RS-4306106-09AE75563FA64E308E10D70A2950FD09","status_imovel":"AT","dat_criacao":"2015-04-03T20:15:49.216Z","area":148.3584,"condicao":"Aguardando análise","uf":"RS","municipio":"Cruz Alta","cod_municipio_ibge":4306106,"m_fiscal":7.4179,"tipo_imovel":"IRU"}},{"type":"Feature","id":"sicar_imoveis_rs.3189766","geometry":{"type":"MultiPolygon","coordinates":[[[[-53.70589256,-28.66059799],[-53.70801687,-28.66088042],[-53.70748043,-28.66351638],[-53.70705128,-28.66624642],[-53.70284557,-28.66558745],[-53.70378971,-28.66025908],[-53.70589256,-28.66059799]]]]},"geometry_name":"geo_area_imovel","properties":{"cod_imovel":"RS-4306106-09C7370217CE4CB388BA89BD14746D4D","status_imovel":"AT","dat_criacao":"2016-05-26T14:33:27.590Z","area":24.8628,"condicao":"Aguardando análise","uf":"RS","municipio":"Cruz Alta","cod_municipio_ibge":4306106,"m_fiscal":1.2431,"tipo_imovel":"IRU"}},{"type":"Feature","id":"sicar_imoveis_rs.3056837","geometry":{"type":"MultiPolygon","coordinates":[[[[-53.5851717,-28.73332643],[-53.58521461,-28.73349577],[-53.58527899,-28.73392852],[-53.58551496,-28.73476535],[-53.58569393,-28.73502603],[-53.58601092,-28.73548884],[-53.58624925,-28.73561886],[-53.58644607,-28.73586009],[-53.58676904,-28.73595036],[-53.58711143,-28.7360876],[-53.58755123,-28.73617685],[-53.58773928,-28.73630558],[-53.58786978,-28.73644174],[-53.58815051,-28.73704231],[-53.58841713,-28.73747275],[-53.58839035,-28.73757865],[-53.5883443,-28.73768132],[-53.5869956,-28.73842531],[-53.58429661,-28.73503732],[-53.58379841,-28.73302538],[-53.5844636,-28.73313827],[-53.58506441,-28.73313827],[-53.5851717,-28.73332643]]]]},"geometry_name":"geo_area_imovel","properties":{"cod_imovel":"RS-4306106-09DD681629534EB7A5BB30A0C7B8D815","status_imovel":"AT","dat_criacao":"2016-05-19T22:06:37.276Z","area":9.1048,"condicao":"Aguardando análise","uf":"RS","municipio":"Cruz Alta","cod_municipio_ibge":4306106,"m_fiscal":0.4552,"tipo_imovel":"IRU"}},{"type":"Feature","id":"sicar_imoveis_rs.3430793","geometry":{"type":"MultiPolygon","coordinates":[[[[-53.32265159,-28.61168407],[-53.32315877,-28.61235713],[-53.32249222,-28.61347552],[-53.32180733,-28.61273185],[-53.32265159,-28.61168407]]]]},"geometry_name":"geo_area_imovel","properties":{"cod_imovel":"RS-4306106-09F29FABE0324303A43C5A1EB5D906C3","status_imovel":"AT","dat_criacao":"2016-06-28T14:33:52.925Z","area":1.2803,"condicao":"Aguardando análise","uf":"RS","municipio":"Cruz Alta","cod_municipio_ibge":4306106,"m_fiscal":0.064,"tipo_imovel":"IRU"}},{"type":"Feature","id":"sicar_imoveis_rs.2642290","geometry":{"type":"MultiPolygon","coordinates":[[[[-53.60519677,-28.80899989],[-53.60519677,-28.80899989],[-53.60526441,-28.80894694],[-53.60722505,-28.81225111],[-53.60712534,-28.81229461],[-53.6067152,-28.81369419],[-53.60645771,-28.81523587],[-53.60628605,-28.81673991],[-53.60632896,-28.81828154],[-53.6061573,-28.81971035],[-53.60620022,-28.81986075],[-53.60602856,-28.82001115],[-53.60611439,-28.82046234],[-53.60547159,-28.82034608],[-53.60534191,-28.82065034],[-53.60536148,-28.82089885],[-53.60494492,-28.8206548],[-53.60470053,-28.82120291],[-53.60356451,-28.82275703],[-53.60255241,-28.82380866],[-53.6022963,-28.82375814],[-53.60101931,-28.82329947],[-53.59974124,-28.82267821],[-53.59957459,-28.82206776],[-53.59941232,-28.82071611],[-53.59864412,-28.81923096],[-53.59667958,-28.81673526],[-53.59972045,-28.8139481],[-53.60319614,-28.81211489],[-53.60351548,-28.8108734],[-53.60394012,-28.80978394],[-53.60519677,-28.80899989]]]]},"geometry_name":"geo_area_imovel","properties":{"cod_imovel":"RS-4306106-0A3DC02E9D844B06BE0AEF4D09F81F7B","status_imovel":"AT","dat_criacao":"2016-04-23T05:02:56.053Z","area":91.2037,"condicao":"Aguardando análise","uf":"RS","municipio":"Cruz Alta","cod_municipio_ibge":4306106,"m_fiscal":4.5602,"tipo_imovel":"IRU"}},{"type":"Feature","id":"sicar_imoveis_rs.16038163","geometry":{"type":"MultiPolygon","coordinates":[[[[-53.61606038,-28.73318287],[-53.61591562,-28.73249555],[-53.61499871,-28.73160143],[-53.61304555,-28.73131147],[-53.61291858,-28.73131736],[-53.61290142,-28.7312282],[-53.6127818,-28.73121283],[-53.61276709,-28.73120156],[-53.61278299,-28.7308082],[-53.61418295,-28.72868513],[-53.61349702,-28.72440022],[-53.61428418,-28.72420285],[-53.61429529,-28.72423591],[-53.61442224,-28.72415563],[-53.61449724,-28.72420452],[-53.61453696,-28.72411202],[-53.61459779,-28.72409007],[-53.61466668,-28.72407924],[-53.61476474,-28.72410507],[-53.61480418,-28.72405952],[-53.6149714,-28.72403202],[-53.61507224,-28.72384952],[-53.61518946,-28.72386979],[-53.61532196,-28.72389174],[-53.6156339,-28.72388396],[-53.61581029,-28.72387035],[-53.61597529,-28.72385813],[-53.61599474,-28.72379063],[-53.61614779,-28.72380479],[-53.61620001,-28.72376424],[-53.61635029,-28.72376646],[-53.6165539,-28.72374035],[-53.61662613,-28.72373285],[-53.61661543,-28.72377507],[-53.6168227,-28.72426834],[-53.61744509,-28.72467401],[-53.61802982,-28.7248736],[-53.61794473,-28.72620355],[-53.61813624,-28.72718566],[-53.61777997,-28.72844802],[-53.61784915,-28.72893118],[-53.61808232,-28.72931093],[-53.61848552,-28.73015848],[-53.61863111,-28.73051334],[-53.61842233,-28.73145448],[-53.61802418,-28.7318103],[-53.61810101,-28.73248803],[-53.61709402,-28.73268574],[-53.61688088,-28.73276922],[-53.61606038,-28.73318287]]]]},"geometry_name":"geo_area_imovel","properties":{"cod_imovel":"RS-4306106-0ADA8F815AD4414E901C3643DFED2060","status_imovel":"AT","dat_criacao":"2026-07-19T15:02:41.901Z","area":39.0063,"condicao":"Aguardando análise","uf":"RS","municipio":"Cruz Alta","cod_municipio_ibge":4306106,"m_fiscal":1.9503,"tipo_imovel":"IRU"}},{"type":"Feature","id":"sicar_imoveis_rs.9162895","geometry":{"type":"MultiPolygon","coordinates":[[[[-53.60988306,-28.76159111],[-53.59775111,-28.76119861],[-53.59836639,-28.76584528],[-53.59845056,-28.76648278],[-53.59846278,-28.76722889],[-53.59827361,-28.76848194],[-53.59811417,-28.76946806],[-53.59793278,-28.77064111],[-53.6025466,-28.77108421],[-53.60355583,-28.77118111],[-53.60378056,-28.77109639],[-53.60393278,-28.77115778],[-53.60406167,-28.77136667],[-53.60422417,-28.77098611],[-53.60447222,-28.77120083],[-53.60456889,-28.77120806],[-53.60471333,-28.77106194],[-53.60498306,-28.77113194],[-53.60529611,-28.77107194],[-53.6050975,-28.77080917],[-53.60530611,-28.77067833],[-53.60553333,-28.77083806],[-53.60570111,-28.77090889],[-53.6057675,-28.77079833],[-53.60549833,-28.77058944],[-53.60544611,-28.77046111],[-53.60568139,-28.77038111],[-53.6056075,-28.77028722],[-53.60591056,-28.77004556],[-53.60605056,-28.76989778],[-53.60627194,-28.76984806],[-53.606625,-28.77016944],[-53.60652389,-28.76984806],[-53.60673528,-28.76973833],[-53.60668028,-28.76956861],[-53.60663222,-28.76941889],[-53.60677639,-28.76932528],[-53.60689278,-28.76952611],[-53.60696028,-28.76964028],[-53.60722722,-28.769415],[-53.60730444,-28.76933722],[-53.60734,-28.76914556],[-53.60770667,-28.76898944],[-53.60824722,-28.76900889],[-53.60823472,-28.76889139],[-53.60790389,-28.76883167],[-53.60781472,-28.76867583],[-53.60783556,-28.76852417],[-53.60794167,-28.76844389],[-53.60790417,-28.76832444],[-53.60789806,-28.76821583],[-53.60811667,-28.76811556],[-53.60837417,-28.76810333],[-53.6085125,-28.76814389],[-53.60854083,-28.76800861],[-53.60842944,-28.76782972],[-53.60841306,-28.76768944],[-53.60884611,-28.76779333],[-53.60893694,-28.76765417],[-53.60910306,-28.76769694],[-53.6093175,-28.76749861],[-53.60928778,-28.76732083],[-53.60936028,-28.76724556],[-53.60939194,-28.76721361],[-53.60966639,-28.76717556],[-53.60965389,-28.76705028],[-53.60976806,-28.76665444],[-53.60961417,-28.76654306],[-53.60963722,-28.76645889],[-53.60968528,-28.76620139],[-53.60984139,-28.76615639],[-53.60991917,-28.766025],[-53.61008278,-28.76595222],[-53.61013056,-28.76576278],[-53.61037639,-28.76552611],[-53.61057528,-28.76555278],[-53.610525,-28.76550556],[-53.61060444,-28.76515389],[-53.61052587,-28.76476583],[-53.60988306,-28.76159111]]]]},"geometry_name":"geo_area_imovel","properties":{"cod_imovel":"RS-4306106-0AF2DFD5B336409EAE7CC03D145FB674","status_imovel":"AT","dat_criacao":"2021-04-21T15:38:37.558Z","area":112.5572,"condicao":"Aguardando análise","uf":"RS","municipio":"Cruz Alta","cod_municipio_ibge":4306106,"m_fiscal":5.6279,"tipo_imovel":"IRU"}},{"type":"Feature","id":"sicar_imoveis_rs.11918481","geometry":{"type":"MultiPolygon","coordinates":[[[[-53.63377303,-28.86949823],[-53.6337488,-28.86966824],[-53.63364102,-28.86961159],[-53.63356994,-28.86964445],[-53.63370794,-28.86975219],[-53.63373007,-28.86994543],[-53.63340386,-28.87000545],[-53.63317323,-28.86985157],[-53.63327861,-28.86999935],[-53.63299265,-28.87000856],[-53.6329715,-28.86982817],[-53.6328335,-28.86985421],[-53.63295495,-28.87004041],[-53.63283411,-28.8701112],[-53.63266535,-28.87009416],[-53.63276655,-28.87015604],[-53.6327156,-28.87034949],[-53.63258694,-28.87045015],[-53.63243661,-28.87037615],[-53.63243868,-28.87025807],[-53.63221229,-28.87026233],[-53.63212695,-28.87037644],[-53.6319787,-28.87021804],[-53.63146666,-28.87022443],[-53.63111776,-28.87009752],[-53.63105451,-28.87005395],[-53.63106428,-28.8701489],[-53.63092769,-28.87028349],[-53.63076942,-28.87029901],[-53.63056793,-28.87016645],[-53.6310863,-28.87090599],[-53.63244781,-28.87342825],[-53.63401725,-28.876345],[-53.63514995,-28.87845217],[-53.63740025,-28.88254592],[-53.64615745,-28.88166827],[-53.64609635,-28.88146866],[-53.64603405,-28.8813562],[-53.64590309,-28.88125198],[-53.64568895,-28.8811171],[-53.64546615,-28.88091337],[-53.6452606,-28.88068082],[-53.64504748,-28.88047613],[-53.64487594,-28.88040641],[-53.64466578,-28.88023793],[-53.64460985,-28.8799496],[-53.64453891,-28.87977039],[-53.64468601,-28.87959392],[-53.64459537,-28.87928385],[-53.64460623,-28.87894941],[-53.64457376,-28.87884568],[-53.6446136,-28.87878592],[-53.64451112,-28.87855826],[-53.64446513,-28.87842194],[-53.64444066,-28.8781524],[-53.64448394,-28.87801024],[-53.6445122,-28.87788832],[-53.64439213,-28.87776872],[-53.64417633,-28.87774756],[-53.64404592,-28.87769299],[-53.64401519,-28.87732352],[-53.64396383,-28.87710267],[-53.64402642,-28.87700645],[-53.6439315,-28.87696553],[-53.64391429,-28.87676068],[-53.64420008,-28.87677012],[-53.64413961,-28.87664825],[-53.64419094,-28.87652999],[-53.64385418,-28.87638889],[-53.64376379,-28.87624125],[-53.64362053,-28.8759293],[-53.64363391,-28.87584521],[-53.64351534,-28.8756843],[-53.64366468,-28.8755908],[-53.64340135,-28.87560755],[-53.64332414,-28.87537055],[-53.64336747,-28.87529051],[-53.64338891,-28.87514305],[-53.64320054,-28.87514878],[-53.64292119,-28.87507306],[-53.64292154,-28.87518304],[-53.64280748,-28.87529079],[-53.64271948,-28.87541192],[-53.6421489,-28.87522653],[-53.64209127,-28.87510179],[-53.64181973,-28.87512851],[-53.64175397,-28.87505255],[-53.64195145,-28.87483242],[-53.64193647,-28.87483211],[-53.64187537,-28.87474407],[-53.6416542,-28.87499615],[-53.64157331,-28.87491476],[-53.64159686,-28.87460253],[-53.64136181,-28.87456863],[-53.64128398,-28.87434558],[-53.64106841,-28.87421348],[-53.64093163,-28.87424115],[-53.64095838,-28.87440844],[-53.64114734,-28.87442142],[-53.64096683,-28.87458353],[-53.64070146,-28.87449885],[-53.64060268,-28.87458728],[-53.64052247,-28.87462372],[-53.64055807,-28.87473128],[-53.64048158,-28.87483076],[-53.6402025,-28.87483428],[-53.63998726,-28.87481006],[-53.63988221,-28.87482309],[-53.63982909,-28.87467992],[-53.63975265,-28.87462676],[-53.63954902,-28.87463561],[-53.63952321,-28.87478405],[-53.63938417,-28.87480725],[-53.63923124,-28.87465145],[-53.63932274,-28.8744476],[-53.63936273,-28.87435962],[-53.63953616,-28.87415947],[-53.63974612,-28.87416878],[-53.63971369,-28.8739863],[-53.63949584,-28.87402984],[-53.63940796,-28.8740154],[-53.63933774,-28.87387872],[-53.63949465,-28.87376848],[-53.63966665,-28.87376829],[-53.63982403,-28.87364635],[-53.63999826,-28.8737333],[-53.63999087,-28.87366765],[-53.64003311,-28.87347662],[-53.6398718,-28.87342679],[-53.63972532,-28.87337998],[-53.63983749,-28.87310177],[-53.64002032,-28.873155],[-53.64018212,-28.87302331],[-53.64021981,-28.8728098],[-53.64027039,-28.87278216],[-53.6401418,-28.87274892],[-53.64002992,-28.87261315],[-53.64004519,-28.87254932],[-53.63999492,-28.8724424],[-53.64024528,-28.87236266],[-53.6402135,-28.87214144],[-53.64020123,-28.87210705],[-53.64025652,-28.8719259],[-53.64016863,-28.87193844],[-53.63998891,-28.8717258],[-53.63986041,-28.87181484],[-53.63970911,-28.87177018],[-53.6396705,-28.87167117],[-53.63944009,-28.87166695],[-53.63922812,-28.87161399],[-53.6392522,-28.8714874],[-53.63916952,-28.87135281],[-53.63931895,-28.87128306],[-53.63927206,-28.87118075],[-53.63903477,-28.87107308],[-53.63903725,-28.8711679],[-53.63880795,-28.87123034],[-53.63867938,-28.87105937],[-53.6384411,-28.87103134],[-53.63817863,-28.87108266],[-53.63787833,-28.87099232],[-53.63768202,-28.87097874],[-53.63725071,-28.87095209],[-53.63726463,-28.87078225],[-53.63696488,-28.87072326],[-53.63662784,-28.87067349],[-53.63653511,-28.87066533],[-53.63653229,-28.8706046],[-53.63643677,-28.8706007],[-53.63625523,-28.8707717],[-53.63612701,-28.87076933],[-53.6361206,-28.87087699],[-53.63584158,-28.87082224],[-53.63585905,-28.87068856],[-53.6357701,-28.87077459],[-53.63569044,-28.87059893],[-53.63578015,-28.87051125],[-53.63567501,-28.87040372],[-53.63557013,-28.8703956],[-53.63536492,-28.87017706],[-53.63531723,-28.87026247],[-53.6354034,-28.87047552],[-53.6352235,-28.87058276],[-53.63506309,-28.87062409],[-53.6349479,-28.87056731],[-53.63493187,-28.87043583],[-53.63481405,-28.87033824],[-53.6349059,-28.87019724],[-53.63446199,-28.87041973],[-53.63432208,-28.87030464],[-53.63435295,-28.87010633],[-53.63461526,-28.87002563],[-53.63455099,-28.86990494],[-53.63438509,-28.86984754],[-53.63429505,-28.86982608],[-53.6343132,-28.86997916],[-53.63414184,-28.87006202],[-53.63402415,-28.87005115],[-53.63401024,-28.86984003],[-53.63391817,-28.86974239],[-53.63397716,-28.86960113],[-53.63396367,-28.86952044],[-53.63377303,-28.86949823]]]]},"geometry_name":"geo_area_imovel","properties":{"cod_imovel":"RS-4306106-0B35653344D64BE09C556034E64CC208","status_imovel":"AT","dat_criacao":"2023-08-11T08:07:45.372Z","area":109.4932,"condicao":"Aguardando análise","uf":"RS","municipio":"Cruz Alta","cod_municipio_ibge":4306106,"m_fiscal":5.4747,"tipo_imovel":"IRU"}},{"type":"Feature","id":"sicar_imoveis_rs.10140136","geometry":{"type":"MultiPolygon","coordinates":[[[[-53.36699009,-28.66287623],[-53.36636782,-28.6628574],[-53.36647511,-28.66072979],[-53.36668968,-28.65711464],[-53.36686134,-28.65466682],[-53.36696863,-28.6513904],[-53.36739779,-28.65122093],[-53.36683989,-28.65978836],[-53.36720467,-28.65978836],[-53.36716175,-28.66016493],[-53.36699009,-28.66287623]]]]},"geometry_name":"geo_area_imovel","properties":{"cod_imovel":"RS-4306106-0B6F9D459F9B4EDCAEEC8744F3A57BAE","status_imovel":"AT","dat_criacao":"2022-02-22T05:30:06.816Z","area":5.243,"condicao":"Aguardando análise","uf":"RS","municipio":"Cruz Alta","cod_municipio_ibge":4306106,"m_fiscal":0.2622,"tipo_imovel":"IRU"}},{"type":"Feature","id":"sicar_imoveis_rs.15898570","geometry":{"type":"MultiPolygon","coordinates":[[[[-53.30075699,-28.63880309],[-53.30001914,-28.63906257],[-53.29996752,-28.63906363],[-53.29968834,-28.63912557],[-53.29939337,-28.6390778],[-53.29938061,-28.63921507],[-53.29933277,-28.63936141],[-53.29921141,-28.63940065],[-53.29925366,-28.63950396],[-53.29909779,-28.63957869],[-53.29910052,-28.63971335],[-53.29903061,-28.6397998],[-53.29889505,-28.63976926],[-53.29880391,-28.63995613],[-53.29883779,-28.64011201],[-53.29893781,-28.6402387],[-53.29892534,-28.64031867],[-53.2988322,-28.64038557],[-53.29874283,-28.64042426],[-53.2987083,-28.64066503],[-53.29845753,-28.64066973],[-53.29881351,-28.64109975],[-53.29924661,-28.64142217],[-53.29953849,-28.641637],[-53.29979255,-28.64202192],[-53.30024736,-28.64235939],[-53.30050611,-28.64269659],[-53.3008536,-28.64330367],[-53.3011608,-28.64361577],[-53.30110783,-28.64385983],[-53.30093936,-28.64416801],[-53.30106859,-28.64431586],[-53.30119583,-28.64446149],[-53.30127833,-28.64448309],[-53.30503389,-28.64225121],[-53.30472879,-28.64075389],[-53.3044619,-28.63952118],[-53.30424474,-28.63853673],[-53.30410209,-28.63780319],[-53.30274801,-28.63784842],[-53.30222221,-28.63823576],[-53.30075699,-28.63880309]]]]},"geometry_name":"geo_area_imovel","properties":{"cod_imovel":"RS-4306106-0B7488162D944AAC8E1771A114ACD191","status_imovel":"AT","dat_criacao":"2026-06-09T20:21:54.449Z","area":28.4411,"condicao":"Aguardando análise","uf":"RS","municipio":"Cruz Alta","cod_municipio_ibge":4306106,"m_fiscal":1.4221,"tipo_imovel":"IRU"}},{"type":"Feature","id":"sicar_imoveis_rs.14747740","geometry":{"type":"MultiPolygon","coordinates":[[[[-53.37709496,-28.69918896],[-53.37660822,-28.69966228],[-53.37622085,-28.69992383],[-53.37025415,-28.69759934],[-53.37014074,-28.69740753],[-53.36987187,-28.69738582],[-53.36956958,-28.69749399],[-53.36931895,-28.69741739],[-53.36909281,-28.69723288],[-53.36924594,-28.69656256],[-53.36933439,-28.6963614],[-53.36933278,-28.69618104],[-53.36859475,-28.69610695],[-53.36832666,-28.69544763],[-53.36821173,-28.69421604],[-53.36827336,-28.69378605],[-53.37822304,-28.69448544],[-53.37819778,-28.6957434],[-53.37815989,-28.6975823],[-53.37809593,-28.69778497],[-53.37709496,-28.69918896]]]]},"geometry_name":"geo_area_imovel","properties":{"cod_imovel":"RS-4306106-0B8677BDEB834E42B41B8110373016E8","status_imovel":"AT","dat_criacao":"2025-09-19T17:12:33.061Z","area":45.8006,"condicao":"Aguardando análise","uf":"RS","municipio":"Cruz Alta","cod_municipio_ibge":4306106,"m_fiscal":2.29,"tipo_imovel":"IRU"}},{"type":"Feature","id":"sicar_imoveis_rs.7254462","geometry":{"type":"MultiPolygon","coordinates":[[[[-53.65918728,-28.76006033],[-53.65873728,-28.7594832],[-53.65564297,-28.76619317],[-53.65586767,-28.76646946],[-53.65516319,-28.76758512],[-53.65476017,-28.76844453],[-53.65451604,-28.76844933],[-53.65408936,-28.76858404],[-53.65377801,-28.76866034],[-53.65357776,-28.76872042],[-53.65325466,-28.76878402],[-53.65322723,-28.76887178],[-53.65326014,-28.76894857],[-53.65328757,-28.76904731],[-53.65323272,-28.7690857],[-53.6531285,-28.76915153],[-53.65313398,-28.76920638],[-53.65316689,-28.76927769],[-53.65318335,-28.76932157],[-53.65321626,-28.7694203],[-53.65320529,-28.76947515],[-53.65315044,-28.76959034],[-53.65304622,-28.7696452],[-53.6530901,-28.76972199],[-53.65303551,-28.77000103],[-53.65384624,-28.76999618],[-53.65430572,-28.76996497],[-53.65458894,-28.76993129],[-53.65475562,-28.76991058],[-53.65520121,-28.76968638],[-53.65535551,-28.76946077],[-53.65555523,-28.76918279],[-53.65568375,-28.76900442],[-53.65586019,-28.76873046],[-53.6559884,-28.76853943],[-53.6561487,-28.76833826],[-53.65631334,-28.76809502],[-53.65660969,-28.76765752],[-53.65688923,-28.76726628],[-53.65712515,-28.76692738],[-53.65733487,-28.7666191],[-53.65762419,-28.76618807],[-53.6580566,-28.7655867],[-53.65821068,-28.76535277],[-53.65840685,-28.76507763],[-53.65855589,-28.76485767],[-53.65867368,-28.76468189],[-53.65891829,-28.76433173],[-53.65913498,-28.7640146],[-53.65946331,-28.76356339],[-53.65966608,-28.76326474],[-53.66002326,-28.76274603],[-53.66024895,-28.76242951],[-53.66065899,-28.76186857],[-53.66028689,-28.7615475],[-53.6600629,-28.76129927],[-53.6596873,-28.76072536],[-53.65956557,-28.76053126],[-53.65918728,-28.76006033]]]]},"geometry_name":"geo_area_imovel","properties":{"cod_imovel":"RS-4306106-0BEE5D8274334340AECCFA6CD9DD7F4A","status_imovel":"AT","dat_criacao":"2019-08-11T01:52:01.886Z","area":22.7402,"condicao":"Aguardando análise","uf":"RS","municipio":"Cruz Alta","cod_municipio_ibge":4306106,"m_fiscal":1.137,"tipo_imovel":"IRU"}},{"type":"Feature","id":"sicar_imoveis_rs.2490328","geometry":{"type":"MultiPolygon","coordinates":[[[[-53.32630634,-28.72386179],[-53.32295895,-28.7239747],[-53.32306623,-28.72154725],[-53.32662238,-28.71829368],[-53.32675695,-28.71849875],[-53.32682133,-28.71861166],[-53.32682133,-28.71870575],[-53.32682133,-28.71879984],[-53.3268857,-28.7189692],[-53.32697153,-28.71913856],[-53.32701445,-28.71923266],[-53.32707882,-28.71930793],[-53.32714319,-28.71949611],[-53.32722902,-28.7199101],[-53.32755089,-28.72026764],[-53.32787275,-28.72073809],[-53.32804441,-28.720851],[-53.32819462,-28.72124617],[-53.32836628,-28.7218107],[-53.32894564,-28.72233759],[-53.32931042,-28.72273275],[-53.32956791,-28.72324082],[-53.32961082,-28.72371126],[-53.32630634,-28.72386179]]]]},"geometry_name":"geo_area_imovel","properties":{"cod_imovel":"RS-4306106-0BF20BB769454DD9A749C5DFD2675221","status_imovel":"AT","dat_criacao":"2016-04-14T07:48:24.010Z","area":24.3003,"condicao":"Aguardando análise","uf":"RS","municipio":"Cruz Alta","cod_municipio_ibge":4306106,"m_fiscal":1.215,"tipo_imovel":"IRU"}},{"type":"Feature","id":"sicar_imoveis_rs.1915068","geometry":{"type":"MultiPolygon","coordinates":[[[[-53.34825754,-28.65916701],[-53.34797859,-28.65911052],[-53.34778547,-28.65903521],[-53.34836483,-28.6570205],[-53.34892273,-28.65496809],[-53.35003237,-28.6507041],[-53.35055351,-28.65090082],[-53.35012436,-28.65280266],[-53.34963083,-28.65442203],[-53.34928751,-28.65609786],[-53.34857941,-28.65931764],[-53.34825754,-28.65916701]]]]},"geometry_name":"geo_area_imovel","properties":{"cod_imovel":"RS-4306106-0C63FA3D54F0456B8801A30040982FA9","status_imovel":"AT","dat_criacao":"2016-01-12T23:37:25.827Z","area":6.0238,"condicao":"Aguardando análise","uf":"RS","municipio":"Cruz Alta","cod_municipio_ibge":4306106,"m_fiscal":0.3012,"tipo_imovel":"IRU"}},{"type":"Feature","id":"sicar_imoveis_rs.3339054","geometry":{"type":"MultiPolygon","coordinates":[[[[-53.59520487,-28.80707549],[-53.59538858,-28.80767094],[-53.59757504,-28.81032463],[-53.59357341,-28.80934403],[-53.58969192,-28.80844004],[-53.58817047,-28.80802784],[-53.58839391,-28.80407573],[-53.58926585,-28.80422872],[-53.59134775,-28.80454272],[-53.5932365,-28.80481513],[-53.59471927,-28.80500851],[-53.59483719,-28.80516876],[-53.59520487,-28.80707549]]]]},"geometry_name":"geo_area_imovel","properties":{"cod_imovel":"RS-4306106-0CAED49596E2404D9C28D403B59BAAE0","status_imovel":"AT","dat_criacao":"2016-06-06T21:29:47.512Z","area":34.966,"condicao":"Aguardando análise","uf":"RS","municipio":"Cruz Alta","cod_municipio_ibge":4306106,"m_fiscal":1.7483,"tipo_imovel":"IRU"}},{"type":"Feature","id":"sicar_imoveis_rs.12515691","geometry":{"type":"MultiPolygon","coordinates":[[[[-53.29824933,-28.70525897],[-53.29689079,-28.70517324],[-53.29675793,-28.70506105],[-53.29658312,-28.70457855],[-53.29667994,-28.70239143],[-53.29842937,-28.70253986],[-53.29824933,-28.70525897]]]]},"geometry_name":"geo_area_imovel","properties":{"cod_imovel":"RS-4306106-0D150B440C4747E88F92B417C3B8483D","status_imovel":"AT","dat_criacao":"2024-01-31T07:27:03.579Z","area":5.0488,"condicao":"Aguardando análise","uf":"RS","municipio":"Cruz Alta","cod_municipio_ibge":4306106,"m_fiscal":0.2524,"tipo_imovel":"IRU"}},{"type":"Feature","id":"sicar_imoveis_rs.3272268","geometry":{"type":"MultiPolygon","coordinates":[[[[-53.68233713,-28.80014902],[-53.68306527,-28.80098187],[-53.68228154,-28.80144916],[-53.67963102,-28.79774766],[-53.6783137,-28.7959457],[-53.68015228,-28.79289463],[-53.68155618,-28.79397031],[-53.6827056,-28.79508469],[-53.68358156,-28.79651468],[-53.68376681,-28.79715178],[-53.68435522,-28.79739873],[-53.68464729,-28.798325],[-53.68233713,-28.80014902]]]]},"geometry_name":"geo_area_imovel","properties":{"cod_imovel":"RS-4306106-0DA7B1C864D04C01BDB1E918E7AB8109","status_imovel":"AT","dat_criacao":"2016-06-02T01:00:51.579Z","area":27.9665,"condicao":"Aguardando análise","uf":"RS","municipio":"Cruz Alta","cod_municipio_ibge":4306106,"m_fiscal":1.3983,"tipo_imovel":"IRU"}},{"type":"Feature","id":"sicar_imoveis_rs.15356972","geometry":{"type":"MultiPolygon","coordinates":[[[[-53.62447011,-28.92603769],[-53.61712089,-28.91835643],[-53.6169285,-28.91882696],[-53.61685948,-28.91888754],[-53.6237752,-28.92679309],[-53.62447011,-28.92603769]]]]},"geometry_name":"geo_area_imovel","properties":{"cod_imovel":"RS-4306106-0DC99E3D154D4626B9240823B8E8BC29","status_imovel":"AT","dat_criacao":"2026-03-09T19:10:11.979Z","area":8.9819,"condicao":"Aguardando análise","uf":"RS","municipio":"Cruz Alta","cod_municipio_ibge":4306106,"m_fiscal":0.4491,"tipo_imovel":"IRU"}},{"type":"Feature","id":"sicar_imoveis_rs.13968179","geometry":{"type":"MultiPolygon","coordinates":[[[[-53.52317282,-28.57836677],[-53.5222915,-28.57826982],[-53.52235819,-28.5764179],[-53.52153983,-28.57624207],[-53.52120585,-28.57643934],[-53.52070671,-28.57663867],[-53.51997691,-28.57683802],[-53.51944695,-28.57678257],[-53.51905903,-28.57662903],[-53.5188785,-28.57677121],[-53.51834833,-28.57632006],[-53.51789287,-28.57597124],[-53.517379,-28.57576675],[-53.51678555,-28.57570907],[-53.51643465,-28.57584491],[-53.51632842,-28.57569213],[-53.5159001,-28.5757282],[-53.51531703,-28.57557875],[-53.51510657,-28.57548775],[-53.51467664,-28.57510301],[-53.51440629,-28.57477631],[-53.51371454,-28.57396184],[-53.51300316,-28.57300173],[-53.51248736,-28.57222593],[-53.51208861,-28.57086599],[-53.51171382,-28.57056412],[-53.51135601,-28.57035626],[-53.51082192,-28.57017647],[-53.51102915,-28.56996465],[-53.51178457,-28.5703939],[-53.51243244,-28.57086294],[-53.51269041,-28.57217388],[-53.51338882,-28.57307264],[-53.51462026,-28.57457509],[-53.51506033,-28.57511803],[-53.51533042,-28.57531962],[-53.51565463,-28.57543279],[-53.51602548,-28.57546242],[-53.51666681,-28.57525861],[-53.51702025,-28.57520773],[-53.51699369,-28.57509364],[-53.52000773,-28.57532937],[-53.52164426,-28.57532498],[-53.52231907,-28.57538661],[-53.52255813,-28.57547221],[-53.52277972,-28.57559438],[-53.52295532,-28.57583105],[-53.523213,-28.5764628],[-53.52317282,-28.57836677]]]]},"geometry_name":"geo_area_imovel","properties":{"cod_imovel":"RS-4306106-0E1F34E267404485B811684CD24AD68C","status_imovel":"AT","dat_criacao":"2025-03-21T14:30:53.976Z","area":11.7503,"condicao":"Aguardando análise","uf":"RS","municipio":"Cruz Alta","cod_municipio_ibge":4306106,"m_fiscal":0.5875,"tipo_imovel":"IRU"}},{"type":"Feature","id":"sicar_imoveis_rs.13869729","geometry":{"type":"MultiPolygon","coordinates":[[[[-53.39690451,-28.67686072],[-53.39675001,-28.67708694],[-53.39655323,-28.67726783],[-53.39598535,-28.67763701],[-53.39534488,-28.67800941],[-53.3948743,-28.6782118],[-53.3941644,-28.6764747],[-53.39385824,-28.67558678],[-53.3938395,-28.67540554],[-53.39387172,-28.67526919],[-53.3939626,-28.6751743],[-53.39417444,-28.6751298],[-53.39436739,-28.67511088],[-53.3945706,-28.67510141],[-53.39467572,-28.67504377],[-53.39478279,-28.67493408],[-53.39488928,-28.67483186],[-53.39496148,-28.67473364],[-53.39501799,-28.67467021],[-53.39507011,-28.67457021],[-53.3951404,-28.67446311],[-53.39520196,-28.67437199],[-53.39531426,-28.67435759],[-53.39537645,-28.67427864],[-53.39542337,-28.67418215],[-53.39548729,-28.67406478],[-53.39556055,-28.67397729],[-53.39563994,-28.6738606],[-53.39573029,-28.67369024],[-53.39579508,-28.67354862],[-53.3958613,-28.67337399],[-53.39590601,-28.67329742],[-53.39599424,-28.67313717],[-53.39607676,-28.67302744],[-53.39613301,-28.67292902],[-53.39618464,-28.67279936],[-53.39618918,-28.67260393],[-53.39621508,-28.6724804],[-53.39623441,-28.67237397],[-53.39627123,-28.67207349],[-53.39627336,-28.67206176],[-53.39629747,-28.67192956],[-53.3963007,-28.67191189],[-53.39630285,-28.6719001],[-53.39631489,-28.67177763],[-53.39632129,-28.6716479],[-53.39632176,-28.67155054],[-53.39630961,-28.67148503],[-53.39628846,-28.67141229],[-53.39598363,-28.67079887],[-53.39616965,-28.67072601],[-53.3963711,-28.67067077],[-53.39655438,-28.67062313],[-53.39677228,-28.67056895],[-53.39697489,-28.670501],[-53.39723062,-28.67044925],[-53.39740842,-28.67052413],[-53.39760556,-28.67063797],[-53.39775832,-28.67074595],[-53.39794742,-28.67091167],[-53.39808326,-28.6710128],[-53.39819077,-28.67108465],[-53.39826801,-28.67111888],[-53.39690451,-28.67686072]]]]},"geometry_name":"geo_area_imovel","properties":{"cod_imovel":"RS-4306106-0E327113079440B7A9370D53DF49F3B0","status_imovel":"AT","dat_criacao":"2025-02-25T18:07:48.303Z","area":17.6186,"condicao":"Aguardando análise","uf":"RS","municipio":"Cruz Alta","cod_municipio_ibge":4306106,"m_fiscal":0.8809,"tipo_imovel":"IRU"}},{"type":"Feature","id":"sicar_imoveis_rs.3272504","geometry":{"type":"MultiPolygon","coordinates":[[[[-53.68122147,-28.79369162],[-53.68631014,-28.7909473],[-53.68824092,-28.79309383],[-53.68359632,-28.79651611],[-53.68272869,-28.79512301],[-53.68156591,-28.7939688],[-53.68122147,-28.79369162]]]]},"geometry_name":"geo_area_imovel","properties":{"cod_imovel":"RS-4306106-0E642863757A40ED929C5013829377A8","status_imovel":"AT","dat_criacao":"2016-06-02T01:09:50.434Z","area":19.7844,"condicao":"Aguardando análise","uf":"RS","municipio":"Cruz Alta","cod_municipio_ibge":4306106,"m_fiscal":0.9892,"tipo_imovel":"IRU"}},{"type":"Feature","id":"sicar_imoveis_rs.7825656","geometry":{"type":"MultiPolygon","coordinates":[[[[-53.68750471,-28.82054973],[-53.68732423,-28.82044609],[-53.68673679,-28.82020976],[-53.68591033,-28.81992498],[-53.68412212,-28.81919483],[-53.68376577,-28.81891169],[-53.68327913,-28.81873285],[-53.68309568,-28.81870782],[-53.68288905,-28.81864508],[-53.68272454,-28.81857175],[-53.682375,-28.81850111],[-53.68163102,-28.81851443],[-53.68130802,-28.81754451],[-53.68192708,-28.81737407],[-53.68263958,-28.81711139],[-53.68385219,-28.81673792],[-53.68623186,-28.81592427],[-53.69059563,-28.81727106],[-53.68750471,-28.82054973]]]]},"geometry_name":"geo_area_imovel","properties":{"cod_imovel":"RS-4306106-0E673155ABAB44C795AFBB8D7659452C","status_imovel":"AT","dat_criacao":"2019-12-18T01:32:41.765Z","area":25.0362,"condicao":"Aguardando análise","uf":"RS","municipio":"Cruz Alta","cod_municipio_ibge":4306106,"m_fiscal":1.2518,"tipo_imovel":"IRU"}},{"type":"Feature","id":"sicar_imoveis_rs.10433104","geometry":{"type":"MultiPolygon","coordinates":[[[[-53.63006115,-28.93519065],[-53.62725019,-28.93201694],[-53.62439632,-28.93626105],[-53.62550139,-28.93742533],[-53.62609148,-28.93821403],[-53.62777591,-28.93868349],[-53.62884879,-28.93686197],[-53.63006115,-28.93519065]]]]},"geometry_name":"geo_area_imovel","properties":{"cod_imovel":"RS-4306106-0E729DE09FDD40A7A8E18B1168D1C6E6","status_imovel":"AT","dat_criacao":"2022-06-06T23:39:41.586Z","area":21.75,"condicao":"Aguardando análise","uf":"RS","municipio":"Cruz Alta","cod_municipio_ibge":4306106,"m_fiscal":1.0875,"tipo_imovel":"IRU"}},{"type":"Feature","id":"sicar_imoveis_rs.3277458","geometry":{"type":"MultiPolygon","coordinates":[[[[-53.53927034,-28.61892237],[-53.54083774,-28.61930702],[-53.5436863,-28.62814444],[-53.5426726,-28.62821151],[-53.54169577,-28.62827964],[-53.53927034,-28.61892237]]]]},"geometry_name":"geo_area_imovel","properties":{"cod_imovel":"RS-4306106-0EA0C7E5B26B41D4AEEC3F70DFE300BE","status_imovel":"AT","dat_criacao":"2016-06-02T05:41:00.409Z","area":17.1941,"condicao":"Aguardando análise","uf":"RS","municipio":"Cruz Alta","cod_municipio_ibge":4306106,"m_fiscal":0.8597,"tipo_imovel":"IRU"}},{"type":"Feature","id":"sicar_imoveis_rs.11494163","geometry":{"type":"MultiPolygon","coordinates":[[[[-53.62476179,-28.92571387],[-53.61688339,-28.91850206],[-53.61695536,-28.91831556],[-53.61691737,-28.91814912],[-53.61706531,-28.91792547],[-53.62531549,-28.92511938],[-53.62476179,-28.92571387]]]]},"geometry_name":"geo_area_imovel","properties":{"cod_imovel":"RS-4306106-0EAEB1E748014435B37BCBC3B776ADE7","status_imovel":"AT","dat_criacao":"2023-04-17T19:27:28.572Z","area":7.9869,"condicao":"Aguardando análise","uf":"RS","municipio":"Cruz Alta","cod_municipio_ibge":4306106,"m_fiscal":0.3993,"tipo_imovel":"IRU"}},{"type":"Feature","id":"sicar_imoveis_rs.2455617","geometry":{"type":"MultiPolygon","coordinates":[[[[-53.38070154,-28.68919473],[-53.38134527,-28.68810296],[-53.38331938,-28.68712413],[-53.38688135,-28.69100176],[-53.38685989,-28.69166057],[-53.38677406,-28.69207468],[-53.38664532,-28.69248878],[-53.3866024,-28.69295935],[-53.38070154,-28.68919473]]]]},"geometry_name":"geo_area_imovel","properties":{"cod_imovel":"RS-4306106-0EDED2277D0541B9A509F059B476356A","status_imovel":"AT","dat_criacao":"2016-04-12T04:58:36.189Z","area":17.2027,"condicao":"Aguardando análise","uf":"RS","municipio":"Cruz Alta","cod_municipio_ibge":4306106,"m_fiscal":0.8601,"tipo_imovel":"IRU"}},{"type":"Feature","id":"sicar_imoveis_rs.12546975","geometry":{"type":"MultiPolygon","coordinates":[[[[-53.66769753,-28.84020907],[-53.66881816,-28.85273045],[-53.67056631,-28.85156546],[-53.67141099,-28.84836986],[-53.67155746,-28.84812576],[-53.67166375,-28.84785884],[-53.67173517,-28.8476048],[-53.67204796,-28.84736866],[-53.67224316,-28.84723758],[-53.67243329,-28.84692316],[-53.67258862,-28.84672209],[-53.67355311,-28.84546624],[-53.67381971,-28.84475411],[-53.67311569,-28.84451181],[-53.67258716,-28.84433193],[-53.67166296,-28.84414255],[-53.67111945,-28.84405755],[-53.67062389,-28.84404945],[-53.67026175,-28.84390212],[-53.67004467,-28.84331495],[-53.66985268,-28.84272085],[-53.669435,-28.84228806],[-53.66905591,-28.84195925],[-53.66872058,-28.84124955],[-53.66821154,-28.84055765],[-53.66777861,-28.84023924],[-53.66769753,-28.84020907]]]]},"geometry_name":"geo_area_imovel","properties":{"cod_imovel":"RS-4306106-0EEB584DD68A4C3193B7F5B0AF1E4800","status_imovel":"AT","dat_criacao":"2024-02-08T08:21:11.070Z","area":36.0851,"condicao":"Aguardando análise","uf":"RS","municipio":"Cruz Alta","cod_municipio_ibge":4306106,"m_fiscal":1.8043,"tipo_imovel":"IRU"}},{"type":"Feature","id":"sicar_imoveis_rs.2675281","geometry":{"type":"MultiPolygon","coordinates":[[[[-53.60862871,-28.80158815],[-53.61257322,-28.79675278],[-53.61267445,-28.79629448],[-53.61842108,-28.79397293],[-53.62151539,-28.79343523],[-53.62285059,-28.79840223],[-53.62050119,-28.79763335],[-53.61835455,-28.79662314],[-53.61809964,-28.79650882],[-53.61798514,-28.79675099],[-53.617614,-28.79702171],[-53.61721108,-28.79768875],[-53.6168198,-28.79815875],[-53.61635664,-28.79877083],[-53.61609328,-28.79922869],[-53.61582977,-28.79952141],[-53.61555548,-28.79979019],[-53.61531327,-28.7999848],[-53.61507147,-28.80026337],[-53.61485381,-28.80058013],[-53.61467986,-28.80081412],[-53.61448845,-28.80114976],[-53.61415903,-28.80156813],[-53.61391629,-28.80175969],[-53.61372976,-28.80201895],[-53.61368047,-28.80225103],[-53.61367281,-28.80264004],[-53.61358003,-28.80276433],[-53.61343311,-28.80298869],[-53.61319258,-28.80316172],[-53.61318198,-28.80326658],[-53.61320532,-28.80341229],[-53.61317617,-28.80376563],[-53.61318833,-28.80395639],[-53.61311025,-28.80416165],[-53.61309595,-28.80444218],[-53.61309793,-28.80471291],[-53.61314313,-28.80498626],[-53.61316338,-28.8052063],[-53.61180148,-28.80480935],[-53.61109312,-28.80456677],[-53.61054445,-28.80439681],[-53.61004013,-28.80381651],[-53.60959156,-28.80308848],[-53.60906786,-28.80226406],[-53.60873938,-28.80174045],[-53.60862871,-28.80158815]]]]},"geometry_name":"geo_area_imovel","properties":{"cod_imovel":"RS-4306106-0EFC42206D264752AA9D896C0C8D7022","status_imovel":"AT","dat_criacao":"2016-04-26T02:00:14.926Z","area":66.9643,"condicao":"Aguardando análise","uf":"RS","municipio":"Cruz Alta","cod_municipio_ibge":4306106,"m_fiscal":3.3482,"tipo_imovel":"IRU"}},{"type":"Feature","id":"sicar_imoveis_rs.11709562","geometry":{"type":"MultiPolygon","coordinates":[[[[-53.64593983,-28.56597932],[-53.64445925,-28.56746811],[-53.64381552,-28.56820307],[-53.64212036,-28.57282003],[-53.64145517,-28.57464792],[-53.63778591,-28.57136901],[-53.63834381,-28.57097327],[-53.64051104,-28.56831614],[-53.64160538,-28.5690511],[-53.64308596,-28.56739272],[-53.64422321,-28.56607354],[-53.64593983,-28.56597932]]]]},"geometry_name":"geo_area_imovel","properties":{"cod_imovel":"RS-4306106-0F71DB184318421E8168C3DE2DD98526","status_imovel":"AT","dat_criacao":"2023-06-23T17:38:55.682Z","area":24.822,"condicao":"Aguardando análise","uf":"RS","municipio":"Cruz Alta","cod_municipio_ibge":4306106,"m_fiscal":1.2411,"tipo_imovel":"IRU"}},{"type":"Feature","id":"sicar_imoveis_rs.12031370","geometry":{"type":"MultiPolygon","coordinates":[[[[-53.46873989,-28.55470348],[-53.4686587,-28.55532093],[-53.46822426,-28.55529037],[-53.4681778,-28.55531546],[-53.46753881,-28.55528266],[-53.46743367,-28.55635598],[-53.46586205,-28.55620913],[-53.46596662,-28.55513472],[-53.46709172,-28.55521337],[-53.46748445,-28.55492849],[-53.46753312,-28.55456536],[-53.46873989,-28.55470348]]]]},"geometry_name":"geo_area_imovel","properties":{"cod_imovel":"RS-4306106-0F7374B59D2C4A8BB68D37F51CD1983B","status_imovel":"AT","dat_criacao":"2023-09-07T06:52:53.418Z","area":2.8218,"condicao":"Aguardando análise","uf":"RS","municipio":"Cruz Alta","cod_municipio_ibge":4306106,"m_fiscal":0.1411,"tipo_imovel":"IRU"}},{"type":"Feature","id":"sicar_imoveis_rs.3298221","geometry":{"type":"MultiPolygon","coordinates":[[[[-53.5979219,-28.72735966],[-53.5972688,-28.72733953],[-53.59655842,-28.72719882],[-53.59574491,-28.727038],[-53.59571062,-28.7261739],[-53.59522938,-28.72617386],[-53.59517221,-28.7248576],[-53.59487429,-28.72503843],[-53.59453056,-28.72491783],[-53.59427851,-28.72471685],[-53.59401501,-28.7243551],[-53.59371712,-28.72411392],[-53.59068632,-28.73007129],[-53.59094381,-28.73012774],[-53.59072924,-28.73012774],[-53.59113693,-28.73018419],[-53.59126428,-28.7303239],[-53.59095476,-28.7311478],[-53.59062195,-28.73167065],[-53.59740257,-28.73223512],[-53.5979219,-28.72735966]]]]},"geometry_name":"geo_area_imovel","properties":{"cod_imovel":"RS-4306106-0F89AAB9ECA74C2D8DB2BDF566346DBF","status_imovel":"AT","dat_criacao":"2016-06-03T02:36:18.668Z","area":40.3847,"condicao":"Aguardando análise","uf":"RS","municipio":"Cruz Alta","cod_municipio_ibge":4306106,"m_fiscal":2.0192,"tipo_imovel":"IRU"}},{"type":"Feature","id":"sicar_imoveis_rs.8658852","geometry":{"type":"MultiPolygon","coordinates":[[[[-53.68763595,-28.62090692],[-53.68443066,-28.6204697],[-53.68564877,-28.61788381],[-53.68559687,-28.61780134],[-53.68541289,-28.61793546],[-53.68529311,-28.61784244],[-53.68501958,-28.61770162],[-53.68475042,-28.61730833],[-53.68472908,-28.61708729],[-53.68458037,-28.61689524],[-53.68463179,-28.61663685],[-53.68446236,-28.61661306],[-53.68437006,-28.61653203],[-53.68425893,-28.61636185],[-53.68390835,-28.61630957],[-53.68336088,-28.61618164],[-53.68300907,-28.61591693],[-53.68278593,-28.61559464],[-53.68262211,-28.61529953],[-53.68286974,-28.61508725],[-53.68263543,-28.61437764],[-53.68269818,-28.61422128],[-53.68229099,-28.61411089],[-53.68207404,-28.6143062],[-53.68180102,-28.61451637],[-53.68141824,-28.61449131],[-53.68124001,-28.61489937],[-53.68084446,-28.61525495],[-53.68089147,-28.61577089],[-53.68129578,-28.61591794],[-53.68142491,-28.61607441],[-53.68122625,-28.61644901],[-53.68100946,-28.61643791],[-53.68088926,-28.61683144],[-53.68085275,-28.61726095],[-53.6805941,-28.6176463],[-53.6801287,-28.61791768],[-53.68011016,-28.61815338],[-53.67998135,-28.6183635],[-53.68026781,-28.61838787],[-53.68034844,-28.61852193],[-53.68171151,-28.61905471],[-53.68455291,-28.61949144],[-53.68404401,-28.62064709],[-53.68717156,-28.62161062],[-53.68763595,-28.62090692]]]]},"geometry_name":"geo_area_imovel","properties":{"cod_imovel":"RS-4306106-0FA011170D71420FA2D6F7AE1AE0E409","status_imovel":"AT","dat_criacao":"2020-10-16T01:44:56.865Z","area":19.5908,"condicao":"Aguardando análise","uf":"RS","municipio":"Cruz Alta","cod_municipio_ibge":4306106,"m_fiscal":0.9795,"tipo_imovel":"IRU"}},{"type":"Feature","id":"sicar_imoveis_rs.1817625","geometry":{"type":"MultiPolygon","coordinates":[[[[-53.54076784,-28.70219209],[-53.54223641,-28.70220932],[-53.54335954,-28.70220773],[-53.54503812,-28.70221261],[-53.54571104,-28.70223857],[-53.54656935,-28.70225739],[-53.54804993,-28.70225739],[-53.54969719,-28.70222363],[-53.55023861,-28.70223857],[-53.55080923,-28.70226109],[-53.55180641,-28.70227139],[-53.55325149,-28.70226349],[-53.55401003,-28.70226688],[-53.55537293,-28.70227427],[-53.55660484,-28.7022659],[-53.55751986,-28.70227557],[-53.55776536,-28.70228663],[-53.55778951,-28.70235802],[-53.55777432,-28.70243309],[-53.55775684,-28.7025251],[-53.5577614,-28.7025989],[-53.55772023,-28.70270124],[-53.55767212,-28.70278564],[-53.55758798,-28.70286054],[-53.55749182,-28.70292225],[-53.55739039,-28.70294637],[-53.55699277,-28.70287596],[-53.55652651,-28.70287122],[-53.55293609,-28.70283844],[-53.55160975,-28.7028439],[-53.54971479,-28.70284627],[-53.548522,-28.70287849],[-53.54736328,-28.70285967],[-53.54695559,-28.70287849],[-53.54656079,-28.70287449],[-53.54563212,-28.7028545],[-53.54476832,-28.70283634],[-53.54335418,-28.70280655],[-53.54146365,-28.70281363],[-53.53954918,-28.70280865],[-53.53893042,-28.70289731],[-53.53916645,-28.70257735],[-53.53940248,-28.70223857],[-53.54076784,-28.70219209]]]]},"geometry_name":"geo_area_imovel","properties":{"cod_imovel":"RS-4306106-102B875E453E43AC850BDF7444211960","status_imovel":"AT","dat_criacao":"2015-12-16T07:19:46.730Z","area":12.1257,"condicao":"Aguardando análise","uf":"RS","municipio":"Cruz Alta","cod_municipio_ibge":4306106,"m_fiscal":0.6063,"tipo_imovel":"IRU"}},{"type":"Feature","id":"sicar_imoveis_rs.3144548","geometry":{"type":"MultiPolygon","coordinates":[[[[-53.33694046,-28.63592337],[-53.33640759,-28.63612478],[-53.33623667,-28.63619322],[-53.33616442,-28.63618041],[-53.33622095,-28.63491831],[-53.33627383,-28.63363767],[-53.33630351,-28.63167061],[-53.33630033,-28.63135074],[-53.33631251,-28.63121107],[-53.33634965,-28.63102877],[-53.33636323,-28.63084051],[-53.33638282,-28.6303495],[-53.33638964,-28.63024383],[-53.33639828,-28.62997424],[-53.33641582,-28.62959546],[-53.33643463,-28.62925593],[-53.33642427,-28.62885434],[-53.33646519,-28.62802212],[-53.33643695,-28.62724436],[-53.33651174,-28.62651844],[-53.33651907,-28.62625534],[-53.33649859,-28.62557591],[-53.33651223,-28.62497206],[-53.33657886,-28.62436196],[-53.33660247,-28.62410274],[-53.33659666,-28.62377542],[-53.336626,-28.62287375],[-53.3367261,-28.62087027],[-53.33673856,-28.62046621],[-53.33673606,-28.61985414],[-53.33675953,-28.6188496],[-53.33678023,-28.61832893],[-53.3369705,-28.61487402],[-53.33701422,-28.61489806],[-53.33702885,-28.61490963],[-53.33703967,-28.61491382],[-53.33711182,-28.61495699],[-53.337183,-28.61497864],[-53.33720425,-28.61497982],[-53.33726797,-28.61498339],[-53.33727505,-28.61498379],[-53.33728922,-28.61498458],[-53.33737778,-28.61498601],[-53.3373884,-28.6149866],[-53.33748078,-28.61498117],[-53.33759103,-28.61498026],[-53.33766017,-28.61496239],[-53.33768117,-28.61497526],[-53.33769279,-28.61498289],[-53.33772514,-28.61500093],[-53.33773437,-28.61500837],[-53.33777782,-28.61502688],[-53.33778921,-28.61503437],[-53.33779375,-28.6150369],[-53.33782302,-28.61507025],[-53.3378297,-28.61507961],[-53.33786737,-28.61511731],[-53.33787404,-28.6151199],[-53.33793001,-28.61512303],[-53.33802346,-28.61513926],[-53.33803674,-28.6151422],[-53.33808707,-28.61516032],[-53.33809152,-28.61516057],[-53.33814802,-28.61515281],[-53.33815953,-28.61514906],[-53.33821696,-28.61515885],[-53.33822344,-28.6151614],[-53.33827845,-28.61517103],[-53.33834037,-28.61519619],[-53.33837282,-28.61522343],[-53.33847181,-28.61526931],[-53.33858894,-28.61533739],[-53.3387044,-28.6154079],[-53.3387152,-28.61541555],[-53.33878191,-28.61550285],[-53.33878551,-28.61550649],[-53.33883116,-28.61560409],[-53.33891502,-28.61569158],[-53.33906334,-28.61581899],[-53.33917778,-28.61589746],[-53.33930611,-28.61596001],[-53.33930927,-28.61596324],[-53.33942656,-28.61600619],[-53.33958905,-28.61601528],[-53.33974391,-28.61599972],[-53.33974711,-28.6159999],[-53.33986718,-28.61598833],[-53.33994257,-28.61597724],[-53.34003724,-28.61597024],[-53.34013886,-28.61600963],[-53.34016615,-28.61604825],[-53.33694046,-28.63592337]]]]},"geometry_name":"geo_area_imovel","properties":{"cod_imovel":"RS-4306106-1092F698CBCE4A778C5506CC96513FEA","status_imovel":"AT","dat_criacao":"2016-05-23T18:13:26.160Z","area":45.9417,"condicao":"Aguardando análise","uf":"RS","municipio":"Cruz Alta","cod_municipio_ibge":4306106,"m_fiscal":2.2971,"tipo_imovel":"IRU"}},{"type":"Feature","id":"sicar_imoveis_rs.2390891","geometry":{"type":"MultiPolygon","coordinates":[[[[-53.38291771,-28.75369762],[-53.37704992,-28.75279542],[-53.37571396,-28.7707997],[-53.38234673,-28.77255313],[-53.38386045,-28.77059],[-53.38332181,-28.76764351],[-53.38639737,-28.76626994],[-53.38174615,-28.76058875],[-53.38367766,-28.75831274],[-53.38291771,-28.75369762]]]]},"geometry_name":"geo_area_imovel","properties":{"cod_imovel":"RS-4306106-1095A4E7EDDA4CC6801A63A7B75A5B9A","status_imovel":"AT","dat_criacao":"2016-04-07T04:37:04.260Z","area":145.8737,"condicao":"Aguardando análise","uf":"RS","municipio":"Cruz Alta","cod_municipio_ibge":4306106,"m_fiscal":7.2937,"tipo_imovel":"IRU"}},{"type":"Feature","id":"sicar_imoveis_rs.16338200","geometry":{"type":"MultiPolygon","coordinates":[[[[-53.69456626,-28.81676015],[-53.69242565,-28.81769732],[-53.6885054,-28.82087105],[-53.68797781,-28.8213496],[-53.68706518,-28.82480632],[-53.68575397,-28.82602081],[-53.68555335,-28.8226633],[-53.67864929,-28.82154477],[-53.67916672,-28.81943575],[-53.67305952,-28.81770703],[-53.67347582,-28.81724843],[-53.67403475,-28.81664659],[-53.67508513,-28.816451],[-53.67606442,-28.81642755],[-53.67690262,-28.81601581],[-53.67755888,-28.81554441],[-53.67823125,-28.81528981],[-53.6787291,-28.81513696],[-53.67941397,-28.81480763],[-53.67992429,-28.81400151],[-53.68057886,-28.81371255],[-53.68138046,-28.81354787],[-53.68204605,-28.81363639],[-53.68250312,-28.81374351],[-53.68280695,-28.81379869],[-53.68308343,-28.81355993],[-53.68345386,-28.81306432],[-53.6836962,-28.8125292],[-53.68394061,-28.8122137],[-53.68450519,-28.812151],[-53.68483773,-28.81184653],[-53.68477008,-28.81087951],[-53.6852285,-28.8103296],[-53.68551773,-28.80974892],[-53.68854259,-28.80964142],[-53.69000217,-28.80988455],[-53.69114669,-28.81009527],[-53.69190927,-28.81072397],[-53.69156994,-28.81194873],[-53.69123171,-28.81261596],[-53.6909608,-28.81285205],[-53.69134217,-28.81316696],[-53.69179178,-28.81434458],[-53.69308539,-28.81446522],[-53.69456626,-28.81676015]]]]},"geometry_name":"geo_area_imovel","properties":{"cod_imovel":"RS-4306106-10CD93B14AC0416B97C64376C07A07BC","status_imovel":"AT","dat_criacao":"2026-09-15T19:53:38.393Z","area":164.5831,"condicao":"Aguardando análise","uf":"RS","municipio":"Cruz Alta","cod_municipio_ibge":4306106,"m_fiscal":8.2292,"tipo_imovel":"IRU"}},{"type":"Feature","id":"sicar_imoveis_rs.13011833","geometry":{"type":"MultiPolygon","coordinates":[[[[-53.35504857,-28.64721697],[-53.36392454,-28.64271327],[-53.36462396,-28.64410827],[-53.35603543,-28.64803097],[-53.35504857,-28.64721697]]]]},"geometry_name":"geo_area_imovel","properties":{"cod_imovel":"RS-4306106-10D43DE040304B4DB04055C74E90FE0A","status_imovel":"AT","dat_criacao":"2024-07-10T07:51:33.468Z","area":14.3073,"condicao":"Aguardando análise","uf":"RS","municipio":"Cruz Alta","cod_municipio_ibge":4306106,"m_fiscal":0.7154,"tipo_imovel":"IRU"}},{"type":"Feature","id":"sicar_imoveis_rs.7229908","geometry":{"type":"MultiPolygon","coordinates":[[[[-53.68038658,-28.79305536],[-53.67763064,-28.79108102],[-53.67502466,-28.78948344],[-53.67557757,-28.78864992],[-53.6718929,-28.78658283],[-53.67716563,-28.78390789],[-53.67905534,-28.7828656],[-53.67943768,-28.78336423],[-53.68031653,-28.78442507],[-53.68209955,-28.78646923],[-53.68332077,-28.78776107],[-53.68520526,-28.78981088],[-53.68038658,-28.79305536]]]]},"geometry_name":"geo_area_imovel","properties":{"cod_imovel":"RS-4306106-10E71A4C1CAF4FBDA255AD2C4A161B7F","status_imovel":"AT","dat_criacao":"2019-08-06T02:37:58.111Z","area":69.9334,"condicao":"Aguardando análise","uf":"RS","municipio":"Cruz Alta","cod_municipio_ibge":4306106,"m_fiscal":3.4967,"tipo_imovel":"IRU"}},{"type":"Feature","id":"sicar_imoveis_rs.3115634","geometry":{"type":"MultiPolygon","coordinates":[[[[-53.32407475,-28.74918671],[-53.3232379,-28.74644002],[-53.32250834,-28.74702323],[-53.32231522,-28.74834013],[-53.32190752,-28.7488857],[-53.32158566,-28.74929958],[-53.32141399,-28.75005208],[-53.32130671,-28.75069171],[-53.32188606,-28.75074815],[-53.32289457,-28.75025902],[-53.32334518,-28.74990158],[-53.3377862,-28.7465529],[-53.33750725,-28.74604494],[-53.32407475,-28.74918671]]]]},"geometry_name":"geo_area_imovel","properties":{"cod_imovel":"RS-4306106-10FE5F9C514847EE89016DD05B816DFB","status_imovel":"AT","dat_criacao":"2016-05-21T18:36:24.719Z","area":15.1133,"condicao":"Aguardando análise","uf":"RS","municipio":"Cruz Alta","cod_municipio_ibge":4306106,"m_fiscal":0.7557,"tipo_imovel":"IRU"}},{"type":"Feature","id":"sicar_imoveis_rs.1834540","geometry":{"type":"MultiPolygon","coordinates":[[[[-53.55833355,-28.72975753],[-53.55682852,-28.73169186],[-53.55617184,-28.73129619],[-53.55644018,-28.73098003],[-53.55590269,-28.73027405],[-53.55569414,-28.72981994],[-53.55527261,-28.72928955],[-53.55551525,-28.72898086],[-53.55522393,-28.72867673],[-53.55573781,-28.72830337],[-53.55833355,-28.72975753]]]]},"geometry_name":"geo_area_imovel","properties":{"cod_imovel":"RS-4306106-10FEAC89BE92426CAFDD75EAB0EA6B25","status_imovel":"AT","dat_criacao":"2015-12-16T23:07:34.681Z","area":5.5117,"condicao":"Aguardando análise","uf":"RS","municipio":"Cruz Alta","cod_municipio_ibge":4306106,"m_fiscal":0.2756,"tipo_imovel":"IRU"}},{"type":"Feature","id":"sicar_imoveis_rs.3025006","geometry":{"type":"MultiPolygon","coordinates":[[[[-53.68971348,-28.55225885],[-53.68750334,-28.55614147],[-53.68791103,-28.55644303],[-53.68844748,-28.5566315],[-53.68885517,-28.55697075],[-53.68906975,-28.55729115],[-53.68924141,-28.55774348],[-53.6887908,-28.5579508],[-53.68840456,-28.55813927],[-53.68803978,-28.55810157],[-53.68773937,-28.55810157],[-53.68720293,-28.55917585],[-53.6867094,-28.56021241],[-53.68636608,-28.56077781],[-53.68606567,-28.56124897],[-53.68385553,-28.56420782],[-53.67973566,-28.56234206],[-53.68256807,-28.5579131],[-53.68327618,-28.55359705],[-53.68349075,-28.55293738],[-53.6837697,-28.55235309],[-53.68419886,-28.5517311],[-53.68456364,-28.55144838],[-53.68522882,-28.55142953],[-53.68597984,-28.55148608],[-53.68666649,-28.55161801],[-53.68718147,-28.55158032],[-53.68797541,-28.55184419],[-53.68866205,-28.55212691],[-53.68917704,-28.55220231],[-53.68971348,-28.55225885]]]]},"geometry_name":"geo_area_imovel","properties":{"cod_imovel":"RS-4306106-1100D2529F4444AD8950B031659BB40F","status_imovel":"AT","dat_criacao":"2016-05-19T02:29:49.956Z","area":69.6621,"condicao":"Aguardando análise","uf":"RS","municipio":"Cruz Alta","cod_municipio_ibge":4306106,"m_fiscal":3.4831,"tipo_imovel":"IRU"}},{"type":"Feature","id":"sicar_imoveis_rs.3208546","geometry":{"type":"MultiPolygon","coordinates":[[[[-53.65782738,-28.60309853],[-53.65591764,-28.6001973],[-53.65598202,-28.59797422],[-53.6591363,-28.60245801],[-53.65782738,-28.60309853]]]]},"geometry_name":"geo_area_imovel","properties":{"cod_imovel":"RS-4306106-1102714853D04BEFB4A16C96E71C9A44","status_imovel":"AT","dat_criacao":"2016-05-27T05:37:12.457Z","area":6.6841,"condicao":"Aguardando análise","uf":"RS","municipio":"Cruz Alta","cod_municipio_ibge":4306106,"m_fiscal":0.3342,"tipo_imovel":"IRU"}},{"type":"Feature","id":"sicar_imoveis_rs.12309046","geometry":{"type":"MultiPolygon","coordinates":[[[[-53.65782613,-28.90266785],[-53.65706682,-28.90027862],[-53.65703127,-28.90018355],[-53.65697086,-28.90007577],[-53.65613558,-28.89903735],[-53.65504958,-28.89888054],[-53.6538335,-28.89870495],[-53.65336374,-28.89908181],[-53.65394703,-28.90124546],[-53.6544396,-28.90309323],[-53.65558345,-28.90294845],[-53.65643155,-28.90284115],[-53.65782613,-28.90266785]]]]},"geometry_name":"geo_area_imovel","properties":{"cod_imovel":"RS-4306106-111F0E6E210C4E07BC476E0A64EC97A2","status_imovel":"AT","dat_criacao":"2023-11-23T06:28:13.721Z","area":14.357,"condicao":"Aguardando análise","uf":"RS","municipio":"Cruz Alta","cod_municipio_ibge":4306106,"m_fiscal":0.7179,"tipo_imovel":"IRU"}},{"type":"Feature","id":"sicar_imoveis_rs.12381753","geometry":{"type":"MultiPolygon","coordinates":[[[[-53.59928252,-28.68551193],[-53.59894262,-28.68483204],[-53.60052792,-28.68421945],[-53.60084602,-28.6849457],[-53.6005214,-28.68507135],[-53.59928252,-28.68551193]]]]},"geometry_name":"geo_area_imovel","properties":{"cod_imovel":"RS-4306106-114960F886A74064832A95313F5949D6","status_imovel":"AT","dat_criacao":"2023-12-14T05:48:24.837Z","area":1.417,"condicao":"Aguardando análise","uf":"RS","municipio":"Cruz Alta","cod_municipio_ibge":4306106,"m_fiscal":0.0709,"tipo_imovel":"IRU"}},{"type":"Feature","id":"sicar_imoveis_rs.3164603","geometry":{"type":"MultiPolygon","coordinates":[[[[-53.55725809,-28.64146455],[-53.55762143,-28.64194114],[-53.55775806,-28.6426794],[-53.55814255,-28.64269009],[-53.55951782,-28.64263874],[-53.55970567,-28.64331263],[-53.55972192,-28.64384389],[-53.55980383,-28.64442011],[-53.55986136,-28.64469812],[-53.55980452,-28.64563555],[-53.5598029,-28.645932],[-53.55980079,-28.64629046],[-53.55981897,-28.64664384],[-53.55971247,-28.64688158],[-53.55959754,-28.64734061],[-53.55948937,-28.6475694],[-53.55939545,-28.6478023],[-53.55938214,-28.64814015],[-53.55939018,-28.64857219],[-53.55916396,-28.64943446],[-53.55801308,-28.65050361],[-53.55617949,-28.65121447],[-53.55409845,-28.65254392],[-53.55125581,-28.65371218],[-53.5489193,-28.65405671],[-53.54706017,-28.65381761],[-53.54720681,-28.65017042],[-53.54128363,-28.64992667],[-53.54309801,-28.64164985],[-53.54363399,-28.63907314],[-53.54613944,-28.62772226],[-53.54702609,-28.62714293],[-53.5478382,-28.62680471],[-53.54876785,-28.62678546],[-53.55049252,-28.62720649],[-53.55131281,-28.62709102],[-53.55374216,-28.62527022],[-53.55963261,-28.6272341],[-53.55988666,-28.62924572],[-53.56046738,-28.62988957],[-53.56053415,-28.63092516],[-53.56038902,-28.63172375],[-53.55446609,-28.63256819],[-53.55421758,-28.63096854],[-53.55315968,-28.63011285],[-53.55214412,-28.6314651],[-53.55170611,-28.63137724],[-53.55181327,-28.62987087],[-53.55094232,-28.63026255],[-53.55027693,-28.63055844],[-53.54959087,-28.63139508],[-53.5495792,-28.63231353],[-53.54969331,-28.63427298],[-53.55068705,-28.634268],[-53.5507252,-28.63497079],[-53.55174154,-28.63494936],[-53.55195061,-28.63881814],[-53.55215558,-28.63892049],[-53.55295612,-28.63943431],[-53.55386268,-28.64013418],[-53.55547258,-28.64251034],[-53.55725809,-28.64146455]]]]},"geometry_name":"geo_area_imovel","properties":{"cod_imovel":"RS-4306106-1166315F58C54F7DBA348B068FC5723B","status_imovel":"AT","dat_criacao":"2016-05-25T14:29:14.924Z","area":346.6575,"condicao":"Aguardando análise","uf":"RS","municipio":"Cruz Alta","cod_municipio_ibge":4306106,"m_fiscal":17.3329,"tipo_imovel":"IRU"}},{"type":"Feature","id":"sicar_imoveis_rs.7341531","geometry":{"type":"MultiPolygon","coordinates":[[[[-53.49456835,-28.74392565],[-53.49433188,-28.7415689],[-53.49387422,-28.7375288],[-53.49270478,-28.73671618],[-53.49139052,-28.73588477],[-53.48891704,-28.73479254],[-53.4883752,-28.7344995],[-53.4883286,-28.73416936],[-53.48824497,-28.73395685],[-53.48806442,-28.73366863],[-53.48780101,-28.73354421],[-53.48754722,-28.73348144],[-53.48718225,-28.7335596],[-53.48702953,-28.73357117],[-53.48693872,-28.73338123],[-53.48694675,-28.73322172],[-53.48708256,-28.73295186],[-53.48716245,-28.73275106],[-53.48746989,-28.73264641],[-53.48783038,-28.73269552],[-53.48808225,-28.73277775],[-53.48840967,-28.73291771],[-53.48873869,-28.73306002],[-53.48907873,-28.73320005],[-53.4893662,-28.73329781],[-53.4896591,-28.73329986],[-53.48989044,-28.73324183],[-53.4902836,-28.7329247],[-53.49036002,-28.73285469],[-53.49060416,-28.73272382],[-53.490609,-28.73260912],[-53.49062221,-28.73258469],[-53.49068216,-28.73245484],[-53.49069574,-28.73243604],[-53.49077114,-28.73230292],[-53.49084128,-28.73211452],[-53.49082033,-28.73181249],[-53.49089379,-28.73164431],[-53.49091738,-28.73145015],[-53.49108415,-28.73130099],[-53.49110703,-28.73128609],[-53.49130366,-28.73125631],[-53.49159468,-28.73130133],[-53.49169965,-28.7313014],[-53.49186054,-28.73145421],[-53.4921238,-28.73150182],[-53.49241039,-28.73152707],[-53.49268485,-28.73158659],[-53.49283952,-28.73159164],[-53.49313968,-28.73156678],[-53.49369274,-28.731604],[-53.49417224,-28.73175181],[-53.49468583,-28.73199676],[-53.49510883,-28.73264299],[-53.49525209,-28.73308823],[-53.49547287,-28.733648],[-53.49563739,-28.73392631],[-53.49589975,-28.73429393],[-53.49603914,-28.73479809],[-53.49618035,-28.7350613],[-53.49624689,-28.73526254],[-53.49632873,-28.7354704],[-53.49638192,-28.7357574],[-53.49627345,-28.73625461],[-53.49608683,-28.73670033],[-53.49613187,-28.73697476],[-53.49654766,-28.73736312],[-53.4966776,-28.73759029],[-53.49701956,-28.73771972],[-53.49740993,-28.73785185],[-53.49766044,-28.73799628],[-53.49786834,-28.73818648],[-53.49819328,-28.7383678],[-53.49860554,-28.73854945],[-53.49881408,-28.73867216],[-53.49925101,-28.73880236],[-53.49947284,-28.73888677],[-53.50024379,-28.73909893],[-53.50073918,-28.73947304],[-53.50100066,-28.74001676],[-53.50130206,-28.74053444],[-53.50133584,-28.74053466],[-53.50155695,-28.74076932],[-53.50157619,-28.74113975],[-53.50162704,-28.74140651],[-53.50159673,-28.741787],[-53.50168706,-28.74217687],[-53.50175123,-28.74236705],[-53.50199085,-28.74267222],[-53.50223364,-28.74297637],[-53.50223281,-28.74302912],[-53.50035561,-28.74329228],[-53.4996425,-28.7434471],[-53.49869385,-28.74356714],[-53.49824134,-28.74363199],[-53.49722563,-28.74366914],[-53.49653162,-28.7436828],[-53.49580297,-28.74371932],[-53.49456835,-28.74392565]]]]},"geometry_name":"geo_area_imovel","properties":{"cod_imovel":"RS-4306106-11BB077D76FA4201BD9EA9626D3B2D98","status_imovel":"AT","dat_criacao":"2019-08-27T04:27:15.064Z","area":77.0047,"condicao":"Aguardando análise","uf":"RS","municipio":"Cruz Alta","cod_municipio_ibge":4306106,"m_fiscal":3.8502,"tipo_imovel":"IRU"}},{"type":"Feature","id":"sicar_imoveis_rs.16242448","geometry":{"type":"MultiPolygon","coordinates":[[[[-53.5567804,-28.73185413],[-53.55600056,-28.73279668],[-53.55925083,-28.7357536],[-53.55753422,-28.73603583],[-53.55590343,-28.73631805],[-53.55536699,-28.73582886],[-53.55492183,-28.73532836],[-53.55436078,-28.73628879],[-53.55390962,-28.73604984],[-53.55329823,-28.7357701],[-53.55444431,-28.73404142],[-53.55562449,-28.73225394],[-53.55616561,-28.73144639],[-53.5567804,-28.73185413]]]]},"geometry_name":"geo_area_imovel","properties":{"cod_imovel":"RS-4306106-123B83CF5ECD4CC8A94C6B76DC32B547","status_imovel":"AT","dat_criacao":"2026-08-20T17:24:39.038Z","area":13.1688,"condicao":"Aguardando análise","uf":"RS","municipio":"Cruz Alta","cod_municipio_ibge":4306106,"m_fiscal":0.6584,"tipo_imovel":"IRU"}},{"type":"Feature","id":"sicar_imoveis_rs.1972868","geometry":{"type":"MultiPolygon","coordinates":[[[[-53.55757713,-28.59311343],[-53.56598854,-28.59311343],[-53.56847763,-28.59303807],[-53.56864929,-28.59303807],[-53.56856346,-28.59311343],[-53.56861545,-28.5931688],[-53.56874727,-28.59382436],[-53.56848417,-28.59466947],[-53.56822014,-28.59514821],[-53.56773083,-28.59574626],[-53.56731432,-28.59629394],[-53.56694141,-28.59699348],[-53.56684685,-28.59733367],[-53.5641861,-28.59740903],[-53.5630703,-28.59740903],[-53.55989456,-28.59740903],[-53.55543137,-28.59733367],[-53.5555172,-28.59311343],[-53.55757713,-28.59311343]]]]},"geometry_name":"geo_area_imovel","properties":{"cod_imovel":"RS-4306106-12546B3B5AFE4725AE1B9E2FF0B9F8C7","status_imovel":"AT","dat_criacao":"2016-01-27T23:44:16.175Z","area":58.0013,"condicao":"Aguardando análise","uf":"RS","municipio":"Cruz Alta","cod_municipio_ibge":4306106,"m_fiscal":2.9001,"tipo_imovel":"IRU"}},{"type":"Feature","id":"sicar_imoveis_rs.14829616","geometry":{"type":"MultiPolygon","coordinates":[[[[-53.57132587,-28.75590937],[-53.56990603,-28.75830964],[-53.56935794,-28.75783757],[-53.56928856,-28.75710584],[-53.56876804,-28.75674248],[-53.56853197,-28.75648802],[-53.56845318,-28.75597902],[-53.56819412,-28.75552394],[-53.56785197,-28.75503522],[-53.56795582,-28.7547463],[-53.56793486,-28.75455871],[-53.56784819,-28.75451549],[-53.56764456,-28.75444453],[-53.5674151,-28.75399992],[-53.56934131,-28.75127231],[-53.57297485,-28.75308325],[-53.57132587,-28.75590937]]]]},"geometry_name":"geo_area_imovel","properties":{"cod_imovel":"RS-4306106-12A5BDAEEC0D4B26B99CD9145A7EC15A","status_imovel":"AT","dat_criacao":"2025-10-07T13:52:05.372Z","area":21.9677,"condicao":"Aguardando análise","uf":"RS","municipio":"Cruz Alta","cod_municipio_ibge":4306106,"m_fiscal":1.0984,"tipo_imovel":"IRU"}},{"type":"Feature","id":"sicar_imoveis_rs.12925213","geometry":{"type":"MultiPolygon","coordinates":[[[[-53.61245847,-28.83161241],[-53.61189194,-28.8309125],[-53.61302889,-28.82635806],[-53.61348194,-28.82455028],[-53.61358667,-28.82382833],[-53.61371611,-28.82265333],[-53.60721194,-28.83179167],[-53.61098472,-28.83449306],[-53.61165665,-28.83490294],[-53.61159415,-28.83526892],[-53.61155304,-28.835621],[-53.61152993,-28.8360537],[-53.61151455,-28.83639827],[-53.61155307,-28.83679502],[-53.6108383,-28.8367326],[-53.5957016,-28.83602949],[-53.59560701,-28.83621812],[-53.5954875,-28.83634552],[-53.59574162,-28.83636321],[-53.5958084,-28.83645029],[-53.59577113,-28.83670644],[-53.59559596,-28.83658618],[-53.59541504,-28.8366535],[-53.59535542,-28.83672465],[-53.59530119,-28.8369145],[-53.59505291,-28.83693711],[-53.59502897,-28.83701606],[-53.59515452,-28.83717137],[-53.59502424,-28.83728083],[-53.59522318,-28.83746982],[-53.59531382,-28.83748391],[-53.59542753,-28.83760667],[-53.59551444,-28.83769304],[-53.59554622,-28.83794915],[-53.59556959,-28.8381405],[-53.59551129,-28.83819526],[-53.59537194,-28.8382584],[-53.59521906,-28.83822896],[-53.59512496,-28.83804795],[-53.59501625,-28.83797695],[-53.59491678,-28.83798556],[-53.59492628,-28.83813432],[-53.59499393,-28.83836816],[-53.5950334,-28.83839054],[-53.59508933,-28.83849167],[-53.59493187,-28.83872641],[-53.59492921,-28.83893472],[-53.59475984,-28.83912269],[-53.5946256,-28.83917335],[-53.5944194,-28.83898873],[-53.59439406,-28.8389965],[-53.59433659,-28.83898198],[-53.59411216,-28.83901061],[-53.59394891,-28.83907106],[-53.59388064,-28.83889494],[-53.59382307,-28.83882528],[-53.59374094,-28.83883426],[-53.59366605,-28.83892767],[-53.59354048,-28.83903576],[-53.59328956,-28.8389216],[-53.59328309,-28.83853232],[-53.59317781,-28.83845227],[-53.59303328,-28.83837264],[-53.5928844,-28.83854872],[-53.59286469,-28.83855961],[-53.59296283,-28.83860034],[-53.59313602,-28.83867025],[-53.59320895,-28.83875101],[-53.59322483,-28.8389942],[-53.59304144,-28.83901583],[-53.59279892,-28.83889056],[-53.59264917,-28.83882533],[-53.5925593,-28.83882045],[-53.59253824,-28.83889006],[-53.59259484,-28.83895578],[-53.59286129,-28.83914162],[-53.59277895,-28.8393096],[-53.5924942,-28.83943977],[-53.59266689,-28.83966064],[-53.59255686,-28.83978121],[-53.59239373,-28.83980454],[-53.59210191,-28.8396246],[-53.59202328,-28.83961504],[-53.5918584,-28.83961293],[-53.59177512,-28.8396713],[-53.59187736,-28.83986045],[-53.59207176,-28.83993646],[-53.59212798,-28.84005334],[-53.59203323,-28.84015066],[-53.59176722,-28.84030299],[-53.59173228,-28.84035336],[-53.59172769,-28.84051554],[-53.59157869,-28.84072019],[-53.59155581,-28.8409536],[-53.59169698,-28.84104264],[-53.59168608,-28.84113789],[-53.59145461,-28.84120156],[-53.59165199,-28.84122408],[-53.61215894,-28.843566],[-53.61174528,-28.8415578],[-53.61245127,-28.84146238],[-53.61347378,-28.84129577],[-53.61388599,-28.84339855],[-53.61291515,-28.84368181],[-53.61309674,-28.84456943],[-53.61750213,-28.84487941],[-53.61928954,-28.84304006],[-53.62260285,-28.83966245],[-53.61245847,-28.83161241]]]]},"geometry_name":"geo_area_imovel","properties":{"cod_imovel":"RS-4306106-12F25D85F5694441B4875B413D6AEBE5","status_imovel":"AT","dat_criacao":"2024-06-13T07:22:37.970Z","area":241.2005,"condicao":"Aguardando análise","uf":"RS","municipio":"Cruz Alta","cod_municipio_ibge":4306106,"m_fiscal":12.06,"tipo_imovel":"IRU"}},{"type":"Feature","id":"sicar_imoveis_rs.13246911","geometry":{"type":"MultiPolygon","coordinates":[[[[-53.42570762,-28.66323015],[-53.42416315,-28.65750328],[-53.41904778,-28.65797247],[-53.41795896,-28.65737586],[-53.411848,-28.65208312],[-53.41042962,-28.65194309],[-53.40542793,-28.65081379],[-53.40724572,-28.64798998],[-53.40905794,-28.64277089],[-53.41005066,-28.63954345],[-53.41033521,-28.63957163],[-53.41033748,-28.63949062],[-53.41048016,-28.63940147],[-53.41057189,-28.63946342],[-53.410643,-28.63942392],[-53.41059905,-28.63932222],[-53.41075212,-28.63919191],[-53.41094936,-28.6390504],[-53.41112345,-28.63904206],[-53.4113458,-28.63891227],[-53.41147478,-28.63879127],[-53.41162512,-28.63876145],[-53.41168127,-28.6388634],[-53.41195961,-28.63878329],[-53.41215538,-28.63888696],[-53.41237563,-28.63890947],[-53.41253823,-28.63889031],[-53.41272473,-28.63882013],[-53.41281756,-28.63883128],[-53.41301453,-28.63889531],[-53.41308364,-28.63894737],[-53.41323606,-28.63884715],[-53.41336313,-28.63889946],[-53.41351495,-28.63883988],[-53.41370078,-28.63884184],[-53.41380517,-28.63885313],[-53.41399126,-28.63882571],[-53.41408428,-28.63880704],[-53.41411796,-28.63889847],[-53.4142802,-28.63890109],[-53.41436148,-28.63888219],[-53.41455944,-28.63884302],[-53.41472155,-28.63889486],[-53.41484877,-28.63894669],[-53.41497656,-28.63893792],[-53.41503307,-28.63909057],[-53.41512637,-28.63908101],[-53.41525257,-28.63922465],[-53.4152618,-28.63937802],[-53.41534218,-28.63946026],[-53.41549247,-28.6395532],[-53.41554912,-28.63964574],[-53.41555951,-28.63971741],[-53.41578767,-28.6398739],[-53.41597987,-28.64018187],[-53.41614093,-28.64018401],[-53.41627743,-28.64035853],[-53.41643758,-28.64044183],[-53.41665592,-28.64039379],[-53.41666648,-28.64051576],[-53.41678057,-28.64058822],[-53.41693327,-28.64028823],[-53.41715854,-28.64016981],[-53.41738356,-28.64009596],[-53.41940161,-28.64530509],[-53.42051439,-28.64694534],[-53.42112635,-28.64766635],[-53.42606198,-28.65014852],[-53.42742348,-28.6538909],[-53.42744748,-28.65969271],[-53.42840494,-28.66291784],[-53.42570762,-28.66323015]]]]},"geometry_name":"geo_area_imovel","properties":{"cod_imovel":"RS-4306106-1321FAAB3CB44E8FB36CCA6BAE5A1FB7","status_imovel":"AT","dat_criacao":"2024-09-06T19:59:56.607Z","area":267.6395,"condicao":"Aguardando análise","uf":"RS","municipio":"Cruz Alta","cod_municipio_ibge":4306106,"m_fiscal":13.382,"tipo_imovel":"IRU"}},{"type":"Feature","id":"sicar_imoveis_rs.14096350","geometry":{"type":"MultiPolygon","coordinates":[[[[-53.3359906,-28.7098302],[-53.33585446,-28.71061894],[-53.33417258,-28.71045279],[-53.33255745,-28.71029198],[-53.33209314,-28.71018364],[-53.33150127,-28.71004258],[-53.33140363,-28.71010564],[-53.33082699,-28.71056788],[-53.3301972,-28.7112152],[-53.32976968,-28.71154636],[-53.32940525,-28.7117445],[-53.32910975,-28.71190981],[-53.32882729,-28.71211507],[-53.3286607,-28.71217637],[-53.32844695,-28.71216199],[-53.32772567,-28.71208503],[-53.32743858,-28.71202982],[-53.32710213,-28.71197628],[-53.32653714,-28.71193633],[-53.32613862,-28.71193561],[-53.32579321,-28.71229584],[-53.32606405,-28.71274908],[-53.32619268,-28.71305778],[-53.32637573,-28.71336819],[-53.32649601,-28.71355245],[-53.32603806,-28.7136939],[-53.32565324,-28.71369306],[-53.32329442,-28.71365466],[-53.32248747,-28.71360914],[-53.32203596,-28.71360289],[-53.32220765,-28.7129343],[-53.32258374,-28.71128543],[-53.32282919,-28.71031226],[-53.32305655,-28.70928122],[-53.32328881,-28.70875788],[-53.32330566,-28.70859166],[-53.32366198,-28.70863784],[-53.32404055,-28.70857638],[-53.32462028,-28.7084542],[-53.32479429,-28.70810673],[-53.32496361,-28.70754941],[-53.32496644,-28.70712178],[-53.32491151,-28.70699107],[-53.32487909,-28.70679862],[-53.32483715,-28.7065379],[-53.32482933,-28.70628493],[-53.32486288,-28.70597393],[-53.32485221,-28.70571396],[-53.32484434,-28.70560748],[-53.32471854,-28.70518066],[-53.32463283,-28.70478596],[-53.32446344,-28.70435898],[-53.32450834,-28.70384958],[-53.3250791,-28.70382806],[-53.32578407,-28.70388718],[-53.32638233,-28.70398211],[-53.32647699,-28.70417053],[-53.32715121,-28.70430278],[-53.32885919,-28.70454118],[-53.32996171,-28.70466611],[-53.3313192,-28.70483933],[-53.33406925,-28.70522442],[-53.3366257,-28.70559593],[-53.3359906,-28.7098302]]]]},"geometry_name":"geo_area_imovel","properties":{"cod_imovel":"RS-4306106-13375AD2676A43E8A9DDFABD95914A98","status_imovel":"AT","dat_criacao":"2025-04-29T13:32:28.809Z","area":94.2237,"condicao":"Aguardando análise","uf":"RS","municipio":"Cruz Alta","cod_municipio_ibge":4306106,"m_fiscal":4.7112,"tipo_imovel":"IRU"}},{"type":"Feature","id":"sicar_imoveis_rs.6649271","geometry":{"type":"MultiPolygon","coordinates":[[[[-53.7278223,-28.5633786],[-53.73138428,-28.56827845],[-53.73254299,-28.56635623],[-53.73327255,-28.56571548],[-53.73769283,-28.56718543],[-53.74134064,-28.56409474],[-53.74159813,-28.56522549],[-53.74241352,-28.56601701],[-53.74310017,-28.56816538],[-53.74271393,-28.57027602],[-53.74254227,-28.5714067],[-53.74378681,-28.5717459],[-53.74528885,-28.57219817],[-53.74687672,-28.57249968],[-53.74915123,-28.57227355],[-53.75026703,-28.57159514],[-53.75035286,-28.57148208],[-53.73666286,-28.55953393],[-53.7278223,-28.5633786]]]]},"geometry_name":"geo_area_imovel","properties":{"cod_imovel":"RS-4306106-134C8AF0488941739557F10506770429","status_imovel":"AT","dat_criacao":"2019-03-30T01:27:10.858Z","area":102.199,"condicao":"Aguardando análise","uf":"RS","municipio":"Cruz Alta","cod_municipio_ibge":4306106,"m_fiscal":5.11,"tipo_imovel":"IRU"}},{"type":"Feature","id":"sicar_imoveis_rs.14875686","geometry":{"type":"MultiPolygon","coordinates":[[[[-53.48207444,-28.66149028],[-53.48274861,-28.66034778],[-53.48372444,-28.65869639],[-53.48395639,-28.65844639],[-53.483865,-28.65841306],[-53.48384806,-28.65821611],[-53.483615,-28.65813361],[-53.48354444,-28.65803778],[-53.48361333,-28.65780833],[-53.48356972,-28.65754861],[-53.48351694,-28.65723694],[-53.48361056,-28.65701778],[-53.48364389,-28.65688139],[-53.483755,-28.65679861],[-53.48383528,-28.65673694],[-53.4838925,-28.65652778],[-53.48399972,-28.65633722],[-53.48411278,-28.65627444],[-53.48428417,-28.65629639],[-53.48437361,-28.65629333],[-53.48443778,-28.65627194],[-53.48446111,-28.65622611],[-53.48443222,-28.65617917],[-53.48438472,-28.65608528],[-53.48426833,-28.65604611],[-53.48414139,-28.65606694],[-53.48395556,-28.65597472],[-53.483945,-28.65585806],[-53.4838075,-28.65578139],[-53.48372583,-28.65572417],[-53.48371694,-28.65553],[-53.4836375,-28.65543667],[-53.48358056,-28.65520861],[-53.48341028,-28.6549425],[-53.48330806,-28.65466389],[-53.48322306,-28.65452833],[-53.48318639,-28.65433778],[-53.48301472,-28.65414444],[-53.482855,-28.65397722],[-53.48276861,-28.65385528],[-53.48271833,-28.65374028],[-53.48274417,-28.65358389],[-53.48285333,-28.65343444],[-53.48289778,-28.65337361],[-53.48292861,-28.65325694],[-53.48294889,-28.65319972],[-53.48316833,-28.65310083],[-53.48320111,-28.65296],[-53.48317944,-28.65287639],[-53.48304667,-28.65274],[-53.48292417,-28.65252722],[-53.48284861,-28.65247917],[-53.48277194,-28.65244778],[-53.48262861,-28.65256472],[-53.4825775,-28.65260972],[-53.48245056,-28.65251917],[-53.48245583,-28.65229583],[-53.48244056,-28.65217806],[-53.48245472,-28.65206083],[-53.48248389,-28.65196139],[-53.48262278,-28.65183139],[-53.48259306,-28.6517775],[-53.48255,-28.65171694],[-53.48241139,-28.65168139],[-53.48235389,-28.65173167],[-53.48233111,-28.65176222],[-53.48220611,-28.65181417],[-53.48209833,-28.65177528],[-53.48189972,-28.65160778],[-53.48174222,-28.65152472],[-53.48157583,-28.65143222],[-53.48149528,-28.65144167],[-53.48143611,-28.65144139],[-53.48135944,-28.65142361],[-53.48136778,-28.65125778],[-53.48128778,-28.65121222],[-53.48118222,-28.65123917],[-53.48108028,-28.65122944],[-53.48081833,-28.65116306],[-53.48066667,-28.65107528],[-53.48056972,-28.65109833],[-53.48039583,-28.65114361],[-53.48025194,-28.65112028],[-53.4800125,-28.65089556],[-53.47984611,-28.650835],[-53.479745,-28.65094611],[-53.47962083,-28.6509925],[-53.47923639,-28.65212333],[-53.47872778,-28.65361944],[-53.47807194,-28.65412528],[-53.47844222,-28.65480889],[-53.48009556,-28.65786111],[-53.48207444,-28.66149028]]]]},"geometry_name":"geo_area_imovel","properties":{"cod_imovel":"RS-4306106-1368A8C221A74B65884AE19B19117457","status_imovel":"AT","dat_criacao":"2025-10-16T14:40:59.138Z","area":37.8875,"condicao":"Aguardando análise","uf":"RS","municipio":"Cruz Alta","cod_municipio_ibge":4306106,"m_fiscal":1.8944,"tipo_imovel":"IRU"}},{"type":"Feature","id":"sicar_imoveis_rs.11845891","geometry":{"type":"MultiPolygon","coordinates":[[[[-53.33091974,-28.66308334],[-53.32613468,-28.66466489],[-53.32586646,-28.66517324],[-53.32530856,-28.66585104],[-53.32514763,-28.66613345],[-53.32523346,-28.66651],[-53.32520127,-28.66679242],[-53.32536221,-28.66696186],[-53.32557678,-28.66728193],[-53.32594156,-28.66735724],[-53.33071589,-28.66884459],[-53.33102703,-28.66967298],[-53.33245397,-28.66980477],[-53.33483577,-28.66969181],[-53.33477139,-28.66890107],[-53.33402038,-28.66811033],[-53.33292603,-28.66698069],[-53.33269,-28.66651],[-53.33091974,-28.66308334]]]]},"geometry_name":"geo_area_imovel","properties":{"cod_imovel":"RS-4306106-136A6BC046A941AFB318293FA2306409","status_imovel":"AT","dat_criacao":"2023-07-27T01:09:42.164Z","area":38.0247,"condicao":"Aguardando análise","uf":"RS","municipio":"Cruz Alta","cod_municipio_ibge":4306106,"m_fiscal":1.9012,"tipo_imovel":"IRU"}},{"type":"Feature","id":"sicar_imoveis_rs.7349316","geometry":{"type":"MultiPolygon","coordinates":[[[[-53.67803911,-28.4964412],[-53.67824684,-28.49623692],[-53.68440797,-28.49972444],[-53.68522782,-28.4987437],[-53.68958171,-28.5011594],[-53.68914349,-28.50209923],[-53.68713819,-28.50099897],[-53.6865791,-28.50106853],[-53.68622126,-28.50102964],[-53.68608483,-28.50100865],[-53.68573326,-28.50088836],[-53.6855282,-28.50074565],[-53.68533239,-28.50059963],[-53.68510477,-28.50051806],[-53.68471304,-28.50043826],[-53.6844467,-28.50043213],[-53.68411623,-28.50052218],[-53.68383014,-28.50048867],[-53.68340554,-28.50039603],[-53.6830575,-28.5003399],[-53.68288103,-28.50034677],[-53.68263188,-28.50038432],[-53.68247391,-28.50038691],[-53.68234364,-28.5003822],[-53.68211146,-28.50033297],[-53.68198047,-28.50025],[-53.68192318,-28.50016965],[-53.68180161,-28.50006874],[-53.68165402,-28.49974023],[-53.68167796,-28.49965399],[-53.67890793,-28.4979889],[-53.67881321,-28.49784989],[-53.67871051,-28.49775787],[-53.67855032,-28.4976392],[-53.67849025,-28.49754092],[-53.67831262,-28.49732872],[-53.67819785,-28.49729176],[-53.67808673,-28.49724926],[-53.67794336,-28.49716342],[-53.67793093,-28.49714733],[-53.67784422,-28.49700637],[-53.67783312,-28.49678926],[-53.67788024,-28.49661783],[-53.67803911,-28.4964412]]]]},"geometry_name":"geo_area_imovel","properties":{"cod_imovel":"RS-4306106-13AA8E9093434354B4F17E6051F31786","status_imovel":"AT","dat_criacao":"2019-08-28T04:23:27.549Z","area":17.1078,"condicao":"Aguardando análise","uf":"RS","municipio":"Cruz Alta","cod_municipio_ibge":4306106,"m_fiscal":0.8554,"tipo_imovel":"IRU"}},{"type":"Feature","id":"sicar_imoveis_rs.10859149","geometry":{"type":"MultiPolygon","coordinates":[[[[-53.31038061,-28.73369707],[-53.31097956,-28.73492132],[-53.31250009,-28.73784961],[-53.31392527,-28.74058897],[-53.31159322,-28.741375],[-53.30913906,-28.7421423],[-53.30739044,-28.74267334],[-53.30678886,-28.74286646],[-53.30597171,-28.74316858],[-53.30488921,-28.7411271],[-53.30416252,-28.74056997],[-53.30350501,-28.74044613],[-53.30283233,-28.7410305],[-53.30231187,-28.74122108],[-53.30205648,-28.74081528],[-53.30225211,-28.7401682],[-53.3019993,-28.73958421],[-53.30248478,-28.73943848],[-53.30315023,-28.73893255],[-53.30390805,-28.73853656],[-53.30480087,-28.73886107],[-53.30486891,-28.73855759],[-53.30472853,-28.73792011],[-53.30484626,-28.73719063],[-53.30497491,-28.73663575],[-53.30532179,-28.73567392],[-53.30580044,-28.735104],[-53.30565191,-28.73445073],[-53.30612936,-28.73386924],[-53.30640362,-28.73335477],[-53.30699977,-28.73347885],[-53.307307,-28.73342116],[-53.30771967,-28.73335157],[-53.30842752,-28.73399818],[-53.30969114,-28.73299504],[-53.30998121,-28.73280838],[-53.31038061,-28.73369707]]]]},"geometry_name":"geo_area_imovel","properties":{"cod_imovel":"RS-4306106-13AB38D85DCF496280DDBB37289CF5D1","status_imovel":"AT","dat_criacao":"2022-10-07T07:01:19.071Z","area":71.8142,"condicao":"Aguardando análise","uf":"RS","municipio":"Cruz Alta","cod_municipio_ibge":4306106,"m_fiscal":3.5907,"tipo_imovel":"IRU"}},{"type":"Feature","id":"sicar_imoveis_rs.1822883","geometry":{"type":"MultiPolygon","coordinates":[[[[-53.57987165,-28.73643094],[-53.58017206,-28.73648739],[-53.58087916,-28.73616275],[-53.58090731,-28.73751713],[-53.58079433,-28.73791731],[-53.58038664,-28.73825598],[-53.5800004,-28.73859464],[-53.57993603,-28.73819953],[-53.57903481,-28.73703302],[-53.57813358,-28.7351327],[-53.57894897,-28.73453061],[-53.57987165,-28.73643094]]]]},"geometry_name":"geo_area_imovel","properties":{"cod_imovel":"RS-4306106-13E0CD39298949FEBB7384A0463F6A8D","status_imovel":"AT","dat_criacao":"2015-12-16T11:47:51.054Z","area":5.1004,"condicao":"Aguardando análise","uf":"RS","municipio":"Cruz Alta","cod_municipio_ibge":4306106,"m_fiscal":0.255,"tipo_imovel":"IRU"}},{"type":"Feature","id":"sicar_imoveis_rs.8252487","geometry":{"type":"MultiPolygon","coordinates":[[[[-53.62585489,-28.75924414],[-53.62563788,-28.75920228],[-53.62551434,-28.75924963],[-53.62517167,-28.75919426],[-53.62497739,-28.75914687],[-53.62488621,-28.75915276],[-53.62452866,-28.75897815],[-53.62414917,-28.758813],[-53.62409941,-28.75873488],[-53.6238405,-28.75880621],[-53.62371179,-28.75881575],[-53.62284911,-28.75899708],[-53.62256468,-28.75877604],[-53.62230204,-28.75894461],[-53.62171276,-28.75883583],[-53.62151494,-28.75880004],[-53.62145041,-28.75879773],[-53.62126762,-28.7587724],[-53.62111792,-28.75878249],[-53.62100442,-28.75888799],[-53.62096823,-28.7590042],[-53.62092928,-28.75903307],[-53.62088072,-28.75900311],[-53.62077687,-28.75887709],[-53.62069981,-28.75884502],[-53.62098494,-28.75758315],[-53.62080866,-28.75747603],[-53.62073101,-28.75730149],[-53.62062864,-28.7572843],[-53.62042101,-28.75723663],[-53.62041182,-28.75719121],[-53.62016872,-28.75667303],[-53.62033064,-28.7566015],[-53.62052489,-28.75591001],[-53.62064812,-28.75578524],[-53.62074079,-28.75541575],[-53.62053181,-28.75536399],[-53.62071342,-28.75499731],[-53.62058478,-28.75491615],[-53.62074299,-28.75479235],[-53.62110737,-28.75442124],[-53.62140925,-28.75400896],[-53.62135784,-28.75381326],[-53.62125932,-28.75361488],[-53.62117833,-28.75340748],[-53.62125176,-28.75322732],[-53.62126289,-28.75295815],[-53.62109492,-28.75280958],[-53.62096922,-28.75241286],[-53.62091393,-28.75197892],[-53.62105012,-28.75170053],[-53.6210366,-28.75157151],[-53.62144742,-28.75095952],[-53.62123261,-28.75069959],[-53.62133135,-28.75032885],[-53.62144279,-28.75015408],[-53.62141169,-28.75000677],[-53.62140819,-28.74988486],[-53.62150665,-28.74985504],[-53.62161786,-28.74957798],[-53.62173997,-28.74940644],[-53.62178701,-28.74907634],[-53.62190213,-28.74886655],[-53.62192105,-28.74873901],[-53.62177757,-28.74867772],[-53.62179655,-28.74856275],[-53.62175559,-28.74852459],[-53.62165832,-28.74851652],[-53.62152053,-28.74854818],[-53.62144019,-28.74846655],[-53.62147958,-28.74838602],[-53.62150922,-28.74833851],[-53.62151009,-28.74829653],[-53.62141,-28.74813786],[-53.62142358,-28.74803878],[-53.62156306,-28.74796199],[-53.6214971,-28.74786569],[-53.62132262,-28.74790027],[-53.62136915,-28.7477592],[-53.62153642,-28.74777775],[-53.62159516,-28.74769113],[-53.62150743,-28.74763285],[-53.62151598,-28.74756358],[-53.62171857,-28.74717754],[-53.62187859,-28.74673445],[-53.62190375,-28.746511],[-53.62176319,-28.74639929],[-53.62194123,-28.7463915],[-53.62198951,-28.74626033],[-53.62208086,-28.74599209],[-53.6221496,-28.7459004],[-53.62213579,-28.74573998],[-53.62200028,-28.74557147],[-53.62214748,-28.745491],[-53.6220242,-28.74536085],[-53.62208855,-28.74523118],[-53.62221623,-28.74516883],[-53.62222307,-28.74494395],[-53.62235214,-28.74491196],[-53.62249885,-28.74472543],[-53.62270225,-28.74466621],[-53.62280283,-28.74471044],[-53.62296841,-28.74471507],[-53.62312372,-28.74463327],[-53.62322701,-28.74451],[-53.62331448,-28.74440515],[-53.62331177,-28.74423878],[-53.62348946,-28.74411702],[-53.62358297,-28.74392832],[-53.62356293,-28.74383466],[-53.62344987,-28.74379808],[-53.62345033,-28.74377758],[-53.62364994,-28.74373038],[-53.62379689,-28.74378208],[-53.62386653,-28.74368218],[-53.62397476,-28.74377733],[-53.62411068,-28.74366448],[-53.62415395,-28.74356333],[-53.6242526,-28.74359671],[-53.6244265,-28.74358014],[-53.62466041,-28.743575],[-53.62488702,-28.7436453],[-53.62495023,-28.74370761],[-53.62508292,-28.74368246],[-53.62509192,-28.74376932],[-53.62535311,-28.74393473],[-53.62538726,-28.74407315],[-53.6255122,-28.7443402],[-53.62579222,-28.74445343],[-53.6260958,-28.7446093],[-53.62609461,-28.74468432],[-53.62631517,-28.74476658],[-53.62641588,-28.74482496],[-53.62659924,-28.74494149],[-53.62683994,-28.7449538],[-53.62685658,-28.74507463],[-53.62700886,-28.74507242],[-53.62701218,-28.74508237],[-53.62693055,-28.74515386],[-53.62722911,-28.74522979],[-53.62747164,-28.74522847],[-53.62752009,-28.74525025],[-53.62755542,-28.74531289],[-53.62768529,-28.74534469],[-53.62780565,-28.74538243],[-53.62801317,-28.74535709],[-53.62827141,-28.74532568],[-53.62839284,-28.74525024],[-53.62856952,-28.74520015],[-53.62856112,-28.74512295],[-53.62882162,-28.74500903],[-53.62902392,-28.74513427],[-53.62922486,-28.74508629],[-53.62949741,-28.74510936],[-53.62975326,-28.74500599],[-53.6298589,-28.74505155],[-53.63023972,-28.74503034],[-53.63039545,-28.74510334],[-53.63049346,-28.74501472],[-53.63045624,-28.74487171],[-53.63048467,-28.74486173],[-53.63057983,-28.74488724],[-53.63066318,-28.74498409],[-53.63079783,-28.74492751],[-53.63087715,-28.74503689],[-53.63113858,-28.74496787],[-53.63125389,-28.74499486],[-53.63134877,-28.74488863],[-53.63157827,-28.74488097],[-53.63169979,-28.7447576],[-53.63185752,-28.74483947],[-53.63210867,-28.74474892],[-53.63224314,-28.74460793],[-53.63241496,-28.74455622],[-53.63260502,-28.7445336],[-53.63275154,-28.74438225],[-53.63298518,-28.74432836],[-53.63308847,-28.74435057],[-53.63317028,-28.74426667],[-53.63325278,-28.74428566],[-53.63341085,-28.74429219],[-53.63358498,-28.74420236],[-53.63358525,-28.74422293],[-53.63502581,-28.75037406],[-53.64314473,-28.75249058],[-53.64264648,-28.7526547],[-53.63510567,-28.7506924],[-53.63451055,-28.75239717],[-53.63458751,-28.75512779],[-53.63445832,-28.75570249],[-53.63462895,-28.75720322],[-53.63463387,-28.75724652],[-53.63459845,-28.7572358],[-53.63439432,-28.75717166],[-53.63415461,-28.75713343],[-53.63395921,-28.75716536],[-53.63372755,-28.75719211],[-53.6332871,-28.75717253],[-53.63304431,-28.75717679],[-53.63273876,-28.75724489],[-53.63247619,-28.75723796],[-53.63233353,-28.7572865],[-53.63211378,-28.75732926],[-53.63192856,-28.7572819],[-53.63182762,-28.75722596],[-53.63171297,-28.75721617],[-53.63154511,-28.75729159],[-53.63131009,-28.75733604],[-53.63093097,-28.75729408],[-53.63081069,-28.75736506],[-53.63041392,-28.75742882],[-53.63034806,-28.7575187],[-53.63016556,-28.75748525],[-53.62998878,-28.75743915],[-53.62971695,-28.75749277],[-53.62947375,-28.75751671],[-53.62916491,-28.75742649],[-53.62895754,-28.7574371],[-53.62875346,-28.75742784],[-53.62864143,-28.75751824],[-53.62846281,-28.75765442],[-53.62815806,-28.7577584],[-53.62777571,-28.75783604],[-53.6274941,-28.75790791],[-53.62751264,-28.75801858],[-53.6273369,-28.75823917],[-53.62726189,-28.75829806],[-53.62721804,-28.75843835],[-53.62719179,-28.75859715],[-53.62713093,-28.75878702],[-53.62682715,-28.75898579],[-53.62652469,-28.75903662],[-53.62625054,-28.75899062],[-53.62629914,-28.75909878],[-53.62630278,-28.75914044],[-53.62627004,-28.75915829],[-53.62617233,-28.75913931],[-53.62607172,-28.75921544],[-53.62585489,-28.75924414]]]]},"geometry_name":"geo_area_imovel","properties":{"cod_imovel":"RS-4306106-13F6B59180B140F7ABF200819B2A2E83","status_imovel":"AT","dat_criacao":"2020-06-10T01:11:32.867Z","area":195.7343,"condicao":"Aguardando análise","uf":"RS","municipio":"Cruz Alta","cod_municipio_ibge":4306106,"m_fiscal":9.7867,"tipo_imovel":"IRU"}},{"type":"Feature","id":"sicar_imoveis_rs.14549863","geometry":{"type":"MultiPolygon","coordinates":[[[[-53.62357917,-28.60063417],[-53.62405361,-28.60076333],[-53.62492472,-28.60099861],[-53.62718722,-28.60161],[-53.62772917,-28.60176],[-53.627865,-28.60179778],[-53.62800167,-28.60183944],[-53.62829861,-28.60195722],[-53.62997694,-28.60028333],[-53.63019944,-28.60000611],[-53.6302075,-28.59997],[-53.63120722,-28.60002194],[-53.63185389,-28.60069222],[-53.63183806,-28.60072556],[-53.63198583,-28.60082083],[-53.63209917,-28.60091806],[-53.63218028,-28.60100389],[-53.63222333,-28.60109306],[-53.63224722,-28.60121611],[-53.63224472,-28.60125389],[-53.63225278,-28.60127],[-53.6323725,-28.60126028],[-53.63248611,-28.60127],[-53.63248111,-28.6013275],[-53.63253056,-28.60132028],[-53.63247222,-28.60117056],[-53.63257861,-28.60113417],[-53.63274056,-28.60117667],[-53.63277806,-28.6011925],[-53.63280833,-28.60118806],[-53.6329525,-28.60122889],[-53.63303944,-28.60125139],[-53.6332225,-28.60122028],[-53.63344472,-28.60119333],[-53.63364167,-28.60125278],[-53.63374111,-28.60121306],[-53.63358056,-28.60112389],[-53.633635,-28.60103],[-53.63382639,-28.6009775],[-53.63399167,-28.60104389],[-53.63393528,-28.60121],[-53.63397583,-28.60128278],[-53.63402889,-28.60124083],[-53.63406528,-28.60115194],[-53.63423417,-28.60104889],[-53.63428583,-28.60106667],[-53.63437139,-28.60116],[-53.6345225,-28.60109444],[-53.63476528,-28.60109917],[-53.63493778,-28.60129389],[-53.63484889,-28.60137111],[-53.63484056,-28.60149972],[-53.63487083,-28.60156611],[-53.63854726,-28.59710874],[-53.64183111,-28.5986636],[-53.64250444,-28.59782639],[-53.64331194,-28.59679389],[-53.64116778,-28.5957975],[-53.64063861,-28.59556444],[-53.64005056,-28.59528583],[-53.63839417,-28.59450111],[-53.63291639,-28.591905],[-53.63146361,-28.59121389],[-53.62922722,-28.59015028],[-53.62882833,-28.59009694],[-53.62857778,-28.59024667],[-53.62837194,-28.5902775],[-53.62820556,-28.59028556],[-53.62808667,-28.59034472],[-53.62790389,-28.59037],[-53.62756056,-28.59041611],[-53.62714889,-28.5904775],[-53.62689333,-28.59048667],[-53.62659694,-28.59048694],[-53.62628556,-28.59052472],[-53.62602667,-28.59057861],[-53.625815,-28.59062222],[-53.62568444,-28.59064611],[-53.62544333,-28.59069556],[-53.62535722,-28.59070306],[-53.62534417,-28.59070639],[-53.62506222,-28.5907875],[-53.62406611,-28.59108],[-53.62387722,-28.59119472],[-53.62368278,-28.59132056],[-53.62344833,-28.59150583],[-53.62310111,-28.5917825],[-53.62306861,-28.59185333],[-53.62300278,-28.59204167],[-53.62297,-28.59218944],[-53.6229575,-28.5922775],[-53.62287472,-28.59256028],[-53.62277528,-28.59283306],[-53.62267139,-28.59311],[-53.62257556,-28.59336028],[-53.62253111,-28.59347444],[-53.62239528,-28.59392556],[-53.62226722,-28.59423917],[-53.62211917,-28.59463639],[-53.62475083,-28.5962475],[-53.62482306,-28.5962975],[-53.62593194,-28.59697944],[-53.62357917,-28.60063417]]]]},"geometry_name":"geo_area_imovel","properties":{"cod_imovel":"RS-4306106-13F84431E953423189D90745F44D6927","status_imovel":"AT","dat_criacao":"2025-08-06T20:17:07.461Z","area":153.0824,"condicao":"Aguardando análise","uf":"RS","municipio":"Cruz Alta","cod_municipio_ibge":4306106,"m_fiscal":7.6541,"tipo_imovel":"IRU"}},{"type":"Feature","id":"sicar_imoveis_rs.16264831","geometry":{"type":"MultiPolygon","coordinates":[[[[-53.25808673,-28.66944575],[-53.25775419,-28.66971628],[-53.2575452,-28.6700683],[-53.25739342,-28.67018542],[-53.25718074,-28.6702391],[-53.25699103,-28.67022794],[-53.25687865,-28.67016297],[-53.25669873,-28.66985086],[-53.25653447,-28.66982734],[-53.25640796,-28.66986048],[-53.25632674,-28.66998597],[-53.25612656,-28.6699917],[-53.25593286,-28.66992092],[-53.25586766,-28.66978355],[-53.2560371,-28.66947993],[-53.25604725,-28.66932221],[-53.25603601,-28.66917677],[-53.25618727,-28.66890927],[-53.2561574,-28.66877847],[-53.25599771,-28.66877874],[-53.25578008,-28.66898051],[-53.25542665,-28.66916067],[-53.25528953,-28.66933006],[-53.25508157,-28.66941469],[-53.25469025,-28.66946896],[-53.25466626,-28.66973911],[-53.25428234,-28.66975983],[-53.25419694,-28.66994268],[-53.25424529,-28.67017822],[-53.25421777,-28.67041024],[-53.25392202,-28.67037697],[-53.25385361,-28.67046882],[-53.25397349,-28.67063154],[-53.2539764,-28.67076757],[-53.25382952,-28.67086073],[-53.25378541,-28.67094979],[-53.25396492,-28.67111629],[-53.25414432,-28.6711515],[-53.25425685,-28.67135016],[-53.25453162,-28.67141481],[-53.25459754,-28.67158559],[-53.25449145,-28.67181415],[-53.25424002,-28.67208093],[-53.25403698,-28.67220606],[-53.25398238,-28.67237408],[-53.2537581,-28.67239214],[-53.25373998,-28.67255716],[-53.25368443,-28.67274429],[-53.25371492,-28.67290373],[-53.25382974,-28.67295672],[-53.25394078,-28.67308617],[-53.25392797,-28.67324633],[-53.2537479,-28.67330662],[-53.25384083,-28.67360109],[-53.25372948,-28.67371037],[-53.25375312,-28.67380308],[-53.25353951,-28.67406684],[-53.25565958,-28.67658626],[-53.25838453,-28.67989766],[-53.26396499,-28.67612878],[-53.26177469,-28.67371574],[-53.25808673,-28.66944575]]]]},"geometry_name":"geo_area_imovel","properties":{"cod_imovel":"RS-4306106-1424593EEE2D411EA37C09D12ECA1276","status_imovel":"AT","dat_criacao":"2026-08-26T12:00:28.841Z","area":66.3541,"condicao":"Aguardando análise","uf":"RS","municipio":"Cruz Alta","cod_municipio_ibge":4306106,"m_fiscal":3.3177,"tipo_imovel":"IRU"}},{"type":"Feature","id":"sicar_imoveis_rs.10272625","geometry":{"type":"MultiPolygon","coordinates":[[[[-53.62635951,-28.90539434],[-53.62699771,-28.90769467],[-53.62741149,-28.90941291],[-53.62898765,-28.91132889],[-53.62956986,-28.91110257],[-53.62996479,-28.9109457],[-53.63113504,-28.91023117],[-53.63115873,-28.9114857],[-53.63281168,-28.91152039],[-53.63452641,-28.91154143],[-53.63610088,-28.91153441],[-53.63668999,-28.9111557],[-53.636164,-28.91019489],[-53.63509097,-28.908929],[-53.63482447,-28.90858886],[-53.6343616,-28.90828028],[-53.63265037,-28.90731947],[-53.63083044,-28.90638671],[-53.62991872,-28.90590981],[-53.62851257,-28.90598695],[-53.62635951,-28.90539434]]]]},"geometry_name":"geo_area_imovel","properties":{"cod_imovel":"RS-4306106-1426A7C4B63E4774BFFF9713D61A4180","status_imovel":"AT","dat_criacao":"2022-04-12T22:41:52.782Z","area":40.1074,"condicao":"Aguardando análise","uf":"RS","municipio":"Cruz Alta","cod_municipio_ibge":4306106,"m_fiscal":2.0054,"tipo_imovel":"IRU"}},{"type":"Feature","id":"sicar_imoveis_rs.11992629","geometry":{"type":"MultiPolygon","coordinates":[[[[-53.58278965,-28.56079011],[-53.58311152,-28.56065653],[-53.5840235,-28.56006482],[-53.58488722,-28.55951907],[-53.58526379,-28.55975504],[-53.58544444,-28.56043732],[-53.58487191,-28.56182995],[-53.58523132,-28.56222184],[-53.58476978,-28.56262912],[-53.58168873,-28.563701],[-53.58114728,-28.56277813],[-53.58123558,-28.5626937],[-53.5815507,-28.56244624],[-53.58193406,-28.56215997],[-53.58234862,-28.56185375],[-53.58223036,-28.56091102],[-53.58278965,-28.56079011]]]]},"geometry_name":"geo_area_imovel","properties":{"cod_imovel":"RS-4306106-14547237A9144F858B50564352E93158","status_imovel":"AT","dat_criacao":"2023-08-29T06:09:18.741Z","area":9.9897,"condicao":"Aguardando análise","uf":"RS","municipio":"Cruz Alta","cod_municipio_ibge":4306106,"m_fiscal":0.4995,"tipo_imovel":"IRU"}},{"type":"Feature","id":"sicar_imoveis_rs.3371663","geometry":{"type":"MultiPolygon","coordinates":[[[[-53.67833948,-28.89690189],[-53.67859984,-28.89729075],[-53.67861842,-28.89767402],[-53.67845814,-28.89813891],[-53.67799769,-28.8985189],[-53.67718513,-28.89888048],[-53.67605039,-28.89936787],[-53.67542129,-28.89962067],[-53.67297762,-28.90155443],[-53.67127386,-28.89980652],[-53.66967005,-28.89812848],[-53.66875089,-28.89715771],[-53.66685465,-28.89524527],[-53.66658088,-28.89499155],[-53.66678904,-28.89491074],[-53.66702435,-28.89477692],[-53.671146,-28.89132749],[-53.67141255,-28.8912537],[-53.67833948,-28.89690189]]]]},"geometry_name":"geo_area_imovel","properties":{"cod_imovel":"RS-4306106-14D4E1396F3B4BAE9285043F3A9C9BA1","status_imovel":"AT","dat_criacao":"2016-06-09T15:48:09.997Z","area":66.8738,"condicao":"Aguardando análise","uf":"RS","municipio":"Cruz Alta","cod_municipio_ibge":4306106,"m_fiscal":3.3437,"tipo_imovel":"IRU"}},{"type":"Feature","id":"sicar_imoveis_rs.7002469","geometry":{"type":"MultiPolygon","coordinates":[[[[-53.24463844,-28.68748178],[-53.24247122,-28.68471465],[-53.24041128,-28.68196627],[-53.24202061,-28.68074265],[-53.24309349,-28.67919899],[-53.24515343,-28.67601748],[-53.2516551,-28.68307693],[-53.24463844,-28.68748178]]]]},"geometry_name":"geo_area_imovel","properties":{"cod_imovel":"RS-4306106-14D9E8E8F9C8472E9DA7769ADD7B2FB5","status_imovel":"AT","dat_criacao":"2019-06-25T02:05:58.702Z","area":68.12,"condicao":"Aguardando análise","uf":"RS","municipio":"Cruz Alta","cod_municipio_ibge":4306106,"m_fiscal":3.406,"tipo_imovel":"IRU"}},{"type":"Feature","id":"sicar_imoveis_rs.12911086","geometry":{"type":"MultiPolygon","coordinates":[[[[-53.33927309,-28.68615833],[-53.33929556,-28.68599581],[-53.33484398,-28.68282666],[-53.33415359,-28.68261996],[-53.33410014,-28.68260392],[-53.33409141,-28.6823952],[-53.33409911,-28.68194892],[-53.33413016,-28.68141607],[-53.33412995,-28.68085777],[-53.33411514,-28.68030089],[-53.33413064,-28.67993423],[-53.33417389,-28.67954119],[-53.3342561,-28.67922083],[-53.33430778,-28.67905511],[-53.33709102,-28.67999645],[-53.33755985,-28.67923426],[-53.33914075,-28.67903741],[-53.3391322,-28.67813271],[-53.34367294,-28.67846456],[-53.34374196,-28.68459447],[-53.34242803,-28.6851038],[-53.33927309,-28.68615833]]]]},"geometry_name":"geo_area_imovel","properties":{"cod_imovel":"RS-4306106-1517F0903C284E29BD6753548255D89C","status_imovel":"AT","dat_criacao":"2024-06-09T08:25:46.806Z","area":60.9042,"condicao":"Aguardando análise","uf":"RS","municipio":"Cruz Alta","cod_municipio_ibge":4306106,"m_fiscal":3.0452,"tipo_imovel":"IRU"}},{"type":"Feature","id":"sicar_imoveis_rs.12540686","geometry":{"type":"MultiPolygon","coordinates":[[[[-53.62425988,-28.93633476],[-53.62606987,-28.93841029],[-53.62769877,-28.93876109],[-53.6304488,-28.93940693],[-53.63220562,-28.94022344],[-53.63489506,-28.94179434],[-53.63538828,-28.9420951],[-53.63621959,-28.93962977],[-53.63682705,-28.93963359],[-53.63730848,-28.93959623],[-53.63779665,-28.93981747],[-53.63802811,-28.94021568],[-53.63806982,-28.94069472],[-53.63815797,-28.9412794],[-53.63824277,-28.9418425],[-53.63842877,-28.94260986],[-53.63862791,-28.94325181],[-53.63893929,-28.94343691],[-53.63937021,-28.9437734],[-53.63968842,-28.94428663],[-53.63966246,-28.94480873],[-53.63948229,-28.94503343],[-53.63917768,-28.94537252],[-53.63905257,-28.9455417],[-53.63855125,-28.94567513],[-53.63810417,-28.94567073],[-53.63752792,-28.94576959],[-53.63728041,-28.94612298],[-53.63700018,-28.94641509],[-53.63663249,-28.94642712],[-53.63604262,-28.94639594],[-53.63524472,-28.94592047],[-53.63435849,-28.94562448],[-53.62743825,-28.94252024],[-53.62693311,-28.94270919],[-53.62613501,-28.94287291],[-53.62585941,-28.94297693],[-53.6254905,-28.94337407],[-53.62521008,-28.94378725],[-53.6247348,-28.94409167],[-53.62398756,-28.94415198],[-53.62345636,-28.94394197],[-53.62330177,-28.94343827],[-53.62308352,-28.94332471],[-53.62247243,-28.94324234],[-53.62177863,-28.94335454],[-53.62142219,-28.9432643],[-53.62114654,-28.94293335],[-53.6208536,-28.94263669],[-53.62045348,-28.94228288],[-53.62425988,-28.93633476]]]]},"geometry_name":"geo_area_imovel","properties":{"cod_imovel":"RS-4306106-1521182352ED46AF8C630ADDAC821227","status_imovel":"AT","dat_criacao":"2024-02-07T07:39:05.505Z","area":93.1651,"condicao":"Aguardando análise","uf":"RS","municipio":"Cruz Alta","cod_municipio_ibge":4306106,"m_fiscal":4.6236,"tipo_imovel":"IRU"}},{"type":"Feature","id":"sicar_imoveis_rs.15350769","geometry":{"type":"MultiPolygon","coordinates":[[[[-53.29630852,-28.67532092],[-53.29532146,-28.67605513],[-53.29422712,-28.67658225],[-53.29343319,-28.67699642],[-53.29248905,-28.67744823],[-53.29182386,-28.67782474],[-53.29115868,-28.6783142],[-53.29047203,-28.67912369],[-53.28970545,-28.67853855],[-53.29538584,-28.67319357],[-53.29697371,-28.67466201],[-53.29630852,-28.67532092]]]]},"geometry_name":"geo_area_imovel","properties":{"cod_imovel":"RS-4306106-154BEF00E14E465EB34DB49768BABB94","status_imovel":"AT","dat_criacao":"2026-03-06T11:52:36.303Z","area":12.6841,"condicao":"Aguardando análise","uf":"RS","municipio":"Cruz Alta","cod_municipio_ibge":4306106,"m_fiscal":0.6342,"tipo_imovel":"IRU"}},{"type":"Feature","id":"sicar_imoveis_rs.1913021","geometry":{"type":"MultiPolygon","coordinates":[[[[-53.25367212,-28.69011707],[-53.25395107,-28.68992884],[-53.25425148,-28.68974061],[-53.25480938,-28.68942061],[-53.25539168,-28.6904163],[-53.25611498,-28.69180636],[-53.2550813,-28.69248775],[-53.253135,-28.69134757],[-53.25259924,-28.69083236],[-53.25367212,-28.69011707]]]]},"geometry_name":"geo_area_imovel","properties":{"cod_imovel":"RS-4306106-1569614CBD494D87BC499475027131EE","status_imovel":"AT","dat_criacao":"2016-01-12T02:19:57.683Z","area":6.0107,"condicao":"Aguardando análise","uf":"RS","municipio":"Cruz Alta","cod_municipio_ibge":4306106,"m_fiscal":0.3005,"tipo_imovel":"IRU"}},{"type":"Feature","id":"sicar_imoveis_rs.10055049","geometry":{"type":"MultiPolygon","coordinates":[[[[-53.6387826,-28.77109086],[-53.63856938,-28.76932565],[-53.649675,-28.77487485],[-53.64967826,-28.77576419],[-53.64777756,-28.7759863],[-53.64729644,-28.77611854],[-53.64397747,-28.77579675],[-53.6387826,-28.77109086]]]]},"geometry_name":"geo_area_imovel","properties":{"cod_imovel":"RS-4306106-15E576A136E94F49BE19EDF2D2EBDB90","status_imovel":"AT","dat_criacao":"2022-01-25T20:07:01.663Z","area":30.8101,"condicao":"Aguardando análise","uf":"RS","municipio":"Cruz Alta","cod_municipio_ibge":4306106,"m_fiscal":1.5405,"tipo_imovel":"IRU"}},{"type":"Feature","id":"sicar_imoveis_rs.8142658","geometry":{"type":"MultiPolygon","coordinates":[[[[-53.65551076,-28.52121559],[-53.65548968,-28.52077162],[-53.65541393,-28.52034023],[-53.65518351,-28.51953751],[-53.65282953,-28.51542989],[-53.65233508,-28.51447449],[-53.65163673,-28.51304107],[-53.6508456,-28.51102558],[-53.65056113,-28.51076713],[-53.64881803,-28.51022671],[-53.64880536,-28.50998373],[-53.64889527,-28.50981593],[-53.64930484,-28.50953276],[-53.64968277,-28.50973774],[-53.65026601,-28.50977042],[-53.65120592,-28.50958595],[-53.65147978,-28.5092095],[-53.65167088,-28.50855942],[-53.6517342,-28.50755034],[-53.6514948,-28.50728223],[-53.65099929,-28.50715667],[-53.65067835,-28.50678443],[-53.65078164,-28.50655636],[-53.65134117,-28.50593738],[-53.65159021,-28.50569609],[-53.65200057,-28.50513673],[-53.65239328,-28.50469086],[-53.65261098,-28.50441408],[-53.65292237,-28.50413062],[-53.65333636,-28.5034635],[-53.65331015,-28.50270903],[-53.65352259,-28.5023673],[-53.65372619,-28.50228685],[-53.65410893,-28.50261652],[-53.65432185,-28.50302503],[-53.65457371,-28.50361975],[-53.65536094,-28.50400034],[-53.65611169,-28.50412232],[-53.65667806,-28.50426595],[-53.65704502,-28.50447418],[-53.65735434,-28.50483686],[-53.65775049,-28.50543048],[-53.6578176,-28.50565999],[-53.65817157,-28.50612041],[-53.65881231,-28.50632536],[-53.65956667,-28.50642916],[-53.66032368,-28.50624139],[-53.66047401,-28.50634287],[-53.66036733,-28.50688872],[-53.66018052,-28.50753797],[-53.65986449,-28.50800418],[-53.66003143,-28.50874059],[-53.66003052,-28.50934119],[-53.66013634,-28.51008696],[-53.65998012,-28.51061962],[-53.65982567,-28.51119785],[-53.65966207,-28.51163287],[-53.65974257,-28.51212649],[-53.66000847,-28.51231333],[-53.66040446,-28.51220132],[-53.6609282,-28.51187092],[-53.66134629,-28.51113843],[-53.66165412,-28.51067064],[-53.66187582,-28.51054569],[-53.66230783,-28.51042791],[-53.66260557,-28.5101222],[-53.66288957,-28.50970089],[-53.66323455,-28.50956066],[-53.66392183,-28.5095648],[-53.66440389,-28.50967865],[-53.66486253,-28.50979406],[-53.66528551,-28.51001533],[-53.66518857,-28.51063141],[-53.66485009,-28.51101469],[-53.66455791,-28.51138865],[-53.66446397,-28.51167508],[-53.66363809,-28.51216635],[-53.66364795,-28.51292554],[-53.66376148,-28.51362179],[-53.6639899,-28.51412991],[-53.66411092,-28.51448848],[-53.66432676,-28.51471469],[-53.66728855,-28.51909425],[-53.67168352,-28.52193726],[-53.67472357,-28.52390362],[-53.67488631,-28.52402412],[-53.67933106,-28.51977617],[-53.68369428,-28.52196975],[-53.68518662,-28.5223955],[-53.68536323,-28.5224171],[-53.68538749,-28.52221378],[-53.68551501,-28.52233041],[-53.6855504,-28.52293839],[-53.68580978,-28.52309337],[-53.6854644,-28.52331625],[-53.68534511,-28.52327257],[-53.68507926,-28.52383758],[-53.68534602,-28.52389465],[-53.68563076,-28.52378993],[-53.68551614,-28.52422662],[-53.68537715,-28.52407831],[-53.68492873,-28.52420019],[-53.68474663,-28.52456831],[-53.68442631,-28.5244852],[-53.68410866,-28.52458444],[-53.68392897,-28.52454393],[-53.68377703,-28.52467835],[-53.68391213,-28.52503755],[-53.68384237,-28.52530685],[-53.68353652,-28.52517892],[-53.68343574,-28.52539583],[-53.68374691,-28.52564622],[-53.68328636,-28.52590347],[-53.68326858,-28.52604919],[-53.68356746,-28.52621646],[-53.68377328,-28.52602223],[-53.68383919,-28.52620315],[-53.68370507,-28.52638225],[-53.68362443,-28.52655666],[-53.68343725,-28.52645681],[-53.68339239,-28.52668795],[-53.68357651,-28.52672074],[-53.6836845,-28.52690412],[-53.68335767,-28.52690616],[-53.68339947,-28.527104],[-53.68322314,-28.52701805],[-53.68306408,-28.52717149],[-53.68331852,-28.5272995],[-53.68311363,-28.52756286],[-53.68275736,-28.5274278],[-53.68293574,-28.52772467],[-53.6827272,-28.52784346],[-53.68262656,-28.52768907],[-53.68239993,-28.52773097],[-53.68255862,-28.52807607],[-53.68230438,-28.5282251],[-53.68210686,-28.52831833],[-53.68202081,-28.52844532],[-53.68202306,-28.52871134],[-53.68176275,-28.52898443],[-53.68158509,-28.52907874],[-53.68142562,-28.52930178],[-53.68111991,-28.5296085],[-53.68132483,-28.52970867],[-53.68125305,-28.52979561],[-53.68130487,-28.52996695],[-53.68108127,-28.53019436],[-53.68113371,-28.53033056],[-53.68088865,-28.5306621],[-53.68071099,-28.53075079],[-53.68064718,-28.53092482],[-53.68045207,-28.53094867],[-53.68028376,-28.53106902],[-53.68026179,-28.53097424],[-53.67993739,-28.53121423],[-53.68001888,-28.53136542],[-53.67992408,-28.53144024],[-53.6797338,-28.53165004],[-53.67973299,-28.5317988],[-53.67953313,-28.53197125],[-53.67931556,-28.53221612],[-53.67933248,-28.53241553],[-53.67912209,-28.53249434],[-53.67921644,-28.53280375],[-53.67901528,-28.53271483],[-53.67893379,-28.53280032],[-53.67901225,-28.53289381],[-53.67880779,-28.53305676],[-53.67883318,-28.53315959],[-53.67868541,-28.53321798],[-53.67848804,-28.53347247],[-53.67850601,-28.53364017],[-53.67844929,-28.53370496],[-53.67814172,-28.53373427],[-53.67786596,-28.53392257],[-53.67768603,-28.53407765],[-53.67750243,-28.53431277],[-53.67750354,-28.53418863],[-53.67702736,-28.53411345],[-53.6769269,-28.53396243],[-53.67682722,-28.5340468],[-53.67670608,-28.53395393],[-53.67662844,-28.53385091],[-53.67624447,-28.53354973],[-53.67605864,-28.53343885],[-53.67600824,-28.53354266],[-53.67568273,-28.53341106],[-53.67538433,-28.53343478],[-53.67507251,-28.53358272],[-53.67489772,-28.5335532],[-53.67483253,-28.53362789],[-53.67486979,-28.5337268],[-53.67458972,-28.53389121],[-53.6745126,-28.53390401],[-53.67432264,-28.53374219],[-53.6740585,-28.53359947],[-53.67376244,-28.53331741],[-53.67366591,-28.53315526],[-53.67351341,-28.53290873],[-53.67339515,-28.5328154],[-53.67320534,-28.53247391],[-53.67306163,-28.53250203],[-53.67288042,-28.53218308],[-53.67293519,-28.5318644],[-53.6727031,-28.53166328],[-53.67257037,-28.53166418],[-53.67224674,-28.53150014],[-53.67173665,-28.53117322],[-53.66951235,-28.52915242],[-53.67127743,-28.52746875],[-53.67111429,-28.5273405],[-53.66739296,-28.52562617],[-53.6632191,-28.52370321],[-53.65535414,-28.52328548],[-53.65551076,-28.52121559]]]]},"geometry_name":"geo_area_imovel","properties":{"cod_imovel":"RS-4306106-16451205DA4E4DBFA4CBA670A25177EC","status_imovel":"AT","dat_criacao":"2020-04-24T01:26:40.967Z","area":403.0383,"condicao":"Aguardando análise","uf":"RS","municipio":"Cruz Alta","cod_municipio_ibge":4306106,"m_fiscal":20.1733,"tipo_imovel":"IRU"}},{"type":"Feature","id":"sicar_imoveis_rs.11608924","geometry":{"type":"MultiPolygon","coordinates":[[[[-53.63837458,-28.66416543],[-53.63748595,-28.66266915],[-53.63954138,-28.6613768],[-53.63951152,-28.66246598],[-53.63989853,-28.66331218],[-53.63837458,-28.66416543]]]]},"geometry_name":"geo_area_imovel","properties":{"cod_imovel":"RS-4306106-1668A16323BB403E9A89F0B61CF8E8E5","status_imovel":"AT","dat_criacao":"2023-05-29T17:37:35.193Z","area":3.8121,"condicao":"Aguardando análise","uf":"RS","municipio":"Cruz Alta","cod_municipio_ibge":4306106,"m_fiscal":0.1906,"tipo_imovel":"IRU"}},{"type":"Feature","id":"sicar_imoveis_rs.14232297","geometry":{"type":"MultiPolygon","coordinates":[[[[-53.65583364,-28.59598618],[-53.65576808,-28.59586952],[-53.65563447,-28.59575285],[-53.65559947,-28.59587979],[-53.65539336,-28.59597813],[-53.65451864,-28.59633341],[-53.6537678,-28.59689452],[-53.65355836,-28.59703591],[-53.65323391,-28.59724785],[-53.65303864,-28.59743063],[-53.65282169,-28.59749035],[-53.65252891,-28.59788868],[-53.65257058,-28.59840563],[-53.65270086,-28.59862813],[-53.65285975,-28.59866452],[-53.65295002,-28.59887257],[-53.65307641,-28.59894146],[-53.6531853,-28.59908424],[-53.6540753,-28.59954868],[-53.6554578,-28.60027035],[-53.65572864,-28.59796535],[-53.65583364,-28.59598618]]]]},"geometry_name":"geo_area_imovel","properties":{"cod_imovel":"RS-4306106-167E8F3A510E45D9BAFA3FE69D4AB03A","status_imovel":"AT","dat_criacao":"2025-06-03T11:38:46.991Z","area":9.6508,"condicao":"Aguardando análise","uf":"RS","municipio":"Cruz Alta","cod_municipio_ibge":4306106,"m_fiscal":0.4825,"tipo_imovel":"IRU"}},{"type":"Feature","id":"sicar_imoveis_rs.14728637","geometry":{"type":"MultiPolygon","coordinates":[[[[-53.73102883,-28.54128806],[-53.72624335,-28.54991904],[-53.72627821,-28.5497059],[-53.72621646,-28.54965274],[-53.72625796,-28.54950279],[-53.72598769,-28.54967971],[-53.72593599,-28.54965594],[-53.72604303,-28.54927022],[-53.72557968,-28.54918977],[-53.72520816,-28.54914446],[-53.72527975,-28.54900834],[-53.72600709,-28.54757436],[-53.72668143,-28.5462405],[-53.72906977,-28.54151475],[-53.72984386,-28.5418371],[-53.73026887,-28.5410661],[-53.73098857,-28.54127606],[-53.73102883,-28.54128806]]]]},"geometry_name":"geo_area_imovel","properties":{"cod_imovel":"RS-4306106-16B242FB27254D65B4D35436C5BA2E28","status_imovel":"AT","dat_criacao":"2025-09-16T14:09:24.537Z","area":14.1434,"condicao":"Aguardando análise","uf":"RS","municipio":"Cruz Alta","cod_municipio_ibge":4306106,"m_fiscal":0.7072,"tipo_imovel":"IRU"}},{"type":"Feature","id":"sicar_imoveis_rs.2530378","geometry":{"type":"MultiPolygon","coordinates":[[[[-53.68816853,-28.50478884],[-53.68731022,-28.50659905],[-53.68379116,-28.50905032],[-53.68276119,-28.50512825],[-53.68224621,-28.50263917],[-53.68164539,-28.5003386],[-53.68301868,-28.50064032],[-53.68413448,-28.50064032],[-53.68477821,-28.50075346],[-53.68507862,-28.50079118],[-53.68529359,-28.50089249],[-53.6852932,-28.50135689],[-53.68516445,-28.50199803],[-53.68816853,-28.50478884]]]]},"geometry_name":"geo_area_imovel","properties":{"cod_imovel":"RS-4306106-171CA4B469F84F22BB51F42FFB497B47","status_imovel":"AT","dat_criacao":"2016-04-16T04:11:54.568Z","area":33.0064,"condicao":"Aguardando análise","uf":"RS","municipio":"Cruz Alta","cod_municipio_ibge":4306106,"m_fiscal":1.6503,"tipo_imovel":"IRU"}},{"type":"Feature","id":"sicar_imoveis_rs.12063167","geometry":{"type":"MultiPolygon","coordinates":[[[[-53.73477765,-28.71578646],[-53.73460045,-28.71585058],[-53.7330782,-28.71667547],[-53.73279261,-28.71680555],[-53.73242338,-28.7169108],[-53.73193445,-28.7169813],[-53.73146009,-28.7170101],[-53.73068427,-28.71706285],[-53.72782906,-28.71735333],[-53.72749863,-28.71741232],[-53.72718307,-28.71751178],[-53.7269195,-28.71765061],[-53.72666303,-28.71782673],[-53.72541695,-28.71869422],[-53.7250527,-28.72341286],[-53.72339245,-28.72411694],[-53.7233748,-28.72420182],[-53.72348015,-28.72429432],[-53.72348145,-28.7243837],[-53.72363787,-28.72463818],[-53.72385291,-28.72476555],[-53.72407364,-28.72477328],[-53.72440472,-28.7248726],[-53.7246135,-28.72495589],[-53.7248398,-28.72511514],[-53.725042,-28.72527985],[-53.72518062,-28.7256764],[-53.72530621,-28.72600448],[-53.72546721,-28.72618273],[-53.72558921,-28.72625415],[-53.72565772,-28.7263308],[-53.72567461,-28.72645332],[-53.72578637,-28.72657186],[-53.72589429,-28.72675912],[-53.7258613,-28.72693894],[-53.72600418,-28.72723519],[-53.72610002,-28.72745002],[-53.72624662,-28.72758202],[-53.72648762,-28.72769614],[-53.72659056,-28.7278217],[-53.7266565,-28.72791347],[-53.72685733,-28.72788732],[-53.7270388,-28.72801031],[-53.72721947,-28.7280634],[-53.72766316,-28.72806897],[-53.72776328,-28.72805432],[-53.72787077,-28.72792983],[-53.72806645,-28.72795763],[-53.72821774,-28.72804136],[-53.72845482,-28.72813841],[-53.72850765,-28.7282456],[-53.7285686,-28.72826367],[-53.72873711,-28.72826956],[-53.72891669,-28.72830815],[-53.7290125,-28.72824172],[-53.72906612,-28.72813933],[-53.72928416,-28.72820448],[-53.72945646,-28.72812432],[-53.72965831,-28.72822398],[-53.72974717,-28.72840612],[-53.72991981,-28.72844115],[-53.73044377,-28.72842858],[-53.7307356,-28.72845471],[-53.73083888,-28.72851441],[-53.73098106,-28.72852345],[-53.73143572,-28.72864785],[-53.73157392,-28.72878714],[-53.73161751,-28.72879456],[-53.73166421,-28.72875248],[-53.73182636,-28.72879349],[-53.73193959,-28.72878741],[-53.73222644,-28.72861392],[-53.7324752,-28.72855792],[-53.73248967,-28.72865749],[-53.73302987,-28.7286711],[-53.73333198,-28.7288206],[-53.73340194,-28.72872465],[-53.73351976,-28.72873372],[-53.73357218,-28.72885254],[-53.73406466,-28.72890825],[-53.73428836,-28.72898221],[-53.73462178,-28.72897798],[-53.73466515,-28.72888293],[-53.73463151,-28.72876625],[-53.734688,-28.72855005],[-53.7346275,-28.72835679],[-53.73455832,-28.72812897],[-53.73443111,-28.72800336],[-53.73438871,-28.72793909],[-53.73439172,-28.72774427],[-53.73444239,-28.72761912],[-53.73455747,-28.72750701],[-53.73473122,-28.72738821],[-53.73495131,-28.72719044],[-53.73495216,-28.72713638],[-53.73495493,-28.72695203],[-53.73509488,-28.72680902],[-53.73533779,-28.7267092],[-53.73548442,-28.7265196],[-53.73567364,-28.72634663],[-53.73576482,-28.72624438],[-53.73585417,-28.72604078],[-53.73607767,-28.72597374],[-53.7361518,-28.72586525],[-53.73615492,-28.72571409],[-53.73626158,-28.72559692],[-53.73626336,-28.72539824],[-53.73636147,-28.72517723],[-53.73655907,-28.72511405],[-53.73671699,-28.72485927],[-53.73690008,-28.72474993],[-53.73695114,-28.72461214],[-53.73709979,-28.72439461],[-53.73734096,-28.72424016],[-53.73737643,-28.72417188],[-53.7376743,-28.7238918],[-53.73779501,-28.72387447],[-53.7379491,-28.72379891],[-53.7380087,-28.72362784],[-53.737989,-28.7234923],[-53.73784852,-28.72345031],[-53.73776436,-28.72322108],[-53.7378724,-28.72309441],[-53.73795278,-28.72295115],[-53.73782233,-28.72270482],[-53.73656782,-28.72084318],[-53.73455387,-28.71789761],[-53.73477765,-28.71578646]]]]},"geometry_name":"geo_area_imovel","properties":{"cod_imovel":"RS-4306106-172BF202282A42A783CFEBD6BE7090BE","status_imovel":"AT","dat_criacao":"2023-09-16T06:15:51.214Z","area":132.8261,"condicao":"Aguardando análise","uf":"RS","municipio":"Cruz Alta","cod_municipio_ibge":4306106,"m_fiscal":6.6413,"tipo_imovel":"IRU"}},{"type":"Feature","id":"sicar_imoveis_rs.3157911","geometry":{"type":"MultiPolygon","coordinates":[[[[-53.60140718,-28.5461906],[-53.60150165,-28.54612374],[-53.60191629,-28.54585695],[-53.60270076,-28.54534902],[-53.60297825,-28.54519014],[-53.60348253,-28.54496111],[-53.60395917,-28.5446751],[-53.60413513,-28.54471554],[-53.60428865,-28.54506496],[-53.60448718,-28.54542441],[-53.60456818,-28.54570371],[-53.60518767,-28.54742723],[-53.60531085,-28.54778303],[-53.60561179,-28.54802357],[-53.60596436,-28.54835379],[-53.60611674,-28.54883838],[-53.60625458,-28.54902992],[-53.60630068,-28.5490901],[-53.6069195,-28.54944632],[-53.60709783,-28.54961912],[-53.60729369,-28.54977154],[-53.60788946,-28.54993097],[-53.60834743,-28.55019526],[-53.60873165,-28.55051142],[-53.60921816,-28.55091605],[-53.60954355,-28.55113574],[-53.60989234,-28.55128547],[-53.61035285,-28.55157187],[-53.61069239,-28.55198398],[-53.61124484,-28.55221047],[-53.6118046,-28.55252115],[-53.61414086,-28.55293886],[-53.61408629,-28.55335152],[-53.61400136,-28.55394065],[-53.61400106,-28.55398025],[-53.61400494,-28.55463219],[-53.61381545,-28.5548641],[-53.6135377,-28.5552566],[-53.61324188,-28.55564535],[-53.61306652,-28.55607456],[-53.61295355,-28.5565525],[-53.61295854,-28.55661006],[-53.61290767,-28.55716695],[-53.61283532,-28.55767067],[-53.61283116,-28.55769443],[-53.61274518,-28.5578931],[-53.61258949,-28.55781786],[-53.61250646,-28.55777071],[-53.61250901,-28.55777595],[-53.61238832,-28.55774555],[-53.61188247,-28.5577322],[-53.61176213,-28.55797223],[-53.61176674,-28.5585144],[-53.61161029,-28.5586831],[-53.61144026,-28.55875543],[-53.61119972,-28.55890438],[-53.61097571,-28.55895494],[-53.61080693,-28.55887635],[-53.61063465,-28.55876055],[-53.61049222,-28.5585824],[-53.61035133,-28.55836833],[-53.60996226,-28.5580352],[-53.60970283,-28.55786274],[-53.60949783,-28.55778175],[-53.60932855,-28.55786673],[-53.60921955,-28.55804236],[-53.60908138,-28.55833878],[-53.60884529,-28.5585731],[-53.60871972,-28.55869875],[-53.60856902,-28.55879087],[-53.60837085,-28.55894501],[-53.60803762,-28.55905931],[-53.60780716,-28.55897633],[-53.60760523,-28.55856637],[-53.60736735,-28.55845844],[-53.60713747,-28.55843593],[-53.60687282,-28.55847151],[-53.60649251,-28.55872618],[-53.60636117,-28.55892151],[-53.60628938,-28.55915378],[-53.60629202,-28.55916193],[-53.60628931,-28.5591843],[-53.6063904,-28.55943627],[-53.60631738,-28.55976295],[-53.6046052,-28.55866846],[-53.60332564,-28.55782495],[-53.60275701,-28.5575332],[-53.60240715,-28.55727066],[-53.60214258,-28.55694263],[-53.60189238,-28.55656299],[-53.60137284,-28.55577602],[-53.59906668,-28.55373996],[-53.59625298,-28.54985479],[-53.59687072,-28.54943016],[-53.59791095,-28.54871665],[-53.5985358,-28.5482055],[-53.59917905,-28.54774228],[-53.5995691,-28.54744242],[-53.60140718,-28.5461906]]]]},"geometry_name":"geo_area_imovel","properties":{"cod_imovel":"RS-4306106-172F3E82B38D47E88C497AADC3D743B5","status_imovel":"AT","dat_criacao":"2016-05-24T20:38:51.413Z","area":148.0549,"condicao":"Aguardando análise","uf":"RS","municipio":"Cruz Alta","cod_municipio_ibge":4306106,"m_fiscal":7.4027,"tipo_imovel":"IRU"}},{"type":"Feature","id":"sicar_imoveis_rs.3073481","geometry":{"type":"MultiPolygon","coordinates":[[[[-53.64849329,-28.82110153],[-53.64117622,-28.82809479],[-53.64216328,-28.82813238],[-53.64315033,-28.82816998],[-53.64342928,-28.82847075],[-53.64349365,-28.82890312],[-53.64349365,-28.82942947],[-53.64357948,-28.82974903],[-53.64368677,-28.83020019],[-53.6437726,-28.83067014],[-53.64396572,-28.83091451],[-53.64420176,-28.83110249],[-53.64445925,-28.83123408],[-53.64469528,-28.83145965],[-53.64484549,-28.83174162],[-53.64465237,-28.83206118],[-53.64471674,-28.83236194],[-53.64493132,-28.83262511],[-53.64495277,-28.83292587],[-53.64514589,-28.83320783],[-53.64501715,-28.83367777],[-53.64495277,-28.83411011],[-53.64499569,-28.83452365],[-53.64510298,-28.8348808],[-53.64525318,-28.83521915],[-53.64536047,-28.83572667],[-53.64984512,-28.83031298],[-53.65186214,-28.82800079],[-53.65349293,-28.82518099],[-53.64890099,-28.82136473],[-53.64849329,-28.82110153]]]]},"geometry_name":"geo_area_imovel","properties":{"cod_imovel":"RS-4306106-1741F592BE1B43AFB2453A9C40B26DF5","status_imovel":"AT","dat_criacao":"2016-05-20T07:55:23.254Z","area":86.1635,"condicao":"Aguardando análise","uf":"RS","municipio":"Cruz Alta","cod_municipio_ibge":4306106,"m_fiscal":4.3082,"tipo_imovel":"IRU"}},{"type":"Feature","id":"sicar_imoveis_rs.4837621","geometry":{"type":"MultiPolygon","coordinates":[[[[-53.65423158,-28.91273514],[-53.65354537,-28.91669461],[-53.65345326,-28.91727986],[-53.64768212,-28.91847499],[-53.64778565,-28.91827134],[-53.64784704,-28.9180527],[-53.64780557,-28.91767719],[-53.64772461,-28.91746854],[-53.64762243,-28.91721719],[-53.64761648,-28.91688863],[-53.6476525,-28.91650785],[-53.64749397,-28.91628709],[-53.64748734,-28.91594333],[-53.64752445,-28.91559431],[-53.64760357,-28.91530201],[-53.64767769,-28.9150698],[-53.64786222,-28.91478009],[-53.64794379,-28.91451156],[-53.64816585,-28.91426039],[-53.64828086,-28.91403559],[-53.64850246,-28.91374729],[-53.64858795,-28.91353702],[-53.64860081,-28.91334382],[-53.65186989,-28.91285837],[-53.65423158,-28.91273514]]]]},"geometry_name":"geo_area_imovel","properties":{"cod_imovel":"RS-4306106-17B9A99257C3425BA6DEA81984443ACB","status_imovel":"AT","dat_criacao":"2017-12-08T01:21:49.041Z","area":31.1424,"condicao":"Aguardando análise","uf":"RS","municipio":"Cruz Alta","cod_municipio_ibge":4306106,"m_fiscal":1.5571,"tipo_imovel":"IRU"}},{"type":"Feature","id":"sicar_imoveis_rs.3242553","geometry":{"type":"MultiPolygon","coordinates":[[[[-53.59823252,-28.86185315],[-53.59850133,-28.8614493],[-53.5988296,-28.86116404],[-53.59904071,-28.86100702],[-53.59908755,-28.86096709],[-53.59945359,-28.86064912],[-53.59963412,-28.86047107],[-53.59980839,-28.8603241],[-53.60020885,-28.859997],[-53.60056164,-28.85969902],[-53.60101956,-28.85929488],[-53.60168964,-28.85872998],[-53.60306685,-28.85753416],[-53.60311005,-28.85658411],[-53.60317635,-28.85528231],[-53.60319711,-28.85473387],[-53.60325893,-28.85295145],[-53.60429197,-28.85143949],[-53.60506156,-28.85302807],[-53.60567318,-28.85430424],[-53.60628103,-28.85555555],[-53.60673065,-28.85655708],[-53.60730644,-28.85740262],[-53.60751897,-28.85789723],[-53.60756352,-28.85812193],[-53.60767061,-28.85852553],[-53.60773405,-28.85876425],[-53.60785539,-28.85896138],[-53.60801584,-28.85921739],[-53.6082119,-28.85941374],[-53.60829601,-28.85952101],[-53.60841109,-28.85964964],[-53.60850774,-28.85974181],[-53.60859773,-28.85982188],[-53.60862964,-28.85994577],[-53.60865081,-28.86012685],[-53.60866115,-28.86020742],[-53.60861646,-28.86037569],[-53.60860744,-28.8605293],[-53.60856004,-28.86071335],[-53.60864773,-28.86080584],[-53.60876891,-28.86090695],[-53.60881697,-28.86099112],[-53.60888313,-28.86111207],[-53.60891953,-28.8612413],[-53.60894652,-28.8613444],[-53.60894749,-28.86147236],[-53.60894593,-28.86155437],[-53.60889706,-28.86161441],[-53.60887824,-28.86171002],[-53.60894162,-28.86178572],[-53.60903728,-28.86184058],[-53.60916168,-28.86188271],[-53.6092989,-28.86191342],[-53.60937219,-28.86199342],[-53.60940826,-28.86212258],[-53.60943633,-28.86226613],[-53.60945262,-28.86238854],[-53.60948063,-28.86252216],[-53.60961185,-28.86268079],[-53.60900803,-28.86261231],[-53.6063657,-28.86229562],[-53.60699103,-28.86400331],[-53.60791396,-28.86638144],[-53.6082887,-28.86743605],[-53.60269972,-28.86610896],[-53.60302686,-28.86503975],[-53.60085333,-28.86377679],[-53.59805247,-28.86215756],[-53.59823252,-28.86185315]]]]},"geometry_name":"geo_area_imovel","properties":{"cod_imovel":"RS-4306106-17B9DD00190D4F6D9A35D2420F450AC0","status_imovel":"AT","dat_criacao":"2016-05-31T04:35:35.935Z","area":85.7388,"condicao":"Aguardando análise","uf":"RS","municipio":"Cruz Alta","cod_municipio_ibge":4306106,"m_fiscal":4.2869,"tipo_imovel":"IRU"}},{"type":"Feature","id":"sicar_imoveis_rs.10274015","geometry":{"type":"MultiPolygon","coordinates":[[[[-53.53826152,-28.58613678],[-53.54191337,-28.58644981],[-53.54325474,-28.58653897],[-53.54436617,-28.58658091],[-53.54463756,-28.58682575],[-53.54510604,-28.58706775],[-53.54559855,-28.58738132],[-53.54599919,-28.58712437],[-53.54618259,-28.5869492],[-53.54645475,-28.58673317],[-53.54693274,-28.58641692],[-53.54717625,-28.58610303],[-53.54761759,-28.58581837],[-53.54790338,-28.58576221],[-53.54864421,-28.58571311],[-53.54867722,-28.5860345],[-53.5491001,-28.58976969],[-53.54741494,-28.59035043],[-53.54171368,-28.59253112],[-53.53934235,-28.59343499],[-53.53858484,-28.59315911],[-53.53416363,-28.59168362],[-53.53413394,-28.59119298],[-53.53406449,-28.59060551],[-53.53373448,-28.58996087],[-53.53313972,-28.58932094],[-53.53274626,-28.58887705],[-53.53246709,-28.58839481],[-53.53242157,-28.58800066],[-53.53252645,-28.58767328],[-53.53258338,-28.58751161],[-53.53274804,-28.5873226],[-53.532899,-28.58706905],[-53.53313137,-28.58669141],[-53.53315183,-28.58643122],[-53.53310434,-28.58597019],[-53.53297013,-28.58576445],[-53.53826152,-28.58613678]]]]},"geometry_name":"geo_area_imovel","properties":{"cod_imovel":"RS-4306106-17CD24E531DA434CBF31AC36E8D9BE0E","status_imovel":"AT","dat_criacao":"2022-04-13T06:27:55.380Z","area":95.9429,"condicao":"Aguardando análise","uf":"RS","municipio":"Cruz Alta","cod_municipio_ibge":4306106,"m_fiscal":4.7971,"tipo_imovel":"IRU"}},{"type":"Feature","id":"sicar_imoveis_rs.1800812","geometry":{"type":"MultiPolygon","coordinates":[[[[-53.71267319,-28.63227596],[-53.7194109,-28.63338714],[-53.71913195,-28.63412164],[-53.71874571,-28.63476197],[-53.71654811,-28.63410262],[-53.71546141,-28.63393277],[-53.71494439,-28.63391896],[-53.71202946,-28.63344364],[-53.71267319,-28.63227596]]]]},"geometry_name":"geo_area_imovel","properties":{"cod_imovel":"RS-4306106-17D15BD1D7FB4360B601FA81A857BB7D","status_imovel":"AT","dat_criacao":"2015-12-15T14:28:03.690Z","area":9.4485,"condicao":"Aguardando análise","uf":"RS","municipio":"Cruz Alta","cod_municipio_ibge":4306106,"m_fiscal":0.4724,"tipo_imovel":"IRU"}},{"type":"Feature","id":"sicar_imoveis_rs.3243779","geometry":{"type":"MultiPolygon","coordinates":[[[[-53.56759448,-28.73381062],[-53.56765915,-28.73385854],[-53.5676592,-28.73385858],[-53.56765953,-28.73385883],[-53.56778625,-28.73395219],[-53.56778653,-28.7339524],[-53.56787835,-28.73401979],[-53.56787906,-28.73402032],[-53.56794516,-28.73406839],[-53.56802733,-28.73412886],[-53.5681205,-28.73419745],[-53.56819075,-28.73424981],[-53.5681913,-28.73425021],[-53.56819244,-28.73425105],[-53.56827682,-28.73431257],[-53.56835847,-28.73437222],[-53.56842827,-28.7344238],[-53.56842953,-28.73442472],[-53.56849922,-28.7344754],[-53.56860304,-28.73455103],[-53.5686975,-28.73462037],[-53.56876566,-28.73467137],[-53.56876651,-28.73467201],[-53.56876802,-28.73467311],[-53.56885306,-28.73473483],[-53.56892894,-28.73479036],[-53.56893153,-28.73479223],[-53.56899635,-28.7348381],[-53.56906578,-28.73488826],[-53.56906853,-28.73489021],[-53.56912602,-28.7349303],[-53.56919823,-28.73498162],[-53.56920404,-28.7349856],[-53.56925184,-28.73501715],[-53.56930791,-28.73505489],[-53.56931044,-28.73505657],[-53.56937917,-28.73510136],[-53.56937979,-28.73510176],[-53.56938161,-28.73510293],[-53.56943656,-28.73513764],[-53.56943856,-28.73513889],[-53.56948799,-28.73516934],[-53.56948953,-28.73517028],[-53.56954948,-28.73520649],[-53.56955146,-28.73520767],[-53.56961092,-28.7352427],[-53.56961464,-28.73524484],[-53.56961535,-28.73524524],[-53.56968437,-28.73528366],[-53.56968692,-28.73528506],[-53.56977098,-28.73533035],[-53.56977357,-28.73533172],[-53.56983979,-28.73536623],[-53.56984018,-28.73536643],[-53.56990228,-28.73539863],[-53.56990709,-28.73540104],[-53.56996914,-28.73543126],[-53.56996962,-28.73543149],[-53.56997302,-28.7354331],[-53.57003823,-28.73546325],[-53.57003911,-28.73546365],[-53.5701034,-28.73549303],[-53.57010535,-28.73549391],[-53.57019013,-28.73553164],[-53.57019305,-28.73553291],[-53.57025001,-28.73555726],[-53.57025279,-28.73555842],[-53.57025629,-28.73555983],[-53.57030159,-28.73557755],[-53.57036009,-28.73560059],[-53.57036267,-28.73560159],[-53.57044049,-28.7356311],[-53.57044313,-28.73563208],[-53.57052183,-28.73566079],[-53.57052212,-28.73566089],[-53.57060218,-28.73568997],[-53.57060592,-28.73569129],[-53.57060962,-28.73569252],[-53.57069778,-28.73572104],[-53.57070142,-28.73572219],[-53.57077078,-28.73574332],[-53.57082197,-28.73575924],[-53.57082531,-28.73576025],[-53.57090024,-28.73578227],[-53.57090339,-28.73578317],[-53.57090408,-28.73578336],[-53.57097444,-28.73580269],[-53.57097896,-28.73580388],[-53.57106969,-28.73582679],[-53.57107234,-28.73582744],[-53.57117982,-28.73585321],[-53.57118239,-28.73585381],[-53.57125493,-28.73587031],[-53.57125739,-28.73587086],[-53.57125904,-28.73587121],[-53.5713465,-28.73588941],[-53.57135029,-28.73589017],[-53.57143182,-28.7359057],[-53.57143687,-28.73590661],[-53.57144192,-28.73590745],[-53.57075763,-28.73646766],[-53.57138678,-28.73936438],[-53.56896503,-28.73938925],[-53.56893957,-28.73942055],[-53.56891505,-28.73945744],[-53.5688553,-28.73948379],[-53.56879031,-28.73952354],[-53.5687381,-28.73955729],[-53.56870989,-28.73958191],[-53.56869317,-28.73959649],[-53.5686862,-28.73962035],[-53.56868682,-28.73964555],[-53.56869896,-28.7396732],[-53.56869023,-28.73968751],[-53.56866735,-28.73969425],[-53.56863969,-28.73970037],[-53.56860536,-28.73972624],[-53.56858261,-28.7397708],[-53.56858129,-28.73981425],[-53.56859076,-28.73984418],[-53.56860424,-28.73987544],[-53.56860082,-28.73989792],[-53.56858536,-28.73991572],[-53.56854609,-28.73993468],[-53.56850753,-28.73997075],[-53.56849984,-28.73998904],[-53.56849254,-28.74000395],[-53.56846299,-28.74004622],[-53.56844453,-28.74007108],[-53.56837531,-28.74013263],[-53.56833357,-28.74018035],[-53.56826592,-28.74024117],[-53.5682153,-28.74028345],[-53.5681797,-28.74035487],[-53.56815708,-28.74041376],[-53.56814116,-28.74043615],[-53.5681213,-28.74043652],[-53.56810237,-28.74042626],[-53.56808494,-28.74041804],[-53.56806131,-28.74042087],[-53.56804538,-28.74043043],[-53.56803315,-28.7404389],[-53.56795665,-28.74056012],[-53.56793517,-28.74059134],[-53.56789161,-28.74062999],[-53.56784279,-28.74068065],[-53.56782488,-28.7406957],[-53.56777853,-28.74071759],[-53.56772349,-28.74074175],[-53.56768852,-28.7407651],[-53.56765273,-28.74080542],[-53.56761498,-28.74085377],[-53.56754231,-28.74090418],[-53.56748355,-28.74092228],[-53.56742137,-28.74094854],[-53.56739444,-28.74095997],[-53.56736175,-28.74097768],[-53.56732944,-28.74098964],[-53.56726634,-28.74102541],[-53.56725129,-28.74103368],[-53.56724142,-28.74104139],[-53.56723208,-28.74104331],[-53.5672199,-28.7410438],[-53.56718502,-28.74104726],[-53.56716922,-28.74105107],[-53.56716342,-28.74105462],[-53.56716131,-28.74106107],[-53.56715991,-28.74107205],[-53.56715603,-28.74108053],[-53.5671543,-28.74109031],[-53.56715857,-28.7411031],[-53.56716352,-28.74112058],[-53.56716263,-28.74113996],[-53.56715602,-28.7411485],[-53.56714477,-28.74115589],[-53.56713101,-28.74116646],[-53.56712237,-28.74118223],[-53.5671123,-28.74119293],[-53.56709954,-28.74119107],[-53.56708248,-28.74117598],[-53.56706566,-28.7411707],[-53.567043,-28.74117764],[-53.56703114,-28.74118886],[-53.56702846,-28.74120923],[-53.56702918,-28.74123863],[-53.56702833,-28.74126876],[-53.56702142,-28.7412787],[-53.56701213,-28.74128866],[-53.56700677,-28.74128971],[-53.5670043,-28.74128786],[-53.56699839,-28.74128844],[-53.56699195,-28.74128952],[-53.56698747,-28.74129364],[-53.56698262,-28.74129984],[-53.56697799,-28.74130236],[-53.56697287,-28.74130222],[-53.56696715,-28.7412989],[-53.56696006,-28.74129606],[-53.56695007,-28.74129506],[-53.56693411,-28.74129588],[-53.56692335,-28.74129735],[-53.56759448,-28.73381062]]]]},"geometry_name":"geo_area_imovel","properties":{"cod_imovel":"RS-4306106-1819A3AFD3214B7B934673DF0677251D","status_imovel":"AT","dat_criacao":"2016-05-31T05:44:01.725Z","area":20.3494,"condicao":"Aguardando análise","uf":"RS","municipio":"Cruz Alta","cod_municipio_ibge":4306106,"m_fiscal":1.0175,"tipo_imovel":"IRU"}},{"type":"Feature","id":"sicar_imoveis_rs.1829119","geometry":{"type":"MultiPolygon","coordinates":[[[[-53.46762657,-28.55534988],[-53.46826093,-28.55530488],[-53.4681995,-28.55643393],[-53.46813495,-28.55806399],[-53.46892418,-28.55816204],[-53.46805696,-28.5607825],[-53.46711159,-28.56247398],[-53.46632449,-28.5651986],[-53.46492236,-28.56704836],[-53.46402168,-28.5656024],[-53.46380711,-28.56420782],[-53.46352791,-28.56349188],[-53.46304145,-28.56293316],[-53.4628,-28.5618482],[-53.46281823,-28.56063783],[-53.46307026,-28.55972746],[-53.46361763,-28.55845158],[-53.4639844,-28.55745467],[-53.46468856,-28.55683046],[-53.46590241,-28.55616684],[-53.46754074,-28.55640533],[-53.46762657,-28.55534988]]]]},"geometry_name":"geo_area_imovel","properties":{"cod_imovel":"RS-4306106-1820CA33F0D14F69A2F0324EAF994668","status_imovel":"AT","dat_criacao":"2015-12-16T16:46:09.567Z","area":44.007,"condicao":"Aguardando análise","uf":"RS","municipio":"Cruz Alta","cod_municipio_ibge":4306106,"m_fiscal":2.2003,"tipo_imovel":"IRU"}},{"type":"Feature","id":"sicar_imoveis_rs.2660760","geometry":{"type":"MultiPolygon","coordinates":[[[[-53.46621506,-28.60961007],[-53.4626804,-28.61795309],[-53.46235684,-28.62816248],[-53.45755789,-28.62441871],[-53.45261716,-28.61992614],[-53.45368559,-28.61584356],[-53.45628152,-28.61512567],[-53.45878926,-28.61391946],[-53.46020158,-28.61262961],[-53.45916597,-28.61134119],[-53.45847132,-28.61000454],[-53.45860956,-28.6057329],[-53.45969132,-28.60294199],[-53.46046543,-28.6021616],[-53.46308026,-28.60124868],[-53.46339679,-28.60187828],[-53.46499272,-28.60106462],[-53.46623257,-28.6018425],[-53.46316389,-28.60563791],[-53.46237599,-28.60709636],[-53.46237,-28.60836169],[-53.46621506,-28.60961007]]]]},"geometry_name":"geo_area_imovel","properties":{"cod_imovel":"RS-4306106-1834192E43FC48F49B0D7FB22E0274CB","status_imovel":"AT","dat_criacao":"2016-04-25T02:18:09.088Z","area":176.1052,"condicao":"Aguardando análise","uf":"RS","municipio":"Cruz Alta","cod_municipio_ibge":4306106,"m_fiscal":8.8053,"tipo_imovel":"IRU"}},{"type":"Feature","id":"sicar_imoveis_rs.3269766","geometry":{"type":"MultiPolygon","coordinates":[[[[-53.69132221,-28.76472037],[-53.69077532,-28.76496396],[-53.69020159,-28.76522696],[-53.6888779,-28.76577988],[-53.68797753,-28.76493996],[-53.68748596,-28.76448015],[-53.68601499,-28.76312218],[-53.68534952,-28.76248866],[-53.68409971,-28.7613178],[-53.68413211,-28.76121147],[-53.68495176,-28.76142933],[-53.68582814,-28.76165815],[-53.68668726,-28.76188251],[-53.68688223,-28.7619322],[-53.6868919,-28.76194391],[-53.69132221,-28.76472037]]]]},"geometry_name":"geo_area_imovel","properties":{"cod_imovel":"RS-4306106-18411E725556439F8B561780D850D749","status_imovel":"AT","dat_criacao":"2016-06-01T21:08:52.534Z","area":11.575,"condicao":"Aguardando análise","uf":"RS","municipio":"Cruz Alta","cod_municipio_ibge":4306106,"m_fiscal":0.5788,"tipo_imovel":"IRU"}},{"type":"Feature","id":"sicar_imoveis_rs.8006552","geometry":{"type":"MultiPolygon","coordinates":[[[[-53.63064949,-28.63851154],[-53.63209656,-28.63849036],[-53.63234181,-28.63838855],[-53.63285634,-28.63825599],[-53.63345372,-28.63826572],[-53.6337489,-28.63821716],[-53.63424506,-28.63819242],[-53.63467693,-28.63810607],[-53.63478419,-28.63802167],[-53.63571363,-28.63749954],[-53.63635076,-28.63736407],[-53.63699602,-28.63708897],[-53.63729186,-28.63667869],[-53.6377489,-28.63631349],[-53.63796638,-28.63610377],[-53.63823092,-28.63570132],[-53.6384181,-28.63548736],[-53.63892862,-28.63532321],[-53.63939678,-28.63455836],[-53.63991513,-28.63448206],[-53.64033134,-28.63434195],[-53.64093467,-28.63416615],[-53.64111347,-28.63408273],[-53.64117151,-28.6340489],[-53.64120823,-28.63384402],[-53.64150207,-28.63380923],[-53.6416864,-28.63396581],[-53.64188172,-28.6336109],[-53.64197528,-28.63348403],[-53.64208458,-28.63325941],[-53.64242061,-28.63317341],[-53.6427916,-28.63271962],[-53.64292688,-28.63272062],[-53.64342626,-28.63307894],[-53.64363173,-28.63303571],[-53.64376868,-28.63327947],[-53.64415091,-28.63311993],[-53.64431015,-28.63338953],[-53.64442847,-28.63353062],[-53.64480049,-28.63368159],[-53.64491792,-28.63349108],[-53.64459796,-28.63345891],[-53.64490008,-28.63343066],[-53.64511379,-28.63347422],[-53.64552642,-28.63329105],[-53.64566475,-28.63340368],[-53.64574162,-28.63346687],[-53.6457758,-28.63393988],[-53.64731609,-28.63384702],[-53.64791349,-28.63476396],[-53.65025284,-28.63463222],[-53.65176986,-28.63355718],[-53.65172316,-28.63284179],[-53.65175567,-28.63262993],[-53.65204355,-28.63265118],[-53.65217269,-28.63244915],[-53.65250162,-28.63229595],[-53.65306653,-28.63243704],[-53.65328189,-28.63243681],[-53.65354613,-28.63215565],[-53.65390369,-28.63190382],[-53.65410183,-28.6317666],[-53.65471749,-28.63119104],[-53.65527397,-28.63100935],[-53.65594333,-28.6308264],[-53.65710495,-28.63082636],[-53.65729909,-28.63095413],[-53.65769573,-28.63095863],[-53.65799708,-28.63111497],[-53.65831889,-28.63122091],[-53.65888292,-28.63171199],[-53.65907085,-28.63202859],[-53.65970363,-28.63246917],[-53.65985095,-28.63278418],[-53.66004509,-28.63303663],[-53.66008078,-28.63347835],[-53.66035635,-28.63416679],[-53.66126332,-28.63425331],[-53.66241932,-28.6354588],[-53.66252661,-28.63602379],[-53.66400641,-28.63665048],[-53.66276843,-28.63854584],[-53.66318737,-28.64004569],[-53.66300307,-28.64133558],[-53.66246742,-28.64196983],[-53.66188625,-28.6425592],[-53.66181368,-28.64342263],[-53.66203659,-28.64375943],[-53.66133527,-28.64432683],[-53.66160858,-28.6446327],[-53.66122487,-28.6449142],[-53.66157638,-28.64523058],[-53.66179663,-28.64505418],[-53.66241331,-28.6458551],[-53.66238171,-28.64595834],[-53.66176027,-28.64613531],[-53.66142213,-28.64657126],[-53.66116224,-28.64705347],[-53.66098945,-28.64738688],[-53.66022901,-28.64742157],[-53.6599847,-28.64751016],[-53.66007758,-28.64793546],[-53.6587984,-28.64796577],[-53.65832188,-28.64876547],[-53.65812506,-28.64926609],[-53.65794635,-28.64952573],[-53.65753277,-28.64913768],[-53.65690022,-28.64863763],[-53.65660271,-28.64867758],[-53.65593989,-28.6487268],[-53.65541231,-28.64859843],[-53.65515406,-28.64830336],[-53.6547525,-28.64823258],[-53.65474557,-28.6484636],[-53.65422321,-28.64874106],[-53.65372799,-28.64938444],[-53.65353715,-28.64975526],[-53.65315785,-28.64980245],[-53.65225015,-28.6501288],[-53.65222736,-28.65029004],[-53.65047477,-28.6496053],[-53.65006769,-28.64969812],[-53.64915643,-28.64994428],[-53.64902855,-28.65009837],[-53.64877126,-28.65019776],[-53.64842741,-28.65002478],[-53.64822359,-28.65029975],[-53.64836267,-28.65042555],[-53.64802255,-28.65060256],[-53.64755195,-28.65063197],[-53.64774156,-28.65078171],[-53.64768963,-28.65096604],[-53.64701988,-28.65088725],[-53.64660792,-28.6513387],[-53.64565229,-28.65175079],[-53.64522655,-28.65207084],[-53.6446743,-28.65218742],[-53.64465358,-28.65257191],[-53.64432849,-28.65279692],[-53.6440788,-28.65305045],[-53.6436415,-28.65337264],[-53.64320383,-28.65359118],[-53.64273844,-28.65360897],[-53.63959885,-28.65185435],[-53.63879168,-28.65107003],[-53.63694077,-28.65012464],[-53.63603391,-28.64967238],[-53.63419767,-28.64923456],[-53.63383162,-28.64902941],[-53.63145851,-28.64694562],[-53.63127085,-28.6468302],[-53.63157597,-28.64297596],[-53.63145547,-28.64140378],[-53.63064949,-28.63851154]]]]},"geometry_name":"geo_area_imovel","properties":{"cod_imovel":"RS-4306106-18F0506646BD406B8AFEB25E135720E8","status_imovel":"AT","dat_criacao":"2020-02-21T01:17:36.112Z","area":531.9273,"condicao":"Aguardando análise","uf":"RS","municipio":"Cruz Alta","cod_municipio_ibge":4306106,"m_fiscal":26.5964,"tipo_imovel":"IRU"}},{"type":"Feature","id":"sicar_imoveis_rs.3079197","geometry":{"type":"MultiPolygon","coordinates":[[[[-53.65440445,-28.90304854],[-53.65775495,-28.90263963],[-53.65706322,-28.90022275],[-53.65695096,-28.90003129],[-53.65626357,-28.89918486],[-53.65388378,-28.89854536],[-53.65329743,-28.89903201],[-53.65440445,-28.90304854]]]]},"geometry_name":"geo_area_imovel","properties":{"cod_imovel":"RS-4306106-1903F6BDA51E4AC9853B30B08129451D","status_imovel":"AT","dat_criacao":"2016-05-20T13:26:24.857Z","area":14.451,"condicao":"Aguardando análise","uf":"RS","municipio":"Cruz Alta","cod_municipio_ibge":4306106,"m_fiscal":0.7226,"tipo_imovel":"IRU"}},{"type":"Feature","id":"sicar_imoveis_rs.6148084","geometry":{"type":"MultiPolygon","coordinates":[[[[-53.51990101,-28.66638081],[-53.51257964,-28.66688529],[-53.51117217,-28.66700119],[-53.50940093,-28.66724224],[-53.50625711,-28.66834605],[-53.50078564,-28.66978925],[-53.50086548,-28.6700767],[-53.50090495,-28.67016809],[-53.50081033,-28.67044161],[-53.50068806,-28.67049857],[-53.50023826,-28.67023582],[-53.49969478,-28.66991112],[-53.49931009,-28.67026307],[-53.49962835,-28.6706738],[-53.4995771,-28.67075966],[-53.49925538,-28.67085133],[-53.49908302,-28.67103862],[-53.49919645,-28.67149598],[-53.49914074,-28.67210396],[-53.49899171,-28.67272273],[-53.49904908,-28.67307978],[-53.49928067,-28.67396794],[-53.49892206,-28.67470388],[-53.4994075,-28.67498123],[-53.49988414,-28.67527051],[-53.50068579,-28.6755323],[-53.50121644,-28.67572437],[-53.50133495,-28.67581792],[-53.50144363,-28.67618681],[-53.50216699,-28.67616944],[-53.50236751,-28.67599032],[-53.50248661,-28.67576253],[-53.50252918,-28.6756038],[-53.50235583,-28.67534057],[-53.50173822,-28.67504453],[-53.50121739,-28.67473547],[-53.50097133,-28.67444627],[-53.50075352,-28.67394544],[-53.50058223,-28.67352601],[-53.5004158,-28.67289852],[-53.50053568,-28.67254328],[-53.50098084,-28.67248317],[-53.50160714,-28.67264898],[-53.50209628,-28.67257255],[-53.50244503,-28.6724282],[-53.5028794,-28.67252845],[-53.50314594,-28.67261322],[-53.50372783,-28.67286794],[-53.50436557,-28.67288933],[-53.50504088,-28.67293507],[-53.50544202,-28.67294624],[-53.50596025,-28.67300622],[-53.50644008,-28.67282222],[-53.50698916,-28.67256593],[-53.50756273,-28.67251059],[-53.50823139,-28.67260178],[-53.50853444,-28.67281005],[-53.50852483,-28.67300067],[-53.5083883,-28.67344386],[-53.50793558,-28.67367825],[-53.50788413,-28.67377754],[-53.50801298,-28.67408],[-53.50851587,-28.67484491],[-53.50791709,-28.67533998],[-53.50729585,-28.67551853],[-53.50637663,-28.67582192],[-53.50630025,-28.67654802],[-53.50616825,-28.67683525],[-53.50668624,-28.67697287],[-53.50725053,-28.67700979],[-53.50781923,-28.67770197],[-53.50790053,-28.67831448],[-53.50768671,-28.67913612],[-53.50721005,-28.67965612],[-53.50640031,-28.67997276],[-53.50588808,-28.68043823],[-53.50640896,-28.68061227],[-53.50718067,-28.68060269],[-53.50792072,-28.68054413],[-53.50847405,-28.68025904],[-53.5087221,-28.68035432],[-53.50912952,-28.68097125],[-53.50912508,-28.68143443],[-53.50907808,-28.6815889],[-53.50910155,-28.68176459],[-53.50927245,-28.68210534],[-53.50997341,-28.68183676],[-53.51030355,-28.68166298],[-53.51063292,-28.68147668],[-53.51132282,-28.68180995],[-53.51216984,-28.68197561],[-53.51257471,-28.68250025],[-53.5127265,-28.68303872],[-53.51271271,-28.68330142],[-53.51302001,-28.68353377],[-53.51364635,-28.68408213],[-53.51430076,-28.68388712],[-53.51450316,-28.68372492],[-53.51469281,-28.68363346],[-53.51513204,-28.68339544],[-53.51571226,-28.68337574],[-53.51600819,-28.68302489],[-53.51607723,-28.68281519],[-53.51617281,-28.68262574],[-53.5162611,-28.68246255],[-53.51657523,-28.68234826],[-53.516732,-28.6822972],[-53.51706256,-28.68207701],[-53.51734847,-28.68193626],[-53.51769948,-28.68180491],[-53.5180897,-28.68167113],[-53.51837449,-28.68160619],[-53.51837595,-28.68159196],[-53.51543772,-28.67615484],[-53.52095082,-28.67434279],[-53.51990101,-28.66638081]]]]},"geometry_name":"geo_area_imovel","properties":{"cod_imovel":"RS-4306106-19127790871D4EE5902A22FFCCA91A4D","status_imovel":"AT","dat_criacao":"2018-12-03T23:30:53.044Z","area":227.3778,"condicao":"Aguardando análise","uf":"RS","municipio":"Cruz Alta","cod_municipio_ibge":4306106,"m_fiscal":11.3689,"tipo_imovel":"IRU"}},{"type":"Feature","id":"sicar_imoveis_rs.10100832","geometry":{"type":"MultiPolygon","coordinates":[[[[-53.35666354,-28.70210568],[-53.35650655,-28.7021146],[-53.35632946,-28.70221199],[-53.35635916,-28.70246435],[-53.35654748,-28.70274308],[-53.3565718,-28.70300391],[-53.35661039,-28.70331942],[-53.35659649,-28.70356767],[-53.3564762,-28.70374239],[-53.3562534,-28.70385528],[-53.35605933,-28.70391649],[-53.35587342,-28.70407814],[-53.35578399,-28.70422275],[-53.35564376,-28.70444665],[-53.35536475,-28.70456299],[-53.35508889,-28.70450273],[-53.35505954,-28.70439591],[-53.3550045,-28.70414338],[-53.35482806,-28.70402588],[-53.35468994,-28.70400296],[-53.35448051,-28.70404299],[-53.35432985,-28.70391253],[-53.35427633,-28.70380745],[-53.35435928,-28.70358654],[-53.35432876,-28.70343238],[-53.35410897,-28.7032274],[-53.35388069,-28.70316172],[-53.35367073,-28.70298483],[-53.35367124,-28.70276336],[-53.35360711,-28.70255611],[-53.35345133,-28.70239608],[-53.35319118,-28.70240365],[-53.35287861,-28.70244239],[-53.35273051,-28.70263932],[-53.35256846,-28.70274015],[-53.35239346,-28.70271763],[-53.35206464,-28.70277495],[-53.35195073,-28.70278797],[-53.35168721,-28.70266752],[-53.35094816,-28.70241325],[-53.35048886,-28.70245265],[-53.35018708,-28.70247597],[-53.34977633,-28.7024979],[-53.34956231,-28.70257279],[-53.34664874,-28.69923461],[-53.33943491,-28.68975067],[-53.33935929,-28.68678944],[-53.34141033,-28.68769223],[-53.34837106,-28.69201743],[-53.35502296,-28.68846638],[-53.35529026,-28.68913291],[-53.35541615,-28.68930107],[-53.35564472,-28.68960572],[-53.35591507,-28.68994618],[-53.35615936,-28.69029452],[-53.35637194,-28.69058631],[-53.3564609,-28.69084718],[-53.3564034,-28.6910892],[-53.35646303,-28.69137161],[-53.35654443,-28.69186901],[-53.35666431,-28.69217642],[-53.35698911,-28.69242722],[-53.35730506,-28.69290736],[-53.3575336,-28.69329238],[-53.35769674,-28.69359855],[-53.35773314,-28.69386904],[-53.35753338,-28.69416521],[-53.35739974,-28.69448944],[-53.35734271,-28.69480306],[-53.35710227,-28.69519567],[-53.35677685,-28.69555411],[-53.35661808,-28.69582591],[-53.35657703,-28.6959553],[-53.35678925,-28.69623551],[-53.3569862,-28.69672681],[-53.35711182,-28.69740816],[-53.35721764,-28.69770621],[-53.35727182,-28.69837786],[-53.35729147,-28.69899055],[-53.35714324,-28.69980684],[-53.35735852,-28.70029135],[-53.35734092,-28.70105469],[-53.3571275,-28.70151825],[-53.35698695,-28.70194413],[-53.35666354,-28.70210568]]]]},"geometry_name":"geo_area_imovel","properties":{"cod_imovel":"RS-4306106-195F88D1165F4875AA1420991E972B75","status_imovel":"AT","dat_criacao":"2022-02-09T17:19:03.572Z","area":181.3281,"condicao":"Aguardando análise","uf":"RS","municipio":"Cruz Alta","cod_municipio_ibge":4306106,"m_fiscal":9.0664,"tipo_imovel":"IRU"}},{"type":"Feature","id":"sicar_imoveis_rs.6527056","geometry":{"type":"MultiPolygon","coordinates":[[[[-53.69695415,-28.8029859],[-53.69584933,-28.80154336],[-53.69541227,-28.80111133],[-53.69513023,-28.80096045],[-53.69490047,-28.80087113],[-53.69472691,-28.80079269],[-53.69444731,-28.80063707],[-53.69424498,-28.80043147],[-53.69407671,-28.79989719],[-53.69412779,-28.79936453],[-53.69762104,-28.80293278],[-53.69782941,-28.80316559],[-53.69800648,-28.80339587],[-53.69821633,-28.80371751],[-53.69837402,-28.80401051],[-53.69858625,-28.8045357],[-53.69866654,-28.80481356],[-53.69877505,-28.80530816],[-53.69775113,-28.80401855],[-53.69763827,-28.80386763],[-53.69695415,-28.8029859],[-53.69695415,-28.8029859]]]]},"geometry_name":"geo_area_imovel","properties":{"cod_imovel":"RS-4306106-1998376E3D5545BFBC052AF8E469ABC3","status_imovel":"AT","dat_criacao":"2019-03-07T01:38:10.398Z","area":3.5,"condicao":"Aguardando análise","uf":"RS","municipio":"Cruz Alta","cod_municipio_ibge":4306106,"m_fiscal":0.175,"tipo_imovel":"IRU"}},{"type":"Feature","id":"sicar_imoveis_rs.7630681","geometry":{"type":"MultiPolygon","coordinates":[[[[-53.58660722,-28.73328536],[-53.58583449,-28.73294369],[-53.58517677,-28.73286002],[-53.58367577,-28.73281358],[-53.58387637,-28.73241488],[-53.58417126,-28.7321395],[-53.58445184,-28.73206427],[-53.58521507,-28.72963041],[-53.58523659,-28.72933168],[-53.58525936,-28.72910334],[-53.58522467,-28.72880503],[-53.58518963,-28.72855573],[-53.58510953,-28.72823707],[-53.58500693,-28.72796813],[-53.58500691,-28.72795811],[-53.58494922,-28.72777798],[-53.5847207,-28.72764965],[-53.58437795,-28.72761298],[-53.58433211,-28.72760337],[-53.58410287,-28.72760572],[-53.58371276,-28.72777113],[-53.58345899,-28.72776359],[-53.58315738,-28.72763474],[-53.58314318,-28.72732025],[-53.58314293,-28.7272898],[-53.58304773,-28.72698586],[-53.58306841,-28.72674568],[-53.58243473,-28.72649092],[-53.58235287,-28.72636978],[-53.582191,-28.72631079],[-53.58199288,-28.72619006],[-53.58196957,-28.72618],[-53.58185309,-28.72601897],[-53.58171319,-28.72589814],[-53.58165471,-28.72576693],[-53.58160737,-28.7256452],[-53.5814903,-28.72551372],[-53.58132737,-28.72547396],[-53.58116434,-28.72548439],[-53.58107085,-28.7254036],[-53.58095501,-28.72544479],[-53.58066599,-28.72551867],[-53.57969195,-28.72431528],[-53.57963249,-28.72416242],[-53.57964248,-28.72395811],[-53.57964232,-28.72393769],[-53.57973256,-28.72358998],[-53.57973248,-28.72357977],[-53.57977485,-28.72307896],[-53.57985395,-28.72279139],[-53.579865,-28.72271947],[-53.57986474,-28.72268868],[-53.57975846,-28.72253548],[-53.57970804,-28.72208199],[-53.579706,-28.7218586],[-53.57957616,-28.72171701],[-53.57928382,-28.72169851],[-53.57921167,-28.72150504],[-53.57910565,-28.7214342],[-53.57887205,-28.72143531],[-53.57876549,-28.72128223],[-53.5787627,-28.72104699],[-53.57889975,-28.72080056],[-53.5791426,-28.72051157],[-53.57919842,-28.72022312],[-53.57940717,-28.71992319],[-53.58009387,-28.71922104],[-53.58028015,-28.71898603],[-53.58041993,-28.71880101],[-53.58046565,-28.71861592],[-53.58065208,-28.71833751],[-53.58105686,-28.71702508],[-53.58004827,-28.71648721],[-53.57876804,-28.71488344],[-53.57871374,-28.71448418],[-53.57861569,-28.71300691],[-53.57801399,-28.71066038],[-53.57799853,-28.71003895],[-53.57804297,-28.70978936],[-53.57813734,-28.70972679],[-53.57832684,-28.70972593],[-53.57852822,-28.70974571],[-53.57867195,-28.7099831],[-53.57879283,-28.71028302],[-53.57900919,-28.71069616],[-53.57934304,-28.71110825],[-53.57948911,-28.71162516],[-53.57987677,-28.71219325],[-53.58010618,-28.71264942],[-53.58011838,-28.71269085],[-53.58040563,-28.71315504],[-53.58044159,-28.71322721],[-53.58044384,-28.71353757],[-53.58033052,-28.71396398],[-53.58047624,-28.71441861],[-53.58085889,-28.71498523],[-53.58123061,-28.71559519],[-53.58183915,-28.71616209],[-53.58288476,-28.71672657],[-53.58365673,-28.71725007],[-53.58411126,-28.71748527],[-53.58450119,-28.71755521],[-53.58452475,-28.71755505],[-53.58506649,-28.71755157],[-53.58553003,-28.71731959],[-53.58595913,-28.71654048],[-53.58676788,-28.71569903],[-53.58744893,-28.71541473],[-53.58752218,-28.71570396],[-53.58795217,-28.71636298],[-53.58873774,-28.71712545],[-53.58906062,-28.71769225],[-53.58939796,-28.71867983],[-53.58989708,-28.71939734],[-53.59025669,-28.72000815],[-53.5904718,-28.72040937],[-53.59049578,-28.72047128],[-53.59067608,-28.72099715],[-53.59100737,-28.72155401],[-53.59162017,-28.72191082],[-53.58660722,-28.73328536]]]]},"geometry_name":"geo_area_imovel","properties":{"cod_imovel":"RS-4306106-1A58C5CBA15A40AF9AD688AC816E7118","status_imovel":"AT","dat_criacao":"2019-10-24T01:35:25.400Z","area":144.6138,"condicao":"Aguardando análise","uf":"RS","municipio":"Cruz Alta","cod_municipio_ibge":4306106,"m_fiscal":7.2307,"tipo_imovel":"IRU"}},{"type":"Feature","id":"sicar_imoveis_rs.3207820","geometry":{"type":"MultiPolygon","coordinates":[[[[-53.67337107,-28.77542206],[-53.67256917,-28.77838252],[-53.6723321,-28.78100168],[-53.66685238,-28.78115673],[-53.66301373,-28.78116281],[-53.6618774,-28.77995687],[-53.66529557,-28.77825014],[-53.66614417,-28.77699989],[-53.66846322,-28.77599466],[-53.67136237,-28.77461626],[-53.67242861,-28.77410645],[-53.67337107,-28.77542206]]]]},"geometry_name":"geo_area_imovel","properties":{"cod_imovel":"RS-4306106-1A789DCEADE340BA983B8A0B3FEA4AB0","status_imovel":"AT","dat_criacao":"2016-05-27T04:56:42.233Z","area":50.0477,"condicao":"Aguardando análise","uf":"RS","municipio":"Cruz Alta","cod_municipio_ibge":4306106,"m_fiscal":2.5024,"tipo_imovel":"IRU"}},{"type":"Feature","id":"sicar_imoveis_rs.9236960","geometry":{"type":"MultiPolygon","coordinates":[[[[-53.47781112,-28.66427633],[-53.46949129,-28.6646484],[-53.45128663,-28.66337137],[-53.45100209,-28.67008577],[-53.45110386,-28.67068556],[-53.45138463,-28.67175007],[-53.45188776,-28.67256811],[-53.45487773,-28.67779298],[-53.45492343,-28.67815458],[-53.45482064,-28.67857842],[-53.45400814,-28.68009363],[-53.45733673,-28.68216613],[-53.45920108,-28.68334236],[-53.45963608,-28.6836686],[-53.4644632,-28.68770883],[-53.46556531,-28.68825917],[-53.46569159,-28.68832162],[-53.4660692,-28.68850222],[-53.46634198,-28.68865548],[-53.46649773,-28.68875241],[-53.46704055,-28.6887623],[-53.46739856,-28.68887626],[-53.46759228,-28.68879541],[-53.46774953,-28.68890088],[-53.46789527,-28.68898338],[-53.46809028,-28.68913598],[-53.46826832,-28.68929432],[-53.46822262,-28.68935918],[-53.46839322,-28.68927403],[-53.46839605,-28.68942221],[-53.46870565,-28.68958341],[-53.46894767,-28.6896767],[-53.46886051,-28.68980109],[-53.46892247,-28.68986401],[-53.46898856,-28.69000854],[-53.46922129,-28.69006395],[-53.4693024,-28.69012858],[-53.46944581,-28.69014332],[-53.46952957,-28.69016976],[-53.46967083,-28.690242],[-53.46983402,-28.69032245],[-53.47008821,-28.69044683],[-53.47024703,-28.69036944],[-53.47068586,-28.69045802],[-53.47109385,-28.69059862],[-53.47116785,-28.69061893],[-53.47138207,-28.69078163],[-53.47154284,-28.69103783],[-53.4716141,-28.69098089],[-53.47179449,-28.69101795],[-53.47192356,-28.69105367],[-53.47204643,-28.69108291],[-53.47209637,-28.69117997],[-53.47218432,-28.69130022],[-53.47239364,-28.69135527],[-53.47264533,-28.6914993],[-53.4727614,-28.69156853],[-53.47319961,-28.69169911],[-53.47348133,-28.69164131],[-53.47378257,-28.69168835],[-53.47416753,-28.69165321],[-53.47457086,-28.69163387],[-53.47551284,-28.69182815],[-53.47563436,-28.6917928],[-53.47593401,-28.69178863],[-53.47670756,-28.68056782],[-53.47694955,-28.67699393],[-53.47745826,-28.66962885],[-53.47747568,-28.66935926],[-53.47781112,-28.66427633]]]]},"geometry_name":"geo_area_imovel","properties":{"cod_imovel":"RS-4306106-1A852F6DB74B427B86C1F9066577921E","status_imovel":"AT","dat_criacao":"2021-05-18T04:11:18.481Z","area":600.5062,"condicao":"Aguardando análise","uf":"RS","municipio":"Cruz Alta","cod_municipio_ibge":4306106,"m_fiscal":30.0253,"tipo_imovel":"IRU"}},{"type":"Feature","id":"sicar_imoveis_rs.12405643","geometry":{"type":"MultiPolygon","coordinates":[[[[-53.597703,-28.72622752],[-53.59573898,-28.72593793],[-53.59570706,-28.72617305],[-53.59505391,-28.7260653],[-53.5951276,-28.72557991],[-53.5953316,-28.72476497],[-53.59585727,-28.72475878],[-53.5960405,-28.72485949],[-53.59628879,-28.7249158],[-53.59646951,-28.72469905],[-53.59672945,-28.72452483],[-53.59722085,-28.72453493],[-53.59786392,-28.72454381],[-53.597703,-28.72622752]]]]},"geometry_name":"geo_area_imovel","properties":{"cod_imovel":"RS-4306106-1A97264FB5B14ABD98707DE4D389E591","status_imovel":"AT","dat_criacao":"2023-12-22T06:13:16.661Z","area":4.0185,"condicao":"Aguardando análise","uf":"RS","municipio":"Cruz Alta","cod_municipio_ibge":4306106,"m_fiscal":0.2009,"tipo_imovel":"IRU"}},{"type":"Feature","id":"sicar_imoveis_rs.2039154","geometry":{"type":"MultiPolygon","coordinates":[[[[-53.30963373,-28.720437],[-53.31461191,-28.72107681],[-53.31463337,-28.72198006],[-53.31057787,-28.72145316],[-53.30963373,-28.720437]]]]},"geometry_name":"geo_area_imovel","properties":{"cod_imovel":"RS-4306106-1B1FB3F9897442C6A95181742BCFDD38","status_imovel":"AT","dat_criacao":"2016-02-16T23:32:50.636Z","area":4.3908,"condicao":"Aguardando análise","uf":"RS","municipio":"Cruz Alta","cod_municipio_ibge":4306106,"m_fiscal":0.2195,"tipo_imovel":"IRU"}},{"type":"Feature","id":"sicar_imoveis_rs.9052791","geometry":{"type":"MultiPolygon","coordinates":[[[[-53.49478993,-28.7266993],[-53.4952311,-28.72670983],[-53.49574357,-28.72679212],[-53.49593687,-28.7267088],[-53.49631084,-28.72667374],[-53.49640474,-28.72653795],[-53.49638555,-28.72641542],[-53.49609439,-28.72592127],[-53.49610857,-28.72512683],[-53.49619467,-28.7250288],[-53.49620853,-28.72487129],[-53.49949274,-28.72601544],[-53.50021918,-28.72673655],[-53.50069416,-28.72720844],[-53.50112027,-28.72728707],[-53.50247994,-28.72794295],[-53.50295278,-28.72844013],[-53.49821497,-28.72926955],[-53.49843716,-28.73127764],[-53.50376245,-28.73019906],[-53.50460914,-28.73054084],[-53.50520468,-28.73111687],[-53.50492187,-28.73120208],[-53.50477279,-28.73092959],[-53.50444581,-28.73083686],[-53.50399579,-28.73083762],[-53.49693249,-28.73522041],[-53.49641299,-28.73530516],[-53.49618497,-28.73513408],[-53.49582496,-28.7342982],[-53.49551216,-28.73392795],[-53.49548721,-28.73366624],[-53.4954822,-28.73344683],[-53.49536719,-28.73321575],[-53.49532778,-28.73310822],[-53.49524743,-28.73294433],[-53.49514187,-28.73279679],[-53.49502135,-28.73269987],[-53.49472633,-28.73240543],[-53.49449884,-28.73203262],[-53.49424162,-28.73184268],[-53.4940669,-28.73183408],[-53.49386799,-28.73199184],[-53.49371686,-28.73191208],[-53.49345806,-28.7319746],[-53.49342799,-28.73209207],[-53.49329966,-28.73196345],[-53.4930333,-28.73206958],[-53.49302112,-28.73193602],[-53.49289388,-28.73193548],[-53.49299138,-28.73178293],[-53.49280834,-28.73170403],[-53.49296665,-28.73170679],[-53.49317744,-28.7316485],[-53.49343777,-28.73138297],[-53.493548,-28.73099959],[-53.49347492,-28.73085713],[-53.49327612,-28.73069624],[-53.49304167,-28.73056019],[-53.49280279,-28.73056072],[-53.49253499,-28.73060598],[-53.49240083,-28.73064157],[-53.49203357,-28.73061045],[-53.49188021,-28.73049708],[-53.49149217,-28.73006487],[-53.491223,-28.72991457],[-53.49088191,-28.72961015],[-53.4907369,-28.72947317],[-53.49078637,-28.72934956],[-53.49087247,-28.72932876],[-53.49105916,-28.7291521],[-53.49101689,-28.72897488],[-53.49111162,-28.72881796],[-53.49152164,-28.72859794],[-53.49182356,-28.72864488],[-53.49201998,-28.7286538],[-53.49233306,-28.72848934],[-53.49275141,-28.72817209],[-53.49338188,-28.72771514],[-53.49380965,-28.72741991],[-53.49395327,-28.72704151],[-53.49427828,-28.7268843],[-53.49478993,-28.7266993]]]]},"geometry_name":"geo_area_imovel","properties":{"cod_imovel":"RS-4306106-1B35C0D5A150450AB5768B1017C2BDCD","status_imovel":"AT","dat_criacao":"2021-03-08T21:25:42.310Z","area":67.2987,"condicao":"Aguardando análise","uf":"RS","municipio":"Cruz Alta","cod_municipio_ibge":4306106,"m_fiscal":3.3649,"tipo_imovel":"IRU"}},{"type":"Feature","id":"sicar_imoveis_rs.2615073","geometry":{"type":"MultiPolygon","coordinates":[[[[-53.665874,-28.53395583],[-53.66799831,-28.53499265],[-53.66965055,-28.53582209],[-53.66982222,-28.53599175],[-53.66988659,-28.53661383],[-53.67001534,-28.5370851],[-53.67046595,-28.53717935],[-53.67057323,-28.53770717],[-53.67209673,-28.53897015],[-53.67186069,-28.54006347],[-53.67166758,-28.54117563],[-53.67119551,-28.54183538],[-53.66385698,-28.53668923],[-53.665874,-28.53395583]]]]},"geometry_name":"geo_area_imovel","properties":{"cod_imovel":"RS-4306106-1B5630569BBC4CE39FFD9B29E2CF9BA1","status_imovel":"AT","dat_criacao":"2016-04-21T14:43:33.773Z","area":32.0348,"condicao":"Aguardando análise","uf":"RS","municipio":"Cruz Alta","cod_municipio_ibge":4306106,"m_fiscal":1.6017,"tipo_imovel":"IRU"}},{"type":"Feature","id":"sicar_imoveis_rs.3888122","geometry":{"type":"MultiPolygon","coordinates":[[[[-53.64999385,-28.86105362],[-53.64769054,-28.85307446],[-53.64959487,-28.85261281],[-53.65179892,-28.8605231],[-53.64999385,-28.86105362]]]]},"geometry_name":"geo_area_imovel","properties":{"cod_imovel":"RS-4306106-1B63F0DE1A1B46398ED7541E8CDADB3F","status_imovel":"AT","dat_criacao":"2016-12-14T23:22:04.727Z","area":17.1586,"condicao":"Aguardando análise","uf":"RS","municipio":"Cruz Alta","cod_municipio_ibge":4306106,"m_fiscal":0.8579,"tipo_imovel":"IRU"}},{"type":"Feature","id":"sicar_imoveis_rs.3408917","geometry":{"type":"MultiPolygon","coordinates":[[[[-53.3617719,-28.64689087],[-53.36642161,-28.65107435],[-53.36610161,-28.65116736],[-53.36591688,-28.65116444],[-53.36586194,-28.6511729],[-53.36574079,-28.65123844],[-53.36560572,-28.65129851],[-53.36547114,-28.65136449],[-53.36539736,-28.65140373],[-53.36533643,-28.65142439],[-53.36523592,-28.65147673],[-53.36514859,-28.65151648],[-53.3650682,-28.65155589],[-53.3649821,-28.65160804],[-53.36489536,-28.65164285],[-53.36478698,-28.65166082],[-53.36460466,-28.65176588],[-53.36452977,-28.65177546],[-53.36050765,-28.64760046],[-53.3617719,-28.64689087]]]]},"geometry_name":"geo_area_imovel","properties":{"cod_imovel":"RS-4306106-1BAC58AC5AE3479DBC9E8A31057DFF64","status_imovel":"AT","dat_criacao":"2016-06-20T14:32:29.340Z","area":10.3878,"condicao":"Aguardando análise","uf":"RS","municipio":"Cruz Alta","cod_municipio_ibge":4306106,"m_fiscal":0.5194,"tipo_imovel":"IRU"}},{"type":"Feature","id":"sicar_imoveis_rs.4813084","geometry":{"type":"MultiPolygon","coordinates":[[[[-53.31923686,-28.65692499],[-53.31971878,-28.65704084],[-53.3205741,-28.65721937],[-53.32108683,-28.65725188],[-53.32036354,-28.66071833],[-53.31885105,-28.66050621],[-53.31923686,-28.65692499]]]]},"geometry_name":"geo_area_imovel","properties":{"cod_imovel":"RS-4306106-1C3C45798EAB4D52965A985800296775","status_imovel":"AT","dat_criacao":"2017-12-02T00:31:23.422Z","area":6.5184,"condicao":"Aguardando análise","uf":"RS","municipio":"Cruz Alta","cod_municipio_ibge":4306106,"m_fiscal":0.3259,"tipo_imovel":"IRU"}},{"type":"Feature","id":"sicar_imoveis_rs.2675419","geometry":{"type":"MultiPolygon","coordinates":[[[[-53.47227781,-28.62875138],[-53.47482817,-28.62987032],[-53.48016455,-28.63376407],[-53.48039495,-28.63418679],[-53.48109343,-28.63466566],[-53.48145962,-28.63623663],[-53.48176988,-28.6365442],[-53.4820904,-28.6370695],[-53.48241294,-28.63808374],[-53.48248074,-28.63881026],[-53.48206717,-28.63903411],[-53.48200677,-28.63929526],[-53.48185795,-28.63953011],[-53.48145065,-28.63964958],[-53.48113119,-28.64003198],[-53.47902025,-28.63898185],[-53.47180251,-28.63529582],[-53.47053068,-28.6346007],[-53.46973208,-28.63404785],[-53.47227781,-28.62875138]]]]},"geometry_name":"geo_area_imovel","properties":{"cod_imovel":"RS-4306106-1C746980FC314DECA4CB9A132E3DDFCE","status_imovel":"AT","dat_criacao":"2016-04-26T02:03:49.753Z","area":75.2006,"condicao":"Aguardando análise","uf":"RS","municipio":"Cruz Alta","cod_municipio_ibge":4306106,"m_fiscal":3.76,"tipo_imovel":"IRU"}},{"type":"Feature","id":"sicar_imoveis_rs.3073848","geometry":{"type":"MultiPolygon","coordinates":[[[[-53.61551285,-28.67759884],[-53.61386061,-28.6783142],[-53.61321688,-28.67759884],[-53.61283064,-28.67714702],[-53.61257315,-28.67667638],[-53.6122942,-28.67626221],[-53.61218691,-28.67609278],[-53.61207962,-28.67594217],[-53.61319542,-28.67562214],[-53.61373186,-28.67543388],[-53.61433268,-28.67528327],[-53.61437559,-28.67564096],[-53.61441851,-28.67599865],[-53.61551285,-28.67759884]]]]},"geometry_name":"geo_area_imovel","properties":{"cod_imovel":"RS-4306106-1C99A2A2D1DF440BAB20986911641342","status_imovel":"AT","dat_criacao":"2016-05-20T08:17:00.834Z","area":5.9057,"condicao":"Aguardando análise","uf":"RS","municipio":"Cruz Alta","cod_municipio_ibge":4306106,"m_fiscal":0.2953,"tipo_imovel":"IRU"}},{"type":"Feature","id":"sicar_imoveis_rs.3301871","geometry":{"type":"MultiPolygon","coordinates":[[[[-53.71831809,-28.6345968],[-53.71817393,-28.63478664],[-53.71796103,-28.63506609],[-53.71774929,-28.63534471],[-53.71759662,-28.63552341],[-53.71752089,-28.6356417],[-53.71746318,-28.63578414],[-53.71739574,-28.63589785],[-53.71734317,-28.63603125],[-53.71733631,-28.63608885],[-53.71039882,-28.63623217],[-53.71056423,-28.63548347],[-53.7106457,-28.63521779],[-53.71064162,-28.63521388],[-53.7108291,-28.63486193],[-53.71121979,-28.63416167],[-53.71168213,-28.63336165],[-53.71538577,-28.63393551],[-53.7170012,-28.6342114],[-53.71827645,-28.63458039],[-53.71831809,-28.6345968]]]]},"geometry_name":"geo_area_imovel","properties":{"cod_imovel":"RS-4306106-1CA478852A1548DDB5BD8A6F3E504EDF","status_imovel":"AT","dat_criacao":"2016-06-03T06:10:14.042Z","area":17.547,"condicao":"Aguardando análise","uf":"RS","municipio":"Cruz Alta","cod_municipio_ibge":4306106,"m_fiscal":0.8774,"tipo_imovel":"IRU"}},{"type":"Feature","id":"sicar_imoveis_rs.14139604","geometry":{"type":"MultiPolygon","coordinates":[[[[-53.3999241,-28.76187736],[-53.39193083,-28.75818239],[-53.38304235,-28.75382701],[-53.38265215,-28.75213292],[-53.38219288,-28.75037547],[-53.38204223,-28.74859837],[-53.38232,-28.74745665],[-53.38274181,-28.74574732],[-53.38294349,-28.74521074],[-53.38364388,-28.74775125],[-53.38389597,-28.74763798],[-53.38431907,-28.74750588],[-53.38460971,-28.74740556],[-53.38488213,-28.74734613],[-53.38525324,-28.74708555],[-53.38548234,-28.74673919],[-53.38579951,-28.74656031],[-53.38610907,-28.74647064],[-53.38634354,-28.74597192],[-53.38666485,-28.74561193],[-53.38723366,-28.7453836],[-53.38792916,-28.74516985],[-53.38923537,-28.74522721],[-53.38952655,-28.74368495],[-53.39134755,-28.74281016],[-53.39426012,-28.7407134],[-53.40099552,-28.7461797],[-53.40756445,-28.75140886],[-53.40714892,-28.75196772],[-53.40689093,-28.75209171],[-53.40647313,-28.75143985],[-53.40572803,-28.75132974],[-53.40528986,-28.75139908],[-53.40511042,-28.7513711],[-53.40377941,-28.7501596],[-53.40289328,-28.7498423],[-53.40144583,-28.75004447],[-53.40143504,-28.75052043],[-53.40100052,-28.75072126],[-53.40066829,-28.75118601],[-53.400319,-28.75175087],[-53.4001836,-28.75205406],[-53.39995106,-28.75236401],[-53.39985906,-28.7527503],[-53.39980934,-28.75312321],[-53.39845852,-28.75265884],[-53.3977869,-28.75248433],[-53.39724789,-28.75249202],[-53.39681225,-28.75254356],[-53.39602099,-28.75263371],[-53.39542632,-28.75262413],[-53.39499625,-28.75244244],[-53.39446745,-28.75153572],[-53.3941816,-28.75155047],[-53.39362598,-28.75132188],[-53.39366799,-28.75535913],[-53.39619397,-28.7562526],[-53.39571135,-28.75682739],[-53.3981914,-28.7568924],[-53.39911476,-28.75776463],[-53.40179032,-28.75883582],[-53.40208187,-28.75930457],[-53.40195551,-28.75995483],[-53.40030992,-28.76183243],[-53.3999241,-28.76187736]]]]},"geometry_name":"geo_area_imovel","properties":{"cod_imovel":"RS-4306106-1CE16513557C4F9E9D4ACDF4E7F75B6A","status_imovel":"AT","dat_criacao":"2025-05-09T18:20:56.814Z","area":257.0875,"condicao":"Aguardando análise","uf":"RS","municipio":"Cruz Alta","cod_municipio_ibge":4306106,"m_fiscal":12.8544,"tipo_imovel":"IRU"}},{"type":"Feature","id":"sicar_imoveis_rs.4449211","geometry":{"type":"MultiPolygon","coordinates":[[[[-53.61945303,-28.56570986],[-53.61957578,-28.56620474],[-53.61991572,-28.56632873],[-53.62012834,-28.56633546],[-53.62106008,-28.56612169],[-53.62177106,-28.56601398],[-53.62288858,-28.56581025],[-53.62398004,-28.56388801],[-53.62388805,-28.56241215],[-53.6240823,-28.56201526],[-53.62524255,-28.562587],[-53.62913897,-28.56314496],[-53.62930751,-28.56425546],[-53.6271818,-28.56493333],[-53.62487053,-28.56574687],[-53.62442162,-28.56668746],[-53.62400982,-28.56732182],[-53.62476589,-28.56774334],[-53.62597959,-28.56870614],[-53.62616196,-28.56941826],[-53.62623098,-28.57017141],[-53.62129056,-28.57461331],[-53.62183334,-28.58077425],[-53.61704476,-28.58373056],[-53.61543639,-28.58256364],[-53.6139689,-28.58145115],[-53.61170651,-28.5792499],[-53.60959942,-28.57698498],[-53.60665642,-28.5741937],[-53.611228,-28.56638151],[-53.61070981,-28.56478261],[-53.61221406,-28.56397617],[-53.61324961,-28.56362792],[-53.61420515,-28.5634491],[-53.61491188,-28.56348656],[-53.61556122,-28.5635398],[-53.61677236,-28.56393087],[-53.61757217,-28.56383703],[-53.61879987,-28.56418916],[-53.6193741,-28.56521673],[-53.61945303,-28.56570986]]]]},"geometry_name":"geo_area_imovel","properties":{"cod_imovel":"RS-4306106-1CE9BF456569477EB098FC7716AC835F","status_imovel":"AT","dat_criacao":"2017-08-05T00:07:14.188Z","area":269.4392,"condicao":"Aguardando análise","uf":"RS","municipio":"Cruz Alta","cod_municipio_ibge":4306106,"m_fiscal":13.472,"tipo_imovel":"IRU"}},{"type":"Feature","id":"sicar_imoveis_rs.14712848","geometry":{"type":"MultiPolygon","coordinates":[[[[-53.60944556,-28.88849083],[-53.61165444,-28.89264472],[-53.61295722,-28.89510056],[-53.61563722,-28.89416917],[-53.61696472,-28.89370778],[-53.61340222,-28.88735833],[-53.61220139,-28.88770222],[-53.60944556,-28.88849083]]]]},"geometry_name":"geo_area_imovel","properties":{"cod_imovel":"RS-4306106-1DE3D380937E4A939556DBA4656D5C94","status_imovel":"AT","dat_criacao":"2025-09-12T12:39:46.145Z","area":32.7412,"condicao":"Aguardando análise","uf":"RS","municipio":"Cruz Alta","cod_municipio_ibge":4306106,"m_fiscal":1.6371,"tipo_imovel":"IRU"}},{"type":"Feature","id":"sicar_imoveis_rs.13189830","geometry":{"type":"MultiPolygon","coordinates":[[[[-53.62919468,-28.70407466],[-53.62844198,-28.70523109],[-53.62814394,-28.70582413],[-53.62728631,-28.70744207],[-53.62750527,-28.70815373],[-53.62781548,-28.70899311],[-53.62841765,-28.71034646],[-53.6291293,-28.71185492],[-53.62970105,-28.71296193],[-53.63003559,-28.71316265],[-53.62997476,-28.71319306],[-53.62973755,-28.71327822],[-53.63016332,-28.71394121],[-53.63096012,-28.71520636],[-53.63185729,-28.71665703],[-53.63376415,-28.71762719],[-53.63444539,-28.71867642],[-53.63600858,-28.72114591],[-53.63694529,-28.72052245],[-53.63712168,-28.7200541],[-53.63706694,-28.71959183],[-53.63695137,-28.71909307],[-53.6371156,-28.71892884],[-53.63734065,-28.71866729],[-53.6379489,-28.71801039],[-53.63854498,-28.71746296],[-53.63877611,-28.71706152],[-53.63877611,-28.71664791],[-53.63883694,-28.71625863],[-53.6388856,-28.71594234],[-53.63890993,-28.7155044],[-53.63876395,-28.71492049],[-53.63852065,-28.71449471],[-53.63861797,-28.71400811],[-53.63863013,-28.71344853],[-53.63876395,-28.71270646],[-53.63863013,-28.71215904],[-53.63882477,-28.71157512],[-53.63903158,-28.71096687],[-53.63723116,-28.70930027],[-53.63605116,-28.71013966],[-53.63546116,-28.70953141],[-53.63240623,-28.70623242],[-53.63181851,-28.70675551],[-53.62957028,-28.7044533],[-53.62919468,-28.70407466]]]]},"geometry_name":"geo_area_imovel","properties":{"cod_imovel":"RS-4306106-1E22D5AE827A4B6EA3E856B39F3EAF0D","status_imovel":"AT","dat_criacao":"2024-08-23T21:10:46.460Z","area":108.9559,"condicao":"Aguardando análise","uf":"RS","municipio":"Cruz Alta","cod_municipio_ibge":4306106,"m_fiscal":5.4478,"tipo_imovel":"IRU"}},{"type":"Feature","id":"sicar_imoveis_rs.13929963","geometry":{"type":"MultiPolygon","coordinates":[[[[-53.34984288,-28.65992142],[-53.35026052,-28.65632179],[-53.35051395,-28.65429256],[-53.35067187,-28.65274452],[-53.35084482,-28.65106667],[-53.35093119,-28.65112498],[-53.35097545,-28.65118106],[-53.35106313,-28.65126379],[-53.35115049,-28.65131482],[-53.35120399,-28.65133585],[-53.35127212,-28.65135634],[-53.3513309,-28.6513656],[-53.35136343,-28.65139675],[-53.35140482,-28.65143807],[-53.35144067,-28.65147174],[-53.35134562,-28.65294448],[-53.35128948,-28.65451284],[-53.35123601,-28.65689833],[-53.35119793,-28.65847172],[-53.35116121,-28.66028913],[-53.34984288,-28.65992142]]]]},"geometry_name":"geo_area_imovel","properties":{"cod_imovel":"RS-4306106-1E60FEA9614E42B39760492513DD4BF1","status_imovel":"AT","dat_criacao":"2025-03-12T17:22:09.291Z","area":8.9946,"condicao":"Aguardando análise","uf":"RS","municipio":"Cruz Alta","cod_municipio_ibge":4306106,"m_fiscal":0.4497,"tipo_imovel":"IRU"}},{"type":"Feature","id":"sicar_imoveis_rs.1561038","geometry":{"type":"MultiPolygon","coordinates":[[[[-53.61541724,-28.66326545],[-53.62074612,-28.66527925],[-53.62036846,-28.66571898],[-53.62003574,-28.66606666],[-53.61978966,-28.66629572],[-53.61962495,-28.66644209],[-53.61899806,-28.66520216],[-53.61876017,-28.66540979],[-53.61824889,-28.66580955],[-53.61769797,-28.66616795],[-53.61711539,-28.66648513],[-53.61589109,-28.6670208],[-53.61540094,-28.66602883],[-53.61349478,-28.6666992],[-53.61334651,-28.66637539],[-53.6125794,-28.66472998],[-53.61077021,-28.6653064],[-53.60941108,-28.66512484],[-53.60844444,-28.6654011],[-53.60798787,-28.66314461],[-53.60895706,-28.66316389],[-53.61148368,-28.66321689],[-53.61175936,-28.6633656],[-53.61218194,-28.66349791],[-53.61247608,-28.66361439],[-53.61301637,-28.6638817],[-53.6133873,-28.66389787],[-53.61366585,-28.66382639],[-53.61416407,-28.6636864],[-53.61460782,-28.66353034],[-53.61479834,-28.66349944],[-53.61505908,-28.66337108],[-53.61526544,-28.66331745],[-53.61541724,-28.66326545],[-53.61541724,-28.66326545]]]]},"geometry_name":"geo_area_imovel","properties":{"cod_imovel":"RS-4306106-1E956E077C9C4BA9954A1B13ED504B54","status_imovel":"AT","dat_criacao":"2015-10-17T00:30:13.276Z","area":27.4796,"condicao":"Aguardando análise","uf":"RS","municipio":"Cruz Alta","cod_municipio_ibge":4306106,"m_fiscal":1.374,"tipo_imovel":"IRU"}},{"type":"Feature","id":"sicar_imoveis_rs.3301537","geometry":{"type":"MultiPolygon","coordinates":[[[[-53.62812996,-28.57803979],[-53.6288166,-28.57722952],[-53.62948179,-28.57647577],[-53.63154173,-28.57724836],[-53.63360167,-28.57790788],[-53.63360167,-28.57809632],[-53.63167048,-28.5784355],[-53.6303401,-28.57817169],[-53.62986803,-28.57802094],[-53.62939596,-28.57796441],[-53.6290741,-28.57792673],[-53.62870932,-28.57794557],[-53.62812996,-28.57803979]]]]},"geometry_name":"geo_area_imovel","properties":{"cod_imovel":"RS-4306106-1EC47EEFF98C4B519813A186E106F49A","status_imovel":"AT","dat_criacao":"2016-06-03T05:52:15.605Z","area":5.5794,"condicao":"Aguardando análise","uf":"RS","municipio":"Cruz Alta","cod_municipio_ibge":4306106,"m_fiscal":0.279,"tipo_imovel":"IRU"}},{"type":"Feature","id":"sicar_imoveis_rs.8059547","geometry":{"type":"MultiPolygon","coordinates":[[[[-53.67907607,-28.62929444],[-53.67913076,-28.6291216],[-53.67916683,-28.62895584],[-53.67921877,-28.6287819],[-53.67930873,-28.62873571],[-53.67946573,-28.62868227],[-53.6795773,-28.62858819],[-53.67966787,-28.62846038],[-53.67967817,-28.62843352],[-53.6797418,-28.62826313],[-53.67978975,-28.62816505],[-53.6799334,-28.6280746],[-53.68009691,-28.62802332],[-53.68026372,-28.62786546],[-53.68037458,-28.62771641],[-53.68034431,-28.62754248],[-53.68023702,-28.62739087],[-53.68019104,-28.62713814],[-53.67904215,-28.6270138],[-53.67180251,-28.62594012],[-53.66952531,-28.62413177],[-53.66857824,-28.6233369],[-53.6669689,-28.62123849],[-53.66522968,-28.61880573],[-53.66244997,-28.61945163],[-53.65838941,-28.61753623],[-53.65784426,-28.61505144],[-53.65285424,-28.61501167],[-53.65194049,-28.61224975],[-53.65135702,-28.6104488],[-53.65000844,-28.60644287],[-53.64834208,-28.60705664],[-53.64696248,-28.60753086],[-53.64604569,-28.60781872],[-53.64424547,-28.60845067],[-53.64452753,-28.61000972],[-53.64452205,-28.61110497],[-53.64442086,-28.61147876],[-53.64449521,-28.61191353],[-53.64439791,-28.61249746],[-53.64443695,-28.61272175],[-53.6442463,-28.61349964],[-53.64424603,-28.61429261],[-53.64425363,-28.61506655],[-53.64448373,-28.61581519],[-53.64405674,-28.6176066],[-53.64344479,-28.61870618],[-53.64505546,-28.61882956],[-53.64759517,-28.61894159],[-53.65247053,-28.61954129],[-53.65376131,-28.62080686],[-53.65605366,-28.62175757],[-53.65577773,-28.62251627],[-53.65932717,-28.62353756],[-53.66326628,-28.62690792],[-53.66490375,-28.63046912],[-53.66715891,-28.62873065],[-53.67474712,-28.63215898],[-53.67714316,-28.63305521],[-53.67716279,-28.63293926],[-53.67711067,-28.63281616],[-53.67712098,-28.63267861],[-53.67727273,-28.63259341],[-53.67738788,-28.63251311],[-53.67749459,-28.63227874],[-53.67743297,-28.63204201],[-53.67737137,-28.63184474],[-53.67735581,-28.63163513],[-53.67750559,-28.63149227],[-53.67765391,-28.63132422],[-53.67776441,-28.63114443],[-53.67791825,-28.63098247],[-53.67806065,-28.63082374],[-53.67811426,-28.6306873],[-53.67826917,-28.63062813],[-53.67830415,-28.63042284],[-53.67834025,-28.6302676],[-53.67841279,-28.6300993],[-53.67846992,-28.63001945],[-53.67862215,-28.62995247],[-53.67877832,-28.62986428],[-53.67888493,-28.62969474],[-53.67900847,-28.62948543],[-53.67907607,-28.62929444]]]]},"geometry_name":"geo_area_imovel","properties":{"cod_imovel":"RS-4306106-1ECF1E50A53C452BAB204C3F619F3E59","status_imovel":"AT","dat_criacao":"2020-03-13T02:08:09.601Z","area":284.1164,"condicao":"Aguardando análise","uf":"RS","municipio":"Cruz Alta","cod_municipio_ibge":4306106,"m_fiscal":14.2058,"tipo_imovel":"IRU"}},{"type":"Feature","id":"sicar_imoveis_rs.8682837","geometry":{"type":"MultiPolygon","coordinates":[[[[-53.61432672,-28.62008183],[-53.61329555,-28.61947552],[-53.61321241,-28.61957844],[-53.61313262,-28.61986794],[-53.61313016,-28.62022197],[-53.6105104,-28.62067672],[-53.6103403,-28.6203353],[-53.61030944,-28.62001866],[-53.61041933,-28.61974257],[-53.61056042,-28.61934805],[-53.61055294,-28.61910201],[-53.61039211,-28.61892572],[-53.61102963,-28.61853775],[-53.61205664,-28.61797433],[-53.61334823,-28.61722195],[-53.61614124,-28.61719578],[-53.61623765,-28.61721053],[-53.61639628,-28.61745068],[-53.61653051,-28.61782426],[-53.61646019,-28.61823012],[-53.61587835,-28.61918456],[-53.61507164,-28.62049422],[-53.61432672,-28.62008183]]]]},"geometry_name":"geo_area_imovel","properties":{"cod_imovel":"RS-4306106-1ED3CD8E019A418F8772017D73061616","status_imovel":"AT","dat_criacao":"2020-10-23T13:49:03.676Z","area":15.8304,"condicao":"Aguardando análise","uf":"RS","municipio":"Cruz Alta","cod_municipio_ibge":4306106,"m_fiscal":0.7915,"tipo_imovel":"IRU"}},{"type":"Feature","id":"sicar_imoveis_rs.14211344","geometry":{"type":"MultiPolygon","coordinates":[[[[-53.65190861,-28.72079817],[-53.6514965,-28.71731885],[-53.64556508,-28.71204809],[-53.64622418,-28.71144217],[-53.64720242,-28.71032471],[-53.65044994,-28.70363809],[-53.65415618,-28.69513088],[-53.6499969,-28.69462165],[-53.65050743,-28.69280273],[-53.65092614,-28.69132475],[-53.65100408,-28.69070586],[-53.65074885,-28.68927974],[-53.65104328,-28.68789633],[-53.65169604,-28.68663316],[-53.6517182,-28.68658622],[-53.65240364,-28.68576595],[-53.65271054,-28.68531723],[-53.65412324,-28.68473109],[-53.65416984,-28.6847336],[-53.65513404,-28.68434278],[-53.65566491,-28.68473955],[-53.65595009,-28.68527378],[-53.65620692,-28.68591053],[-53.65653972,-28.68640505],[-53.65676941,-28.68701452],[-53.65709861,-28.68759003],[-53.65714017,-28.68783577],[-53.65795432,-28.68820176],[-53.65815373,-28.6885746],[-53.65812958,-28.68886809],[-53.65800511,-28.68908979],[-53.6579032,-28.68945175],[-53.65812353,-28.69001674],[-53.65817052,-28.69003086],[-53.65845708,-28.69066721],[-53.65876296,-28.69116141],[-53.65914729,-28.69165502],[-53.65949079,-28.69244859],[-53.65959028,-28.69291179],[-53.65917462,-28.69337297],[-53.65888363,-28.69391003],[-53.65927876,-28.69496678],[-53.65954606,-28.69578678],[-53.65939754,-28.69667481],[-53.659396,-28.69768349],[-53.65968363,-28.69884431],[-53.65998132,-28.70041192],[-53.66010889,-28.70206533],[-53.66000443,-28.70288108],[-53.66042431,-28.70374373],[-53.66096047,-28.70429138],[-53.66096722,-28.70527118],[-53.6602658,-28.70624509],[-53.65790062,-28.70764467],[-53.65567366,-28.70893809],[-53.65314005,-28.71031253],[-53.65317743,-28.71134977],[-53.65348382,-28.71478594],[-53.65370788,-28.71749368],[-53.65493224,-28.71802767],[-53.6551658,-28.72028282],[-53.65288274,-28.72034696],[-53.6520959,-28.72038096],[-53.65190861,-28.72079817]]]]},"geometry_name":"geo_area_imovel","properties":{"cod_imovel":"RS-4306106-1ED73EC78ACA40289DA7EA4196508289","status_imovel":"AT","dat_criacao":"2025-05-27T19:25:59.719Z","area":266.3568,"condicao":"Aguardando análise","uf":"RS","municipio":"Cruz Alta","cod_municipio_ibge":4306106,"m_fiscal":13.3178,"tipo_imovel":"IRU"}},{"type":"Feature","id":"sicar_imoveis_rs.10656496","geometry":{"type":"MultiPolygon","coordinates":[[[[-53.55753933,-28.64000653],[-53.55753631,-28.64066172],[-53.55756818,-28.64146328],[-53.55760364,-28.64177902],[-53.55722324,-28.64125037],[-53.55687684,-28.64079393],[-53.55663316,-28.64049702],[-53.55704977,-28.64030006],[-53.55664194,-28.6393471],[-53.55756622,-28.63910563],[-53.55753933,-28.64000653]]]]},"geometry_name":"geo_area_imovel","properties":{"cod_imovel":"RS-4306106-1F3C58F8463D4982A0DD74430F965A47","status_imovel":"AT","dat_criacao":"2022-08-11T20:12:34.208Z","area":1.5858,"condicao":"Aguardando análise","uf":"RS","municipio":"Cruz Alta","cod_municipio_ibge":4306106,"m_fiscal":0.0793,"tipo_imovel":"IRU"}},{"type":"Feature","id":"sicar_imoveis_rs.5541130","geometry":{"type":"MultiPolygon","coordinates":[[[[-53.67070198,-28.57822822],[-53.67121696,-28.5784355],[-53.66995096,-28.58218526],[-53.66722584,-28.58158229],[-53.66503716,-28.57954725],[-53.66342783,-28.58079089],[-53.66265535,-28.57992411],[-53.66435051,-28.57881236],[-53.66233349,-28.57668305],[-53.66769791,-28.57340421],[-53.66816998,-28.57366803],[-53.66877079,-28.57430873],[-53.66898537,-28.57506249],[-53.66904974,-28.57621196],[-53.66932869,-28.57698455],[-53.670187,-28.57734258],[-53.6704874,-28.57802094],[-53.67070198,-28.57822822]]]]},"geometry_name":"geo_area_imovel","properties":{"cod_imovel":"RS-4306106-1FC5BA4FED8545308DD3D43C42F0CB89","status_imovel":"AT","dat_criacao":"2018-05-27T00:33:20.502Z","area":47.5895,"condicao":"Aguardando análise","uf":"RS","municipio":"Cruz Alta","cod_municipio_ibge":4306106,"m_fiscal":2.3795,"tipo_imovel":"IRU"}},{"type":"Feature","id":"sicar_imoveis_rs.13955634","geometry":{"type":"MultiPolygon","coordinates":[[[[-53.68605474,-28.63741082],[-53.68527503,-28.63723571],[-53.68494113,-28.63737744],[-53.68412355,-28.63709051],[-53.68363246,-28.63736805],[-53.68210167,-28.63692746],[-53.68223515,-28.63752168],[-53.68302808,-28.63948489],[-53.68333496,-28.63954764],[-53.68295373,-28.64232388],[-53.68304893,-28.64270135],[-53.68323715,-28.64346314],[-53.68338363,-28.64403149],[-53.68369641,-28.64459267],[-53.6846638,-28.6451259],[-53.6851005,-28.64548465],[-53.68539888,-28.64575231],[-53.68607087,-28.64596791],[-53.68683948,-28.64605491],[-53.68685326,-28.64624797],[-53.68623127,-28.64634367],[-53.68586516,-28.64633494],[-53.68507823,-28.64621375],[-53.68457761,-28.64601618],[-53.68455367,-28.64596667],[-53.68364225,-28.64563709],[-53.68298975,-28.64553921],[-53.68264533,-28.64555636],[-53.68167998,-28.64471899],[-53.68084538,-28.64430992],[-53.67937658,-28.64456826],[-53.67914091,-28.64457073],[-53.67877,-28.6446255],[-53.67830831,-28.64475907],[-53.67520474,-28.64461292],[-53.67518044,-28.64385408],[-53.67473742,-28.64270333],[-53.67487022,-28.64231013],[-53.67459601,-28.64176378],[-53.6747302,-28.64143344],[-53.67507778,-28.64125867],[-53.67511637,-28.64114439],[-53.67524554,-28.64091945],[-53.67531185,-28.64058508],[-53.67526216,-28.64036307],[-53.67482023,-28.64036126],[-53.67456283,-28.64054714],[-53.67374811,-28.63990528],[-53.67350506,-28.63908879],[-53.67367051,-28.63882206],[-53.67339039,-28.63864533],[-53.67350222,-28.63852071],[-53.67346325,-28.63825999],[-53.67319862,-28.63805025],[-53.67305615,-28.63778419],[-53.67225231,-28.63752589],[-53.67160291,-28.6369735],[-53.67153696,-28.63626244],[-53.67188526,-28.63597787],[-53.67228407,-28.63537005],[-53.67242422,-28.63456565],[-53.67272983,-28.63419053],[-53.67324857,-28.6342665],[-53.67378787,-28.63407657],[-53.67407564,-28.63419086],[-53.67512376,-28.63411747],[-53.67546256,-28.63416304],[-53.67660505,-28.63374143],[-53.67692977,-28.63342761],[-53.67755217,-28.63158532],[-53.67803492,-28.63097012],[-53.67845274,-28.63019282],[-53.67859715,-28.62980484],[-53.67928294,-28.6289374],[-53.67976672,-28.62840413],[-53.67991999,-28.62799215],[-53.68027163,-28.62777393],[-53.68025624,-28.62740703],[-53.67999773,-28.6271505],[-53.68002555,-28.62703842],[-53.69085722,-28.62857867],[-53.69210383,-28.62636411],[-53.69431753,-28.6284674],[-53.69102808,-28.63695946],[-53.68705368,-28.63517726],[-53.68605474,-28.63741082]]]]},"geometry_name":"geo_area_imovel","properties":{"cod_imovel":"RS-4306106-1FCA0CBB8EFC485888EF686E1AAA8DDE","status_imovel":"AT","dat_criacao":"2025-03-18T17:57:44.991Z","area":238.733,"condicao":"Aguardando análise","uf":"RS","municipio":"Cruz Alta","cod_municipio_ibge":4306106,"m_fiscal":11.9366,"tipo_imovel":"IRU"}},{"type":"Feature","id":"sicar_imoveis_rs.491513","geometry":{"type":"MultiPolygon","coordinates":[[[[-53.346185,-28.63890188],[-53.34363446,-28.63822938],[-53.34413522,-28.63702477],[-53.34477488,-28.63529591],[-53.34717978,-28.63448135],[-53.35140913,-28.63440115],[-53.34931897,-28.63622371],[-53.348254,-28.63713992],[-53.346185,-28.63890188]]]]},"geometry_name":"geo_area_imovel","properties":{"cod_imovel":"RS-4306106-1FE84CE819AF49E69A57CB9A7EB55CCD","status_imovel":"AT","dat_criacao":"2015-01-26T12:14:43.722Z","area":19.9081,"condicao":"Aguardando análise","uf":"RS","municipio":"Cruz Alta","cod_municipio_ibge":4306106,"m_fiscal":0.9954,"tipo_imovel":"IRU"}},{"type":"Feature","id":"sicar_imoveis_rs.7140689","geometry":{"type":"MultiPolygon","coordinates":[[[[-53.60922411,-28.81056066],[-53.61141298,-28.81629832],[-53.60848188,-28.8162428],[-53.60844498,-28.82041094],[-53.60817725,-28.82049864],[-53.60806241,-28.82045651],[-53.60800631,-28.8204226],[-53.60796355,-28.82044361],[-53.60794124,-28.82048304],[-53.60792287,-28.8205187],[-53.60786527,-28.82054619],[-53.60780426,-28.82057713],[-53.60772806,-28.8206012],[-53.60769348,-28.82060441],[-53.60760805,-28.82059639],[-53.60755427,-28.8205994],[-53.60745557,-28.82056983],[-53.60737735,-28.82060114],[-53.60734317,-28.82064687],[-53.60728285,-28.82073504],[-53.60721216,-28.82077905],[-53.60712965,-28.82081217],[-53.60705093,-28.82078109],[-53.60700886,-28.8207605],[-53.60688955,-28.82069569],[-53.60677581,-28.82070174],[-53.60669477,-28.8206879],[-53.60657372,-28.82071918],[-53.60644431,-28.82077401],[-53.60631187,-28.82081399],[-53.60614409,-28.82074025],[-53.60591952,-28.82076863],[-53.6058606,-28.82083464],[-53.60583017,-28.82095951],[-53.60572812,-28.82102646],[-53.60566122,-28.82100558],[-53.6056053,-28.82099971],[-53.60548204,-28.82095795],[-53.60540313,-28.82091671],[-53.60532929,-28.82086529],[-53.60515959,-28.82089255],[-53.60504354,-28.82082858],[-53.60564232,-28.81801834],[-53.60634447,-28.81524728],[-53.60652714,-28.81354098],[-53.60688694,-28.81271659],[-53.6076368,-28.81126229],[-53.60922411,-28.81056066]]]]},"geometry_name":"geo_area_imovel","properties":{"cod_imovel":"RS-4306106-20439D96071D46E0B25F5087842FC046","status_imovel":"AT","dat_criacao":"2019-07-20T05:50:15.074Z","area":35.1672,"condicao":"Aguardando análise","uf":"RS","municipio":"Cruz Alta","cod_municipio_ibge":4306106,"m_fiscal":1.7584,"tipo_imovel":"IRU"}},{"type":"Feature","id":"sicar_imoveis_rs.14864526","geometry":{"type":"MultiPolygon","coordinates":[[[[-53.36135921,-28.73186364],[-53.35726949,-28.734852],[-53.35695354,-28.73478101],[-53.35675633,-28.73473266],[-53.35661437,-28.73471971],[-53.35658383,-28.73479124],[-53.35640416,-28.73491329],[-53.3562728,-28.73498469],[-53.35607283,-28.73495037],[-53.3558101,-28.73487908],[-53.35564048,-28.73479199],[-53.35554689,-28.73479525],[-53.3554441,-28.73485379],[-53.35539064,-28.73493457],[-53.35537851,-28.73493712],[-53.35538414,-28.73457632],[-53.35545658,-28.72984824],[-53.35545739,-28.7297931],[-53.3598873,-28.72934618],[-53.36135921,-28.73186364]]]]},"geometry_name":"geo_area_imovel","properties":{"cod_imovel":"RS-4306106-20A3C63E7781427C85A3202EC0412828","status_imovel":"AT","dat_criacao":"2025-10-14T17:28:31.246Z","area":25.7062,"condicao":"Aguardando análise","uf":"RS","municipio":"Cruz Alta","cod_municipio_ibge":4306106,"m_fiscal":1.2853,"tipo_imovel":"IRU"}},{"type":"Feature","id":"sicar_imoveis_rs.14978984","geometry":{"type":"MultiPolygon","coordinates":[[[[-53.5219544,-28.76413402],[-53.51819477,-28.75938047],[-53.51995423,-28.75874962],[-53.52169833,-28.75809793],[-53.52419749,-28.75570684],[-53.5256505,-28.75622003],[-53.52591776,-28.75625806],[-53.52710543,-28.75600953],[-53.52960246,-28.75552394],[-53.53032173,-28.75714007],[-53.52850905,-28.75979221],[-53.52813633,-28.75990342],[-53.52776363,-28.75993336],[-53.52721301,-28.7600102],[-53.52687246,-28.75957145],[-53.52654902,-28.75931321],[-53.52584027,-28.75940336],[-53.52434067,-28.76086248],[-53.52370189,-28.76177969],[-53.52305326,-28.7627543],[-53.52210312,-28.76410574],[-53.5219544,-28.76413402]]]]},"geometry_name":"geo_area_imovel","properties":{"cod_imovel":"RS-4306106-20B7DFAB560E41D49959F22110FA6A14","status_imovel":"AT","dat_criacao":"2025-11-10T13:10:04.535Z","area":50.053,"condicao":"Aguardando análise","uf":"RS","municipio":"Cruz Alta","cod_municipio_ibge":4306106,"m_fiscal":2.5027,"tipo_imovel":"IRU"}},{"type":"Feature","id":"sicar_imoveis_rs.3371778","geometry":{"type":"MultiPolygon","coordinates":[[[[-53.63505385,-28.66087509],[-53.63384939,-28.65927401],[-53.6338668,-28.65914896],[-53.63378529,-28.65912006],[-53.63383576,-28.65891255],[-53.63403646,-28.65892035],[-53.63418639,-28.65877433],[-53.63435457,-28.65867374],[-53.63450429,-28.65868896],[-53.63459942,-28.65872314],[-53.63470273,-28.6586992],[-53.63502734,-28.65916519],[-53.63591738,-28.66038727],[-53.63550177,-28.66061984],[-53.63505385,-28.66087509]]]]},"geometry_name":"geo_area_imovel","properties":{"cod_imovel":"RS-4306106-212000B51A9843A0BDBF383CE190370F","status_imovel":"AT","dat_criacao":"2016-06-09T15:59:39.924Z","area":2.4192,"condicao":"Aguardando análise","uf":"RS","municipio":"Cruz Alta","cod_municipio_ibge":4306106,"m_fiscal":0.121,"tipo_imovel":"IRU"}},{"type":"Feature","id":"sicar_imoveis_rs.2773115","geometry":{"type":"MultiPolygon","coordinates":[[[[-53.62057709,-28.77037576],[-53.62422568,-28.77027278],[-53.62570546,-28.7691031],[-53.62580203,-28.76922334],[-53.62614991,-28.77039992],[-53.62150383,-28.77323329],[-53.62057709,-28.77037576]]]]},"geometry_name":"geo_area_imovel","properties":{"cod_imovel":"RS-4306106-21866CDEE293482A8EE5135E3F245864","status_imovel":"AT","dat_criacao":"2016-04-30T05:33:19.062Z","area":10.3309,"condicao":"Aguardando análise","uf":"RS","municipio":"Cruz Alta","cod_municipio_ibge":4306106,"m_fiscal":0.5165,"tipo_imovel":"IRU"}},{"type":"Feature","id":"sicar_imoveis_rs.3076320","geometry":{"type":"MultiPolygon","coordinates":[[[[-53.36346058,-28.64085951],[-53.36351395,-28.64107092],[-53.36354071,-28.64131831],[-53.36355686,-28.64156055],[-53.36350557,-28.64180367],[-53.35469817,-28.6469427],[-53.35413526,-28.64644361],[-53.36346058,-28.64085951]]]]},"geometry_name":"geo_area_imovel","properties":{"cod_imovel":"RS-4306106-21AF087308D74DE1A3C35B2C25CC54E4","status_imovel":"AT","dat_criacao":"2016-05-20T11:16:29.847Z","area":8.9024,"condicao":"Aguardando análise","uf":"RS","municipio":"Cruz Alta","cod_municipio_ibge":4306106,"m_fiscal":0.4451,"tipo_imovel":"IRU"}},{"type":"Feature","id":"sicar_imoveis_rs.10620613","geometry":{"type":"MultiPolygon","coordinates":[[[[-53.51473917,-28.73595028],[-53.50956867,-28.7380336],[-53.50890212,-28.7383287],[-53.5094182,-28.73921777],[-53.50970464,-28.73952145],[-53.50970464,-28.73952145],[-53.51009892,-28.74011045],[-53.51036946,-28.74043108],[-53.51050183,-28.74129832],[-53.51065566,-28.74141382],[-53.51077208,-28.74150776],[-53.51098143,-28.74154126],[-53.51124516,-28.7417003],[-53.51189388,-28.74199867],[-53.51176695,-28.7422525],[-53.51014228,-28.74599948],[-53.51286068,-28.74711004],[-53.51667963,-28.74340261],[-53.51801357,-28.74204089],[-53.51955789,-28.74051724],[-53.51976973,-28.74032281],[-53.5227847,-28.73745967],[-53.52471379,-28.73555627],[-53.52619015,-28.73404014],[-53.52878818,-28.73149219],[-53.52994004,-28.73039915],[-53.53013693,-28.73013948],[-53.53009652,-28.73000209],[-53.52999145,-28.72999805],[-53.52987426,-28.72995764],[-53.52963639,-28.73006056],[-53.51528806,-28.73573444],[-53.51473917,-28.73595028]]]]},"geometry_name":"geo_area_imovel","properties":{"cod_imovel":"RS-4306106-21B187D8BD9C43D9B3ABBF461A3C493B","status_imovel":"AT","dat_criacao":"2022-08-03T18:39:16.705Z","area":124.914,"condicao":"Aguardando análise","uf":"RS","municipio":"Cruz Alta","cod_municipio_ibge":4306106,"m_fiscal":6.2457,"tipo_imovel":"IRU"}},{"type":"Feature","id":"sicar_imoveis_rs.3297451","geometry":{"type":"MultiPolygon","coordinates":[[[[-53.54730871,-28.69287192],[-53.54557913,-28.68701834],[-53.54601679,-28.68636899],[-53.54693981,-28.68458719],[-53.54752301,-28.68362743],[-53.54865207,-28.68230062],[-53.5494822,-28.68125028],[-53.5503555,-28.67926394],[-53.55100969,-28.67766675],[-53.55164176,-28.67704727],[-53.5526691,-28.67624429],[-53.55358884,-28.67562584],[-53.55450162,-28.67500221],[-53.55547938,-28.67450205],[-53.55666233,-28.678925],[-53.5584035,-28.68320822],[-53.55836967,-28.6833772],[-53.55802231,-28.68388079],[-53.55765848,-28.684384],[-53.55682018,-28.6845545],[-53.55637748,-28.68449475],[-53.55594923,-28.68485356],[-53.55589991,-28.68488218],[-53.55580133,-28.68492501],[-53.55542239,-28.68514037],[-53.55507744,-28.68532612],[-53.55484468,-28.68570112],[-53.55448249,-28.68570065],[-53.5541693,-28.68561407],[-53.55403462,-28.68574518],[-53.55401754,-28.68580314],[-53.55375013,-28.68610757],[-53.55351779,-28.68641071],[-53.55350128,-28.68643951],[-53.55328723,-28.68677011],[-53.55289169,-28.68767647],[-53.55275596,-28.68832619],[-53.55281686,-28.68889096],[-53.55266515,-28.68942599],[-53.55261275,-28.68983154],[-53.55244418,-28.69030967],[-53.55235812,-28.69069974],[-53.55204314,-28.69133493],[-53.55192693,-28.69176793],[-53.5514166,-28.69169394],[-53.55097262,-28.69159116],[-53.55052549,-28.69156166],[-53.55010831,-28.69186549],[-53.54916199,-28.69222606],[-53.54909569,-28.69224041],[-53.54901277,-28.69226921],[-53.5485032,-28.69223791],[-53.54821121,-28.69220646],[-53.54757501,-28.69253447],[-53.54730871,-28.69287192]]]]},"geometry_name":"geo_area_imovel","properties":{"cod_imovel":"RS-4306106-21B90166837240DD8F263D50897BCA1F","status_imovel":"AT","dat_criacao":"2016-06-03T01:42:01.890Z","area":126.7431,"condicao":"Aguardando análise","uf":"RS","municipio":"Cruz Alta","cod_municipio_ibge":4306106,"m_fiscal":6.3372,"tipo_imovel":"IRU"}},{"type":"Feature","id":"sicar_imoveis_rs.6462898","geometry":{"type":"MultiPolygon","coordinates":[[[[-53.49103689,-28.56645045],[-53.49271059,-28.56507472],[-53.49397659,-28.56437743],[-53.49457741,-28.56418897],[-53.49513531,-28.56415128],[-53.49588633,-28.56420782],[-53.49661589,-28.56469781],[-53.49689484,-28.56499934],[-53.49728107,-28.56526318],[-53.4972547,-28.56526514],[-53.4968802,-28.56564617],[-53.49648786,-28.56615035],[-53.49625677,-28.56631786],[-53.49619288,-28.5665995],[-53.496283,-28.56728735],[-53.49664209,-28.56786761],[-53.49672265,-28.56837054],[-53.49628251,-28.56893716],[-53.49581198,-28.56933771],[-53.49558388,-28.56960504],[-53.49526863,-28.57004207],[-53.49499515,-28.57028499],[-53.49516617,-28.57065451],[-53.49491349,-28.57102081],[-53.49421555,-28.57225211],[-53.49369045,-28.57314766],[-53.49309039,-28.57422209],[-53.49250823,-28.57479453],[-53.49193088,-28.57524832],[-53.49129143,-28.57335843],[-53.49097802,-28.57236801],[-53.49150907,-28.5697293],[-53.49103689,-28.56645045]]]]},"geometry_name":"geo_area_imovel","properties":{"cod_imovel":"RS-4306106-21C1309D90794C06A4EBFB3974FCDD4D","status_imovel":"AT","dat_criacao":"2019-02-23T01:27:01.159Z","area":43.8836,"condicao":"Aguardando análise","uf":"RS","municipio":"Cruz Alta","cod_municipio_ibge":4306106,"m_fiscal":2.1942,"tipo_imovel":"IRU"}},{"type":"Feature","id":"sicar_imoveis_rs.12057064","geometry":{"type":"MultiPolygon","coordinates":[[[[-53.64387989,-28.55772463],[-53.64315033,-28.55911931],[-53.64036083,-28.55776233],[-53.64199162,-28.55546296],[-53.6391781,-28.55437906],[-53.64042383,-28.55100428],[-53.64156246,-28.55146723],[-53.64164829,-28.55142953],[-53.64173412,-28.55139184],[-53.64181995,-28.55135414],[-53.6419487,-28.55135414],[-53.6419487,-28.55131644],[-53.64220619,-28.55127875],[-53.64246854,-28.55118122],[-53.6478281,-28.55391746],[-53.64692688,-28.55463367],[-53.64602961,-28.55521896],[-53.6447382,-28.55644303],[-53.64387989,-28.55772463]]]]},"geometry_name":"geo_area_imovel","properties":{"cod_imovel":"RS-4306106-21EEE5DB0E3E484C9CD3949E031DCC2F","status_imovel":"AT","dat_criacao":"2023-09-15T06:22:02.666Z","area":38.0085,"condicao":"Aguardando análise","uf":"RS","municipio":"Cruz Alta","cod_municipio_ibge":4306106,"m_fiscal":1.9004,"tipo_imovel":"IRU"}},{"type":"Feature","id":"sicar_imoveis_rs.12911011","geometry":{"type":"MultiPolygon","coordinates":[[[[-53.34456213,-28.68405841],[-53.34374196,-28.68459447],[-53.34367294,-28.67846456],[-53.34923457,-28.67993429],[-53.34960502,-28.68209664],[-53.34583238,-28.68332101],[-53.34456213,-28.68405841]]]]},"geometry_name":"geo_area_imovel","properties":{"cod_imovel":"RS-4306106-2236CD54A1284C15860D02B3B18DDDD6","status_imovel":"AT","dat_criacao":"2024-06-09T07:33:37.897Z","area":24.5324,"condicao":"Aguardando análise","uf":"RS","municipio":"Cruz Alta","cod_municipio_ibge":4306106,"m_fiscal":1.2266,"tipo_imovel":"IRU"}},{"type":"Feature","id":"sicar_imoveis_rs.12239218","geometry":{"type":"MultiPolygon","coordinates":[[[[-53.55536377,-28.65488362],[-53.55505757,-28.65490131],[-53.55507654,-28.65496212],[-53.55504002,-28.65502082],[-53.55482697,-28.65499949],[-53.55459526,-28.65495929],[-53.55466337,-28.65511498],[-53.55463594,-28.65520707],[-53.55443378,-28.65521711],[-53.55423467,-28.6551339],[-53.55408985,-28.65520989],[-53.55430486,-28.65537525],[-53.55425781,-28.65544254],[-53.55396373,-28.6554581],[-53.5538903,-28.65559337],[-53.55404458,-28.6557385],[-53.55412769,-28.6559604],[-53.55400457,-28.65610887],[-53.55410204,-28.65622702],[-53.55410931,-28.65635805],[-53.55423689,-28.65643576],[-53.55420937,-28.65662501],[-53.55446128,-28.65662504],[-53.55451018,-28.65668456],[-53.5544596,-28.65685106],[-53.55453415,-28.65690937],[-53.55452839,-28.65709785],[-53.5543469,-28.65723507],[-53.55441392,-28.65733331],[-53.55431223,-28.65756834],[-53.55411112,-28.65783295],[-53.5540952,-28.65797354],[-53.55393704,-28.65816579],[-53.55376866,-28.65811845],[-53.55365009,-28.65819295],[-53.55366372,-28.65835021],[-53.55390949,-28.65850607],[-53.55406149,-28.65851926],[-53.55415791,-28.65829433],[-53.55434694,-28.65826993],[-53.55451635,-28.65838951],[-53.55455889,-28.65853648],[-53.55444857,-28.65871548],[-53.55427389,-28.65893511],[-53.5541765,-28.65897249],[-53.55397717,-28.65892213],[-53.55386036,-28.65883754],[-53.55379255,-28.65907383],[-53.5531656,-28.65918481],[-53.55284288,-28.6594029],[-53.55238612,-28.65962776],[-53.55222345,-28.65963462],[-53.55205118,-28.65979349],[-53.55209008,-28.65995947],[-53.55235141,-28.6604704],[-53.55237679,-28.66109511],[-53.55219715,-28.6613346],[-53.55202589,-28.66157762],[-53.55161225,-28.66166995],[-53.551094,-28.66156542],[-53.5508333,-28.66158702],[-53.55067968,-28.66154535],[-53.5505761,-28.66148749],[-53.55065752,-28.66140755],[-53.55041314,-28.66141054],[-53.55028818,-28.66138204],[-53.55018065,-28.66143143],[-53.54991422,-28.66158846],[-53.54979266,-28.66140058],[-53.55010584,-28.66100323],[-53.55034445,-28.6607833],[-53.55027422,-28.66051019],[-53.55022341,-28.6602958],[-53.54998645,-28.6604871],[-53.54970153,-28.6608942],[-53.54947065,-28.66097306],[-53.5490411,-28.6609872],[-53.54888151,-28.66088447],[-53.54855987,-28.6610088],[-53.54840508,-28.66099882],[-53.54818611,-28.66077135],[-53.54797261,-28.66071457],[-53.54772991,-28.66072383],[-53.54771642,-28.66069061],[-53.54759489,-28.66079963],[-53.54747208,-28.66083459],[-53.54679765,-28.6608564],[-53.54678145,-28.66094394],[-53.54687351,-28.66106238],[-53.54696815,-28.66109759],[-53.54730781,-28.66117266],[-53.54733293,-28.66131906],[-53.54723378,-28.6614189],[-53.54683426,-28.66146945],[-53.54675225,-28.66162688],[-53.54670402,-28.66187417],[-53.54678558,-28.66201103],[-53.54681514,-28.66233642],[-53.54692109,-28.66247561],[-53.54700643,-28.6627433],[-53.54698508,-28.66295183],[-53.54706042,-28.66294978],[-53.54714234,-28.66300444],[-53.54707622,-28.66317593],[-53.54713912,-28.66328571],[-53.54692746,-28.663521],[-53.5468461,-28.66370955],[-53.54670394,-28.66372305],[-53.54654628,-28.6635648],[-53.54650359,-28.66330976],[-53.54654899,-28.66312721],[-53.54638571,-28.66309176],[-53.54625096,-28.6628785],[-53.54629451,-28.66280578],[-53.54623727,-28.66279882],[-53.5459445,-28.66303438],[-53.54582209,-28.66321333],[-53.54576601,-28.66349982],[-53.54578911,-28.66363453],[-53.54545873,-28.66379953],[-53.54533944,-28.6639804],[-53.54524532,-28.66404721],[-53.54498462,-28.66395937],[-53.54484523,-28.66388026],[-53.54467537,-28.6638775],[-53.54455363,-28.66404587],[-53.54431401,-28.66417831],[-53.54420017,-28.66439444],[-53.54397534,-28.66463115],[-53.54362474,-28.66492075],[-53.54335054,-28.66505329],[-53.54325298,-28.66512161],[-53.54310792,-28.66516349],[-53.54324244,-28.66569314],[-53.54102319,-28.66685748],[-53.54140156,-28.66698921],[-53.54178551,-28.66709315],[-53.54211684,-28.66717868],[-53.54235718,-28.66726609],[-53.54258776,-28.66736839],[-53.54318704,-28.66765079],[-53.54344524,-28.66778306],[-53.54375161,-28.66799968],[-53.54398644,-28.66818454],[-53.54413576,-28.66834051],[-53.54432698,-28.6686128],[-53.54451988,-28.66890427],[-53.54471047,-28.66915915],[-53.54500483,-28.66951295],[-53.54533272,-28.66990427],[-53.54620261,-28.67103779],[-53.54678208,-28.67181059],[-53.54738718,-28.6726152],[-53.54816523,-28.67365878],[-53.54881716,-28.67448713],[-53.54906536,-28.67480497],[-53.54957706,-28.67548981],[-53.54988065,-28.67587698],[-53.55018939,-28.67623211],[-53.55055171,-28.67662792],[-53.55070144,-28.67677873],[-53.55087671,-28.67689379],[-53.5509888,-28.67693913],[-53.55105391,-28.67694548],[-53.5511145,-28.67692981],[-53.55123663,-28.67686589],[-53.55145412,-28.67671411],[-53.55192764,-28.67637607],[-53.55279865,-28.6757542],[-53.55328305,-28.67541794],[-53.55410603,-28.67486184],[-53.55460092,-28.67453259],[-53.55489012,-28.6743689],[-53.55517378,-28.67424211],[-53.55720169,-28.67358601],[-53.55756314,-28.6735079],[-53.55795504,-28.67344131],[-53.55833291,-28.67336525],[-53.55880662,-28.67322999],[-53.55922954,-28.67306763],[-53.55955377,-28.67291012],[-53.55982648,-28.67272516],[-53.56010139,-28.67250849],[-53.5603263,-28.67230955],[-53.56050363,-28.67213524],[-53.56159265,-28.67084115],[-53.56191852,-28.67050786],[-53.56257554,-28.66987772],[-53.56434942,-28.6681589],[-53.56463477,-28.66792254],[-53.56497317,-28.66769709],[-53.56514587,-28.66758086],[-53.55536377,-28.65488362]]]]},"geometry_name":"geo_area_imovel","properties":{"cod_imovel":"RS-4306106-226DECFA6351408D8390E82497AB8425","status_imovel":"AT","dat_criacao":"2023-11-03T05:29:06.735Z","area":274.571,"condicao":"Aguardando análise","uf":"RS","municipio":"Cruz Alta","cod_municipio_ibge":4306106,"m_fiscal":13.7286,"tipo_imovel":"IRU"}},{"type":"Feature","id":"sicar_imoveis_rs.7124266","geometry":{"type":"MultiPolygon","coordinates":[[[[-53.60364676,-28.62545794],[-53.60113621,-28.62195459],[-53.60019207,-28.62163439],[-53.59991312,-28.62082446],[-53.60109329,-28.62001452],[-53.60201597,-28.62027822],[-53.60283136,-28.62054192],[-53.60431194,-28.62161555],[-53.60437632,-28.6220111],[-53.60469818,-28.6222748],[-53.6055994,-28.6235556],[-53.6054492,-28.624196],[-53.60495567,-28.62380046],[-53.60478401,-28.62406415],[-53.60368967,-28.62519426],[-53.60383987,-28.6253826],[-53.60364676,-28.62545794]]]]},"geometry_name":"geo_area_imovel","properties":{"cod_imovel":"RS-4306106-227732CE867A486D9E1D51E60CFAB44A","status_imovel":"AT","dat_criacao":"2019-07-18T01:04:38.283Z","area":15.0721,"condicao":"Aguardando análise","uf":"RS","municipio":"Cruz Alta","cod_municipio_ibge":4306106,"m_fiscal":0.7536,"tipo_imovel":"IRU"}},{"type":"Feature","id":"sicar_imoveis_rs.9406254","geometry":{"type":"MultiPolygon","coordinates":[[[[-53.38522282,-28.69467245],[-53.38505575,-28.69488549],[-53.38497864,-28.69504233],[-53.38490107,-28.696528],[-53.38482252,-28.69662469],[-53.38440115,-28.69660226],[-53.38412383,-28.69656895],[-53.38358852,-28.69641201],[-53.38244911,-28.69561806],[-53.38137508,-28.69484487],[-53.38084167,-28.69447271],[-53.37979677,-28.69374382],[-53.37868473,-28.69288838],[-53.37890524,-28.69195594],[-53.37926806,-28.6913057],[-53.37952122,-28.69090458],[-53.38522282,-28.69467245]]]]},"geometry_name":"geo_area_imovel","properties":{"cod_imovel":"RS-4306106-2294E27D87B940239442D5354CA1EAD6","status_imovel":"AT","dat_criacao":"2021-07-08T23:14:25.514Z","area":17.1945,"condicao":"Aguardando análise","uf":"RS","municipio":"Cruz Alta","cod_municipio_ibge":4306106,"m_fiscal":0.8597,"tipo_imovel":"IRU"}},{"type":"Feature","id":"sicar_imoveis_rs.5019025","geometry":{"type":"MultiPolygon","coordinates":[[[[-53.35190535,-28.63108943],[-53.35308552,-28.63080692],[-53.35437298,-28.6301854],[-53.35431933,-28.62986522],[-53.35421205,-28.62963921],[-53.35402966,-28.62945087],[-53.35383654,-28.62926253],[-53.3536756,-28.62914952],[-53.35339665,-28.62928136],[-53.35326791,-28.62962038],[-53.35322499,-28.62997822],[-53.35314989,-28.63027957],[-53.35286021,-28.63031724],[-53.35238814,-28.6302419],[-53.35200191,-28.63041141],[-53.35168004,-28.63069392],[-53.35151911,-28.63084459],[-53.35190535,-28.63108943]]]]},"geometry_name":"geo_area_imovel","properties":{"cod_imovel":"RS-4306106-22B17FD1B65843FB8A4502AE925E946D","status_imovel":"AT","dat_criacao":"2017-12-28T08:45:38.351Z","area":2.3136,"condicao":"Aguardando análise","uf":"RS","municipio":"Cruz Alta","cod_municipio_ibge":4306106,"m_fiscal":0.1157,"tipo_imovel":"IRU"}},{"type":"Feature","id":"sicar_imoveis_rs.15251125","geometry":{"type":"MultiPolygon","coordinates":[[[[-53.31805044,-28.65653482],[-53.31805173,-28.65652839],[-53.31938645,-28.65025137],[-53.31759237,-28.64936027],[-53.3173692,-28.64931844],[-53.31575428,-28.6556227],[-53.31627646,-28.65584167],[-53.3169512,-28.65614158],[-53.31762474,-28.65641038],[-53.31784444,-28.65648421],[-53.31805044,-28.65653482]]]]},"geometry_name":"geo_area_imovel","properties":{"cod_imovel":"RS-4306106-2318EDAE07A34DFFBC566A12F8CA937A","status_imovel":"AT","dat_criacao":"2026-02-03T12:58:37.314Z","area":16.3247,"condicao":"Aguardando análise","uf":"RS","municipio":"Cruz Alta","cod_municipio_ibge":4306106,"m_fiscal":0.8162,"tipo_imovel":"IRU"}},{"type":"Feature","id":"sicar_imoveis_rs.2543272","geometry":{"type":"MultiPolygon","coordinates":[[[[-53.68864059,-28.5869335],[-53.69239569,-28.5912105],[-53.69145155,-28.59139891],[-53.6913228,-28.59109746],[-53.69106531,-28.59094673],[-53.69012117,-28.59051338],[-53.68971348,-28.59021192],[-53.68947744,-28.58975973],[-53.68930578,-28.58943943],[-53.68904829,-28.58902492],[-53.68898392,-28.58866693],[-53.688941,-28.58832778],[-53.68864059,-28.58780022],[-53.68793249,-28.58740454],[-53.68864059,-28.5869335]]]]},"geometry_name":"geo_area_imovel","properties":{"cod_imovel":"RS-4306106-23640C54CE4448DE8BFA7BE1FE7FB56F","status_imovel":"AT","dat_criacao":"2016-04-18T02:44:57.915Z","area":5.7448,"condicao":"Aguardando análise","uf":"RS","municipio":"Cruz Alta","cod_municipio_ibge":4306106,"m_fiscal":0.2872,"tipo_imovel":"IRU"}},{"type":"Feature","id":"sicar_imoveis_rs.7630716","geometry":{"type":"MultiPolygon","coordinates":[[[[-53.47169362,-28.60435996],[-53.46926555,-28.61049906],[-53.46360228,-28.60882441],[-53.46254792,-28.6084931],[-53.46241734,-28.60722707],[-53.4625354,-28.60705098],[-53.4630208,-28.60564879],[-53.46626635,-28.60190327],[-53.47169362,-28.60435996]]]]},"geometry_name":"geo_area_imovel","properties":{"cod_imovel":"RS-4306106-236525B46A414F1FB734D199535F21DB","status_imovel":"AT","dat_criacao":"2019-10-24T01:39:31.397Z","area":53.9467,"condicao":"Aguardando análise","uf":"RS","municipio":"Cruz Alta","cod_municipio_ibge":4306106,"m_fiscal":2.6973,"tipo_imovel":"IRU"}},{"type":"Feature","id":"sicar_imoveis_rs.14515456","geometry":{"type":"MultiPolygon","coordinates":[[[[-53.63590659,-28.56363248],[-53.63212932,-28.56163501],[-53.62910503,-28.56156128],[-53.62812289,-28.56155285],[-53.62590313,-28.56149755],[-53.62454337,-28.56146713],[-53.62540718,-28.55947836],[-53.61973973,-28.55775172],[-53.61320049,-28.55577775],[-53.61350355,-28.55538202],[-53.61401588,-28.55440473],[-53.61463523,-28.55324949],[-53.61484075,-28.55179974],[-53.61728913,-28.55160477],[-53.62035822,-28.55128653],[-53.62141097,-28.55116623],[-53.62188836,-28.55033781],[-53.62201966,-28.54971184],[-53.62337499,-28.54866627],[-53.62448179,-28.5478704],[-53.62566926,-28.54787312],[-53.62671313,-28.54852124],[-53.62708183,-28.54873888],[-53.62763136,-28.54901507],[-53.62818902,-28.54890033],[-53.62856429,-28.54848421],[-53.62881246,-28.54817063],[-53.63096411,-28.54834523],[-53.63187539,-28.54857615],[-53.63224012,-28.5487326],[-53.63353897,-28.54916292],[-53.63410823,-28.54956199],[-53.63445973,-28.54997929],[-53.63525709,-28.55092689],[-53.63560786,-28.55133539],[-53.63673271,-28.55205867],[-53.63707715,-28.55220045],[-53.63764988,-28.55292671],[-53.6382855,-28.55339841],[-53.63855269,-28.5537007],[-53.63891082,-28.55410738],[-53.63913774,-28.55424771],[-53.63969702,-28.55474241],[-53.64039972,-28.55509698],[-53.64120383,-28.55552177],[-53.63973609,-28.55758672],[-53.63765063,-28.5563839],[-53.63583637,-28.55533231],[-53.63380853,-28.55416092],[-53.63215804,-28.5536019],[-53.6294472,-28.55268656],[-53.62946789,-28.55337811],[-53.6293788,-28.55419798],[-53.62955699,-28.55559291],[-53.63023391,-28.55674433],[-53.63111128,-28.5573612],[-53.63222951,-28.55778795],[-53.63295254,-28.55837458],[-53.63376264,-28.55874205],[-53.63396642,-28.55922857],[-53.63429248,-28.55948683],[-53.63487764,-28.56009634],[-53.63463474,-28.56123927],[-53.63470044,-28.56186952],[-53.63590659,-28.56363248]]]]},"geometry_name":"geo_area_imovel","properties":{"cod_imovel":"RS-4306106-2381F97D4E364FA68EB7094FD2322381","status_imovel":"AT","dat_criacao":"2025-07-30T14:11:15.788Z","area":219.3491,"condicao":"Aguardando análise","uf":"RS","municipio":"Cruz Alta","cod_municipio_ibge":4306106,"m_fiscal":10.9675,"tipo_imovel":"IRU"}},{"type":"Feature","id":"sicar_imoveis_rs.13064867","geometry":{"type":"MultiPolygon","coordinates":[[[[-53.66277877,-28.90109862],[-53.66280873,-28.90102848],[-53.67300426,-28.90162666],[-53.67991562,-28.90585662],[-53.68273779,-28.90771126],[-53.68270221,-28.90789103],[-53.6826471,-28.90799474],[-53.68271401,-28.90806025],[-53.68280109,-28.90821367],[-53.68296277,-28.90849699],[-53.6827387,-28.90907991],[-53.68251457,-28.90928785],[-53.68257661,-28.90942958],[-53.68258711,-28.90965693],[-53.68257386,-28.90968724],[-53.68235414,-28.90990733],[-53.68247122,-28.91015297],[-53.68247273,-28.91016014],[-53.68268681,-28.91028184],[-53.68263963,-28.91060828],[-53.68243571,-28.91084514],[-53.68197798,-28.91097188],[-53.68155016,-28.91097354],[-53.68136527,-28.91088623],[-53.68121552,-28.91072295],[-53.68084576,-28.91029239],[-53.68054352,-28.90982834],[-53.68041124,-28.90974207],[-53.68023751,-28.90968937],[-53.67992574,-28.90969847],[-53.67959372,-28.9095715],[-53.67939965,-28.90943658],[-53.67893358,-28.90957424],[-53.67868064,-28.90962857],[-53.67838341,-28.90956062],[-53.67799371,-28.90944864],[-53.67797618,-28.90944226],[-53.677719,-28.90937542],[-53.67746546,-28.9093255],[-53.67714987,-28.90929943],[-53.67696972,-28.90923395],[-53.67679198,-28.90924602],[-53.67662058,-28.90927043],[-53.67641607,-28.90921127],[-53.67630715,-28.90916965],[-53.67604505,-28.90911502],[-53.67544333,-28.9089827],[-53.6756368,-28.90749705],[-53.67553729,-28.90701692],[-53.67541743,-28.9065291],[-53.67532926,-28.90639347],[-53.67527323,-28.90626744],[-53.67516068,-28.90613672],[-53.6749539,-28.90596773],[-53.67476046,-28.90585138],[-53.67460902,-28.9057807],[-53.67433686,-28.90559551],[-53.67399055,-28.90548795],[-53.66314307,-28.90308941],[-53.66363211,-28.90662697],[-53.65906589,-28.90636689],[-53.65754627,-28.90162471],[-53.66277877,-28.90109862]]]]},"geometry_name":"geo_area_imovel","properties":{"cod_imovel":"RS-4306106-23DAFE86D10A4392A7C23717903460AA","status_imovel":"AT","dat_criacao":"2024-07-23T07:25:48.619Z","area":101.4602,"condicao":"Aguardando análise","uf":"RS","municipio":"Cruz Alta","cod_municipio_ibge":4306106,"m_fiscal":5.0676,"tipo_imovel":"IRU"}},{"type":"Feature","id":"sicar_imoveis_rs.8841356","geometry":{"type":"MultiPolygon","coordinates":[[[[-53.36798201,-28.67738609],[-53.36794007,-28.67745639],[-53.36785137,-28.67745582],[-53.36758037,-28.67745263],[-53.36729363,-28.6774514],[-53.36694239,-28.67744789],[-53.36658711,-28.6774427],[-53.36629472,-28.67744107],[-53.36599852,-28.67743475],[-53.36571953,-28.67742414],[-53.36540781,-28.67741246],[-53.36524997,-28.67740776],[-53.36498117,-28.67739771],[-53.3647501,-28.67739017],[-53.36434949,-28.6773752],[-53.36408331,-28.6773597],[-53.36376908,-28.67734375],[-53.36332193,-28.67731985],[-53.36298433,-28.67730129],[-53.36257417,-28.67728003],[-53.3621506,-28.67725646],[-53.36160242,-28.67723177],[-53.36109064,-28.67721311],[-53.36093554,-28.6772069],[-53.36075409,-28.67718249],[-53.36073746,-28.67721625],[-53.36068109,-28.6773333],[-53.3606141,-28.67745367],[-53.36050261,-28.67763209],[-53.36041125,-28.67778321],[-53.36035935,-28.67787306],[-53.36033835,-28.67791001],[-53.36030603,-28.67797355],[-53.36027624,-28.67802908],[-53.36022232,-28.67812912],[-53.36018036,-28.67820371],[-53.36014531,-28.6782664],[-53.36010005,-28.67833813],[-53.36001022,-28.67847729],[-53.35994005,-28.67858691],[-53.35990803,-28.67863513],[-53.35984924,-28.67870894],[-53.3597771,-28.67882596],[-53.35962361,-28.67882311],[-53.35917964,-28.67880664],[-53.35881937,-28.67878313],[-53.35845394,-28.67876125],[-53.35818524,-28.67874517],[-53.35793463,-28.6787404],[-53.35779074,-28.67873414],[-53.35759046,-28.67872382],[-53.35740132,-28.67870779],[-53.35724326,-28.67869558],[-53.3570853,-28.6786891],[-53.35692327,-28.67867872],[-53.35684086,-28.67867447],[-53.35673387,-28.67866814],[-53.35655145,-28.67865953],[-53.3564492,-28.6786591],[-53.35635127,-28.67866065],[-53.35625124,-28.67865036],[-53.35611038,-28.67864979],[-53.35599771,-28.67864734],[-53.35579709,-28.67863254],[-53.35552712,-28.67863122],[-53.35531259,-28.67863304],[-53.35503141,-28.67863185],[-53.35476851,-28.67861981],[-53.35456677,-28.67861347],[-53.35433906,-28.67860921],[-53.35406524,-28.67861744],[-53.35387421,-28.67862831],[-53.35373857,-28.67862773],[-53.3536446,-28.67863199],[-53.35353847,-28.67859404],[-53.35348325,-28.67851653],[-53.35349966,-28.67846827],[-53.35357488,-28.67832275],[-53.35365725,-28.67816624],[-53.35373164,-28.67802167],[-53.35377437,-28.67794361],[-53.35386769,-28.67777201],[-53.35391993,-28.67767575],[-53.35396293,-28.67759302],[-53.35407008,-28.67740566],[-53.35417344,-28.67721115],[-53.35422413,-28.67712624],[-53.35426337,-28.67706564],[-53.35433203,-28.67692179],[-53.35441499,-28.67674504],[-53.35450167,-28.67655089],[-53.35456146,-28.6764079],[-53.35465508,-28.6762565],[-53.35472966,-28.67608055],[-53.35483798,-28.67587149],[-53.35496852,-28.67562773],[-53.35507178,-28.6754211],[-53.35517763,-28.67526534],[-53.35522177,-28.67515114],[-53.35527982,-28.67511324],[-53.35534149,-28.67510101],[-53.35544611,-28.67506861],[-53.35551294,-28.67504473],[-53.35567145,-28.67507253],[-53.35575167,-28.67508184],[-53.35595107,-28.67511826],[-53.35602116,-28.67513323],[-53.3560579,-28.67512458],[-53.35609921,-28.67512474],[-53.35614129,-28.67511903],[-53.35623367,-28.6751195],[-53.35631625,-28.67506322],[-53.3563722,-28.67504528],[-53.3564202,-28.67502412],[-53.35648547,-28.67500592],[-53.35652954,-28.67499493],[-53.35660611,-28.67497428],[-53.35666041,-28.67495755],[-53.35672031,-28.6749385],[-53.356776,-28.67491584],[-53.35681092,-28.67493242],[-53.35683042,-28.67497942],[-53.35687607,-28.67502288],[-53.35696518,-28.6750441],[-53.3569844,-28.67507439],[-53.3570953,-28.6750628],[-53.35719463,-28.67504707],[-53.35735066,-28.67500877],[-53.35741981,-28.67499435],[-53.35749908,-28.67499467],[-53.35760684,-28.67492057],[-53.35765502,-28.67491205],[-53.35772485,-28.67491671],[-53.3577721,-28.67489937],[-53.35782865,-28.67488412],[-53.35788466,-28.67485975],[-53.35796972,-28.67485976],[-53.35803605,-28.67482395],[-53.35809681,-28.67481045],[-53.35817571,-28.67480151],[-53.35824816,-28.6748249],[-53.35834102,-28.67480684],[-53.35843149,-28.6747792],[-53.35851067,-28.67475587],[-53.35859216,-28.67471044],[-53.3587112,-28.67467154],[-53.35876828,-28.67463917],[-53.35885334,-28.67460638],[-53.35892662,-28.6745782],[-53.35899901,-28.67455851],[-53.35906372,-28.67452259],[-53.35914824,-28.6744907],[-53.35922803,-28.67448772],[-53.35932894,-28.67443862],[-53.35940124,-28.67440121],[-53.35944089,-28.67436956],[-53.35949615,-28.67434731],[-53.35952131,-28.674315],[-53.35955613,-28.67427906],[-53.35959728,-28.6742527],[-53.35965516,-28.67420932],[-53.35972096,-28.67415157],[-53.3597904,-28.67408639],[-53.35984252,-28.67405579],[-53.35987468,-28.67403727],[-53.35990981,-28.67401236],[-53.35993692,-28.67400932],[-53.35997624,-28.67400454],[-53.36002212,-28.67398085],[-53.36005124,-28.67397103],[-53.36009975,-28.67394678],[-53.36013303,-28.67392057],[-53.36017121,-28.67389089],[-53.3601928,-28.67387583],[-53.36023677,-28.673853],[-53.36029347,-28.67382042],[-53.36036614,-28.67379646],[-53.36041953,-28.67376865],[-53.36047983,-28.6737432],[-53.36062602,-28.67366692],[-53.36076153,-28.67359438],[-53.36089021,-28.67352297],[-53.36095626,-28.67347726],[-53.36103765,-28.67344834],[-53.36106591,-28.67343196],[-53.36112018,-28.67340983],[-53.36115112,-28.6733819],[-53.36115924,-28.67333038],[-53.36115303,-28.67329128],[-53.36115459,-28.67324589],[-53.36117431,-28.673207],[-53.36118409,-28.67317395],[-53.36121286,-28.67312296],[-53.36123475,-28.67309091],[-53.36123153,-28.67303367],[-53.36124544,-28.67296784],[-53.3612529,-28.67289231],[-53.36126953,-28.67284581],[-53.3612952,-28.67282174],[-53.36132338,-28.67274685],[-53.36133962,-28.67269002],[-53.3613687,-28.67263102],[-53.3614264,-28.67253781],[-53.36147362,-28.67248417],[-53.36151445,-28.67243576],[-53.36156226,-28.67238882],[-53.36159848,-28.6723609],[-53.36166513,-28.6723278],[-53.36170311,-28.67231016],[-53.3617311,-28.67228898],[-53.36177387,-28.67227756],[-53.36182058,-28.67227442],[-53.36188614,-28.67229125],[-53.36192646,-28.67233687],[-53.36199141,-28.67237176],[-53.36207681,-28.67240561],[-53.3621278,-28.67245029],[-53.36218109,-28.67246674],[-53.36221299,-28.67246687],[-53.36227482,-28.67247445],[-53.36228615,-28.67249625],[-53.36233024,-28.67251644],[-53.36236836,-28.67253354],[-53.36240023,-28.67255179],[-53.36241945,-28.67256703],[-53.362489,-28.67255216],[-53.36252276,-28.6724813],[-53.36255028,-28.67249794],[-53.36260203,-28.67251617],[-53.36264374,-28.67252528],[-53.36266696,-28.67257598],[-53.36269891,-28.67260412],[-53.36275706,-28.67263194],[-53.36285332,-28.67267394],[-53.3629074,-28.672704],[-53.36298406,-28.67270117],[-53.36308946,-28.67266135],[-53.36315296,-28.6726392],[-53.36322521,-28.67261061],[-53.36326114,-28.67260614],[-53.36333628,-28.67261259],[-53.36339706,-28.67261284],[-53.36348894,-28.67263004],[-53.3635424,-28.6726196],[-53.36358365,-28.67262282],[-53.36360497,-28.6726122],[-53.36362536,-28.6725953],[-53.36365208,-28.67259696],[-53.36370525,-28.67258628],[-53.36374161,-28.67256756],[-53.36375116,-28.6725194],[-53.36376761,-28.67249479],[-53.3638469,-28.67249012],[-53.36386068,-28.67252643],[-53.36389028,-28.67255552],[-53.36393797,-28.67257],[-53.36397398,-28.67257172],[-53.36403512,-28.67255929],[-53.36408396,-28.67254516],[-53.36414765,-28.6725438],[-53.36421807,-28.67254705],[-53.36426322,-28.67255247],[-53.36430951,-28.67255658],[-53.36435138,-28.67254366],[-53.36439092,-28.67253986],[-53.36443726,-28.67254401],[-53.36448901,-28.67254554],[-53.36452223,-28.67256137],[-53.36457468,-28.67258478],[-53.36463771,-28.67259901],[-53.36471381,-28.67264272],[-53.36481848,-28.67269685],[-53.36484754,-28.67272239],[-53.36491121,-28.6727509],[-53.36502233,-28.67283022],[-53.36511948,-28.67290027],[-53.36519283,-28.67289774],[-53.365268,-28.6729261],[-53.36535171,-28.6729375],[-53.3654095,-28.67295416],[-53.36549613,-28.67296265],[-53.36556277,-28.67295887],[-53.36563336,-28.67296322],[-53.36570397,-28.67294309],[-53.36579667,-28.67292411],[-53.36587048,-28.67291182],[-53.36599178,-28.67288677],[-53.3660391,-28.67288409],[-53.36609987,-28.67286411],[-53.36618644,-28.67283201],[-53.36627291,-28.67290077],[-53.36634449,-28.67296345],[-53.36641757,-28.67307029],[-53.36648073,-28.6730937],[-53.36654789,-28.67308004],[-53.36662598,-28.67307474],[-53.36669981,-28.67308066],[-53.36677405,-28.67312508],[-53.36682762,-28.67315346],[-53.36686035,-28.67316548],[-53.36688921,-28.67315372],[-53.36688731,-28.6731269],[-53.36694911,-28.67312986],[-53.36707549,-28.67311407],[-53.36712078,-28.67314669],[-53.36719369,-28.6731563],[-53.36723198,-28.67314715],[-53.36723672,-28.67311473],[-53.36729993,-28.67311909],[-53.36734447,-28.67313014],[-53.36737816,-28.67312622],[-53.3674143,-28.67311546],[-53.36746282,-28.67312521],[-53.36752377,-28.6731063],[-53.36758983,-28.67312301],[-53.36764273,-28.67312187],[-53.36768165,-28.67310557],[-53.36774108,-28.67309614],[-53.36778579,-28.67313332],[-53.3678612,-28.67312141],[-53.36788565,-28.67309255],[-53.36792758,-28.67310935],[-53.36796503,-28.67313676],[-53.36800135,-28.67312199],[-53.36804737,-28.67309042],[-53.3680921,-28.67314266],[-53.36815865,-28.67316952],[-53.36819791,-28.67317232],[-53.36824734,-28.67318038],[-53.36829812,-28.67317666],[-53.36830453,-28.67344057],[-53.36832132,-28.67393805],[-53.36834739,-28.6747557],[-53.36833517,-28.67522405],[-53.36834124,-28.67558001],[-53.36834009,-28.67598602],[-53.36835859,-28.67619333],[-53.3683833,-28.67646414],[-53.36837049,-28.67674633],[-53.36822093,-28.67699255],[-53.36804029,-28.67729025],[-53.36798201,-28.67738609]]]]},"geometry_name":"geo_area_imovel","properties":{"cod_imovel":"RS-4306106-2423B6FA497D462893293B6ACE142CFE","status_imovel":"AT","dat_criacao":"2020-12-17T22:21:38.545Z","area":64.0404,"condicao":"Aguardando análise","uf":"RS","municipio":"Cruz Alta","cod_municipio_ibge":4306106,"m_fiscal":3.202,"tipo_imovel":"IRU"}},{"type":"Feature","id":"sicar_imoveis_rs.3031716","geometry":{"type":"MultiPolygon","coordinates":[[[[-53.38653803,-28.69305347],[-53.38675261,-28.6931664],[-53.38673115,-28.69342992],[-53.38670969,-28.6935805],[-53.38666677,-28.69378755],[-53.38668823,-28.69408871],[-53.38666677,-28.69433341],[-53.38666677,-28.69452163],[-53.38655949,-28.69467221],[-53.38639826,-28.69462873],[-53.38603263,-28.69459992],[-53.38581922,-28.69462171],[-53.3855637,-28.69463849],[-53.38528034,-28.69467428],[-53.38502853,-28.69450526],[-53.38294362,-28.69314042],[-53.37955556,-28.69083386],[-53.38059655,-28.68912859],[-53.38653803,-28.69305347]]]]},"geometry_name":"geo_area_imovel","properties":{"cod_imovel":"RS-4306106-24669BCDD10547889CE5B4E4099C46B6","status_imovel":"AT","dat_criacao":"2016-05-19T07:10:46.527Z","area":16.7483,"condicao":"Aguardando análise","uf":"RS","municipio":"Cruz Alta","cod_municipio_ibge":4306106,"m_fiscal":0.8374,"tipo_imovel":"IRU"}},{"type":"Feature","id":"sicar_imoveis_rs.14778173","geometry":{"type":"MultiPolygon","coordinates":[[[[-53.55163462,-28.8640968],[-53.55159227,-28.86425747],[-53.55152248,-28.86439706],[-53.5513938,-28.86447557],[-53.55125639,-28.86459771],[-53.55113425,-28.86470731],[-53.55104483,-28.86485344],[-53.55089816,-28.86491723],[-53.55079129,-28.86506336],[-53.55066043,-28.86512443],[-53.55056446,-28.86515496],[-53.55043142,-28.86520513],[-53.55027657,-28.86527328],[-53.55012826,-28.86537143],[-53.5500432,-28.86556554],[-53.54997122,-28.86563533],[-53.5498709,-28.86572912],[-53.54984909,-28.86583708],[-53.54989271,-28.86589815],[-53.54986435,-28.86593959],[-53.54991452,-28.86605736],[-53.54994287,-28.86627764],[-53.55004374,-28.86635616],[-53.55012008,-28.86642595],[-53.55010917,-28.86651538],[-53.55015716,-28.86676619],[-53.55032073,-28.86679673],[-53.55045378,-28.86670731],[-53.55053229,-28.86652192],[-53.55078965,-28.86635616],[-53.55083327,-28.86633871],[-53.5509685,-28.86630382],[-53.55104047,-28.86632781],[-53.55117133,-28.86640632],[-53.55132182,-28.86650992],[-53.55140034,-28.86659934],[-53.5514396,-28.86673893],[-53.55145486,-28.8669374],[-53.55145268,-28.86706608],[-53.55139979,-28.86724765],[-53.55129074,-28.86724547],[-53.55114898,-28.86722366],[-53.5510661,-28.86723457],[-53.55094832,-28.86719967],[-53.55080874,-28.86717786],[-53.55066697,-28.86724329],[-53.55051212,-28.86733271],[-53.55031692,-28.86742922],[-53.55004647,-28.86756663],[-53.54993088,-28.86765823],[-53.54973676,-28.86773239],[-53.54947886,-28.86777273],[-53.54931746,-28.86784035],[-53.54918878,-28.86791232],[-53.54904047,-28.86809116],[-53.54899249,-28.86815278],[-53.54893796,-28.86829673],[-53.54895978,-28.86846466],[-53.54902302,-28.86859771],[-53.54911463,-28.8687362],[-53.54921277,-28.86888451],[-53.54923022,-28.86908298],[-53.54927766,-28.86931199],[-53.54918388,-28.86936434],[-53.54905738,-28.86935997],[-53.54892215,-28.86929454],[-53.54880656,-28.86924656],[-53.54874549,-28.86917022],[-53.54859064,-28.8691964],[-53.54846414,-28.86919204],[-53.54830492,-28.86919858],[-53.54815661,-28.86927273],[-53.5480492,-28.86940032],[-53.54794015,-28.86953118],[-53.54788562,-28.86960752],[-53.54784636,-28.86972802],[-53.54778529,-28.86986543],[-53.54773513,-28.87006444],[-53.54783328,-28.87023456],[-53.54782455,-28.87032235],[-53.54787254,-28.87049465],[-53.54787254,-28.87056881],[-53.54785073,-28.87076292],[-53.54786163,-28.87101701],[-53.5478071,-28.8711326],[-53.54773949,-28.8713049],[-53.54771768,-28.87145975],[-53.54763262,-28.87155354],[-53.54754102,-28.87166804],[-53.54747123,-28.87175092],[-53.54743415,-28.87187524],[-53.54745378,-28.87194121],[-53.54747341,-28.87203718],[-53.54744724,-28.87219203],[-53.54724985,-28.87232344],[-53.54694233,-28.8723278],[-53.5468311,-28.87229945],[-53.54667406,-28.87230817],[-53.54655847,-28.87231689],[-53.54644288,-28.87234743],[-53.54633601,-28.87241068],[-53.54621605,-28.87257644],[-53.54617025,-28.8726615],[-53.54615498,-28.87278145],[-53.54615716,-28.873029],[-53.5461986,-28.87310097],[-53.54630111,-28.87317076],[-53.54644506,-28.87328036],[-53.54657374,-28.87340904],[-53.5466239,-28.87342867],[-53.54670242,-28.8736206],[-53.54668933,-28.87399028],[-53.54669587,-28.87418439],[-53.54676185,-28.87429617],[-53.54693197,-28.87443358],[-53.54716752,-28.87457589],[-53.54731365,-28.87469803],[-53.54747068,-28.87480708],[-53.54750776,-28.87491231],[-53.54757101,-28.87513259],[-53.54763208,-28.87525691],[-53.54776294,-28.87547065],[-53.54778911,-28.87560369],[-53.54766043,-28.87562551],[-53.54760372,-28.87557316],[-53.54752521,-28.87552736],[-53.54736163,-28.87546411],[-53.54715007,-28.87541395],[-53.54707156,-28.87541831],[-53.54691234,-28.8753965],[-53.54683491,-28.87548701],[-53.54664735,-28.87556335],[-53.54650994,-28.87556989],[-53.54636381,-28.87558516],[-53.54624168,-28.8756026],[-53.54618061,-28.87558516],[-53.54610209,-28.87562441],[-53.54602794,-28.8757182],[-53.54597559,-28.87584034],[-53.54594288,-28.87595866],[-53.54584691,-28.87611842],[-53.54583164,-28.87622311],[-53.54577494,-28.87632343],[-53.54577276,-28.8765917],[-53.54582074,-28.87684797],[-53.54582074,-28.87698319],[-53.54582074,-28.87708352],[-53.5458251,-28.87726018],[-53.54583001,-28.87742267],[-53.54585836,-28.87751209],[-53.54606338,-28.87765604],[-53.5462335,-28.87776509],[-53.54633601,-28.87781307],[-53.54645814,-28.87779998],[-53.54658137,-28.87779562],[-53.54675585,-28.87775854],[-53.54696305,-28.87772147],[-53.54713535,-28.87769311],[-53.5472275,-28.8776604],[-53.54734309,-28.87765167],[-53.54750885,-28.87773019],[-53.5476179,-28.8778676],[-53.54772041,-28.8779941],[-53.54787526,-28.87804426],[-53.54803884,-28.87820565],[-53.54807864,-28.87819475],[-53.54812226,-28.87819475],[-53.54832728,-28.87813368],[-53.54853666,-28.87809442],[-53.5487155,-28.87809442],[-53.54883328,-28.87811187],[-53.5490034,-28.87802899],[-53.54906883,-28.87786323],[-53.54929238,-28.8775219],[-53.54953666,-28.87746084],[-53.54972859,-28.87743466],[-53.54997286,-28.87741285],[-53.550095,-28.87741285],[-53.55032182,-28.87738232],[-53.55060972,-28.87747392],[-53.55083654,-28.87723837],[-53.55085835,-28.87708134],[-53.55091942,-28.87681525],[-53.55097613,-28.87659279],[-53.5509336,-28.87639868],[-53.55090307,-28.87621874],[-53.55079401,-28.87606171],[-53.55081146,-28.87595266],[-53.55082019,-28.87576073],[-53.55073731,-28.87564295],[-53.55064134,-28.87557316],[-53.55065007,-28.87540195],[-53.55067188,-28.87523619],[-53.55068933,-28.87501373],[-53.55065879,-28.874764],[-53.55054974,-28.87466367],[-53.55058464,-28.87456771],[-53.55066315,-28.87437578],[-53.55068933,-28.87424928],[-53.55076784,-28.87408788],[-53.55075912,-28.87390904],[-53.55071114,-28.87365386],[-53.55062826,-28.8727989],[-53.55250394,-28.87148593],[-53.55436653,-28.87023293],[-53.55618659,-28.86861679],[-53.55675884,-28.86802586],[-53.55541706,-28.86701303],[-53.55355639,-28.86549822],[-53.55163462,-28.8640968]]]]},"geometry_name":"geo_area_imovel","properties":{"cod_imovel":"RS-4306106-2473464501BC4ADE84D08B000FB47D40","status_imovel":"AT","dat_criacao":"2025-09-25T17:02:31.030Z","area":69.4231,"condicao":"Aguardando análise","uf":"RS","municipio":"Cruz Alta","cod_municipio_ibge":4306106,"m_fiscal":3.4712,"tipo_imovel":"IRU"}},{"type":"Feature","id":"sicar_imoveis_rs.5872648","geometry":{"type":"MultiPolygon","coordinates":[[[[-53.64491588,-28.72575664],[-53.64483843,-28.72428361],[-53.64871869,-28.72671191],[-53.65447651,-28.73034425],[-53.65318036,-28.73177659],[-53.65264665,-28.73306797],[-53.65244573,-28.73420729],[-53.652155,-28.73562828],[-53.65207588,-28.73648979],[-53.65125259,-28.73620376],[-53.64927573,-28.73616303],[-53.64793583,-28.7359258],[-53.64649153,-28.73445742],[-53.64547497,-28.73369047],[-53.64409357,-28.73283593],[-53.64342,-28.73181147],[-53.64298687,-28.73125134],[-53.64215759,-28.73020034],[-53.64132829,-28.72930034],[-53.6421259,-28.72812403],[-53.64222533,-28.72718729],[-53.64240386,-28.72593959],[-53.64467442,-28.72595282],[-53.64491588,-28.72575664]]]]},"geometry_name":"geo_area_imovel","properties":{"cod_imovel":"RS-4306106-2494D20D811C48E9BC17CBDFEC0E07BE","status_imovel":"AT","dat_criacao":"2018-08-29T00:15:15.096Z","area":94.5625,"condicao":"Aguardando análise","uf":"RS","municipio":"Cruz Alta","cod_municipio_ibge":4306106,"m_fiscal":4.7281,"tipo_imovel":"IRU"}},{"type":"Feature","id":"sicar_imoveis_rs.7101091","geometry":{"type":"MultiPolygon","coordinates":[[[[-53.3532891,-28.65214551],[-53.35269944,-28.65199326],[-53.35257487,-28.65192792],[-53.35224244,-28.65187725],[-53.35206829,-28.65179025],[-53.35180304,-28.65168886],[-53.35145519,-28.65150812],[-53.35115028,-28.65138627],[-53.35082084,-28.65119899],[-53.35045244,-28.65099703],[-53.34999878,-28.65076551],[-53.34962049,-28.650671],[-53.34948023,-28.65053375],[-53.34919992,-28.65043285],[-53.3489865,-28.65043999],[-53.34876547,-28.65043971],[-53.34873992,-28.65035331],[-53.34874742,-28.650274],[-53.3487891,-28.65018703],[-53.34878217,-28.65007105],[-53.34873459,-28.64993352],[-53.34857094,-28.64987585],[-53.3483833,-28.64980376],[-53.34762832,-28.64638235],[-53.34758604,-28.64616804],[-53.35075749,-28.64365913],[-53.35151645,-28.64424871],[-53.35254577,-28.64788492],[-53.35360767,-28.65196679],[-53.3532891,-28.65214551]]]]},"geometry_name":"geo_area_imovel","properties":{"cod_imovel":"RS-4306106-24B772C7FD7245BDB2B4BABDE5745C59","status_imovel":"AT","dat_criacao":"2019-07-14T01:18:22.653Z","area":32.1389,"condicao":"Aguardando análise","uf":"RS","municipio":"Cruz Alta","cod_municipio_ibge":4306106,"m_fiscal":1.6069,"tipo_imovel":"IRU"}},{"type":"Feature","id":"sicar_imoveis_rs.12499852","geometry":{"type":"MultiPolygon","coordinates":[[[[-53.36023067,-28.74838552],[-53.35938525,-28.74902908],[-53.35249308,-28.75341377],[-53.34984697,-28.75018064],[-53.34927597,-28.75022395],[-53.34872797,-28.74991713],[-53.34781264,-28.74916949],[-53.34744367,-28.74907456],[-53.34696106,-28.74836078],[-53.34669845,-28.74770406],[-53.34648219,-28.74730506],[-53.34614683,-28.74691511],[-53.34586464,-28.74678665],[-53.34553625,-28.7466355],[-53.34502485,-28.74622419],[-53.34488434,-28.74578864],[-53.34469901,-28.74526396],[-53.34432662,-28.74478253],[-53.34399193,-28.7443299],[-53.34388205,-28.74418763],[-53.34254785,-28.74331722],[-53.34190456,-28.74312396],[-53.34124486,-28.74301356],[-53.34080056,-28.74292873],[-53.34002601,-28.74309006],[-53.33915775,-28.74292098],[-53.33913122,-28.74194116],[-53.33950214,-28.7407116],[-53.34066823,-28.73716407],[-53.34014734,-28.73696228],[-53.34033649,-28.73640388],[-53.34041564,-28.73579522],[-53.3404099,-28.7354039],[-53.34029113,-28.73485702],[-53.3402489,-28.73455917],[-53.34023467,-28.73433544],[-53.34041047,-28.73419379],[-53.34065852,-28.73417293],[-53.34087552,-28.73410282],[-53.34097827,-28.73389409],[-53.3408399,-28.73370286],[-53.3407347,-28.73344297],[-53.34072313,-28.73331094],[-53.34079854,-28.73319174],[-53.34091996,-28.73297594],[-53.34103836,-28.7327973],[-53.34082971,-28.73252611],[-53.340661,-28.73226881],[-53.34053604,-28.73211079],[-53.34057491,-28.73192569],[-53.34073281,-28.73182015],[-53.34073112,-28.73144781],[-53.34058583,-28.7311319],[-53.34058593,-28.73089733],[-53.34057639,-28.7305657],[-53.34055949,-28.7302585],[-53.34043294,-28.72980536],[-53.34038571,-28.72957703],[-53.34011784,-28.72940552],[-53.33997157,-28.72937745],[-53.33975252,-28.7295171],[-53.33953668,-28.72965471],[-53.33922221,-28.72973882],[-53.338878,-28.72983414],[-53.33867823,-28.72988103],[-53.33845116,-28.72990265],[-53.33831825,-28.72987614],[-53.33821839,-28.72973774],[-53.33814064,-28.72959764],[-53.33814527,-28.72940477],[-53.33819704,-28.7290347],[-53.33830118,-28.72881523],[-53.33844285,-28.72844374],[-53.33861386,-28.72825314],[-53.33875898,-28.72818986],[-53.33892275,-28.72808224],[-53.33896856,-28.72787035],[-53.33887601,-28.72760497],[-53.33859096,-28.72726889],[-53.33824699,-28.72690717],[-53.3380778,-28.72677856],[-53.33800702,-28.72651983],[-53.33798269,-28.72625467],[-53.33798593,-28.7260101],[-53.3380559,-28.72560383],[-53.33813797,-28.72535836],[-53.33819823,-28.72512156],[-53.33828508,-28.72498664],[-53.33840895,-28.72494256],[-53.338611,-28.72489933],[-53.33892642,-28.7251164],[-53.3392872,-28.72534455],[-53.33973061,-28.72535055],[-53.34002245,-28.72536922],[-53.34030899,-28.725105],[-53.34042802,-28.72499632],[-53.34054591,-28.72478832],[-53.34132089,-28.72603651],[-53.34183682,-28.72666899],[-53.34227282,-28.727044],[-53.34297984,-28.72777843],[-53.34334315,-28.72813141],[-53.34368853,-28.7283722],[-53.34407095,-28.72859813],[-53.34537194,-28.72965411],[-53.34640389,-28.73017661],[-53.34714428,-28.73072115],[-53.34756266,-28.73079022],[-53.34840694,-28.73119335],[-53.34884714,-28.73138899],[-53.34930178,-28.73162915],[-53.34950064,-28.73198084],[-53.34968478,-28.73219343],[-53.35011949,-28.73231582],[-53.35057723,-28.73238857],[-53.35142828,-28.73270549],[-53.35213965,-28.73300082],[-53.35241547,-28.73326254],[-53.35278702,-28.73372369],[-53.35330375,-28.73430701],[-53.353625,-28.73487223],[-53.35397931,-28.73516896],[-53.35435439,-28.73523137],[-53.35479079,-28.73531699],[-53.35517221,-28.73525384],[-53.3554137,-28.73499075],[-53.35573873,-28.73485323],[-53.35621142,-28.73484768],[-53.35705725,-28.73502472],[-53.35788007,-28.73517552],[-53.35842023,-28.73526338],[-53.35884522,-28.73546203],[-53.35910725,-28.73576416],[-53.35933576,-28.7363168],[-53.35955841,-28.73650263],[-53.35974283,-28.73655529],[-53.36033229,-28.73662303],[-53.36065896,-28.73673603],[-53.36098561,-28.73693457],[-53.36123166,-28.73719063],[-53.36151303,-28.73764183],[-53.36178987,-28.73795521],[-53.36196125,-28.73850291],[-53.36301598,-28.73974115],[-53.36441474,-28.74044901],[-53.36366038,-28.74630203],[-53.36334928,-28.74637397],[-53.36023067,-28.74838552]]]]},"geometry_name":"geo_area_imovel","properties":{"cod_imovel":"RS-4306106-24DB038249054E0EBB18FC79310CBB81","status_imovel":"AT","dat_criacao":"2024-01-26T08:21:54.095Z","area":411.217,"condicao":"Aguardando análise","uf":"RS","municipio":"Cruz Alta","cod_municipio_ibge":4306106,"m_fiscal":20.5609,"tipo_imovel":"IRU"}},{"type":"Feature","id":"sicar_imoveis_rs.2186173","geometry":{"type":"MultiPolygon","coordinates":[[[[-53.65218401,-28.54715091],[-53.65231276,-28.54618961],[-53.65297794,-28.54432353],[-53.66499424,-28.54913003],[-53.6640501,-28.54990282],[-53.663342,-28.55024209],[-53.66269827,-28.55054367],[-53.662076,-28.55105257],[-53.66160393,-28.55174995],[-53.6611104,-28.55214576],[-53.65220547,-28.54813105],[-53.65218401,-28.54715091]]]]},"geometry_name":"geo_area_imovel","properties":{"cod_imovel":"RS-4306106-251662619CEB4E08B0ABADB01AD1DCE8","status_imovel":"AT","dat_criacao":"2016-03-14T00:26:00.694Z","area":50.0027,"condicao":"Aguardando análise","uf":"RS","municipio":"Cruz Alta","cod_municipio_ibge":4306106,"m_fiscal":2.5001,"tipo_imovel":"IRU"}},{"type":"Feature","id":"sicar_imoveis_rs.8548401","geometry":{"type":"MultiPolygon","coordinates":[[[[-53.36994675,-28.70551752],[-53.36847229,-28.70413519],[-53.36750199,-28.70319602],[-53.36708528,-28.70285457],[-53.36676081,-28.70262703],[-53.36660404,-28.70238092],[-53.36683222,-28.70243902],[-53.36712529,-28.70245464],[-53.36743761,-28.70244946],[-53.36771409,-28.70231506],[-53.36789676,-28.70205913],[-53.36779321,-28.70168095],[-53.36751449,-28.70147992],[-53.36720934,-28.70102817],[-53.36729812,-28.70064734],[-53.36708975,-28.70058555],[-53.36684658,-28.70057175],[-53.36652687,-28.70054571],[-53.36614504,-28.70051278],[-53.36579017,-28.70041762],[-53.36567468,-28.70019881],[-53.3656711,-28.69989224],[-53.36573811,-28.69963411],[-53.36584245,-28.69938298],[-53.36603204,-28.69918601],[-53.36630609,-28.69898644],[-53.36655212,-28.69886021],[-53.36702357,-28.69887581],[-53.36742534,-28.69899124],[-53.36762919,-28.6991661],[-53.36802842,-28.69957566],[-53.36911039,-28.70073352],[-53.37022747,-28.70197335],[-53.37190311,-28.70373714],[-53.36994675,-28.70551752]]]]},"geometry_name":"geo_area_imovel","properties":{"cod_imovel":"RS-4306106-2577D6216C8B4AF58A6E690483DF7A31","status_imovel":"AT","dat_criacao":"2020-09-16T02:45:30.708Z","area":18.0156,"condicao":"Aguardando análise","uf":"RS","municipio":"Cruz Alta","cod_municipio_ibge":4306106,"m_fiscal":0.9008,"tipo_imovel":"IRU"}},{"type":"Feature","id":"sicar_imoveis_rs.6948626","geometry":{"type":"MultiPolygon","coordinates":[[[[-53.43793743,-28.66248855],[-53.43989981,-28.63560205],[-53.43146092,-28.63432901],[-53.42051747,-28.63476481],[-53.42072703,-28.63442949],[-53.42090601,-28.63427528],[-53.42100042,-28.63401727],[-53.42072082,-28.63360281],[-53.42095746,-28.63337141],[-53.42157911,-28.63275415],[-53.42216444,-28.63216041],[-53.42253181,-28.63175176],[-53.42250678,-28.63136965],[-53.42719351,-28.63198828],[-53.43152672,-28.63203561],[-53.44427219,-28.63209743],[-53.44036916,-28.66238951],[-53.43793743,-28.66248855]]]]},"geometry_name":"geo_area_imovel","properties":{"cod_imovel":"RS-4306106-257D1D21DED7422EBA380DC59512EC37","status_imovel":"AT","dat_criacao":"2019-06-11T04:35:10.347Z","area":164.4128,"condicao":"Aguardando análise","uf":"RS","municipio":"Cruz Alta","cod_municipio_ibge":4306106,"m_fiscal":8.2206,"tipo_imovel":"IRU"}},{"type":"Feature","id":"sicar_imoveis_rs.6245770","geometry":{"type":"MultiPolygon","coordinates":[[[[-53.71302123,-28.75202378],[-53.71334306,-28.75243213],[-53.71352552,-28.75252944],[-53.71367148,-28.75265108],[-53.71380529,-28.75250511],[-53.71406073,-28.75257809],[-53.71430401,-28.75262675],[-53.7144743,-28.75257809],[-53.7145108,-28.75248078],[-53.71491221,-28.75235914],[-53.71507034,-28.75222534],[-53.71522847,-28.75206721],[-53.71548391,-28.7519699],[-53.71577585,-28.75186042],[-53.71588532,-28.75176311],[-53.71586099,-28.75156849],[-53.71604345,-28.7512279],[-53.71625024,-28.75100894],[-53.71635971,-28.75078999],[-53.71638404,-28.75070485],[-53.71661516,-28.75065619],[-53.71680978,-28.75064403],[-53.71696791,-28.75078999],[-53.71716254,-28.75074134],[-53.71729634,-28.75057104],[-53.71752745,-28.75046157],[-53.71777073,-28.75047373],[-53.71806267,-28.75060753],[-53.71818431,-28.75076567],[-53.7183546,-28.7508873],[-53.71853706,-28.75097245],[-53.71871952,-28.75098462],[-53.71898713,-28.75114275],[-53.7190966,-28.75117924],[-53.71927906,-28.75108193],[-53.71932772,-28.7509238],[-53.7195345,-28.75089947],[-53.71981428,-28.75089947],[-53.7198386,-28.75087514],[-53.7201427,-28.75091163],[-53.72028867,-28.75099678],[-53.72039814,-28.75115491],[-53.72054411,-28.75115491],[-53.72059277,-28.75103327],[-53.7206171,-28.75087514],[-53.72100538,-28.75094022],[-53.7211651,-28.75087828],[-53.72129479,-28.75075199],[-53.7214056,-28.75083266],[-53.72147426,-28.75078076],[-53.72164791,-28.75077446],[-53.72178128,-28.75056114],[-53.72180625,-28.75053303],[-53.72197647,-28.75042262],[-53.7219296,-28.75035979],[-53.72199994,-28.75026978],[-53.72201799,-28.75009342],[-53.7219248,-28.74997352],[-53.7218616,-28.74977453],[-53.72179094,-28.74971444],[-53.72180716,-28.7496055],[-53.72192407,-28.74937735],[-53.7215768,-28.74943829],[-53.7215832,-28.74930619],[-53.72156486,-28.74923042],[-53.72157344,-28.74909151],[-53.72157567,-28.74896842],[-53.72168164,-28.74894581],[-53.72176669,-28.74888627],[-53.72179268,-28.74874773],[-53.72182341,-28.74862641],[-53.72178774,-28.74845087],[-53.72174217,-28.7483199],[-53.72175614,-28.74822301],[-53.72174669,-28.74813921],[-53.7217407,-28.74800303],[-53.72175335,-28.74786304],[-53.72172346,-28.74779211],[-53.72175068,-28.74762224],[-53.72182145,-28.74748153],[-53.72188529,-28.74741719],[-53.72192026,-28.74726981],[-53.72200355,-28.74707545],[-53.72211424,-28.74699419],[-53.72216478,-28.74690252],[-53.72223078,-28.74680683],[-53.7223293,-28.74665898],[-53.72233988,-28.74653031],[-53.72227227,-28.74644949],[-53.72227901,-28.7462278],[-53.72228963,-28.74607288],[-53.72226105,-28.74582367],[-53.72228012,-28.74568284],[-53.72243284,-28.74555266],[-53.72247086,-28.74545979],[-53.72253455,-28.74533474],[-53.72267667,-28.74514722],[-53.72282667,-28.7449475],[-53.72290194,-28.74492611],[-53.72299528,-28.74470889],[-53.72298194,-28.744525],[-53.72293056,-28.74452444],[-53.72294583,-28.74445444],[-53.72315611,-28.74433611],[-53.72365972,-28.74099472],[-53.72395111,-28.74050861],[-53.72498,-28.739605],[-53.7250525,-28.73948361],[-53.72516167,-28.73929333],[-53.7256375,-28.73848083],[-53.72601366,-28.73799943],[-53.72600361,-28.73799056],[-53.72552677,-28.73754042],[-53.72519834,-28.73721807],[-53.72497331,-28.73696263],[-53.72469434,-28.73659894],[-53.71525769,-28.7491214],[-53.71302123,-28.75202378]]]]},"geometry_name":"geo_area_imovel","properties":{"cod_imovel":"RS-4306106-25B7FBAA85E7423489A5A7165BB523E1","status_imovel":"AT","dat_criacao":"2018-12-29T01:00:33.557Z","area":65.5499,"condicao":"Aguardando análise","uf":"RS","municipio":"Cruz Alta","cod_municipio_ibge":4306106,"m_fiscal":3.2775,"tipo_imovel":"IRU"}},{"type":"Feature","id":"sicar_imoveis_rs.15302136","geometry":{"type":"MultiPolygon","coordinates":[[[[-53.6512446,-28.56350502],[-53.64902506,-28.56266709],[-53.64899814,-28.56249868],[-53.64896938,-28.5624154],[-53.64797034,-28.56194153],[-53.64935013,-28.5605866],[-53.64996663,-28.56071907],[-53.65068591,-28.55989108],[-53.65071168,-28.55893874],[-53.65072812,-28.55891572],[-53.65224962,-28.55902565],[-53.65319116,-28.56017067],[-53.6537696,-28.56093867],[-53.65375598,-28.56149602],[-53.65371158,-28.5621958],[-53.6537348,-28.56301474],[-53.6537348,-28.56301474],[-53.653346,-28.56361742],[-53.65332691,-28.5637727],[-53.65322661,-28.56411111],[-53.65321887,-28.56431316],[-53.65319278,-28.56436705],[-53.65315268,-28.56440001],[-53.6512446,-28.56350502]]]]},"geometry_name":"geo_area_imovel","properties":{"cod_imovel":"RS-4306106-25BD8A5EE07841F0A9269931F5336508","status_imovel":"AT","dat_criacao":"2026-02-19T13:29:01.759Z","area":19.6592,"condicao":"Aguardando análise","uf":"RS","municipio":"Cruz Alta","cod_municipio_ibge":4306106,"m_fiscal":0.983,"tipo_imovel":"IRU"}},{"type":"Feature","id":"sicar_imoveis_rs.4744077","geometry":{"type":"MultiPolygon","coordinates":[[[[-53.30882187,-28.69439516],[-53.30946237,-28.69449836],[-53.30784531,-28.69657518],[-53.30770168,-28.69657263],[-53.30691736,-28.6963624],[-53.30682581,-28.69618795],[-53.30652596,-28.69611152],[-53.30623034,-28.69597489],[-53.30646995,-28.69401249],[-53.30882187,-28.69439516]]]]},"geometry_name":"geo_area_imovel","properties":{"cod_imovel":"RS-4306106-25DF6485B1BB4880BA58B59F04E942B7","status_imovel":"AT","dat_criacao":"2017-11-14T23:57:56.616Z","area":5.6815,"condicao":"Aguardando análise","uf":"RS","municipio":"Cruz Alta","cod_municipio_ibge":4306106,"m_fiscal":0.2841,"tipo_imovel":"IRU"}},{"type":"Feature","id":"sicar_imoveis_rs.14856239","geometry":{"type":"MultiPolygon","coordinates":[[[[-53.5149734,-28.68933922],[-53.51521446,-28.68953249],[-53.51570194,-28.68938116],[-53.51587198,-28.68963358],[-53.51599471,-28.68967857],[-53.51618235,-28.68988402],[-53.5167276,-28.69006929],[-53.51717042,-28.69037771],[-53.51754266,-28.69075041],[-53.5182224,-28.69120246],[-53.51873412,-28.69146927],[-53.51909599,-28.69190901],[-53.51951825,-28.69213986],[-53.51987141,-28.69228394],[-53.51999844,-28.69249547],[-53.51997086,-28.69280489],[-53.52005604,-28.69289253],[-53.52028312,-28.69294991],[-53.52065694,-28.69299509],[-53.52114808,-28.69299658],[-53.52133022,-28.69311254],[-53.52175109,-28.69355831],[-53.52188349,-28.69346048],[-53.52195541,-28.69318704],[-53.52200456,-28.69295409],[-53.52227043,-28.69257248],[-53.52230131,-28.69222186],[-53.52210542,-28.69208704],[-53.52178994,-28.69179484],[-53.52112655,-28.69133457],[-53.52097338,-28.6914962],[-53.5209189,-28.69143461],[-53.52083784,-28.6913653],[-53.52074848,-28.69130787],[-53.52062792,-28.69127214],[-53.52048467,-28.69123773],[-53.52024234,-28.69106046],[-53.51997355,-28.69081232],[-53.51999828,-28.68669023],[-53.51783686,-28.68661572],[-53.51780353,-28.68675753],[-53.51773586,-28.6868924],[-53.51770503,-28.68693817],[-53.51721981,-28.68708902],[-53.51684063,-28.68687442],[-53.5162499,-28.68677191],[-53.51601258,-28.68680303],[-53.51550552,-28.68672125],[-53.51496698,-28.68635786],[-53.51469627,-28.68677329],[-53.51435221,-28.68716717],[-53.51428559,-28.68843333],[-53.51415708,-28.68876258],[-53.51444158,-28.68862449],[-53.51455293,-28.68863],[-53.51470816,-28.68850721],[-53.5148141,-28.68846618],[-53.51501446,-28.68852795],[-53.51516862,-28.68886484],[-53.51497833,-28.68918188],[-53.5149734,-28.68933922]]]]},"geometry_name":"geo_area_imovel","properties":{"cod_imovel":"RS-4306106-25FDB9C54FCC456FBA6C47C77AC24986","status_imovel":"AT","dat_criacao":"2025-10-13T11:07:19.761Z","area":26.706,"condicao":"Aguardando análise","uf":"RS","municipio":"Cruz Alta","cod_municipio_ibge":4306106,"m_fiscal":1.3353,"tipo_imovel":"IRU"}},{"type":"Feature","id":"sicar_imoveis_rs.3032103","geometry":{"type":"MultiPolygon","coordinates":[[[[-53.38728905,-28.68254984],[-53.38754654,-28.6829828],[-53.38776112,-28.68343459],[-53.38788986,-28.68366048],[-53.3878684,-28.68403697],[-53.38782549,-28.68433816],[-53.38788986,-28.68473347],[-53.38782549,-28.68501584],[-53.38655546,-28.68448151],[-53.38430589,-28.683654],[-53.38150483,-28.68249207],[-53.37971383,-28.68181399],[-53.37769555,-28.68098577],[-53.37613212,-28.68038435],[-53.37575563,-28.68022458],[-53.37580001,-28.68017596],[-53.37588403,-28.68011239],[-53.37595507,-28.68007015],[-53.3760528,-28.68004059],[-53.37613708,-28.67999671],[-53.37617566,-28.67995172],[-53.37618463,-28.67989772],[-53.37617731,-28.67982781],[-53.37762826,-28.6801714],[-53.37900768,-28.68048809],[-53.3802366,-28.68082149],[-53.38728905,-28.68254984]]]]},"geometry_name":"geo_area_imovel","properties":{"cod_imovel":"RS-4306106-26121DCFA90C4C5DAE2782E6F5B86235","status_imovel":"AT","dat_criacao":"2016-05-19T07:28:08.885Z","area":18.3182,"condicao":"Aguardando análise","uf":"RS","municipio":"Cruz Alta","cod_municipio_ibge":4306106,"m_fiscal":0.9159,"tipo_imovel":"IRU"}},{"type":"Feature","id":"sicar_imoveis_rs.6589759","geometry":{"type":"MultiPolygon","coordinates":[[[[-53.58874208,-28.69647704],[-53.58869738,-28.69787655],[-53.58856195,-28.69783159],[-53.58785178,-28.69747901],[-53.58724798,-28.69714524],[-53.58663539,-28.69710089],[-53.58647681,-28.69731656],[-53.58592607,-28.69828456],[-53.58573014,-28.69864873],[-53.58529124,-28.6992614],[-53.58517076,-28.69932746],[-53.5846554,-28.6995991],[-53.58366997,-28.70003679],[-53.5830618,-28.70033266],[-53.58229746,-28.7006723],[-53.5817349,-28.7009536],[-53.5808907,-28.70135603],[-53.5804565,-28.70151673],[-53.58052079,-28.70104733],[-53.58062147,-28.70054502],[-53.5806587,-28.70026044],[-53.58082203,-28.699517],[-53.58092175,-28.69901342],[-53.58105925,-28.69828066],[-53.58114841,-28.69782623],[-53.5812754,-28.69719508],[-53.58131977,-28.69717025],[-53.58178098,-28.69698288],[-53.58223758,-28.6968103],[-53.58267754,-28.69665525],[-53.58354312,-28.69633814],[-53.58431483,-28.69606213],[-53.58494366,-28.69582842],[-53.58547286,-28.69562366],[-53.5860961,-28.69541885],[-53.58721709,-28.69500475],[-53.58806827,-28.69469116],[-53.58884931,-28.69438848],[-53.58874208,-28.69647704]]]]},"geometry_name":"geo_area_imovel","properties":{"cod_imovel":"RS-4306106-2635E726829B4EA3BCFBEB710498C897","status_imovel":"AT","dat_criacao":"2019-03-16T01:02:30.996Z","area":28.3368,"condicao":"Aguardando análise","uf":"RS","municipio":"Cruz Alta","cod_municipio_ibge":4306106,"m_fiscal":1.4168,"tipo_imovel":"IRU"}},{"type":"Feature","id":"sicar_imoveis_rs.4396993","geometry":{"type":"MultiPolygon","coordinates":[[[[-53.52502209,-28.58299069],[-53.52618623,-28.58326318],[-53.52830324,-28.58464919],[-53.52934556,-28.58550167],[-53.53075499,-28.58553323],[-53.53110686,-28.58600681],[-53.53138703,-28.58658412],[-53.53165128,-28.58712424],[-53.53175659,-28.58776529],[-53.5316097,-28.58833683],[-53.53265549,-28.59358991],[-53.50996346,-28.60974496],[-53.49783046,-28.60674952],[-53.52445927,-28.58253685],[-53.52502209,-28.58299069]]]]},"geometry_name":"geo_area_imovel","properties":{"cod_imovel":"RS-4306106-265F67C8EE6C435FA3542A656C5CA520","status_imovel":"AT","dat_criacao":"2017-07-20T00:20:29.315Z","area":435.171,"condicao":"Aguardando análise","uf":"RS","municipio":"Cruz Alta","cod_municipio_ibge":4306106,"m_fiscal":21.7585,"tipo_imovel":"IRU"}},{"type":"Feature","id":"sicar_imoveis_rs.1810579","geometry":{"type":"MultiPolygon","coordinates":[[[[-53.57952833,-28.73424838],[-53.58022454,-28.7348564],[-53.58094131,-28.73526371],[-53.58148098,-28.73565953],[-53.58115911,-28.73596057],[-53.58088017,-28.73620516],[-53.5805583,-28.73652502],[-53.58008623,-28.73676961],[-53.57919739,-28.73536967],[-53.57879877,-28.73485047],[-53.57952833,-28.73424838]]]]},"geometry_name":"geo_area_imovel","properties":{"cod_imovel":"RS-4306106-268E0E20D5234928A2B127E54B120959","status_imovel":"AT","dat_criacao":"2015-12-16T01:10:11.101Z","area":3.3833,"condicao":"Aguardando análise","uf":"RS","municipio":"Cruz Alta","cod_municipio_ibge":4306106,"m_fiscal":0.1692,"tipo_imovel":"IRU"}},{"type":"Feature","id":"sicar_imoveis_rs.3031467","geometry":{"type":"MultiPolygon","coordinates":[[[[-53.61559153,-28.88527303],[-53.61599524,-28.88697679],[-53.6149275,-28.88657666],[-53.61456324,-28.88555778],[-53.61559153,-28.88527303]]]]},"geometry_name":"geo_area_imovel","properties":{"cod_imovel":"RS-4306106-26BDF82B176C400D9ABEACB5F181134B","status_imovel":"AT","dat_criacao":"2016-05-19T07:01:10.505Z","area":1.5197,"condicao":"Aguardando análise","uf":"RS","municipio":"Cruz Alta","cod_municipio_ibge":4306106,"m_fiscal":0.076,"tipo_imovel":"IRU"}},{"type":"Feature","id":"sicar_imoveis_rs.2639042","geometry":{"type":"MultiPolygon","coordinates":[[[[-53.58491421,-28.53706625],[-53.58495712,-28.53721705],[-53.58508587,-28.53736786],[-53.5854417,-28.53808685],[-53.58503319,-28.5386481],[-53.58475904,-28.53958011],[-53.58445771,-28.5405926],[-53.583693,-28.54094814],[-53.58234384,-28.54181265],[-53.58009236,-28.53836436],[-53.58173847,-28.53766947],[-53.58259678,-28.53717935],[-53.58324051,-28.53695314],[-53.58354092,-28.53684004],[-53.58387309,-28.53684964],[-53.58435631,-28.53684004],[-53.58480904,-28.53684478],[-53.58491421,-28.53706625]]]]},"geometry_name":"geo_area_imovel","properties":{"cod_imovel":"RS-4306106-26C6509C403C45E48F0D8C45800E1333","status_imovel":"AT","dat_criacao":"2016-04-23T01:48:07.141Z","area":17.0046,"condicao":"Aguardando análise","uf":"RS","municipio":"Cruz Alta","cod_municipio_ibge":4306106,"m_fiscal":0.8502,"tipo_imovel":"IRU"}},{"type":"Feature","id":"sicar_imoveis_rs.14906919","geometry":{"type":"MultiPolygon","coordinates":[[[[-53.40430134,-28.71217294],[-53.39646591,-28.70457325],[-53.38756945,-28.69594798],[-53.3864156,-28.69481156],[-53.38595677,-28.6952003],[-53.38565783,-28.69551122],[-53.38534748,-28.69588798],[-53.38507891,-28.69621564],[-53.38475704,-28.69664855],[-53.38452101,-28.69698735],[-53.38428497,-28.69723204],[-53.38404754,-28.69761486],[-53.38373788,-28.69793618],[-53.38363627,-28.69825135],[-53.38350571,-28.69866617],[-53.38324672,-28.69922394],[-53.38283438,-28.69975434],[-53.38274873,-28.69998591],[-53.38276762,-28.70016103],[-53.38289424,-28.70040874],[-53.38313005,-28.70060834],[-53.38361736,-28.7010677],[-53.38404357,-28.70150448],[-53.38411375,-28.70193059],[-53.38410518,-28.70233597],[-53.38410058,-28.70280142],[-53.38400318,-28.70324235],[-53.38390999,-28.70368555],[-53.38363273,-28.7042428],[-53.3834967,-28.70454373],[-53.38310806,-28.7047481],[-53.38263425,-28.7051115],[-53.3822015,-28.7052832],[-53.38187825,-28.70537058],[-53.3814467,-28.70542005],[-53.3811818,-28.70542624],[-53.38090743,-28.70555414],[-53.38062021,-28.70577367],[-53.38050719,-28.70596345],[-53.38036616,-28.70626537],[-53.38008509,-28.70632191],[-53.3798071,-28.7064341],[-53.37951421,-28.70663329],[-53.37920081,-28.70675335],[-53.37885079,-28.70690433],[-53.3787054,-28.70706384],[-53.37867383,-28.70731437],[-53.37861135,-28.70754925],[-53.37848563,-28.70773956],[-53.37818664,-28.70788752],[-53.37777775,-28.70800447],[-53.37748171,-28.70811054],[-53.37719912,-28.70809138],[-53.37697083,-28.70810102],[-53.37664462,-28.70812025],[-53.3765279,-28.7083478],[-53.376426,-28.70853375],[-53.37625982,-28.7087255],[-53.37604846,-28.70877966],[-53.37576247,-28.70867114],[-53.37565899,-28.70839289],[-53.37538004,-28.70820469],[-53.37510109,-28.70790357],[-53.37488651,-28.70784711],[-53.37475777,-28.70788475],[-53.37484763,-28.70831069],[-53.37506843,-28.70890588],[-53.37859551,-28.7198503],[-53.38445908,-28.72244846],[-53.38904402,-28.72123394],[-53.39070917,-28.71942908],[-53.38735207,-28.71567937],[-53.38791348,-28.71457789],[-53.39142475,-28.71569322],[-53.39333141,-28.71701709],[-53.39444059,-28.7189012],[-53.39647197,-28.71951405],[-53.39721109,-28.71872028],[-53.40430134,-28.71217294]]]]},"geometry_name":"geo_area_imovel","properties":{"cod_imovel":"RS-4306106-26F51FDDC25A4FB3816F20C39429009A","status_imovel":"AT","dat_criacao":"2025-10-23T17:02:52.894Z","area":450.0032,"condicao":"Aguardando análise","uf":"RS","municipio":"Cruz Alta","cod_municipio_ibge":4306106,"m_fiscal":22.5002,"tipo_imovel":"IRU"}},{"type":"Feature","id":"sicar_imoveis_rs.3160141","geometry":{"type":"MultiPolygon","coordinates":[[[[-53.30740213,-28.69071942],[-53.3082819,-28.69117117],[-53.31001997,-28.69207468],[-53.3093977,-28.6925829],[-53.30877542,-28.69297817],[-53.30723047,-28.69252643],[-53.30566406,-28.69196174],[-53.30665112,-28.6903806],[-53.30740213,-28.69071942]]]]},"geometry_name":"geo_area_imovel","properties":{"cod_imovel":"RS-4306106-26F8B99BF7C0401F960032A4BCAD5F08","status_imovel":"AT","dat_criacao":"2016-05-24T21:59:30.528Z","area":6.2039,"condicao":"Aguardando análise","uf":"RS","municipio":"Cruz Alta","cod_municipio_ibge":4306106,"m_fiscal":0.3102,"tipo_imovel":"IRU"}},{"type":"Feature","id":"sicar_imoveis_rs.12929589","geometry":{"type":"MultiPolygon","coordinates":[[[[-53.65743278,-28.60290306],[-53.65560361,-28.60035],[-53.65546472,-28.6002675],[-53.65319222,-28.59908139],[-53.65313139,-28.59921528],[-53.65309639,-28.599245],[-53.65299778,-28.59922611],[-53.65289444,-28.59934917],[-53.65294167,-28.59947056],[-53.65277028,-28.599575],[-53.65262528,-28.59969972],[-53.65254472,-28.59971611],[-53.65229361,-28.59965194],[-53.65225389,-28.59966639],[-53.65217167,-28.59970667],[-53.65207833,-28.5995725],[-53.65207333,-28.59962333],[-53.65207444,-28.59976833],[-53.65205611,-28.59982361],[-53.65201722,-28.59988389],[-53.65194,-28.59998778],[-53.65179139,-28.59995806],[-53.65176667,-28.59998222],[-53.65167917,-28.60013361],[-53.6515725,-28.60025194],[-53.65152,-28.60030861],[-53.65130694,-28.60038639],[-53.65124861,-28.60040639],[-53.65061972,-28.60062917],[-53.65004083,-28.60083972],[-53.64802417,-28.60159611],[-53.64755056,-28.60180944],[-53.64757944,-28.60187278],[-53.64793806,-28.60311611],[-53.64828194,-28.60425806],[-53.6483575,-28.60422722],[-53.64844417,-28.60425694],[-53.6485425,-28.60424444],[-53.64863167,-28.60419028],[-53.64870222,-28.60409528],[-53.64884028,-28.60410972],[-53.64956917,-28.60481556],[-53.64959028,-28.60492222],[-53.649635,-28.605005],[-53.64977556,-28.60509111],[-53.64991222,-28.60521611],[-53.64999167,-28.60533194],[-53.65000083,-28.60542972],[-53.65005556,-28.60554528],[-53.6499975,-28.60571556],[-53.64995472,-28.6057325],[-53.64999417,-28.60579583],[-53.65491417,-28.60414278],[-53.65511,-28.60406639],[-53.65534944,-28.60397278],[-53.65552861,-28.60390278],[-53.65569389,-28.60382],[-53.65603333,-28.60365333],[-53.65743278,-28.60290306]]]]},"geometry_name":"geo_area_imovel","properties":{"cod_imovel":"RS-4306106-279794A5838E44F398BFDBB382B597EC","status_imovel":"AT","dat_criacao":"2024-06-14T07:04:47.081Z","area":40.6736,"condicao":"Aguardando análise","uf":"RS","municipio":"Cruz Alta","cod_municipio_ibge":4306106,"m_fiscal":2.0337,"tipo_imovel":"IRU"}},{"type":"Feature","id":"sicar_imoveis_rs.3228609","geometry":{"type":"MultiPolygon","coordinates":[[[[-53.60014971,-28.52723517],[-53.60005744,-28.52757706],[-53.59997395,-28.52793711],[-53.59982688,-28.52836772],[-53.599695,-28.52869308],[-53.59960459,-28.5289147],[-53.59936817,-28.52925811],[-53.59924871,-28.52954778],[-53.5990037,-28.52992707],[-53.59859435,-28.53053046],[-53.59840393,-28.53079944],[-53.59826479,-28.53106898],[-53.59817365,-28.53126733],[-53.59819045,-28.53158168],[-53.59794372,-28.53170899],[-53.58773194,-28.53020136],[-53.58781158,-28.52987583],[-53.58841054,-28.52957315],[-53.58882366,-28.52921439],[-53.58927707,-28.52841105],[-53.58973254,-28.52781482],[-53.59106552,-28.52795718],[-53.59169387,-28.52800303],[-53.59193305,-28.52811185],[-53.5922422,-28.52830271],[-53.59252145,-28.52839049],[-53.59263432,-28.52818534],[-53.59265061,-28.52790826],[-53.59249604,-28.52772394],[-53.59223858,-28.52773948],[-53.59193747,-28.52769866],[-53.59171544,-28.52769819],[-53.59188995,-28.52730832],[-53.59180642,-28.52718619],[-53.59189044,-28.52694264],[-53.59183336,-28.5266986],[-53.59177639,-28.52655156],[-53.59179128,-28.52636406],[-53.59182088,-28.52620363],[-53.59191002,-28.52613969],[-53.59204865,-28.52609191],[-53.59221546,-28.52605043],[-53.59244391,-28.52605751],[-53.59269015,-28.52606897],[-53.59307249,-28.52616498],[-53.59333315,-28.52621436],[-53.59353796,-28.52621123],[-53.59370558,-28.5262402],[-53.59401504,-28.52628249],[-53.59424073,-28.52627005],[-53.59449276,-28.52635823],[-53.59457695,-28.52638564],[-53.59474054,-28.52642933],[-53.5949226,-28.52645063],[-53.59503868,-28.52643645],[-53.5951843,-28.52640725],[-53.59537692,-28.52637065],[-53.59555402,-28.52633406],[-53.59563473,-28.52629749],[-53.59578657,-28.52621328],[-53.59585869,-28.52606008],[-53.59593579,-28.52599356],[-53.59606255,-28.52600176],[-53.59620569,-28.52604564],[-53.5963399,-28.5261102],[-53.59645635,-28.52613658],[-53.59659324,-28.52612636],[-53.59667756,-28.52609884],[-53.59676348,-28.52595015],[-53.59683957,-28.52582202],[-53.59690182,-28.52573388],[-53.5970117,-28.52569348],[-53.59714767,-28.52565712],[-53.59726434,-28.52564093],[-53.59739537,-28.52557231],[-53.59751093,-28.52551212],[-53.59761822,-28.52547047],[-53.59772306,-28.52540313],[-53.59778826,-28.52533795],[-53.59780103,-28.52520338],[-53.59778691,-28.52495325],[-53.59778782,-28.52481825],[-53.59786415,-28.52474431],[-53.59802528,-28.52473583],[-53.59805495,-28.52464417],[-53.59815231,-28.52452165],[-53.59828082,-28.524371],[-53.59839228,-28.52431745],[-53.59849078,-28.52432125],[-53.59858413,-28.52433481],[-53.59864327,-28.52449794],[-53.59882374,-28.5245423],[-53.59901602,-28.52471649],[-53.59910579,-28.52480353],[-53.59927573,-28.52497548],[-53.5992157,-28.5251595],[-53.59934523,-28.52527374],[-53.59952319,-28.52531013],[-53.59970072,-28.52539281],[-53.59989051,-28.52545932],[-53.60005226,-28.52551009],[-53.60017551,-28.52557016],[-53.60027897,-28.52559115],[-53.60038128,-28.5256456],[-53.60046581,-28.52566628],[-53.60052932,-28.52571681],[-53.60060437,-28.52578299],[-53.60064601,-28.52587578],[-53.60065792,-28.52603485],[-53.60062794,-28.5261483],[-53.60060386,-28.52619318],[-53.60055089,-28.52625307],[-53.6005132,-28.52631475],[-53.60044218,-28.52637983],[-53.60034757,-28.52645317],[-53.60020997,-28.52653586],[-53.60016027,-28.52657578],[-53.60006756,-28.52666295],[-53.60003368,-28.5267839],[-53.60010816,-28.52692522],[-53.60019771,-28.52692687],[-53.60014971,-28.52723517]]]]},"geometry_name":"geo_area_imovel","properties":{"cod_imovel":"RS-4306106-27D9E00956E4452DBBB66E41F0F0C06E","status_imovel":"AT","dat_criacao":"2016-05-30T18:00:08.318Z","area":54.9526,"condicao":"Aguardando análise","uf":"RS","municipio":"Cruz Alta","cod_municipio_ibge":4306106,"m_fiscal":2.7476,"tipo_imovel":"IRU"}},{"type":"Feature","id":"sicar_imoveis_rs.12116171","geometry":{"type":"MultiPolygon","coordinates":[[[[-53.71159957,-28.72070639],[-53.70874333,-28.71855527],[-53.70836301,-28.71829533],[-53.70786767,-28.71799171],[-53.70770111,-28.71883941],[-53.70538048,-28.73084791],[-53.70559007,-28.73084353],[-53.70573971,-28.73097927],[-53.70582153,-28.73098485],[-53.70587787,-28.73105057],[-53.70600038,-28.73101898],[-53.70605338,-28.73112951],[-53.70600475,-28.73120842],[-53.70608345,-28.73122822],[-53.70607353,-28.73130402],[-53.7061388,-28.73140609],[-53.70618543,-28.73151566],[-53.706281,-28.73160233],[-53.70638733,-28.73155068],[-53.70639567,-28.73166345],[-53.70647036,-28.73171022],[-53.70651607,-28.73178436],[-53.70664378,-28.7318315],[-53.7067924,-28.73180408],[-53.70697303,-28.73201813],[-53.70704709,-28.73195332],[-53.70712158,-28.73205593],[-53.70693508,-28.73213391],[-53.70695284,-28.73223549],[-53.70701934,-28.73223037],[-53.70706835,-28.73232925],[-53.70706357,-28.73242154],[-53.70699388,-28.7324536],[-53.70693476,-28.73258198],[-53.70692521,-28.73282276],[-53.70697769,-28.73299266],[-53.70690143,-28.73309143],[-53.7069399,-28.73315435],[-53.70680772,-28.73329943],[-53.70669968,-28.733273],[-53.70671456,-28.73344915],[-53.70653304,-28.73356591],[-53.70647726,-28.73365309],[-53.70646884,-28.73378712],[-53.70635219,-28.73390709],[-53.7062029,-28.73403935],[-53.70610577,-28.73408279],[-53.7060763,-28.73421419],[-53.70600929,-28.7343779],[-53.70595682,-28.73448269],[-53.70587351,-28.73459388],[-53.70572333,-28.73464794],[-53.70562447,-28.73485885],[-53.70566522,-28.73514913],[-53.70562589,-28.73537418],[-53.70555394,-28.73543011],[-53.70558376,-28.73551855],[-53.70553408,-28.73556879],[-53.70544236,-28.73559174],[-53.70553333,-28.73569041],[-53.70545737,-28.73578097],[-53.70550758,-28.73589083],[-53.70555623,-28.73608272],[-53.70567135,-28.73617315],[-53.70563996,-28.73619362],[-53.69493959,-28.74299209],[-53.6948729,-28.74303197],[-53.6950704,-28.74314169],[-53.69526386,-28.74329741],[-53.69542859,-28.74333878],[-53.69545088,-28.74344135],[-53.69535203,-28.74343845],[-53.69532623,-28.74346594],[-53.6955697,-28.74346442],[-53.69571538,-28.743621],[-53.69578879,-28.7437931],[-53.69579725,-28.7438992],[-53.69562183,-28.74407121],[-53.69540738,-28.74421441],[-53.69544763,-28.74426692],[-53.69569528,-28.74406577],[-53.69584794,-28.74401564],[-53.69615958,-28.74410206],[-53.69593529,-28.74431194],[-53.69591125,-28.74453966],[-53.69607876,-28.74462932],[-53.69628778,-28.74459791],[-53.69645812,-28.74466235],[-53.69659214,-28.74467149],[-53.69690993,-28.74485359],[-53.69686892,-28.74510194],[-53.69702009,-28.74532833],[-53.69710278,-28.74529997],[-53.69721891,-28.74507087],[-53.69747052,-28.74489255],[-53.69762195,-28.74493779],[-53.69772647,-28.74508978],[-53.69803878,-28.74528137],[-53.69812706,-28.74541474],[-53.6983915,-28.74547215],[-53.69849388,-28.74529781],[-53.6985943,-28.74531412],[-53.69882165,-28.7454816],[-53.6990615,-28.7455386],[-53.69916839,-28.7454837],[-53.6992625,-28.74548542],[-53.69932801,-28.74556512],[-53.69933866,-28.7457999],[-53.69940037,-28.74593858],[-53.69927502,-28.7460515],[-53.69898801,-28.74609946],[-53.69912969,-28.74613614],[-53.699331,-28.74617063],[-53.69947193,-28.74630115],[-53.69938956,-28.74648538],[-53.69927939,-28.74654369],[-53.69910819,-28.74650173],[-53.69913301,-28.7466987],[-53.69930891,-28.74664088],[-53.69956811,-28.74695622],[-53.69976672,-28.74710461],[-53.69995195,-28.74715061],[-53.69999353,-28.7472629],[-53.70012564,-28.74740469],[-53.70008661,-28.74755855],[-53.70032952,-28.74745952],[-53.70047563,-28.74747698],[-53.70078595,-28.74733249],[-53.70094626,-28.7473927],[-53.70098529,-28.74725895],[-53.70115193,-28.74713564],[-53.70145721,-28.7471492],[-53.70154548,-28.74725776],[-53.70154703,-28.74736183],[-53.70160937,-28.74732198],[-53.70177516,-28.74727725],[-53.7018933,-28.74733759],[-53.7019621,-28.74752069],[-53.70210736,-28.74746176],[-53.70221247,-28.74747283],[-53.70236216,-28.74767317],[-53.70246214,-28.74759268],[-53.70252739,-28.74743956],[-53.70275333,-28.74742475],[-53.70287091,-28.7475348],[-53.7028999,-28.74735723],[-53.70305232,-28.7473374],[-53.70318456,-28.74738482],[-53.70313365,-28.74713686],[-53.70316957,-28.7469818],[-53.70338196,-28.74714037],[-53.70352899,-28.74744802],[-53.70360076,-28.74764712],[-53.70383525,-28.74745993],[-53.70387898,-28.74733376],[-53.70415306,-28.74717338],[-53.70436836,-28.74699596],[-53.70446672,-28.74733336],[-53.70459393,-28.74724511],[-53.70454829,-28.74705884],[-53.70464425,-28.746894],[-53.70495455,-28.74696735],[-53.70516893,-28.74696874],[-53.70535109,-28.7467172],[-53.70536978,-28.74647759],[-53.7054365,-28.74635781],[-53.70565197,-28.74626681],[-53.70573775,-28.7463341],[-53.70584624,-28.74617911],[-53.7059448,-28.74592446],[-53.70603934,-28.74596686],[-53.70702457,-28.74507526],[-53.72078964,-28.73261583],[-53.72048567,-28.73228773],[-53.71820838,-28.72995062],[-53.71770933,-28.72970825],[-53.71356705,-28.72955804],[-53.71336486,-28.72954767],[-53.71160896,-28.72841363],[-53.71136201,-28.7283346],[-53.71083595,-28.72821841],[-53.71088006,-28.72812335],[-53.71118562,-28.72746411],[-53.71030642,-28.72729005],[-53.71159957,-28.72070639]]]]},"geometry_name":"geo_area_imovel","properties":{"cod_imovel":"RS-4306106-27E7D4ABE05544BAA9152827702543C3","status_imovel":"AT","dat_criacao":"2023-09-29T05:08:34.149Z","area":282.0385,"condicao":"Aguardando análise","uf":"RS","municipio":"Cruz Alta","cod_municipio_ibge":4306106,"m_fiscal":14.1019,"tipo_imovel":"IRU"}},{"type":"Feature","id":"sicar_imoveis_rs.12313353","geometry":{"type":"MultiPolygon","coordinates":[[[[-53.66110417,-28.73134056],[-53.66518083,-28.7363525],[-53.66777611,-28.73784194],[-53.67211028,-28.74113472],[-53.67223472,-28.74130056],[-53.67254889,-28.74177778],[-53.67280417,-28.74210944],[-53.67314667,-28.74251972],[-53.67317306,-28.74288472],[-53.67310722,-28.74317639],[-53.6733125,-28.74315472],[-53.67352,-28.74313333],[-53.67356778,-28.74302],[-53.67377917,-28.74302278],[-53.67388722,-28.74285306],[-53.67458806,-28.74299639],[-53.67463944,-28.74280806],[-53.67497167,-28.742885],[-53.67532778,-28.74295361],[-53.67557889,-28.74301833],[-53.67574972,-28.74309306],[-53.6759425,-28.743015],[-53.67607694,-28.74319278],[-53.67637222,-28.74340667],[-53.67643472,-28.74314028],[-53.676255,-28.74303333],[-53.67662056,-28.74288806],[-53.67661389,-28.74269139],[-53.67643917,-28.74264917],[-53.67685028,-28.74251361],[-53.67707583,-28.7425175],[-53.67710639,-28.74266639],[-53.67733333,-28.74227417],[-53.67751639,-28.74251333],[-53.67791778,-28.74249778],[-53.67797917,-28.74258639],[-53.67806528,-28.74226056],[-53.67853389,-28.74227556],[-53.67838,-28.74201139],[-53.6785925,-28.74208944],[-53.67870333,-28.74194333],[-53.67875444,-28.74218667],[-53.67914111,-28.74215722],[-53.67916722,-28.74230611],[-53.67933583,-28.74199444],[-53.67949667,-28.74209417],[-53.67944083,-28.74234556],[-53.67998583,-28.74223806],[-53.68017389,-28.74223056],[-53.68020056,-28.74199194],[-53.68070583,-28.74189611],[-53.68092583,-28.74202861],[-53.6810825,-28.74177611],[-53.681225,-28.74175694],[-53.68110639,-28.741505],[-53.681605,-28.74159417],[-53.68142778,-28.74130167],[-53.68180556,-28.74124139],[-53.68176556,-28.74108194],[-53.68202861,-28.74101139],[-53.68199917,-28.74075028],[-53.6823225,-28.74111],[-53.68268972,-28.74116667],[-53.682865,-28.74066111],[-53.68326,-28.74069861],[-53.68301972,-28.740795],[-53.6830725,-28.74116889],[-53.68338361,-28.74081694],[-53.6836225,-28.74100028],[-53.68357278,-28.7412625],[-53.68373694,-28.74123833],[-53.68370222,-28.74099556],[-53.68396,-28.74111028],[-53.68429611,-28.74107083],[-53.68434778,-28.74128806],[-53.68449694,-28.74117889],[-53.68456194,-28.74167917],[-53.68503389,-28.74195306],[-53.68527694,-28.74212722],[-53.68547,-28.7416025],[-53.68574944,-28.74159583],[-53.685965,-28.74224556],[-53.68606417,-28.74270861],[-53.68642583,-28.74255139],[-53.68720694,-28.74233556],[-53.68765806,-28.74199306],[-53.68787417,-28.74135028],[-53.68751,-28.74101167],[-53.68735194,-28.74065861],[-53.68725083,-28.74007389],[-53.68743694,-28.73940556],[-53.68766194,-28.73949306],[-53.68794222,-28.7392],[-53.68810361,-28.73930333],[-53.68826278,-28.7392725],[-53.68818944,-28.73885111],[-53.68798972,-28.73836889],[-53.68810444,-28.738215],[-53.68787583,-28.73826639],[-53.68794083,-28.73808556],[-53.68764417,-28.73800444],[-53.68770639,-28.73783611],[-53.68746556,-28.73750056],[-53.68750472,-28.73725028],[-53.68761194,-28.73702278],[-53.68790583,-28.73675417],[-53.68837861,-28.73647972],[-53.68848861,-28.73597528],[-53.68848833,-28.73566889],[-53.68870444,-28.73532556],[-53.68867417,-28.73498306],[-53.68861861,-28.73449583],[-53.6888125,-28.73408694],[-53.68883944,-28.73403056],[-53.68855861,-28.73372139],[-53.688475,-28.73342194],[-53.68859528,-28.73318944],[-53.68861556,-28.73294028],[-53.68902944,-28.73250056],[-53.68905889,-28.73212167],[-53.68898333,-28.73192111],[-53.68922056,-28.73174417],[-53.68955,-28.73135333],[-53.68924556,-28.73098806],[-53.68948222,-28.73077444],[-53.68913,-28.73055917],[-53.68898139,-28.73039361],[-53.68886917,-28.72976722],[-53.68887889,-28.72944806],[-53.68844333,-28.72920333],[-53.68829389,-28.72859083],[-53.68832222,-28.72811833],[-53.68779389,-28.72798111],[-53.68754083,-28.72780778],[-53.68729056,-28.72759278],[-53.6874175,-28.72719639],[-53.68760278,-28.72698528],[-53.68739861,-28.72677583],[-53.68731611,-28.72652778],[-53.68699333,-28.72631194],[-53.68669306,-28.72597611],[-53.68617972,-28.72602944],[-53.68590222,-28.72585861],[-53.68528417,-28.72577944],[-53.68507111,-28.72575444],[-53.68466861,-28.72585222],[-53.68427083,-28.72607944],[-53.68394333,-28.72640083],[-53.68373583,-28.72636944],[-53.68328056,-28.72654056],[-53.68279528,-28.72651944],[-53.68245222,-28.72679639],[-53.68198611,-28.72696],[-53.68151722,-28.72706833],[-53.68127694,-28.72691972],[-53.68099528,-28.72715722],[-53.68090472,-28.72749139],[-53.68051472,-28.72773611],[-53.68024139,-28.72782444],[-53.67978528,-28.72798083],[-53.6794875,-28.72770361],[-53.67872139,-28.72751889],[-53.67795778,-28.72739639],[-53.67735528,-28.72761694],[-53.67700389,-28.72746917],[-53.67700056,-28.7274675],[-53.677,-28.72746722],[-53.67645111,-28.72720944],[-53.67610333,-28.72693056],[-53.67562306,-28.72679556],[-53.6750375,-28.72651278],[-53.67438944,-28.72661111],[-53.67391306,-28.72645167],[-53.6734525,-28.72638167],[-53.672995,-28.72616611],[-53.67287944,-28.72615111],[-53.6725125,-28.72610389],[-53.67228694,-28.72605139],[-53.67192056,-28.725895],[-53.67158583,-28.72563306],[-53.67124556,-28.72559639],[-53.67106694,-28.72559778],[-53.66969306,-28.72626083],[-53.66156472,-28.72984361],[-53.66110417,-28.73134056]]]]},"geometry_name":"geo_area_imovel","properties":{"cod_imovel":"RS-4306106-281586793498442D937BA7CD86DC5BBD","status_imovel":"AT","dat_criacao":"2023-11-24T05:57:03.565Z","area":378.1688,"condicao":"Aguardando análise","uf":"RS","municipio":"Cruz Alta","cod_municipio_ibge":4306106,"m_fiscal":18.9084,"tipo_imovel":"IRU"}},{"type":"Feature","id":"sicar_imoveis_rs.3165219","geometry":{"type":"MultiPolygon","coordinates":[[[[-53.62828016,-28.80139759],[-53.62658501,-28.79966768],[-53.62589036,-28.79852384],[-53.62944213,-28.79595258],[-53.62948903,-28.79662354],[-53.62961949,-28.79685773],[-53.62982806,-28.79708817],[-53.62985194,-28.79725986],[-53.62992607,-28.79753966],[-53.63065426,-28.79813785],[-53.63089526,-28.79827635],[-53.63126404,-28.79841211],[-53.63140225,-28.79848102],[-53.63052742,-28.79953942],[-53.62997059,-28.79908574],[-53.62828016,-28.80139759]]]]},"geometry_name":"geo_area_imovel","properties":{"cod_imovel":"RS-4306106-2845AE0059AD4F71AFD80EE30728B4C3","status_imovel":"AT","dat_criacao":"2016-05-25T15:01:50.705Z","area":14.6908,"condicao":"Aguardando análise","uf":"RS","municipio":"Cruz Alta","cod_municipio_ibge":4306106,"m_fiscal":0.7345,"tipo_imovel":"IRU"}},{"type":"Feature","id":"sicar_imoveis_rs.1948879","geometry":{"type":"MultiPolygon","coordinates":[[[[-53.63008261,-28.61781069],[-53.62997532,-28.61803673],[-53.63006115,-28.61843229],[-53.63023281,-28.61905388],[-53.6297822,-28.61909155],[-53.6293985,-28.61894886],[-53.62843741,-28.61833813],[-53.62749494,-28.61766678],[-53.62704253,-28.61751223],[-53.62656355,-28.61762233],[-53.62591684,-28.61781164],[-53.62559795,-28.61801789],[-53.62529755,-28.61814975],[-53.62482548,-28.61835694],[-53.62452507,-28.61854531],[-53.62422466,-28.61863949],[-53.6238063,-28.61859197],[-53.62360873,-28.61847455],[-53.623634,-28.61835427],[-53.62381152,-28.61815261],[-53.62413201,-28.61795441],[-53.62439632,-28.61790488],[-53.62478256,-28.61779186],[-53.62512589,-28.61767884],[-53.62544775,-28.61752815],[-53.62604856,-28.61730211],[-53.62694979,-28.61694422],[-53.6266923,-28.61607774],[-53.62675667,-28.61594589],[-53.62697124,-28.61577636],[-53.62709999,-28.61579519],[-53.62725019,-28.61573868],[-53.62767935,-28.61566334],[-53.62811107,-28.61568225],[-53.62825871,-28.61575752],[-53.62849474,-28.61562566],[-53.62862349,-28.61573868],[-53.62877369,-28.61571985],[-53.6290741,-28.61609658],[-53.62915571,-28.61659757],[-53.62958908,-28.61675586],[-53.62971783,-28.61673702],[-53.62976074,-28.61673702],[-53.62984657,-28.61686888],[-53.62997532,-28.6171891],[-53.63006115,-28.61737746],[-53.63010406,-28.61752815],[-53.63010406,-28.61762233],[-53.63008261,-28.61781069]]]]},"geometry_name":"geo_area_imovel","properties":{"cod_imovel":"RS-4306106-2851747F422141448ABC4DB3ED707BA5","status_imovel":"AT","dat_criacao":"2016-01-21T00:18:58.623Z","area":9.8906,"condicao":"Aguardando análise","uf":"RS","municipio":"Cruz Alta","cod_municipio_ibge":4306106,"m_fiscal":0.4945,"tipo_imovel":"IRU"}},{"type":"Feature","id":"sicar_imoveis_rs.16198191","geometry":{"type":"MultiPolygon","coordinates":[[[[-53.69403502,-28.49147646],[-53.69598031,-28.49214999],[-53.69536244,-28.493759],[-53.69452791,-28.49348417],[-53.69148305,-28.50030963],[-53.68995981,-28.50024717],[-53.69403502,-28.49147646]]]]},"geometry_name":"geo_area_imovel","properties":{"cod_imovel":"RS-4306106-285283A3B8654A41B30B71D743D43499","status_imovel":"AT","dat_criacao":"2026-08-12T13:14:28.620Z","area":15.3016,"condicao":"Aguardando análise","uf":"RS","municipio":"Cruz Alta","cod_municipio_ibge":4306106,"m_fiscal":0.7651,"tipo_imovel":"IRU"}},{"type":"Feature","id":"sicar_imoveis_rs.12458113","geometry":{"type":"MultiPolygon","coordinates":[[[[-53.63064697,-28.91952815],[-53.63615834,-28.93154027],[-53.63323581,-28.93224339],[-53.63167787,-28.92838328],[-53.63058751,-28.92565317],[-53.6288549,-28.92142287],[-53.63064697,-28.91952815]]]]},"geometry_name":"geo_area_imovel","properties":{"cod_imovel":"RS-4306106-286FD02AE13948C1933C21674CE6C697","status_imovel":"AT","dat_criacao":"2024-01-16T07:39:00.123Z","area":35.9633,"condicao":"Aguardando análise","uf":"RS","municipio":"Cruz Alta","cod_municipio_ibge":4306106,"m_fiscal":1.7982,"tipo_imovel":"IRU"}},{"type":"Feature","id":"sicar_imoveis_rs.13075969","geometry":{"type":"MultiPolygon","coordinates":[[[[-53.59435355,-28.6989025],[-53.59448521,-28.70100793],[-53.59434096,-28.70107473],[-53.59411055,-28.70111234],[-53.59410028,-28.7013471],[-53.59394647,-28.70142501],[-53.5940117,-28.70151425],[-53.59393378,-28.70172332],[-53.5940779,-28.70174239],[-53.59412403,-28.70183262],[-53.59399253,-28.70186942],[-53.59385271,-28.70199985],[-53.59384278,-28.70211172],[-53.59373116,-28.7022076],[-53.59356028,-28.7022116],[-53.59356193,-28.7020877],[-53.59335354,-28.70211831],[-53.59329541,-28.70191879],[-53.5931417,-28.7019756],[-53.5931536,-28.70188552],[-53.59309553,-28.70158911],[-53.59293926,-28.70146752],[-53.59282729,-28.70159885],[-53.59272775,-28.70154564],[-53.59261179,-28.70156536],[-53.59244727,-28.70142472],[-53.59246735,-28.70126375],[-53.59237573,-28.70121634],[-53.5925096,-28.70111842],[-53.59209756,-28.70108518],[-53.59192722,-28.70125191],[-53.59176029,-28.70132918],[-53.59169101,-28.70156109],[-53.59174822,-28.70166103],[-53.59158317,-28.70173547],[-53.59167295,-28.70184543],[-53.59160441,-28.70192487],[-53.59146636,-28.70200275],[-53.59126456,-28.70200157],[-53.59127151,-28.70228777],[-53.5913826,-28.70227004],[-53.59155044,-28.70243344],[-53.59156237,-28.7026306],[-53.59141956,-28.70274385],[-53.59147569,-28.70282929],[-53.5912934,-28.70303062],[-53.59124435,-28.70311627],[-53.59118592,-28.70308257],[-53.59082385,-28.70320913],[-53.59062904,-28.70308088],[-53.59050468,-28.70336175],[-53.5903865,-28.70330754],[-53.59041142,-28.70322705],[-53.59036912,-28.70308839],[-53.59005158,-28.70338974],[-53.58979955,-28.70328559],[-53.58967311,-28.70334503],[-53.58972823,-28.70353477],[-53.5896395,-28.70356723],[-53.58961451,-28.70344574],[-53.58922872,-28.70335299],[-53.58920992,-28.70331717],[-53.58935998,-28.69964306],[-53.58945101,-28.69741105],[-53.5942291,-28.69705578],[-53.59426349,-28.6975209],[-53.59435355,-28.6989025]]]]},"geometry_name":"geo_area_imovel","properties":{"cod_imovel":"RS-4306106-28B4D5A249C443A899C93541E4DBF055","status_imovel":"AT","dat_criacao":"2024-07-26T07:32:51.799Z","area":27.5287,"condicao":"Aguardando análise","uf":"RS","municipio":"Cruz Alta","cod_municipio_ibge":4306106,"m_fiscal":1.3764,"tipo_imovel":"IRU"}},{"type":"Feature","id":"sicar_imoveis_rs.6589833","geometry":{"type":"MultiPolygon","coordinates":[[[[-53.65917921,-28.60260872],[-53.65862131,-28.60166676],[-53.657763,-28.60038569],[-53.65591764,-28.59795538],[-53.65608931,-28.5959395],[-53.65645409,-28.59503517],[-53.65664721,-28.59409314],[-53.65686178,-28.59375401],[-53.6572051,-28.59332068],[-53.65784883,-28.59284966],[-53.65868568,-28.59249169],[-53.65965128,-28.59202067],[-53.66074562,-28.59330184],[-53.66608858,-28.59921764],[-53.65917921,-28.60260872]]]]},"geometry_name":"geo_area_imovel","properties":{"cod_imovel":"RS-4306106-2912409013DF49C3A388453AD8BB0214","status_imovel":"AT","dat_criacao":"2019-03-16T01:16:26.280Z","area":64.7448,"condicao":"Aguardando análise","uf":"RS","municipio":"Cruz Alta","cod_municipio_ibge":4306106,"m_fiscal":3.2372,"tipo_imovel":"IRU"}},{"type":"Feature","id":"sicar_imoveis_rs.12070636","geometry":{"type":"MultiPolygon","coordinates":[[[[-53.56886183,-28.57887613],[-53.56864115,-28.57886977],[-53.56848684,-28.57899475],[-53.56811212,-28.57913761],[-53.56769851,-28.57911204],[-53.56723779,-28.57925452],[-53.56703102,-28.57942292],[-53.56701773,-28.57943535],[-53.56674865,-28.57959947],[-53.5667286,-28.57961815],[-53.56641145,-28.57983228],[-53.56639096,-28.57983886],[-53.56615507,-28.57999632],[-53.5659699,-28.58023753],[-53.56574041,-28.58046915],[-53.5655191,-28.58070578],[-53.56543785,-28.58091898],[-53.56543143,-28.58093122],[-53.56526412,-28.58127417],[-53.56508692,-28.58155714],[-53.56507351,-28.58156959],[-53.5648317,-28.582011],[-53.56482503,-28.58201721],[-53.56456358,-28.58221721],[-53.56372072,-28.58293416],[-53.56349598,-28.58298822],[-53.56323832,-28.58332117],[-53.56321784,-28.58332781],[-53.56287105,-28.58363832],[-53.56254758,-28.58378465],[-53.56249994,-28.58379796],[-53.56248623,-28.58379832],[-53.56217194,-28.58386135],[-53.56216508,-28.58386154],[-53.5616367,-28.58385119],[-53.56095465,-28.58401447],[-53.5608662,-28.58407736],[-53.56085945,-28.58408357],[-53.56074123,-28.58421261],[-53.56072148,-28.5842311],[-53.56052238,-28.58439233],[-53.56052259,-28.58439833],[-53.56036829,-28.58451059],[-53.56032742,-28.58452369],[-53.5603072,-28.58453624],[-53.56014837,-28.5847205],[-53.56014251,-28.58475066],[-53.56002593,-28.58493975],[-53.56001995,-28.58496392],[-53.5595644,-28.58522819],[-53.55955075,-28.58522856],[-53.5590762,-28.58515108],[-53.55906253,-28.58515145],[-53.55847567,-28.58519017],[-53.55844155,-28.58519102],[-53.55812218,-28.58525336],[-53.55808136,-28.58526044],[-53.55767822,-28.58523439],[-53.55765782,-28.58523489],[-53.55724229,-28.58512001],[-53.55722857,-28.58512038],[-53.55699816,-28.58519852],[-53.55697788,-28.58520504],[-53.55631673,-28.58510579],[-53.55609444,-28.5849905],[-53.55585273,-28.58488745],[-53.55567508,-28.58486747],[-53.555457,-28.58487295],[-53.55531375,-28.58487668],[-53.55520864,-28.58477099],[-53.55513044,-28.58464667],[-53.55510863,-28.58459313],[-53.55511726,-28.58439476],[-53.55506056,-28.58417975],[-53.5550596,-28.58405998],[-53.55505955,-28.58405401],[-53.55503167,-28.58395324],[-53.55498997,-28.58379967],[-53.55499614,-28.58365149],[-53.55491478,-28.58354741],[-53.55491465,-28.58345337],[-53.55491451,-28.58335378],[-53.55490768,-28.58322557],[-53.55489421,-28.58308071],[-53.55492705,-28.58292947],[-53.55493942,-28.58276207],[-53.55503852,-28.58258515],[-53.55505759,-28.58246613],[-53.55510995,-28.58235827],[-53.55532132,-28.5822517],[-53.56387885,-28.57711411],[-53.56725213,-28.57705257],[-53.56845236,-28.57689441],[-53.56857472,-28.57802769],[-53.56877802,-28.57805943],[-53.56891355,-28.57807519],[-53.56912198,-28.5782467],[-53.56933691,-28.57837881],[-53.56958082,-28.57848562],[-53.56999803,-28.57864804],[-53.57126018,-28.57936095],[-53.57162086,-28.57989326],[-53.57199194,-28.57999478],[-53.57296356,-28.58013889],[-53.57325466,-28.58006523],[-53.57364247,-28.57997558],[-53.57375624,-28.5800513],[-53.57407181,-28.58037267],[-53.57422535,-28.58069333],[-53.57437292,-28.58081546],[-53.57473596,-28.58083256],[-53.57516292,-28.58096067],[-53.5756066,-28.58114145],[-53.57589036,-28.58127343],[-53.57615764,-28.58135943],[-53.57685542,-28.58121513],[-53.57701082,-28.58090599],[-53.57708204,-28.58035465],[-53.57711807,-28.5795702],[-53.57726632,-28.57948696],[-53.57760637,-28.57933263],[-53.57803122,-28.57923589],[-53.57804644,-28.57923551],[-53.57835152,-28.57905659],[-53.57840544,-28.57882527],[-53.57865376,-28.57881278],[-53.57907535,-28.57886783],[-53.57948818,-28.57896132],[-53.57983331,-28.57873488],[-53.58012052,-28.57867466],[-53.58057446,-28.578709],[-53.5809297,-28.57868009],[-53.58122189,-28.57859382],[-53.58175591,-28.57846839],[-53.58223535,-28.57829177],[-53.58274643,-28.57792456],[-53.58330237,-28.57801986],[-53.58386246,-28.57819594],[-53.58418037,-28.57831947],[-53.5845073,-28.57847521],[-53.58467656,-28.57870753],[-53.58473389,-28.57907083],[-53.58473016,-28.57939397],[-53.58486824,-28.57971864],[-53.58501498,-28.58029933],[-53.5851717,-28.58056477],[-53.58459234,-28.58226063],[-53.58358383,-28.58452172],[-53.58295718,-28.58576297],[-53.58280869,-28.58637361],[-53.58276226,-28.58681524],[-53.58283186,-28.58720018],[-53.58309031,-28.58742339],[-53.58304739,-28.58789443],[-53.58332634,-28.58847852],[-53.58371258,-28.58910029],[-53.58409882,-28.58942059],[-53.5840559,-28.59024961],[-53.58259678,-28.59126703],[-53.57524,-28.59092369],[-53.57380702,-28.59083893],[-53.57060636,-28.59074138],[-53.57027191,-28.59070719],[-53.56886183,-28.57887613]]]]},"geometry_name":"geo_area_imovel","properties":{"cod_imovel":"RS-4306106-2914CD9C17314E97840AC632D3DA1D7D","status_imovel":"AT","dat_criacao":"2023-09-19T05:16:40.532Z","area":243.2217,"condicao":"Aguardando análise","uf":"RS","municipio":"Cruz Alta","cod_municipio_ibge":4306106,"m_fiscal":12.1611,"tipo_imovel":"IRU"}},{"type":"Feature","id":"sicar_imoveis_rs.10111219","geometry":{"type":"MultiPolygon","coordinates":[[[[-53.57581982,-28.61799594],[-53.57684373,-28.61621996],[-53.57607574,-28.61611122],[-53.57480443,-28.61591336],[-53.57437038,-28.61748815],[-53.57443455,-28.61794086],[-53.57459122,-28.61794528],[-53.57581982,-28.61799594]]]]},"geometry_name":"geo_area_imovel","properties":{"cod_imovel":"RS-4306106-2919509775FB4D93915DE7DC30B7C223","status_imovel":"AT","dat_criacao":"2022-02-12T05:09:34.489Z","area":3.8214,"condicao":"Aguardando análise","uf":"RS","municipio":"Cruz Alta","cod_municipio_ibge":4306106,"m_fiscal":0.1911,"tipo_imovel":"IRU"}},{"type":"Feature","id":"sicar_imoveis_rs.3315047","geometry":{"type":"MultiPolygon","coordinates":[[[[-53.25829554,-28.69577104],[-53.25854566,-28.69558518],[-53.2561165,-28.69293068],[-53.25779112,-28.69168331],[-53.26014805,-28.69447874],[-53.26053127,-28.69422536],[-53.2653696,-28.69979157],[-53.26310691,-28.7013466],[-53.25829554,-28.69577104]]]]},"geometry_name":"geo_area_imovel","properties":{"cod_imovel":"RS-4306106-2922054052D441BFBA826C9A9FD9FB39","status_imovel":"AT","dat_criacao":"2016-06-03T19:51:18.665Z","area":29.5958,"condicao":"Aguardando análise","uf":"RS","municipio":"Cruz Alta","cod_municipio_ibge":4306106,"m_fiscal":1.4798,"tipo_imovel":"IRU"}},{"type":"Feature","id":"sicar_imoveis_rs.12648137","geometry":{"type":"MultiPolygon","coordinates":[[[[-53.54246249,-28.56648128],[-53.54148686,-28.56512937],[-53.55030198,-28.56269732],[-53.55053792,-28.56262889],[-53.55053263,-28.56296213],[-53.55031511,-28.56323339],[-53.55015094,-28.56326705],[-53.55024222,-28.56401919],[-53.55041281,-28.56438],[-53.55067393,-28.56493227],[-53.55127602,-28.56581226],[-53.5517571,-28.56672773],[-53.55219296,-28.56747936],[-53.55239704,-28.56780273],[-53.55257446,-28.56799647],[-53.55367139,-28.5687723],[-53.55282128,-28.5692113],[-53.54753631,-28.57046011],[-53.54580677,-28.57104589],[-53.54467525,-28.56949743],[-53.54246249,-28.56648128]]]]},"geometry_name":"geo_area_imovel","properties":{"cod_imovel":"RS-4306106-294FC419BED346A4A7908AD610CF9C2A","status_imovel":"AT","dat_criacao":"2024-03-27T07:12:09.942Z","area":60.2433,"condicao":"Aguardando análise","uf":"RS","municipio":"Cruz Alta","cod_municipio_ibge":4306106,"m_fiscal":3.0122,"tipo_imovel":"IRU"}},{"type":"Feature","id":"sicar_imoveis_rs.5491022","geometry":{"type":"MultiPolygon","coordinates":[[[[-53.6561966,-28.59416851],[-53.65559578,-28.59450763],[-53.65529537,-28.59454532],[-53.65503788,-28.594583],[-53.65495205,-28.59465836],[-53.65465164,-28.59462068],[-53.65434644,-28.59456514],[-53.65370751,-28.59462068],[-53.65306378,-28.59454532],[-53.65203381,-28.59431923],[-53.650958,-28.59361339],[-53.65035636,-28.59294465],[-53.65003373,-28.59232348],[-53.64514774,-28.59757358],[-53.6432643,-28.59681109],[-53.64318566,-28.5970442],[-53.64288199,-28.59755366],[-53.64262691,-28.59788806],[-53.64196192,-28.5986733],[-53.64128203,-28.59942781],[-53.64072911,-28.6000557],[-53.64030134,-28.60054691],[-53.63981274,-28.60111733],[-53.63937273,-28.60166976],[-53.63882762,-28.60221414],[-53.63785375,-28.60326922],[-53.63814983,-28.60360605],[-53.63838276,-28.60361968],[-53.63860016,-28.60370148],[-53.63874768,-28.603831],[-53.63896508,-28.60432521],[-53.63901166,-28.60446836],[-53.63904272,-28.60462514],[-53.63910484,-28.60489099],[-53.63914366,-28.60519773],[-53.63923295,-28.6053068],[-53.64106894,-28.60598085],[-53.64164829,-28.60596201],[-53.64259243,-28.60607504],[-53.64308596,-28.60616923],[-53.64383698,-28.60615039],[-53.64412665,-28.60618807],[-53.64439488,-28.60603736],[-53.64480257,-28.60586782],[-53.64536047,-28.60573595],[-53.64571452,-28.6055664],[-53.64612222,-28.60539685],[-53.64652991,-28.60526498],[-53.64693761,-28.60500124],[-53.64738822,-28.60477518],[-53.6479032,-28.60462447],[-53.6484611,-28.60447376],[-53.64801048,-28.60325329],[-53.64751356,-28.60183029],[-53.64990497,-28.60091002],[-53.65226531,-28.59999996],[-53.65237401,-28.59961822],[-53.65259141,-28.59956368],[-53.65284763,-28.59916148],[-53.65312815,-28.59908577],[-53.65282774,-28.59806842],[-53.65327835,-28.5974467],[-53.65383625,-28.59708875],[-53.65430832,-28.59674963],[-53.655231,-28.59599602],[-53.65617514,-28.59546849],[-53.65645409,-28.59503517],[-53.6561966,-28.59416851]]]]},"geometry_name":"geo_area_imovel","properties":{"cod_imovel":"RS-4306106-298A994321714EBD822297E02AF51F69","status_imovel":"AT","dat_criacao":"2018-05-19T05:42:23.838Z","area":121.1756,"condicao":"Aguardando análise","uf":"RS","municipio":"Cruz Alta","cod_municipio_ibge":4306106,"m_fiscal":6.0588,"tipo_imovel":"IRU"}},{"type":"Feature","id":"sicar_imoveis_rs.12057067","geometry":{"type":"MultiPolygon","coordinates":[[[[-53.63923706,-28.55325362],[-53.63690361,-28.55202723],[-53.63666625,-28.55201645],[-53.63661589,-28.55211021],[-53.63661152,-28.55226814],[-53.63653164,-28.55243238],[-53.63640545,-28.55241498],[-53.63612783,-28.55233532],[-53.63570483,-28.55201243],[-53.6357631,-28.55175683],[-53.63587152,-28.55145426],[-53.63566324,-28.55130408],[-53.63543361,-28.55081552],[-53.63495312,-28.55035232],[-53.63448431,-28.55000693],[-53.63406373,-28.54959407],[-53.63314211,-28.54938711],[-53.63298219,-28.54932275],[-53.63270892,-28.54930687],[-53.6320897,-28.54925899],[-53.63163787,-28.54918259],[-53.63116133,-28.5490709],[-53.63081653,-28.54892736],[-53.63043197,-28.54885738],[-53.63011394,-28.54892089],[-53.62983105,-28.5490471],[-53.62958846,-28.5491832],[-53.62949331,-28.54933042],[-53.62929228,-28.5495728],[-53.62906067,-28.54988252],[-53.62884592,-28.5501283],[-53.6285207,-28.54982484],[-53.62830234,-28.54937085],[-53.62789344,-28.54903461],[-53.62750055,-28.54876883],[-53.62699366,-28.54867781],[-53.62675728,-28.54859766],[-53.62629631,-28.5482193],[-53.62573761,-28.54782307],[-53.62474261,-28.54776484],[-53.62432691,-28.54808074],[-53.62381785,-28.54826226],[-53.62379463,-28.54834209],[-53.62315789,-28.54905802],[-53.62268255,-28.54917806],[-53.62188282,-28.54968138],[-53.62191801,-28.55014088],[-53.62187572,-28.55054429],[-53.62146254,-28.55086687],[-53.6208217,-28.55123408],[-53.61973858,-28.55143356],[-53.61917176,-28.55134075],[-53.61771092,-28.55146049],[-53.6151111,-28.55191565],[-53.61510358,-28.55181098],[-53.61517935,-28.55163342],[-53.61526644,-28.55147255],[-53.61524198,-28.5513654],[-53.61528015,-28.55119133],[-53.61524265,-28.55102471],[-53.61532579,-28.5508883],[-53.61544829,-28.55085123],[-53.61547405,-28.55069871],[-53.61560402,-28.55054521],[-53.6157019,-28.55027374],[-53.61580158,-28.55008564],[-53.61583929,-28.54986695],[-53.61597124,-28.54962673],[-53.61599965,-28.54943568],[-53.61629888,-28.54925679],[-53.61650874,-28.54911642],[-53.61671633,-28.54895612],[-53.61711849,-28.54850433],[-53.61728975,-28.54820797],[-53.61741546,-28.54791627],[-53.6176261,-28.54758291],[-53.61788708,-28.5474959],[-53.618076,-28.54755168],[-53.61818779,-28.54772241],[-53.61823655,-28.54796388],[-53.61823749,-28.54798933],[-53.61819809,-28.5481744],[-53.61822087,-28.54834969],[-53.61823848,-28.54859236],[-53.61823978,-28.54862406],[-53.6183694,-28.548703],[-53.61839937,-28.54871093],[-53.61851145,-28.54874249],[-53.61853369,-28.54874268],[-53.61862334,-28.5488042],[-53.61866773,-28.54881968],[-53.61871991,-28.54894718],[-53.61870627,-28.54910809],[-53.61870756,-28.54932225],[-53.61872955,-28.54948164],[-53.61877176,-28.54960334],[-53.6188685,-28.54968891],[-53.61903302,-28.54975953],[-53.61911394,-28.5498239],[-53.61932102,-28.549789],[-53.61940774,-28.54970246],[-53.6195052,-28.54956764],[-53.6196899,-28.54942875],[-53.61986623,-28.5493564],[-53.61999086,-28.54931995],[-53.62014633,-28.54926908],[-53.62017887,-28.54915609],[-53.62014638,-28.54896196],[-53.62023712,-28.54884681],[-53.62020386,-28.54865788],[-53.62024126,-28.548519],[-53.62042962,-28.54833826],[-53.62055292,-28.54819053],[-53.62055398,-28.5481712],[-53.62063718,-28.54804614],[-53.62075478,-28.54795153],[-53.62076179,-28.5479514],[-53.62093422,-28.54780217],[-53.62107908,-28.5476784],[-53.62132927,-28.54742359],[-53.62140169,-28.5472731],[-53.62147323,-28.54727775],[-53.62171903,-28.54723264],[-53.6219095,-28.54719414],[-53.62193565,-28.54719378],[-53.6222237,-28.54719474],[-53.62239498,-28.54706446],[-53.6224447,-28.54696377],[-53.6225006,-28.5467278],[-53.62256088,-28.54665157],[-53.62269914,-28.54673538],[-53.62276477,-28.54685995],[-53.62285277,-28.54694263],[-53.62291892,-28.54701252],[-53.6231231,-28.54703715],[-53.62321754,-28.54703668],[-53.62338697,-28.54705483],[-53.62341391,-28.54705455],[-53.62365552,-28.5469622],[-53.62375753,-28.54693603],[-53.62394184,-28.54693605],[-53.62414552,-28.54697528],[-53.62415912,-28.54697529],[-53.62436991,-28.54696499],[-53.62442492,-28.54694688],[-53.62453364,-28.54671582],[-53.62459824,-28.54657242],[-53.62462546,-28.54647552],[-53.62467724,-28.54633479],[-53.62481197,-28.54616169],[-53.62482222,-28.5459423],[-53.6249441,-28.5457073],[-53.62505222,-28.54557723],[-53.6251516,-28.54547693],[-53.62517415,-28.54540338],[-53.62524386,-28.54525824],[-53.62530508,-28.54503308],[-53.62536619,-28.54476826],[-53.62518356,-28.54451311],[-53.62510501,-28.54449159],[-53.62496851,-28.54442571],[-53.62486801,-28.54429472],[-53.62484989,-28.54423106],[-53.62483597,-28.54415498],[-53.6247966,-28.54411941],[-53.62473587,-28.54404171],[-53.62473737,-28.54390841],[-53.62478605,-28.54380967],[-53.62488045,-28.54381014],[-53.62498702,-28.54372273],[-53.62499165,-28.54371005],[-53.62503044,-28.5436589],[-53.62504228,-28.54356249],[-53.62500036,-28.5434257],[-53.62499946,-28.54333258],[-53.62514122,-28.5432579],[-53.62529245,-28.54329131],[-53.62524179,-28.54312154],[-53.62514586,-28.54300121],[-53.62523341,-28.5429149],[-53.62526306,-28.54271008],[-53.62499895,-28.54271595],[-53.62503181,-28.54265537],[-53.62509978,-28.54261099],[-53.62514543,-28.54257791],[-53.62521056,-28.54254479],[-53.62530033,-28.54254539],[-53.62544637,-28.5424901],[-53.62539335,-28.54225745],[-53.62533792,-28.54210655],[-53.62532485,-28.54202028],[-53.62535474,-28.54195178],[-53.62537295,-28.54179924],[-53.6252664,-28.54167042],[-53.6251487,-28.54157189],[-53.62512494,-28.54141201],[-53.62527722,-28.54132146],[-53.62518983,-28.54121703],[-53.6252564,-28.54110953],[-53.62534902,-28.54096738],[-53.62553869,-28.54085602],[-53.62551934,-28.5407158],[-53.62557972,-28.54061686],[-53.62556603,-28.54049617],[-53.62558962,-28.5403984],[-53.62556697,-28.54026062],[-53.62556572,-28.54013602],[-53.62551903,-28.54003801],[-53.62548824,-28.53992232],[-53.62551099,-28.53984524],[-53.62550589,-28.53973959],[-53.62549742,-28.5396423],[-53.62561125,-28.5395006],[-53.62571346,-28.53952019],[-53.62582097,-28.53941355],[-53.62587494,-28.53938799],[-53.62593333,-28.53936541],[-53.62596155,-28.53932997],[-53.625986,-28.53929097],[-53.6259794,-28.53923528],[-53.6259739,-28.53918883],[-53.62602192,-28.53915496],[-53.62609104,-28.53910358],[-53.62614115,-28.53907923],[-53.62614507,-28.53904125],[-53.62615608,-28.53903771],[-53.62617135,-28.53895379],[-53.6261999,-28.53888583],[-53.62625422,-28.53886466],[-53.62641394,-28.53886868],[-53.62645987,-28.538836],[-53.62648632,-28.53875981],[-53.6265117,-28.53864981],[-53.62654602,-28.53860518],[-53.62662245,-28.53854876],[-53.62667568,-28.53850901],[-53.62671813,-28.53850864],[-53.62675989,-28.53848008],[-53.62679559,-28.5384458],[-53.626874,-28.53839957],[-53.62692829,-28.53834253],[-53.6270016,-28.53829707],[-53.62708129,-28.53821781],[-53.62706849,-28.53813297],[-53.62704916,-28.53801315],[-53.62700453,-28.53788662],[-53.62707949,-28.53782781],[-53.62711064,-28.5377398],[-53.62710155,-28.53758646],[-53.62714971,-28.53758612],[-53.62716003,-28.53758605],[-53.62722388,-28.53756946],[-53.6272217,-28.53754682],[-53.62721605,-28.53752413],[-53.62725521,-28.53746179],[-53.62733167,-28.53742172],[-53.62739011,-28.53741136],[-53.62742179,-28.53741441],[-53.62743575,-28.5374143],[-53.62744626,-28.53741426],[-53.62750362,-28.53743063],[-53.62761862,-28.53747304],[-53.62768765,-28.53751522],[-53.62773918,-28.5375808],[-53.6278371,-28.53761935],[-53.62790499,-28.53764348],[-53.62798201,-28.53772576],[-53.62804111,-28.53776711],[-53.62809704,-28.53789529],[-53.62816465,-28.53794428],[-53.62823786,-28.53801848],[-53.62826982,-28.5380951],[-53.62829464,-28.53813323],[-53.62835511,-28.53817183],[-53.62836451,-28.53818029],[-53.62847148,-28.53818901],[-53.62854813,-28.53822196],[-53.62867275,-28.53825065],[-53.62876975,-28.53825066],[-53.62882661,-28.53822609],[-53.62886693,-28.53826292],[-53.62895626,-28.53839765],[-53.6290694,-28.53848825],[-53.62907345,-28.53860487],[-53.62908262,-28.53871892],[-53.62914639,-28.53881958],[-53.62921425,-28.53872922],[-53.62935522,-28.53872248],[-53.62943758,-28.5387501],[-53.62949253,-28.53878905],[-53.62954883,-28.53884449],[-53.62958894,-28.53891065],[-53.62961701,-28.53897081],[-53.62959995,-28.53907998],[-53.62957318,-28.53918886],[-53.62958316,-28.53927969],[-53.6295043,-28.53939576],[-53.62940125,-28.53943265],[-53.62935099,-28.53945872],[-53.62929308,-28.53950517],[-53.62926537,-28.53953588],[-53.62919174,-28.53954134],[-53.62918089,-28.539612],[-53.62918066,-28.53968177],[-53.62914737,-28.53976828],[-53.62926589,-28.53988845],[-53.62945314,-28.54000684],[-53.62976874,-28.54003413],[-53.63025858,-28.54008966],[-53.63056587,-28.54002691],[-53.63100182,-28.53996282],[-53.6311477,-28.53984189],[-53.63119238,-28.53952945],[-53.63121464,-28.53931903],[-53.63125701,-28.53913594],[-53.63149379,-28.5390589],[-53.63173891,-28.53922782],[-53.63215291,-28.53957959],[-53.63202755,-28.54423929],[-53.63795959,-28.54946945],[-53.64086746,-28.54996602],[-53.63923706,-28.55325362]]]]},"geometry_name":"geo_area_imovel","properties":{"cod_imovel":"RS-4306106-2A214DE76BFF4F968EB807911613E08B","status_imovel":"AT","dat_criacao":"2023-09-15T06:22:24.432Z","area":132.4462,"condicao":"Aguardando análise","uf":"RS","municipio":"Cruz Alta","cod_municipio_ibge":4306106,"m_fiscal":6.6223,"tipo_imovel":"IRU"}},{"type":"Feature","id":"sicar_imoveis_rs.3230146","geometry":{"type":"MultiPolygon","coordinates":[[[[-53.64365412,-28.89388297],[-53.64871879,-28.8905873],[-53.64872794,-28.89067898],[-53.64873249,-28.89073081],[-53.64874302,-28.89079238],[-53.64874218,-28.89085177],[-53.64874789,-28.8909382],[-53.64874189,-28.89101256],[-53.64874403,-28.89107682],[-53.6487294,-28.89114645],[-53.64872905,-28.89122067],[-53.64874257,-28.89128711],[-53.64875518,-28.89132637],[-53.64882198,-28.89146566],[-53.64883719,-28.89156148],[-53.64884491,-28.89166233],[-53.64883083,-28.89180116],[-53.64882443,-28.89182267],[-53.64882075,-28.89184794],[-53.64422441,-28.8948602],[-53.64365412,-28.89388297]]]]},"geometry_name":"geo_area_imovel","properties":{"cod_imovel":"RS-4306106-2A2A43B90DA344F3B93F6AA360014D57","status_imovel":"AT","dat_criacao":"2016-05-30T19:01:37.767Z","area":6.999,"condicao":"Aguardando análise","uf":"RS","municipio":"Cruz Alta","cod_municipio_ibge":4306106,"m_fiscal":0.35,"tipo_imovel":"IRU"}},{"type":"Feature","id":"sicar_imoveis_rs.6277971","geometry":{"type":"MultiPolygon","coordinates":[[[[-53.56667756,-28.74299593],[-53.56680509,-28.74128871],[-53.56423111,-28.74119735],[-53.56417856,-28.74128393],[-53.56419246,-28.74134271],[-53.56422088,-28.74148698],[-53.56433091,-28.74150683],[-53.56432909,-28.74163632],[-53.56434616,-28.74172376],[-53.56424444,-28.74183978],[-53.56424279,-28.74197584],[-53.56421657,-28.74212554],[-53.56424857,-28.7422127],[-53.56423825,-28.74240158],[-53.564226,-28.74251152],[-53.56420231,-28.74265898],[-53.56414719,-28.74274998],[-53.56423685,-28.74278682],[-53.56480181,-28.74284725],[-53.56667756,-28.74299593]]]]},"geometry_name":"geo_area_imovel","properties":{"cod_imovel":"RS-4306106-2A7FC0130379431AA160A11CCC695C1F","status_imovel":"AT","dat_criacao":"2019-01-09T23:52:48.085Z","area":4.4901,"condicao":"Aguardando análise","uf":"RS","municipio":"Cruz Alta","cod_municipio_ibge":4306106,"m_fiscal":0.2245,"tipo_imovel":"IRU"}},{"type":"Feature","id":"sicar_imoveis_rs.15090832","geometry":{"type":"MultiPolygon","coordinates":[[[[-53.54022687,-28.71916486],[-53.52577575,-28.72315785],[-53.52595475,-28.72250477],[-53.52547909,-28.72190106],[-53.52517678,-28.72176929],[-53.52483729,-28.72154905],[-53.52454641,-28.72087021],[-53.52421965,-28.72039456],[-53.523768,-28.7202672],[-53.52332667,-28.72042028],[-53.52277529,-28.72035367],[-53.52272453,-28.72015036],[-53.52271702,-28.71975112],[-53.52871816,-28.71806556],[-53.53925892,-28.71514227],[-53.54022687,-28.71916486]]]]},"geometry_name":"geo_area_imovel","properties":{"cod_imovel":"RS-4306106-2A96314A1B144277B11F669BC73A6850","status_imovel":"AT","dat_criacao":"2025-12-09T18:25:04.413Z","area":70.0356,"condicao":"Aguardando análise","uf":"RS","municipio":"Cruz Alta","cod_municipio_ibge":4306106,"m_fiscal":3.5018,"tipo_imovel":"IRU"}},{"type":"Feature","id":"sicar_imoveis_rs.2405347","geometry":{"type":"MultiPolygon","coordinates":[[[[-53.31238031,-28.7057957],[-53.31205845,-28.70796003],[-53.31373215,-28.70989848],[-53.31403255,-28.71040662],[-53.31407547,-28.71070773],[-53.31418276,-28.7118369],[-53.31433296,-28.71225092],[-53.31280947,-28.71240148],[-53.3096981,-28.70715077],[-53.30890417,-28.70602155],[-53.31055641,-28.70600273],[-53.3117795,-28.70598391],[-53.31238031,-28.7057957]]]]},"geometry_name":"geo_area_imovel","properties":{"cod_imovel":"RS-4306106-2AC3F7BF559D4DB6BE2D645BC6D731A7","status_imovel":"AT","dat_criacao":"2016-04-08T04:16:14.555Z","area":15.569,"condicao":"Aguardando análise","uf":"RS","municipio":"Cruz Alta","cod_municipio_ibge":4306106,"m_fiscal":0.7784,"tipo_imovel":"IRU"}},{"type":"Feature","id":"sicar_imoveis_rs.2675314","geometry":{"type":"MultiPolygon","coordinates":[[[[-53.609848,-28.80350795],[-53.60994413,-28.8036611],[-53.60998182,-28.80373418],[-53.61003059,-28.80380987],[-53.610181,-28.80398424],[-53.61046455,-28.80430472],[-53.61053198,-28.80439085],[-53.61047293,-28.80467755],[-53.61030907,-28.80466002],[-53.61025501,-28.80482243],[-53.60985547,-28.80465903],[-53.60716325,-28.80293273],[-53.6071068,-28.80277223],[-53.60698779,-28.80244423],[-53.6088036,-28.80173089],[-53.609848,-28.80350795]]]]},"geometry_name":"geo_area_imovel","properties":{"cod_imovel":"RS-4306106-2AD7E7EEDF624B5B9C39D215979F86E5","status_imovel":"AT","dat_criacao":"2016-04-26T02:01:50.937Z","area":5.0084,"condicao":"Aguardando análise","uf":"RS","municipio":"Cruz Alta","cod_municipio_ibge":4306106,"m_fiscal":0.2504,"tipo_imovel":"IRU"}},{"type":"Feature","id":"sicar_imoveis_rs.11900654","geometry":{"type":"MultiPolygon","coordinates":[[[[-53.65785671,-28.89510417],[-53.66112483,-28.89279967],[-53.66290917,-28.89459449],[-53.66009592,-28.8974723],[-53.65785671,-28.89510417]]]]},"geometry_name":"geo_area_imovel","properties":{"cod_imovel":"RS-4306106-2AE038AE9DA24F44AC793387B54A6F97","status_imovel":"AT","dat_criacao":"2023-08-08T06:47:55.494Z","area":12.4881,"condicao":"Aguardando análise","uf":"RS","municipio":"Cruz Alta","cod_municipio_ibge":4306106,"m_fiscal":0.6244,"tipo_imovel":"IRU"}},{"type":"Feature","id":"sicar_imoveis_rs.6768370","geometry":{"type":"MultiPolygon","coordinates":[[[[-53.61676882,-28.66282397],[-53.61337939,-28.66405294],[-53.61304533,-28.66386498],[-53.61293565,-28.66381654],[-53.61285107,-28.66377299],[-53.61278672,-28.66373912],[-53.61271489,-28.66371023],[-53.61266169,-28.66368589],[-53.61259551,-28.66365846],[-53.61253299,-28.66362782],[-53.61243834,-28.66360768],[-53.61236847,-28.66358833],[-53.61223638,-28.66354407],[-53.61212649,-28.66350243],[-53.61203408,-28.66345642],[-53.61196665,-28.66340602],[-53.61189672,-28.66336439],[-53.61184177,-28.66331837],[-53.61177683,-28.66328112],[-53.61171939,-28.66324387],[-53.61163198,-28.66321757],[-53.61140318,-28.66322304],[-53.61100959,-28.6632761],[-53.60800321,-28.66315193],[-53.6075866,-28.66110395],[-53.60722158,-28.65928326],[-53.60667667,-28.65665681],[-53.61084926,-28.65436984],[-53.61113021,-28.65421777],[-53.61174113,-28.65453315],[-53.61200521,-28.65470673],[-53.61210313,-28.65476257],[-53.6121771,-28.6548224],[-53.61291663,-28.65576332],[-53.61299716,-28.65589035],[-53.61338094,-28.65654904],[-53.61395613,-28.6574746],[-53.61434707,-28.6581298],[-53.6149874,-28.659387],[-53.61676882,-28.66282397]]]]},"geometry_name":"geo_area_imovel","properties":{"cod_imovel":"RS-4306106-2B4528380A354FA0906C1180A9EE2B54","status_imovel":"AT","dat_criacao":"2019-04-25T01:57:43.267Z","area":67.5398,"condicao":"Aguardando análise","uf":"RS","municipio":"Cruz Alta","cod_municipio_ibge":4306106,"m_fiscal":3.377,"tipo_imovel":"IRU"}},{"type":"Feature","id":"sicar_imoveis_rs.2610826","geometry":{"type":"MultiPolygon","coordinates":[[[[-53.36497307,-28.64542104],[-53.36473703,-28.64291645],[-53.36490005,-28.64248402],[-53.36564142,-28.64207303],[-53.36645217,-28.64206856],[-53.36704456,-28.6425463],[-53.36716373,-28.64282935],[-53.36703931,-28.64323957],[-53.36683845,-28.64374515],[-53.36683989,-28.64415934],[-53.36717198,-28.64460795],[-53.3674301,-28.6448727],[-53.36796617,-28.64538709],[-53.36854544,-28.64579357],[-53.36905072,-28.64597145],[-53.36910191,-28.64619588],[-53.36897954,-28.64666337],[-53.36497307,-28.64542104]]]]},"geometry_name":"geo_area_imovel","properties":{"cod_imovel":"RS-4306106-2B48B89EAE0A451680BD512847321CD8","status_imovel":"AT","dat_criacao":"2016-04-21T10:58:39.421Z","area":10.4135,"condicao":"Aguardando análise","uf":"RS","municipio":"Cruz Alta","cod_municipio_ibge":4306106,"m_fiscal":0.5207,"tipo_imovel":"IRU"}},{"type":"Feature","id":"sicar_imoveis_rs.7241702","geometry":{"type":"MultiPolygon","coordinates":[[[[-53.60715389,-28.66310684],[-53.60624503,-28.66357867],[-53.60665026,-28.66584827],[-53.60544365,-28.66634651],[-53.60367107,-28.6670921],[-53.60206303,-28.66789279],[-53.60210077,-28.66594703],[-53.6021247,-28.66336772],[-53.60227269,-28.66098656],[-53.60418845,-28.66042202],[-53.60642002,-28.65984754],[-53.60715389,-28.66310684]]]]},"geometry_name":"geo_area_imovel","properties":{"cod_imovel":"RS-4306106-2B84232789284CE7A2607DD742D3D4CE","status_imovel":"AT","dat_criacao":"2019-08-08T04:49:38.015Z","area":31.4598,"condicao":"Aguardando análise","uf":"RS","municipio":"Cruz Alta","cod_municipio_ibge":4306106,"m_fiscal":1.573,"tipo_imovel":"IRU"}},{"type":"Feature","id":"sicar_imoveis_rs.10481549","geometry":{"type":"MultiPolygon","coordinates":[[[[-53.31775617,-28.73338108],[-53.32054406,-28.73360165],[-53.32067782,-28.73362444],[-53.3218924,-28.73421333],[-53.32307671,-28.73484099],[-53.32356292,-28.73511444],[-53.32402728,-28.73533599],[-53.32482166,-28.73553515],[-53.32829015,-28.73610565],[-53.32907375,-28.7363332],[-53.32922099,-28.73645791],[-53.3292713,-28.73656531],[-53.32924014,-28.7367797],[-53.32913098,-28.73687445],[-53.329108,-28.73696739],[-53.32911561,-28.73708866],[-53.32918763,-28.73720788],[-53.32935658,-28.73733128],[-53.32949293,-28.73744576],[-53.32950529,-28.73762176],[-53.32956762,-28.73777135],[-53.3296268,-28.73781375],[-53.3296354,-28.73787049],[-53.32966921,-28.73796708],[-53.32969323,-28.73813442],[-53.32976264,-28.73822105],[-53.32985848,-28.73835681],[-53.3299165,-28.738412],[-53.33003891,-28.73869531],[-53.33008295,-28.73913214],[-53.33008749,-28.73931718],[-53.33000739,-28.73956459],[-53.33000894,-28.73969433],[-53.32987536,-28.73998723],[-53.32986678,-28.74021511],[-53.32986544,-28.74030565],[-53.32981678,-28.74038086],[-53.32973128,-28.74050381],[-53.32973106,-28.74057992],[-53.32965346,-28.7406639],[-53.32956282,-28.74072274],[-53.32948557,-28.74087383],[-53.32948768,-28.74094781],[-53.3294334,-28.74098896],[-53.32936971,-28.74101139],[-53.32928268,-28.74101991],[-53.32919734,-28.74098283],[-53.3291805,-28.74094121],[-53.32907635,-28.7408575],[-53.32897579,-28.74082995],[-53.32884534,-28.74083128],[-53.3288019,-28.7409082],[-53.3289428,-28.74102513],[-53.32897393,-28.74106495],[-53.32902343,-28.74110907],[-53.32914468,-28.74126551],[-53.32921124,-28.74132511],[-53.32932989,-28.74147688],[-53.32944582,-28.74156137],[-53.32953802,-28.74164766],[-53.32963166,-28.74168749],[-53.32977774,-28.74179811],[-53.3297769,-28.74188428],[-53.32974003,-28.74192222],[-53.32966307,-28.74193811],[-53.32958254,-28.74196091],[-53.32946182,-28.74197248],[-53.3293158,-28.74196587],[-53.3291192,-28.74190858],[-53.32911032,-28.74190133],[-53.3290003,-28.74183465],[-53.32879638,-28.74171635],[-53.32879727,-28.74165678],[-53.32860669,-28.74159073],[-53.32844983,-28.74158932],[-53.32837053,-28.74164154],[-53.32809892,-28.74182194],[-53.3279104,-28.74198783],[-53.3277548,-28.74208663],[-53.32754168,-28.74227309],[-53.32747476,-28.7425759],[-53.32739184,-28.7427185],[-53.32738106,-28.74288516],[-53.32733213,-28.74309637],[-53.32730061,-28.74326735],[-53.32726249,-28.74332751],[-53.32720738,-28.74332716],[-53.32712855,-28.743393],[-53.32711572,-28.74352334],[-53.32706595,-28.74358072],[-53.32690909,-28.74365591],[-53.32682771,-28.74367517],[-53.32680757,-28.74374471],[-53.32674829,-28.74375321],[-53.32668874,-28.74381271],[-53.32665719,-28.74382529],[-53.32659908,-28.74389595],[-53.3265246,-28.74397278],[-53.3264775,-28.74403951],[-53.32648628,-28.74404355],[-53.32648298,-28.74410187],[-53.32644033,-28.74412439],[-53.32637662,-28.74415031],[-53.32631765,-28.74417609],[-53.32630315,-28.74423588],[-53.32624082,-28.74425746],[-53.32617439,-28.74427177],[-53.32609509,-28.74429394],[-53.32599097,-28.74429675],[-53.32588605,-28.74432395],[-53.32576375,-28.74435418],[-53.32570147,-28.74435375],[-53.32563944,-28.74429789],[-53.32557266,-28.74424466],[-53.32552022,-28.74421289],[-53.32542248,-28.74410005],[-53.32524872,-28.74408274],[-53.32514134,-28.74405737],[-53.32508713,-28.74405724],[-53.32498986,-28.74410711],[-53.32486986,-28.74413787],[-53.32478037,-28.74416235],[-53.32467352,-28.74418621],[-53.32455922,-28.74410525],[-53.32453531,-28.74410496],[-53.32445776,-28.7441102],[-53.32445214,-28.74412244],[-53.32441731,-28.74415267],[-53.3243206,-28.74426046],[-53.32426415,-28.74431346],[-53.32418507,-28.74436623],[-53.32418948,-28.74443873],[-53.32419347,-28.74450426],[-53.3241221,-28.74455106],[-53.32408911,-28.74456846],[-53.3239712,-28.74465466],[-53.32386589,-28.74473323],[-53.32387497,-28.74483231],[-53.32389588,-28.74494034],[-53.32390806,-28.74501452],[-53.32392529,-28.7450788],[-53.3239514,-28.74512212],[-53.32392884,-28.74531409],[-53.32391767,-28.74540432],[-53.3239251,-28.74547316],[-53.32404429,-28.74547563],[-53.32412187,-28.74547707],[-53.3241332,-28.74554983],[-53.3241969,-28.74564568],[-53.32420122,-28.74570149],[-53.32421247,-28.74578752],[-53.32424116,-28.7458454],[-53.32428898,-28.74597997],[-53.32433321,-28.74613423],[-53.32427648,-28.74621031],[-53.32421805,-28.74624209],[-53.32406497,-28.74625343],[-53.323894,-28.7463067],[-53.3237123,-28.74630071],[-53.32357034,-28.74634917],[-53.3233996,-28.74633938],[-53.32336682,-28.74633874],[-53.32333403,-28.7463381],[-53.32326297,-28.74633671],[-53.32311731,-28.74634452],[-53.32303055,-28.74640099],[-53.32289854,-28.74646621],[-53.32290254,-28.74655841],[-53.3228972,-28.74655831],[-53.32286744,-28.74656786],[-53.32230079,-28.74608334],[-53.32207988,-28.74570766],[-53.32194156,-28.7453299],[-53.32202559,-28.74498496],[-53.3221953,-28.74465179],[-53.32221155,-28.74441646],[-53.32222995,-28.74404401],[-53.32201082,-28.74380003],[-53.32162225,-28.74338809],[-53.32158823,-28.74338662],[-53.32116165,-28.74297153],[-53.32062831,-28.74272774],[-53.32015369,-28.74256647],[-53.32002671,-28.74260344],[-53.31992472,-28.74260706],[-53.3198058,-28.74267653],[-53.31959254,-28.74269174],[-53.31950522,-28.74269307],[-53.31944638,-28.74277604],[-53.3193903,-28.742805],[-53.31923515,-28.74275536],[-53.3190963,-28.7427182],[-53.31895117,-28.74266493],[-53.31885642,-28.74259355],[-53.31870886,-28.74254331],[-53.31860947,-28.7424913],[-53.3184652,-28.74234921],[-53.31841909,-28.74227613],[-53.31840384,-28.74226223],[-53.31828182,-28.74215898],[-53.31809843,-28.74209114],[-53.31799705,-28.74207045],[-53.31791004,-28.74202008],[-53.31790068,-28.74201711],[-53.31782146,-28.7419688],[-53.3178134,-28.74191924],[-53.31774716,-28.74191962],[-53.31770937,-28.74191984],[-53.31755948,-28.74189011],[-53.31745809,-28.7418503],[-53.31742251,-28.74181512],[-53.31732665,-28.74178404],[-53.31725981,-28.74172064],[-53.31718441,-28.74167319],[-53.31709662,-28.7415766],[-53.31707665,-28.74148978],[-53.31702391,-28.74141173],[-53.31698915,-28.74132391],[-53.31697068,-28.74123305],[-53.31693347,-28.74117903],[-53.31689562,-28.74112407],[-53.31679235,-28.74106269],[-53.31673241,-28.740994],[-53.31666409,-28.74092424],[-53.31660848,-28.74089904],[-53.31664307,-28.74078717],[-53.31669661,-28.74058704],[-53.31670073,-28.74051773],[-53.31678274,-28.74043227],[-53.31686508,-28.74040912],[-53.31688496,-28.74040284],[-53.31704822,-28.74033272],[-53.31713221,-28.74024087],[-53.31714734,-28.74022743],[-53.31721113,-28.74017963],[-53.31722868,-28.74015199],[-53.31732657,-28.74001517],[-53.31737513,-28.73990079],[-53.31736911,-28.73980034],[-53.31729638,-28.73970716],[-53.31727995,-28.73969512],[-53.31694278,-28.73944305],[-53.31678675,-28.73926688],[-53.3167242,-28.73907854],[-53.31663303,-28.7388748],[-53.31651081,-28.73868245],[-53.31637898,-28.73854906],[-53.31630928,-28.73850373],[-53.31625347,-28.7384343],[-53.31624579,-28.73833681],[-53.31620936,-28.73825003],[-53.31608651,-28.73819143],[-53.31592246,-28.73813476],[-53.31590134,-28.73812788],[-53.31582713,-28.7380915],[-53.31578078,-28.73806138],[-53.31576229,-28.73801257],[-53.31582162,-28.73781876],[-53.31775617,-28.73338108]]]]},"geometry_name":"geo_area_imovel","properties":{"cod_imovel":"RS-4306106-2B92C5B4B023417CA6F4475CC2F3E5EF","status_imovel":"AT","dat_criacao":"2022-06-22T22:54:41.693Z","area":120.1538,"condicao":"Aguardando análise","uf":"RS","municipio":"Cruz Alta","cod_municipio_ibge":4306106,"m_fiscal":6.0077,"tipo_imovel":"IRU"}},{"type":"Feature","id":"sicar_imoveis_rs.2543129","geometry":{"type":"MultiPolygon","coordinates":[[[[-53.70493237,-28.5328041],[-53.70529987,-28.53280582],[-53.70542991,-28.53269512],[-53.70576542,-28.53262535],[-53.70622982,-28.53280527],[-53.70654414,-28.53312349],[-53.70674203,-28.53325526],[-53.70688956,-28.53342404],[-53.70711596,-28.53352706],[-53.70725889,-28.53350622],[-53.70752143,-28.53341088],[-53.70771016,-28.53358745],[-53.7079173,-28.53369214],[-53.7083218,-28.53391877],[-53.70842589,-28.53403332],[-53.70857119,-28.53409353],[-53.70886958,-28.53418715],[-53.70940623,-28.53438467],[-53.70944801,-28.53443737],[-53.70957053,-28.53521002],[-53.70960956,-28.5355528],[-53.70956644,-28.53586932],[-53.70963878,-28.53588632],[-53.70951523,-28.53705195],[-53.70909857,-28.53916176],[-53.71004926,-28.54157878],[-53.70917981,-28.54192093],[-53.70866692,-28.54223789],[-53.70662206,-28.54376729],[-53.70579291,-28.54450477],[-53.70548595,-28.54487209],[-53.70360663,-28.54808469],[-53.7031462,-28.54883401],[-53.70293685,-28.54906467],[-53.7026753,-28.54921347],[-53.70052217,-28.55013133],[-53.70028015,-28.55026248],[-53.69711581,-28.55238201],[-53.69674334,-28.55256049],[-53.69624494,-28.55267931],[-53.69602022,-28.55267488],[-53.69528215,-28.55258077],[-53.6965752,-28.54880162],[-53.6966367,-28.54881934],[-53.69645305,-28.54801998],[-53.69632444,-28.54736437],[-53.69609773,-28.54690777],[-53.69566942,-28.54652025],[-53.69536475,-28.54621043],[-53.69500802,-28.54583808],[-53.6943312,-28.54574365],[-53.69386401,-28.54546377],[-53.69313234,-28.54519033],[-53.69315071,-28.54510017],[-53.69301459,-28.54500209],[-53.69285503,-28.54473543],[-53.69244402,-28.54422985],[-53.69216353,-28.54364878],[-53.6920444,-28.54338083],[-53.6917678,-28.54296148],[-53.69170362,-28.54284674],[-53.69148936,-28.54245412],[-53.6913197,-28.54220411],[-53.69121828,-28.5418276],[-53.69098645,-28.54157021],[-53.69089495,-28.54157249],[-53.6907369,-28.54139507],[-53.69039072,-28.54103108],[-53.69008976,-28.54044185],[-53.6895479,-28.54002007],[-53.68918902,-28.53916103],[-53.68937135,-28.53869725],[-53.68926024,-28.53834768],[-53.68913079,-28.53769219],[-53.68889151,-28.53750736],[-53.68828634,-28.53702238],[-53.68810233,-28.53699952],[-53.68773131,-28.53646593],[-53.68776269,-28.53613115],[-53.68753205,-28.53586531],[-53.68719612,-28.53553787],[-53.68691259,-28.53521894],[-53.68667914,-28.53488074],[-53.6867023,-28.53458321],[-53.68639873,-28.53428149],[-53.68612353,-28.53390795],[-53.68642345,-28.53365875],[-53.68635924,-28.53352452],[-53.68607008,-28.53343114],[-53.6859738,-28.53323475],[-53.68578135,-28.53293182],[-53.68564838,-28.53291698],[-53.68564388,-28.53273648],[-53.68540324,-28.53251458],[-53.68506846,-28.53217962],[-53.68489425,-28.53175826],[-53.68483541,-28.53145323],[-53.68491401,-28.53133506],[-53.68486868,-28.53115513],[-53.68490465,-28.53054081],[-53.6846636,-28.53031148],[-53.68478491,-28.52985719],[-53.68487023,-28.52962109],[-53.68476738,-28.52958679],[-53.68483542,-28.52945914],[-53.68477074,-28.52930733],[-53.6846074,-28.52887775],[-53.68475976,-28.52888363],[-53.68471381,-28.5286769],[-53.69081133,-28.52382114],[-53.68763007,-28.51800112],[-53.68748329,-28.51746271],[-53.68772246,-28.51722368],[-53.68765012,-28.51676561],[-53.68784235,-28.51670734],[-53.68836761,-28.51687711],[-53.68866462,-28.51689826],[-53.68934936,-28.51653299],[-53.69003614,-28.51621227],[-53.69050561,-28.51620344],[-53.69113301,-28.51638025],[-53.69137229,-28.51614096],[-53.6918032,-28.51622243],[-53.69187745,-28.51595973],[-53.69154693,-28.51579461],[-53.69144955,-28.51557123],[-53.69179407,-28.5150595],[-53.69251082,-28.51474755],[-53.69320082,-28.51455334],[-53.69370452,-28.51428148],[-53.69340627,-28.51420662],[-53.69342687,-28.51381797],[-53.69407073,-28.51382311],[-53.69369568,-28.5135427],[-53.69416477,-28.51310903],[-53.6944091,-28.51267978],[-53.69432689,-28.5122841],[-53.69376456,-28.51182735],[-53.69392371,-28.51167038],[-53.69409613,-28.51162076],[-53.6940889,-28.51133349],[-53.69424838,-28.51155567],[-53.69445298,-28.51156846],[-53.69459692,-28.5112335],[-53.69475171,-28.51129318],[-53.69471631,-28.5115191],[-53.69481085,-28.51159841],[-53.69496017,-28.51146027],[-53.69486967,-28.51109215],[-53.69501126,-28.51103558],[-53.69505391,-28.51110685],[-53.69512003,-28.5113131],[-53.6952644,-28.51136377],[-53.6952398,-28.51158102],[-53.69508801,-28.51166544],[-53.6950115,-28.51186568],[-53.69509532,-28.51194434],[-53.69494516,-28.51207343],[-53.69508093,-28.51217959],[-53.69485526,-28.51253635],[-53.6950986,-28.51248576],[-53.69513282,-28.51261143],[-53.69523024,-28.51282623],[-53.69538899,-28.51304851],[-53.69548553,-28.51321828],[-53.69593244,-28.51354303],[-53.69594689,-28.51370476],[-53.69603095,-28.51379313],[-53.69604458,-28.51393725],[-53.69592324,-28.51397597],[-53.69590722,-28.51414756],[-53.69597044,-28.51462434],[-53.69583098,-28.51475408],[-53.69576378,-28.51493571],[-53.69596852,-28.51535511],[-53.69603356,-28.51550767],[-53.69592398,-28.51560074],[-53.69593863,-28.51578888],[-53.69586381,-28.51606099],[-53.69568398,-28.51621807],[-53.69574834,-28.51634305],[-53.69611834,-28.51643529],[-53.69615703,-28.51634353],[-53.69645596,-28.51644591],[-53.69672095,-28.51642349],[-53.69687314,-28.51679007],[-53.69680245,-28.51681836],[-53.69673648,-28.51704489],[-53.69683279,-28.51721432],[-53.69720244,-28.51728887],[-53.69726773,-28.51744057],[-53.69693515,-28.51760941],[-53.6968892,-28.51781824],[-53.69709296,-28.51780441],[-53.69719771,-28.51789244],[-53.69748201,-28.51823894],[-53.69738411,-28.51840311],[-53.6972067,-28.51865963],[-53.69695995,-28.51859212],[-53.69709965,-28.51886916],[-53.69714538,-28.51905773],[-53.69732338,-28.51922528],[-53.69757151,-28.51934716],[-53.69743009,-28.51940426],[-53.697652,-28.51970604],[-53.69788675,-28.51970202],[-53.69796529,-28.51957424],[-53.69832825,-28.51978352],[-53.69834282,-28.51995381],[-53.69851759,-28.51999579],[-53.69886161,-28.52027724],[-53.69898916,-28.52046486],[-53.6991057,-28.52063312],[-53.69897578,-28.52075246],[-53.69893971,-28.52093365],[-53.69912968,-28.52115579],[-53.69903337,-28.52138313],[-53.6989976,-28.52160052],[-53.69903275,-28.52178037],[-53.69916574,-28.52179574],[-53.69927552,-28.5220823],[-53.69924667,-28.5221638],[-53.69931113,-28.5222713],[-53.69920363,-28.52247175],[-53.69952076,-28.52249237],[-53.69968275,-28.52242584],[-53.69985799,-28.52249451],[-53.69999513,-28.52265458],[-53.69990608,-28.52277321],[-53.69979694,-28.52290166],[-53.69962149,-28.52323905],[-53.69955506,-28.52343015],[-53.69960942,-28.52356438],[-53.69941859,-28.52368546],[-53.69920363,-28.52368],[-53.69902687,-28.52395483],[-53.69902087,-28.52411706],[-53.69917435,-28.52452012],[-53.69922598,-28.52453722],[-53.69908692,-28.52470257],[-53.6990927,-28.52492758],[-53.69918819,-28.52507022],[-53.69944828,-28.52524548],[-53.69962528,-28.52538576],[-53.69976507,-28.52565382],[-53.69992055,-28.52575898],[-53.69983707,-28.52608557],[-53.69980162,-28.5262848],[-53.69997914,-28.52645249],[-53.70007827,-28.52672156],[-53.70035622,-28.52682436],[-53.70032218,-28.52708634],[-53.70060015,-28.5275588],[-53.70045798,-28.52760681],[-53.70064153,-28.52798166],[-53.70078937,-28.52817723],[-53.70096523,-28.52827373],[-53.70095552,-28.5286789],[-53.70109702,-28.52901962],[-53.70125169,-28.52908866],[-53.70122586,-28.52926997],[-53.70133098,-28.52938396],[-53.7012748,-28.5295749],[-53.70122981,-28.52981947],[-53.70142724,-28.52995107],[-53.70160272,-28.53001995],[-53.70157459,-28.53013775],[-53.70161934,-28.53027225],[-53.70153975,-28.53036361],[-53.7014336,-28.53060967],[-53.70165404,-28.53084828],[-53.7017678,-28.53089158],[-53.70197338,-28.53095036],[-53.70221484,-28.53118012],[-53.70236927,-28.53124067],[-53.70252266,-28.53125555],[-53.70267056,-28.53144172],[-53.70288754,-28.53154569],[-53.70301221,-28.53162453],[-53.7031359,-28.53165823],[-53.70328262,-28.53180842],[-53.7034263,-28.531834],[-53.70352151,-28.53197542],[-53.7037024,-28.53225127],[-53.70387777,-28.53231098],[-53.7039837,-28.5324621],[-53.70413256,-28.53269394],[-53.70438952,-28.5327429],[-53.70487064,-28.53280545],[-53.70493237,-28.5328041]]]]},"geometry_name":"geo_area_imovel","properties":{"cod_imovel":"RS-4306106-2BADC10A01A2495D9EA2879D14C199AF","status_imovel":"AT","dat_criacao":"2016-04-18T02:37:45.340Z","area":538.7711,"condicao":"Aguardando análise","uf":"RS","municipio":"Cruz Alta","cod_municipio_ibge":4306106,"m_fiscal":26.9386,"tipo_imovel":"IRU"}},{"type":"Feature","id":"sicar_imoveis_rs.6723093","geometry":{"type":"MultiPolygon","coordinates":[[[[-53.34615642,-28.6583597],[-53.34307069,-28.65711299],[-53.34236431,-28.6567331],[-53.33773595,-28.65402855],[-53.33913453,-28.65030031],[-53.34447735,-28.65082674],[-53.34845287,-28.64966357],[-53.34845454,-28.64981659],[-53.34875525,-28.64990799],[-53.34882707,-28.65003052],[-53.34877634,-28.65024541],[-53.34896907,-28.65040045],[-53.34615642,-28.6583597]]]]},"geometry_name":"geo_area_imovel","properties":{"cod_imovel":"RS-4306106-2BBB640A2D5F429695F9D57A2DCB2C7C","status_imovel":"AT","dat_criacao":"2019-04-13T01:47:00.528Z","area":63.918,"condicao":"Aguardando análise","uf":"RS","municipio":"Cruz Alta","cod_municipio_ibge":4306106,"m_fiscal":3.1959,"tipo_imovel":"IRU"}},{"type":"Feature","id":"sicar_imoveis_rs.2317211","geometry":{"type":"MultiPolygon","coordinates":[[[[-53.38286877,-28.6714427],[-53.38263273,-28.671085],[-53.38248253,-28.67080259],[-53.38220358,-28.67055785],[-53.38181734,-28.67046371],[-53.38177443,-28.67003069],[-53.3924818,-28.667056],[-53.39188099,-28.6682233],[-53.38329935,-28.67191078],[-53.38286877,-28.6714427]]]]},"geometry_name":"geo_area_imovel","properties":{"cod_imovel":"RS-4306106-2BD8792FDA88403EB5C00AC10FF957C1","status_imovel":"AT","dat_criacao":"2016-03-31T02:40:42.908Z","area":17.6825,"condicao":"Aguardando análise","uf":"RS","municipio":"Cruz Alta","cod_municipio_ibge":4306106,"m_fiscal":0.8841,"tipo_imovel":"IRU"}},{"type":"Feature","id":"sicar_imoveis_rs.3365366","geometry":{"type":"MultiPolygon","coordinates":[[[[-53.50046697,-28.70083858],[-53.48893545,-28.705708],[-53.48476492,-28.70533841],[-53.4883401,-28.69671128],[-53.48951115,-28.69704323],[-53.49031818,-28.69830306],[-53.49104055,-28.69865426],[-53.49116681,-28.69936115],[-53.49147811,-28.69988498],[-53.49288117,-28.70022959],[-53.49370813,-28.69978915],[-53.49545321,-28.69986054],[-53.49625233,-28.70011151],[-53.49656114,-28.70043325],[-53.49728238,-28.70033948],[-53.49785852,-28.69987978],[-53.49902657,-28.69937256],[-53.50018597,-28.69986232],[-53.50033801,-28.70026822],[-53.50046697,-28.70083858]]]]},"geometry_name":"geo_area_imovel","properties":{"cod_imovel":"RS-4306106-2BDA4818408B41D39C8FC610783EC870","status_imovel":"AT","dat_criacao":"2016-06-08T14:50:49.538Z","area":70.004,"condicao":"Aguardando análise","uf":"RS","municipio":"Cruz Alta","cod_municipio_ibge":4306106,"m_fiscal":3.5002,"tipo_imovel":"IRU"}},{"type":"Feature","id":"sicar_imoveis_rs.7117805","geometry":{"type":"MultiPolygon","coordinates":[[[[-53.72201756,-28.66827618],[-53.72836375,-28.66639923],[-53.72858489,-28.66599617],[-53.71037049,-28.67030117],[-53.71136173,-28.67142481],[-53.72201756,-28.66827618]]]]},"geometry_name":"geo_area_imovel","properties":{"cod_imovel":"RS-4306106-2BEBFD911B354B148A4E88FAB1977AD8","status_imovel":"AT","dat_criacao":"2019-07-17T04:01:03.945Z","area":16.5298,"condicao":"Aguardando análise","uf":"RS","municipio":"Cruz Alta","cod_municipio_ibge":4306106,"m_fiscal":0.8265,"tipo_imovel":"IRU"}},{"type":"Feature","id":"sicar_imoveis_rs.12720039","geometry":{"type":"MultiPolygon","coordinates":[[[[-53.53694231,-28.66563592],[-53.53716106,-28.66571473],[-53.53597843,-28.67063644],[-53.53491524,-28.67318187],[-53.53267958,-28.67301579],[-53.53274224,-28.67186192],[-53.53313851,-28.67032281],[-53.53443949,-28.66536155],[-53.53460941,-28.66537939],[-53.53656021,-28.66512831],[-53.53694231,-28.66563592],[-53.53694231,-28.66563592]]]]},"geometry_name":"geo_area_imovel","properties":{"cod_imovel":"RS-4306106-2C2AA272E7C54E24BE7D10D0B7AED31B","status_imovel":"AT","dat_criacao":"2024-04-15T07:06:13.979Z","area":23.6095,"condicao":"Aguardando análise","uf":"RS","municipio":"Cruz Alta","cod_municipio_ibge":4306106,"m_fiscal":1.1805,"tipo_imovel":"IRU"}},{"type":"Feature","id":"sicar_imoveis_rs.9548969","geometry":{"type":"MultiPolygon","coordinates":[[[[-53.66027355,-28.80186767],[-53.63746405,-28.8026386],[-53.63699198,-28.80090871],[-53.6367774,-28.80034461],[-53.63656282,-28.80008136],[-53.63591909,-28.80006255],[-53.63536119,-28.80026939],[-53.63469601,-28.80049503],[-53.63422394,-28.80068307],[-53.63388062,-28.80040102],[-53.63377333,-28.7997617],[-53.63351583,-28.79942323],[-53.63321543,-28.79904716],[-53.63278627,-28.79906596],[-53.63233566,-28.79895314],[-53.63209963,-28.79870869],[-53.63169193,-28.79853946],[-53.63139153,-28.79853946],[-53.63076925,-28.79820099],[-53.6303401,-28.79791893],[-53.63014698,-28.79750525],[-53.62988949,-28.79716678],[-53.62958908,-28.79660265],[-53.62958908,-28.79600092],[-53.62956762,-28.79568125],[-53.62939596,-28.79528636],[-53.62924576,-28.79491027],[-53.62903118,-28.79447777],[-53.62877369,-28.7942145],[-53.62847328,-28.79391363],[-53.62832308,-28.79319905],[-53.6274004,-28.79342471],[-53.62682104,-28.79357515],[-53.62607002,-28.79374439],[-53.62514734,-28.79395124],[-53.62478256,-28.79412048],[-53.62458944,-28.79412048],[-53.62482548,-28.79385722],[-53.62499714,-28.79351873],[-53.62499714,-28.79331188],[-53.62493277,-28.79293579],[-53.62491131,-28.79224001],[-53.62478256,-28.7914502],[-53.62463236,-28.79105529],[-53.62467527,-28.79067919],[-53.6250186,-28.78994579],[-53.62540483,-28.78919357],[-53.62602711,-28.78834732],[-53.62649918,-28.78772673],[-53.62705708,-28.78716256],[-53.62772226,-28.78648555],[-53.62821579,-28.78622227],[-53.62862349,-28.78594018],[-53.62918139,-28.7853948],[-53.62971783,-28.78490584],[-53.63222837,-28.78770793],[-53.63291502,-28.7893064],[-53.6331296,-28.78987056],[-53.6345458,-28.78977654],[-53.63542557,-28.79022786],[-53.63656282,-28.79049114],[-53.63815069,-28.79135617],[-53.63937378,-28.79131856],[-53.64003897,-28.79156303],[-53.64059687,-28.79169466],[-53.64106894,-28.79186391],[-53.64164829,-28.79225881],[-53.64242077,-28.7922212],[-53.64334345,-28.79224001],[-53.64430904,-28.79092366],[-53.64506006,-28.79020906],[-53.64675522,-28.79062277],[-53.64746332,-28.7907168],[-53.6482358,-28.79099888],[-53.64945889,-28.79113051],[-53.65055323,-28.79163825],[-53.65141153,-28.79240925],[-53.65214109,-28.79314264],[-53.65263462,-28.79413929],[-53.65312815,-28.79500429],[-53.65357876,-28.7959257],[-53.65441561,-28.79724199],[-53.65557432,-28.79805056],[-53.65675449,-28.79889673],[-53.65862131,-28.80070187],[-53.66027355,-28.80186767]]]]},"geometry_name":"geo_area_imovel","properties":{"cod_imovel":"RS-4306106-2CC551D4DFB74ADFABF5A6CAA5C74D6F","status_imovel":"AT","dat_criacao":"2021-08-21T00:03:47.334Z","area":332.6104,"condicao":"Aguardando análise","uf":"RS","municipio":"Cruz Alta","cod_municipio_ibge":4306106,"m_fiscal":16.6305,"tipo_imovel":"IRU"}},{"type":"Feature","id":"sicar_imoveis_rs.8574389","geometry":{"type":"MultiPolygon","coordinates":[[[[-53.35169077,-28.65159754],[-53.35025311,-28.65108912],[-53.34875107,-28.65941178],[-53.35132599,-28.66016493],[-53.35169077,-28.65159754]]]]},"geometry_name":"geo_area_imovel","properties":{"cod_imovel":"RS-4306106-2CD9852458DC4BA193F53BC815466E9F","status_imovel":"AT","dat_criacao":"2020-09-22T01:40:35.076Z","area":19.0048,"condicao":"Aguardando análise","uf":"RS","municipio":"Cruz Alta","cod_municipio_ibge":4306106,"m_fiscal":0.9502,"tipo_imovel":"IRU"}},{"type":"Feature","id":"sicar_imoveis_rs.13368929","geometry":{"type":"MultiPolygon","coordinates":[[[[-53.52147417,-28.70093],[-53.52115111,-28.69992944],[-53.5204475,-28.69774917],[-53.51920694,-28.69390639],[-53.51851278,-28.69449361],[-53.51871894,-28.69470413],[-53.5188042,-28.6949174],[-53.51874211,-28.69513625],[-53.51830938,-28.69554293],[-53.51833534,-28.69568946],[-53.51847179,-28.69603183],[-53.51850138,-28.69646383],[-53.51836935,-28.696708],[-53.51816446,-28.69698888],[-53.51793665,-28.6971161],[-53.517426,-28.6969475],[-53.5173221,-28.69649143],[-53.51728185,-28.69548007],[-53.51719889,-28.69482714],[-53.51691098,-28.69438581],[-53.51673533,-28.69428094],[-53.51662031,-28.69436507],[-53.51656803,-28.69445792],[-53.51653148,-28.69460561],[-53.51650457,-28.69468669],[-53.51637523,-28.69470818],[-53.51610751,-28.69490964],[-53.51602002,-28.69500527],[-53.51582062,-28.69518073],[-53.51574151,-28.69522461],[-53.51550153,-28.69517818],[-53.51517391,-28.6950203],[-53.51495292,-28.69496363],[-53.51451925,-28.69492929],[-53.51389003,-28.69482931],[-53.51333612,-28.69472793],[-53.51318904,-28.69467837],[-53.51214413,-28.6944914],[-53.511737,-28.69409185],[-53.5106741,-28.69375537],[-53.51016986,-28.69371949],[-53.50984097,-28.69377648],[-53.50970511,-28.69386099],[-53.50963862,-28.69416473],[-53.50961959,-28.69444214],[-53.50954071,-28.69476449],[-53.5093971,-28.69479259],[-53.5091987,-28.69494329],[-53.50871381,-28.69504699],[-53.50833334,-28.69509221],[-53.50799564,-28.69518329],[-53.50779254,-28.69527187],[-53.50767892,-28.69534748],[-53.50753979,-28.69542922],[-53.50736864,-28.69564726],[-53.50700863,-28.69601298],[-53.50672696,-28.69630233],[-53.50658136,-28.69644921],[-53.50597061,-28.69685562],[-53.5053087,-28.69720078],[-53.50480399,-28.69707867],[-53.50443211,-28.69708131],[-53.50430686,-28.69714018],[-53.50421877,-28.69721107],[-53.50408964,-28.69737602],[-53.50399581,-28.69774458],[-53.50392577,-28.69796781],[-53.50378081,-28.69820868],[-53.50361636,-28.69837216],[-53.503545,-28.69847244],[-53.50316667,-28.69887736],[-53.50316825,-28.69894377],[-53.50296656,-28.69922668],[-53.50267781,-28.69962358],[-53.50258345,-28.6997681],[-53.50249799,-28.69981492],[-53.50237009,-28.70003215],[-53.50233345,-28.70010916],[-53.50229627,-28.70016356],[-53.50211939,-28.70027639],[-53.50192733,-28.70055983],[-53.50189257,-28.70071596],[-53.5017721,-28.70104331],[-53.50155893,-28.70124798],[-53.50144491,-28.70144234],[-53.5013785,-28.70161602],[-53.50132845,-28.70180354],[-53.5011785,-28.70197029],[-53.50068832,-28.70239212],[-53.50026241,-28.70268553],[-53.50017805,-28.70277897],[-53.50022476,-28.70299015],[-53.50032455,-28.70314097],[-53.50050684,-28.70352491],[-53.50059241,-28.70375233],[-53.5007314,-28.70393352],[-53.50088913,-28.70436316],[-53.50101651,-28.70459546],[-53.50104999,-28.70478991],[-53.50113344,-28.7050626],[-53.50119353,-28.70543184],[-53.50136992,-28.7058371],[-53.50176023,-28.70660735],[-53.50223248,-28.70664384],[-53.50248086,-28.70643569],[-53.50260471,-28.70598106],[-53.50261018,-28.7054028],[-53.50265566,-28.70502313],[-53.50281191,-28.70485202],[-53.50332138,-28.70470123],[-53.50374197,-28.70472313],[-53.50440764,-28.70493697],[-53.50471613,-28.70523376],[-53.5050508,-28.70568697],[-53.50518535,-28.70595023],[-53.50559479,-28.70631159],[-53.50616369,-28.70690464],[-53.5066411,-28.70729159],[-53.5069546,-28.7076632],[-53.50721325,-28.70775169],[-53.50757791,-28.70771383],[-53.50792253,-28.70737384],[-53.50809353,-28.70728303],[-53.50831237,-28.70731572],[-53.50854277,-28.70743019],[-53.50901418,-28.7078342],[-53.5091844,-28.70811375],[-53.50932503,-28.70863134],[-53.50925515,-28.70865949],[-53.50884156,-28.70879721],[-53.50810555,-28.70886176],[-53.5077693,-28.70888072],[-53.50721836,-28.70850362],[-53.50692391,-28.70839316],[-53.50656606,-28.70844786],[-53.50617504,-28.70859081],[-53.50595103,-28.7087448],[-53.50568812,-28.70901543],[-53.50558321,-28.7093227],[-53.50568544,-28.70944096],[-53.50575444,-28.70960639],[-53.50609583,-28.70954444],[-53.50620361,-28.70963444],[-53.50626444,-28.70997],[-53.50658417,-28.71007333],[-53.50675194,-28.71007583],[-53.50700111,-28.70998389],[-53.50722167,-28.70996139],[-53.50746972,-28.70970972],[-53.50769611,-28.70962278],[-53.50784583,-28.70971806],[-53.50777861,-28.70982722],[-53.50775472,-28.70999111],[-53.50783083,-28.7101875],[-53.50798833,-28.71009806],[-53.50801722,-28.71018417],[-53.50813167,-28.71033333],[-53.50807806,-28.71061528],[-53.50802333,-28.71082194],[-53.50787556,-28.710935],[-53.50786639,-28.711065],[-53.50805639,-28.71120528],[-53.5082175,-28.71126778],[-53.50837833,-28.71129556],[-53.50840667,-28.71144889],[-53.50843472,-28.7116175],[-53.50852194,-28.71170278],[-53.5086925,-28.71170333],[-53.50868972,-28.71192306],[-53.50885389,-28.7121025],[-53.50871722,-28.71236556],[-53.50860694,-28.71241722],[-53.50849333,-28.71239861],[-53.50839944,-28.71244944],[-53.508355,-28.71259417],[-53.50834833,-28.71276139],[-53.508305,-28.71278028],[-53.50841417,-28.71332833],[-53.50847417,-28.71339333],[-53.50882111,-28.71351361],[-53.50943389,-28.71386806],[-53.5095725,-28.71411972],[-53.51002083,-28.71406917],[-53.51030444,-28.71396167],[-53.5107475,-28.71401972],[-53.51081611,-28.71390389],[-53.51114111,-28.71387833],[-53.51123556,-28.71377722],[-53.51184083,-28.71333639],[-53.51209111,-28.71317889],[-53.51237917,-28.71312528],[-53.51240389,-28.71307833],[-53.512805,-28.71231833],[-53.51424417,-28.71136972],[-53.51445823,-28.71229897],[-53.51473971,-28.71318835],[-53.5147336,-28.7133666],[-53.51487056,-28.71341611],[-53.51590611,-28.71768222],[-53.52257472,-28.70975917],[-53.52446306,-28.70751528],[-53.52235694,-28.70059667],[-53.5215352,-28.70110173],[-53.52147417,-28.70093]]]]},"geometry_name":"geo_area_imovel","properties":{"cod_imovel":"RS-4306106-2D2334C6736144CC888D1D5C3DB85E03","status_imovel":"AT","dat_criacao":"2024-10-08T10:44:50.041Z","area":354.0622,"condicao":"Aguardando análise","uf":"RS","municipio":"Cruz Alta","cod_municipio_ibge":4306106,"m_fiscal":17.7031,"tipo_imovel":"IRU"}},{"type":"Feature","id":"sicar_imoveis_rs.2556014","geometry":{"type":"MultiPolygon","coordinates":[[[[-53.57158196,-28.64122826],[-53.57148608,-28.64134203],[-53.57140949,-28.64136511],[-53.57129764,-28.64137985],[-53.57128807,-28.6413799],[-53.57118576,-28.64138616],[-53.57117299,-28.64138339],[-53.57107694,-28.64137539],[-53.57093558,-28.64136761],[-53.570826,-28.64135389],[-53.57064392,-28.64133429],[-53.57042768,-28.64133109],[-53.57042113,-28.64133108],[-53.57026737,-28.64131364],[-53.57017257,-28.64127623],[-53.57006483,-28.64123598],[-53.56998656,-28.64119295],[-53.56987237,-28.64101272],[-53.56979688,-28.64094989],[-53.56974746,-28.64085576],[-53.56969509,-28.64081873],[-53.56963943,-28.64076749],[-53.56956109,-28.64073625],[-53.56945035,-28.64072498],[-53.569382,-28.64071937],[-53.56931385,-28.64072508],[-53.56922649,-28.64073923],[-53.56921679,-28.64074207],[-53.5691488,-28.6407591],[-53.56906776,-28.64075619],[-53.5689899,-28.64074759],[-53.56898341,-28.64074758],[-53.56892496,-28.64071621],[-53.5688665,-28.64067628],[-53.56880154,-28.64064766],[-53.5687463,-28.64065617],[-53.56860971,-28.64067886],[-53.56847617,-28.64070728],[-53.5683563,-28.64074432],[-53.56835306,-28.64074431],[-53.56824929,-28.64079569],[-53.5681789,-28.64081499],[-53.56785042,-28.64088183],[-53.56768394,-28.64092773],[-53.56756478,-28.64092115],[-53.56741355,-28.6408796],[-53.56723417,-28.64082398],[-53.56709643,-28.64082337],[-53.56702966,-28.64080766],[-53.56690871,-28.6407242],[-53.56678096,-28.64069058],[-53.56666232,-28.64075306],[-53.56645854,-28.64091552],[-53.5662638,-28.64095711],[-53.56602126,-28.64094018],[-53.56591833,-28.64101996],[-53.56568557,-28.64120377],[-53.56525522,-28.64151476],[-53.56453356,-28.64185894],[-53.56405523,-28.64210702],[-53.56368781,-28.64233625],[-53.56345951,-28.64240869],[-53.56322998,-28.64258979],[-53.56319343,-28.64272537],[-53.56307293,-28.64282856],[-53.56296702,-28.64285697],[-53.56282877,-28.64293833],[-53.56273487,-28.6430287],[-53.56260127,-28.6431816],[-53.56214691,-28.64337516],[-53.56205676,-28.64344635],[-53.5620206,-28.64348196],[-53.56193539,-28.64349303],[-53.56181379,-28.64350957],[-53.56170104,-28.6435729],[-53.56147106,-28.64371925],[-53.56124546,-28.64379866],[-53.56113239,-28.64388208],[-53.56047954,-28.64421579],[-53.56006074,-28.64446247],[-53.55998778,-28.64439508],[-53.56012961,-28.64419337],[-53.56012149,-28.64403686],[-53.56008902,-28.64389425],[-53.56008903,-28.64375169],[-53.56004438,-28.64373028],[-53.55996322,-28.64375874],[-53.55988209,-28.64378719],[-53.55974025,-28.64369097],[-53.55968784,-28.6433031],[-53.55979704,-28.64306787],[-53.55985249,-28.64263395],[-53.55997076,-28.64220823],[-53.56011548,-28.64165527],[-53.56032626,-28.64127477],[-53.56048356,-28.64041832],[-53.56057543,-28.6401173],[-53.56060165,-28.63985169],[-53.56045704,-28.63964398],[-53.56033873,-28.63940173],[-53.56037817,-28.63919422],[-53.56042714,-28.63897508],[-53.56047597,-28.63866563],[-53.56059614,-28.63823343],[-53.56050901,-28.63808558],[-53.56041686,-28.63771652],[-53.56032482,-28.63727888],[-53.56028553,-28.63686446],[-53.56033811,-28.63646116],[-53.56036442,-28.63602317],[-53.5603382,-28.6357241],[-53.56023317,-28.63536711],[-53.55990484,-28.6349296],[-53.55948481,-28.63449103],[-53.55928286,-28.63428818],[-53.55919659,-28.63400665],[-53.55923592,-28.63376487],[-53.55936711,-28.63344247],[-53.55956391,-28.63316615],[-53.55986561,-28.63284387],[-53.56015407,-28.63242982],[-53.56039496,-28.63205553],[-53.56054057,-28.63184501],[-53.56070131,-28.63171545],[-53.56094931,-28.63170022],[-53.56107353,-28.63168886],[-53.56118114,-28.63165882],[-53.56126728,-28.63160247],[-53.56126737,-28.6315611],[-53.56131904,-28.63151229],[-53.56136622,-28.63154995],[-53.56142203,-28.63156505],[-53.56148213,-28.63157264],[-53.56158521,-28.63150515],[-53.56165808,-28.63152779],[-53.56171381,-28.63152786],[-53.56175241,-28.63148662],[-53.56182954,-28.63148305],[-53.5618681,-28.63143441],[-53.56191946,-28.63137461],[-53.56197933,-28.63129243],[-53.56205196,-28.63115016],[-53.56212025,-28.63095941],[-53.56223941,-28.63084047],[-53.56238024,-28.63073935],[-53.56247839,-28.63065322],[-53.56258933,-28.63060079],[-53.56273865,-28.63058587],[-53.56289643,-28.63067579],[-53.56299022,-28.63073571],[-53.56304991,-28.63078438],[-53.56308828,-28.63081808],[-53.56318206,-28.630863],[-53.56331843,-28.63082184],[-53.56339936,-28.63078817],[-53.5635016,-28.63075825],[-53.56358701,-28.63080315],[-53.56386089,-28.63093793],[-53.56398036,-28.63099786],[-53.56407424,-28.63099038],[-53.56411265,-28.63095293],[-53.56416812,-28.63096791],[-53.56420225,-28.63103533],[-53.56432263,-28.63115867],[-53.5644416,-28.63123699],[-53.56467537,-28.63131149],[-53.56474672,-28.6314416],[-53.56486106,-28.63149356],[-53.56495031,-28.63149356],[-53.56504322,-28.63153799],[-53.56515715,-28.63157859],[-53.56523293,-28.63162667],[-53.56532178,-28.63165633],[-53.56532602,-28.63165633],[-53.56544474,-28.63166375],[-53.56552962,-28.63166004],[-53.56561871,-28.63166005],[-53.56570927,-28.63163781],[-53.56576266,-28.63168599],[-53.56575115,-28.63174153],[-53.56583599,-28.63173413],[-53.56600144,-28.63170441],[-53.56616271,-28.631671],[-53.56631132,-28.63163387],[-53.56638334,-28.63165244],[-53.56645115,-28.63166358],[-53.56650619,-28.63168215],[-53.56659472,-28.63171539],[-53.56667435,-28.63176331],[-53.56673309,-28.63172214],[-53.56676234,-28.63171081],[-53.56686584,-28.63179561],[-53.56693347,-28.63179908],[-53.5670222,-28.6317655],[-53.56704755,-28.63172464],[-53.56709806,-28.63160565],[-53.5671064,-28.63152027],[-53.56711477,-28.63146462],[-53.56717375,-28.63147567],[-53.56720746,-28.63149416],[-53.56724528,-28.63146075],[-53.56724519,-28.63139776],[-53.56723671,-28.63134962],[-53.56719458,-28.6313015],[-53.56715243,-28.63124966],[-53.56713974,-28.63119042],[-53.56713968,-28.6311386],[-53.56719857,-28.63113864],[-53.56728686,-28.63115349],[-53.56734156,-28.63115721],[-53.56737535,-28.63123487],[-53.56745955,-28.63128296],[-53.56753512,-28.63127925],[-53.56759792,-28.63126816],[-53.56764824,-28.63128293],[-53.56768608,-28.63131249],[-53.56778232,-28.63131984],[-53.56788674,-28.63131611],[-53.56798264,-28.63129764],[-53.56809136,-28.63129025],[-53.56810372,-28.63126813],[-53.56817501,-28.63129393],[-53.56825406,-28.63128654],[-53.56841986,-28.63126443],[-53.56853863,-28.63137115],[-53.56863925,-28.63144107],[-53.56874813,-28.63147043],[-53.56895282,-28.63147015],[-53.5690696,-28.63147735],[-53.56918239,-28.63150301],[-53.56918651,-28.63155081],[-53.56923645,-28.63164276],[-53.56930353,-28.631639],[-53.56939568,-28.63164993],[-53.56954632,-28.6316939],[-53.56966761,-28.63174158],[-53.56977219,-28.63175604],[-53.5698892,-28.63176679],[-53.56999353,-28.63179939],[-53.57011469,-28.63180324],[-53.57021919,-28.63181071],[-53.57031951,-28.63182913],[-53.57043667,-28.63183663],[-53.57054963,-28.63185508],[-53.57064176,-28.63186255],[-53.57072966,-28.63186629],[-53.57080915,-28.63182962],[-53.57089655,-28.63180372],[-53.57096334,-28.63174131],[-53.57099602,-28.63169334],[-53.57100797,-28.63164915],[-53.57104886,-28.63160127],[-53.57108565,-28.63156081],[-53.57113882,-28.63151303],[-53.5712717,-28.63146909],[-53.57143526,-28.63146378],[-53.57180756,-28.63344433],[-53.57198371,-28.63463829],[-53.57203983,-28.63531489],[-53.57205426,-28.63614167],[-53.57203558,-28.63667574],[-53.57204709,-28.63721601],[-53.57199471,-28.63783749],[-53.57184056,-28.63905949],[-53.57158196,-28.64122826]]]]},"geometry_name":"geo_area_imovel","properties":{"cod_imovel":"RS-4306106-2D3D7E122F334C338BAC5146843745F6","status_imovel":"AT","dat_criacao":"2016-04-19T00:26:45.750Z","area":132.8916,"condicao":"Aguardando análise","uf":"RS","municipio":"Cruz Alta","cod_municipio_ibge":4306106,"m_fiscal":6.6446,"tipo_imovel":"IRU"}},{"type":"Feature","id":"sicar_imoveis_rs.12698260","geometry":{"type":"MultiPolygon","coordinates":[[[[-53.48845295,-28.73450173],[-53.48838253,-28.73442769],[-53.48839432,-28.73419094],[-53.48823481,-28.73397909],[-53.48814497,-28.73382445],[-53.48807914,-28.7336435],[-53.48792084,-28.73357835],[-53.48763243,-28.73359937],[-53.48744582,-28.73360046],[-53.48729939,-28.73360236],[-53.48714066,-28.73362101],[-53.4869816,-28.73352911],[-53.48697993,-28.73335949],[-53.48702611,-28.73320259],[-53.48711579,-28.73290842],[-53.48726172,-28.73271327],[-53.4874008,-28.73267439],[-53.48757662,-28.73268888],[-53.48778122,-28.73273044],[-53.48801221,-28.73281447],[-53.48816049,-28.73282472],[-53.48821879,-28.73292487],[-53.48835531,-28.73294378],[-53.48860027,-28.73302565],[-53.48876245,-28.73304716],[-53.48886848,-28.7331596],[-53.48905912,-28.73317949],[-53.4892228,-28.73323862],[-53.48935055,-28.73317798],[-53.48942531,-28.73323897],[-53.48953585,-28.73330302],[-53.48969614,-28.73330896],[-53.48988656,-28.73323117],[-53.49001926,-28.73315369],[-53.49013615,-28.73306024],[-53.49032771,-28.73294019],[-53.49055306,-28.73279534],[-53.49072177,-28.73266361],[-53.49074772,-28.73248994],[-53.49073805,-28.73236802],[-53.49074095,-28.73235561],[-53.49074535,-28.73231825],[-53.49082207,-28.73213945],[-53.49083439,-28.73181428],[-53.49090892,-28.73163049],[-53.49102378,-28.73143911],[-53.49111336,-28.73129779],[-53.49143684,-28.73125178],[-53.49145602,-28.7312518],[-53.49185808,-28.73135143],[-53.49198465,-28.73145799],[-53.49226384,-28.73152667],[-53.49264063,-28.7315577],[-53.4928303,-28.73158692],[-53.4929729,-28.73153142],[-53.49322059,-28.73146569],[-53.49332115,-28.73140217],[-53.49461567,-28.73207532],[-53.49513714,-28.7329938],[-53.49567797,-28.73434317],[-53.496474,-28.73556733],[-53.49679862,-28.73586969],[-53.49665135,-28.7363109],[-53.49383031,-28.73727795],[-53.49162828,-28.73573337],[-53.48845295,-28.73450173]]]]},"geometry_name":"geo_area_imovel","properties":{"cod_imovel":"RS-4306106-2D54AA47F67F4B8D84936AC374886DD9","status_imovel":"AT","dat_criacao":"2024-04-09T07:45:24.982Z","area":32.1942,"condicao":"Aguardando análise","uf":"RS","municipio":"Cruz Alta","cod_municipio_ibge":4306106,"m_fiscal":1.6097,"tipo_imovel":"IRU"}},{"type":"Feature","id":"sicar_imoveis_rs.7625627","geometry":{"type":"MultiPolygon","coordinates":[[[[-53.39300598,-28.66321822],[-53.392682,-28.66304681],[-53.39237193,-28.66291138],[-53.39212132,-28.6626384],[-53.39081909,-28.65762999],[-53.38972515,-28.6527797],[-53.3897736,-28.65265896],[-53.38877379,-28.6528029],[-53.38827347,-28.65276911],[-53.38776903,-28.65270345],[-53.38754198,-28.6527994],[-53.38743075,-28.65333735],[-53.38727392,-28.65351518],[-53.38708527,-28.6534722],[-53.3867736,-28.65289659],[-53.38615371,-28.65283485],[-53.38572644,-28.65282461],[-53.38538752,-28.65323955],[-53.3851413,-28.65335515],[-53.38504543,-28.65337254],[-53.38475682,-28.65340488],[-53.38444608,-28.65340787],[-53.3840396,-28.65342352],[-53.38381121,-28.65350557],[-53.38375416,-28.65365959],[-53.38408866,-28.65479737],[-53.38431894,-28.65553098],[-53.38450269,-28.65671116],[-53.38409697,-28.65714788],[-53.383791,-28.65664149],[-53.38150671,-28.64936075],[-53.38533843,-28.64684954],[-53.38915273,-28.64591653],[-53.38914367,-28.64639766],[-53.38912143,-28.64654223],[-53.38912126,-28.64655386],[-53.38912229,-28.64657363],[-53.38912332,-28.6465934],[-53.38906278,-28.64674568],[-53.38905446,-28.64676636],[-53.38905307,-28.64676981],[-53.38897525,-28.64690879],[-53.38896284,-28.64693992],[-53.388966,-28.64706511],[-53.38896837,-28.64708136],[-53.38897349,-28.6470907],[-53.38897173,-28.6472726],[-53.38897685,-28.64728194],[-53.38898316,-28.6472994],[-53.38899771,-28.64746297],[-53.38900265,-28.64748389],[-53.3890064,-28.64749668],[-53.38901015,-28.64750947],[-53.38896066,-28.64764543],[-53.38908214,-28.64787282],[-53.38912018,-28.64798853],[-53.38915573,-28.64814355],[-53.38892243,-28.648464],[-53.38878845,-28.64867822],[-53.38870429,-28.64903168],[-53.38872644,-28.64925202],[-53.38862656,-28.64938051],[-53.38846486,-28.64961204],[-53.3884262,-28.64990632],[-53.3884021,-28.65019081],[-53.38848186,-28.65039005],[-53.38862341,-28.65061221],[-53.38876091,-28.65076711],[-53.38879954,-28.6509149],[-53.38889589,-28.65107268],[-53.38893559,-28.65119101],[-53.38911609,-28.65131071],[-53.3894401,-28.65141022],[-53.38995355,-28.65150176],[-53.39011731,-28.65168053],[-53.3902833,-28.65180927],[-53.39039854,-28.65187594],[-53.39049761,-28.65203965],[-53.39068586,-28.65212202],[-53.39085144,-28.65230647],[-53.39093572,-28.65226307],[-53.39149193,-28.65228831],[-53.3916828,-28.65248776],[-53.39183231,-28.65263935],[-53.39197307,-28.65284239],[-53.39210638,-28.65292031],[-53.39213545,-28.65294988],[-53.3922593,-28.65316376],[-53.39225924,-28.65317111],[-53.39232081,-28.65331469],[-53.39232905,-28.65332942],[-53.39241141,-28.65348405],[-53.39241557,-28.65348775],[-53.39251068,-28.65361676],[-53.39261444,-28.6537165],[-53.39262269,-28.65372754],[-53.39271953,-28.65378383],[-53.3929028,-28.65387672],[-53.39321938,-28.65413971],[-53.39322358,-28.65422071],[-53.39324929,-28.6544267],[-53.39331638,-28.65465761],[-53.39331643,-28.65467221],[-53.39329218,-28.65481414],[-53.39325448,-28.65504282],[-53.39315498,-28.65508936],[-53.39315544,-28.65517613],[-53.39311445,-28.65524227],[-53.39309845,-28.65532986],[-53.39313245,-28.65549763],[-53.39321142,-28.65563242],[-53.39332283,-28.65571276],[-53.39345467,-28.6558472],[-53.39352049,-28.65595924],[-53.39355754,-28.65609589],[-53.39357014,-28.65623801],[-53.39357437,-28.65635761],[-53.3935578,-28.65645107],[-53.39354141,-28.65653014],[-53.39354136,-28.65655169],[-53.39351292,-28.65663782],[-53.3935129,-28.65664858],[-53.39347233,-28.65679173],[-53.39347232,-28.65679889],[-53.39352856,-28.65689553],[-53.39360494,-28.65701721],[-53.39374194,-28.65713204],[-53.39405276,-28.65737611],[-53.39407945,-28.65742552],[-53.39413439,-28.65752393],[-53.39404633,-28.65761387],[-53.39403728,-28.6577887],[-53.39401277,-28.65792161],[-53.39401273,-28.65792862],[-53.39397231,-28.65809646],[-53.39397893,-28.65835497],[-53.39398663,-28.65839687],[-53.3939945,-28.65840388],[-53.39403292,-28.65861316],[-53.3940707,-28.65895426],[-53.3942356,-28.65906614],[-53.39462147,-28.6592496],[-53.39522891,-28.65989467],[-53.39537311,-28.66040254],[-53.39542466,-28.66123978],[-53.39547693,-28.66183858],[-53.39555549,-28.66256398],[-53.39575353,-28.6630232],[-53.39592328,-28.66332387],[-53.39628595,-28.66396566],[-53.39484638,-28.66504649],[-53.39300598,-28.66321822]]]]},"geometry_name":"geo_area_imovel","properties":{"cod_imovel":"RS-4306106-2D598DB171B14E309F72A879A6D8251D","status_imovel":"AT","dat_criacao":"2019-10-23T02:55:13.962Z","area":89.9223,"condicao":"Aguardando análise","uf":"RS","municipio":"Cruz Alta","cod_municipio_ibge":4306106,"m_fiscal":4.4961,"tipo_imovel":"IRU"}},{"type":"Feature","id":"sicar_imoveis_rs.1968570","geometry":{"type":"MultiPolygon","coordinates":[[[[-53.61791611,-28.67895427],[-53.61506224,-28.68004613],[-53.61465454,-28.6795755],[-53.61448288,-28.67929312],[-53.61428976,-28.67918017],[-53.61424685,-28.67908604],[-53.61420393,-28.67902957],[-53.61420393,-28.67887896],[-53.61407518,-28.67869071],[-53.61398935,-28.67852128],[-53.61379623,-28.67833303],[-53.61375332,-28.67829538],[-53.61373186,-28.67827655],[-53.61386061,-28.67825773],[-53.61383915,-28.67825773],[-53.61379623,-28.67814477],[-53.6153841,-28.67722232],[-53.61446142,-28.6760363],[-53.61450434,-28.67539622],[-53.61450434,-28.67500088],[-53.61424196,-28.67439599],[-53.61393583,-28.67371097],[-53.61401081,-28.67355127],[-53.61456871,-28.67332535],[-53.61504078,-28.6730053],[-53.61534397,-28.67294587],[-53.61590761,-28.67292647],[-53.61645699,-28.67298648],[-53.61699188,-28.67302682],[-53.61750841,-28.67304296],[-53.61800194,-28.67302413],[-53.61853838,-28.67289234],[-53.61913919,-28.67277939],[-53.61911774,-28.67317474],[-53.61913919,-28.67323122],[-53.61908555,-28.67325005],[-53.61911774,-28.67332535],[-53.61922503,-28.67341948],[-53.61943958,-28.67375983],[-53.61976147,-28.67398427],[-53.61997604,-28.67424784],[-53.62001896,-28.67458671],[-53.62001896,-28.6750197],[-53.61995459,-28.67552801],[-53.62001896,-28.6758857],[-53.62016916,-28.67614926],[-53.62031937,-28.67628104],[-53.62034082,-28.67633752],[-53.62034082,-28.67648812],[-53.62036228,-28.67656343],[-53.6204052,-28.67677051],[-53.62049103,-28.67688346],[-53.62051249,-28.67703407],[-53.6207056,-28.6773541],[-53.62073347,-28.67765224],[-53.61791611,-28.67895427]]]]},"geometry_name":"geo_area_imovel","properties":{"cod_imovel":"RS-4306106-2DDC46A1BF8E4A4F96DF206878F33AA4","status_imovel":"AT","dat_criacao":"2016-01-27T00:56:04.534Z","area":37.2431,"condicao":"Aguardando análise","uf":"RS","municipio":"Cruz Alta","cod_municipio_ibge":4306106,"m_fiscal":1.8622,"tipo_imovel":"IRU"}},{"type":"Feature","id":"sicar_imoveis_rs.3275936","geometry":{"type":"MultiPolygon","coordinates":[[[[-53.61155443,-28.92414522],[-53.61151397,-28.92484762],[-53.61165806,-28.92508828],[-53.61160185,-28.92534914],[-53.61130087,-28.92575368],[-53.61136182,-28.92624769],[-53.61122854,-28.92669622],[-53.61124988,-28.92737727],[-53.61118676,-28.92774194],[-53.61094454,-28.92832405],[-53.61042471,-28.92825578],[-53.60991584,-28.92827143],[-53.6096759,-28.92848419],[-53.60960313,-28.92877934],[-53.60955798,-28.92916492],[-53.60948724,-28.92958401],[-53.60941614,-28.93032165],[-53.60911525,-28.93097525],[-53.6083227,-28.93159488],[-53.60807354,-28.93169526],[-53.60756246,-28.93188481],[-53.60700786,-28.931932],[-53.60672286,-28.92954686],[-53.60630868,-28.9279948],[-53.60611184,-28.92749019],[-53.60531579,-28.92562863],[-53.60464644,-28.92432274],[-53.60412822,-28.92296072],[-53.60389017,-28.92231868],[-53.60341416,-28.92178723],[-53.60333495,-28.92143225],[-53.60331489,-28.92125256],[-53.60322329,-28.92110476],[-53.60317628,-28.92107937],[-53.60315463,-28.92102867],[-53.60311069,-28.92097103],[-53.60211389,-28.91932557],[-53.60149756,-28.91847646],[-53.60131859,-28.91824089],[-53.6012361,-28.91804766],[-53.60122952,-28.91781227],[-53.60090808,-28.91583645],[-53.60096341,-28.91571579],[-53.60136385,-28.91533595],[-53.60219543,-28.91463475],[-53.60295352,-28.91405074],[-53.60357642,-28.91348218],[-53.60379739,-28.91335269],[-53.60486214,-28.91265879],[-53.61155443,-28.92414522]]]]},"geometry_name":"geo_area_imovel","properties":{"cod_imovel":"RS-4306106-2E046916A69247EB8BC9C146040AF431","status_imovel":"AT","dat_criacao":"2016-06-02T04:04:57.734Z","area":105.3521,"condicao":"Aguardando análise","uf":"RS","municipio":"Cruz Alta","cod_municipio_ibge":4306106,"m_fiscal":5.2676,"tipo_imovel":"IRU"}},{"type":"Feature","id":"sicar_imoveis_rs.1977808","geometry":{"type":"MultiPolygon","coordinates":[[[[-53.62229347,-28.59354677],[-53.62295866,-28.59213371],[-53.62317324,-28.59211487],[-53.62225056,-28.59488444],[-53.62023354,-28.59710759],[-53.61909628,-28.59889737],[-53.61804485,-28.6006306],[-53.6177659,-28.60047989],[-53.6198473,-28.59703223],[-53.62169266,-28.59492212],[-53.62229347,-28.59354677]]]]},"geometry_name":"geo_area_imovel","properties":{"cod_imovel":"RS-4306106-2E072D98727C46A9B32383AEA8C715CF","status_imovel":"AT","dat_criacao":"2016-01-28T23:37:39.042Z","area":3.787,"condicao":"Aguardando análise","uf":"RS","municipio":"Cruz Alta","cod_municipio_ibge":4306106,"m_fiscal":0.1893,"tipo_imovel":"IRU"}},{"type":"Feature","id":"sicar_imoveis_rs.6723077","geometry":{"type":"MultiPolygon","coordinates":[[[[-53.30855013,-28.65252224],[-53.31256624,-28.65160561],[-53.31419042,-28.65123458],[-53.31421426,-28.6516718],[-53.31403725,-28.65207325],[-53.31403746,-28.65259691],[-53.31438863,-28.65427187],[-53.31370742,-28.65489971],[-53.31320997,-28.65478604],[-53.30902209,-28.65424441],[-53.30930124,-28.65299656],[-53.30851697,-28.65282138],[-53.30855013,-28.65252224]]]]},"geometry_name":"geo_area_imovel","properties":{"cod_imovel":"RS-4306106-2E676F2E4E1F47099DE1270335402A45","status_imovel":"AT","dat_criacao":"2019-04-13T01:44:13.683Z","area":15.3052,"condicao":"Aguardando análise","uf":"RS","municipio":"Cruz Alta","cod_municipio_ibge":4306106,"m_fiscal":0.7653,"tipo_imovel":"IRU"}},{"type":"Feature","id":"sicar_imoveis_rs.11395812","geometry":{"type":"MultiPolygon","coordinates":[[[[-53.54673906,-28.67228007],[-53.53779316,-28.67737293],[-53.53768783,-28.67624852],[-53.54620457,-28.67153684],[-53.54673906,-28.67228007]]]]},"geometry_name":"geo_area_imovel","properties":{"cod_imovel":"RS-4306106-2E84EF1594834BFE9068525CB8F3B0D9","status_imovel":"AT","dat_criacao":"2023-03-15T19:37:07.294Z","area":10.5392,"condicao":"Aguardando análise","uf":"RS","municipio":"Cruz Alta","cod_municipio_ibge":4306106,"m_fiscal":0.527,"tipo_imovel":"IRU"}},{"type":"Feature","id":"sicar_imoveis_rs.16213795","geometry":{"type":"MultiPolygon","coordinates":[[[[-53.30922602,-28.74640781],[-53.31626759,-28.74484679],[-53.31668587,-28.74559795],[-53.31925712,-28.75021765],[-53.31927132,-28.75024099],[-53.319322,-28.750332],[-53.31944898,-28.75046597],[-53.319449,-28.750466],[-53.31956106,-28.75062057],[-53.319565,-28.750626],[-53.319528,-28.750826],[-53.31951494,-28.75092334],[-53.31951394,-28.75092246],[-53.31950789,-28.75091927],[-53.31950063,-28.75091607],[-53.31949458,-28.75091181],[-53.31948973,-28.75090649],[-53.31948368,-28.75090223],[-53.31948005,-28.75089797],[-53.31947641,-28.75089371],[-53.3194752,-28.75089159],[-53.31947156,-28.7508852],[-53.31946914,-28.75088201],[-53.31946429,-28.75087669],[-53.31945945,-28.7508703],[-53.31945461,-28.75086711],[-53.31944977,-28.75086392],[-53.31944373,-28.75085966],[-53.31943768,-28.75085647],[-53.31943284,-28.75085009],[-53.31943041,-28.75084583],[-53.3194292,-28.75083946],[-53.31942798,-28.7508352],[-53.31942677,-28.75082989],[-53.31942555,-28.75082352],[-53.31942554,-28.75081714],[-53.31942553,-28.75081183],[-53.31942914,-28.7508044],[-53.31943516,-28.7507991],[-53.31943637,-28.7507991],[-53.31944481,-28.75079593],[-53.31945686,-28.75079276],[-53.31946289,-28.75079064],[-53.31947373,-28.75078535],[-53.31947853,-28.75078005],[-53.31948213,-28.7507737],[-53.31948453,-28.7507684],[-53.31948572,-28.75076311],[-53.31948811,-28.75075675],[-53.31948929,-28.75074934],[-53.3194953,-28.750743],[-53.31949889,-28.7507356],[-53.31950008,-28.75073243],[-53.31950247,-28.7507282],[-53.31950606,-28.7507208],[-53.31950845,-28.75071552],[-53.31950964,-28.75071024],[-53.31951202,-28.7507039],[-53.31951201,-28.75069862],[-53.31951199,-28.75069439],[-53.31951197,-28.750687],[-53.31951195,-28.75068067],[-53.31951193,-28.75067434],[-53.31951191,-28.750668],[-53.31951188,-28.75065956],[-53.31951305,-28.75065113],[-53.31951425,-28.75064902],[-53.31951422,-28.75064164],[-53.3195142,-28.75063321],[-53.31951056,-28.75062372],[-53.31950695,-28.7506195],[-53.31950574,-28.75061844],[-53.31949972,-28.75061106],[-53.3194961,-28.75060684],[-53.31949006,-28.75059524],[-53.31948524,-28.75058891],[-53.31948403,-28.7505826],[-53.31946846,-28.75056418],[-53.31946846,-28.75056179],[-53.31946164,-28.75055342],[-53.31945347,-28.75054744],[-53.31944667,-28.75054743],[-53.31943988,-28.75054742],[-53.3194358,-28.75054741],[-53.31942492,-28.75054739],[-53.3194154,-28.75054738],[-53.31940996,-28.75054737],[-53.31939636,-28.75054734],[-53.31938954,-28.75054256],[-53.31938408,-28.75053539],[-53.31938001,-28.75052941],[-53.31937597,-28.75052103],[-53.3193692,-28.75051265],[-53.31936377,-28.75050666],[-53.31935699,-28.75050067],[-53.31935153,-28.75050066],[-53.31934335,-28.75050184],[-53.31933379,-28.75050542],[-53.31932969,-28.750509],[-53.31932013,-28.75051377],[-53.31931466,-28.75051735],[-53.3193051,-28.75052212],[-53.31929691,-28.7505257],[-53.31929009,-28.75052808],[-53.31927646,-28.75053045],[-53.31926829,-28.75053044],[-53.31925465,-28.75053281],[-53.3192383,-28.75053637],[-53.31922739,-28.75053993],[-53.31922058,-28.7505435],[-53.31921103,-28.75054946],[-53.3192083,-28.75055184],[-53.31918085,-28.75055707],[-53.31917756,-28.75055706],[-53.31916603,-28.75055995],[-53.31915617,-28.75056428],[-53.31915122,-28.75056428],[-53.31913969,-28.75056571],[-53.31913474,-28.7505657],[-53.31912319,-28.75056424],[-53.31911658,-28.75056132],[-53.31911159,-28.75055551],[-53.31910827,-28.75055261],[-53.31910162,-28.7505439],[-53.31909993,-28.75053665],[-53.3190983,-28.75053087],[-53.31909675,-28.75052078],[-53.31909517,-28.75051357],[-53.31909526,-28.75050492],[-53.31909536,-28.75049482],[-53.31909379,-28.75048761],[-53.31909222,-28.75047895],[-53.3190906,-28.75047606],[-53.31908736,-28.75047028],[-53.3190792,-28.75046161],[-53.31907593,-28.75045872],[-53.31906604,-28.75045726],[-53.31905452,-28.75045436],[-53.31904463,-28.7504529],[-53.31903638,-28.75045288],[-53.31902318,-28.75045287],[-53.31901493,-28.75045285],[-53.31900666,-28.75045429],[-53.31899839,-28.75045716],[-53.3189901,-28.75046148],[-53.31897522,-28.75046435],[-53.31896367,-28.75046433],[-53.31895213,-28.75046431],[-53.31894223,-28.7504643],[-53.31893233,-28.75046428],[-53.3189241,-28.75046138],[-53.31892081,-28.75045994],[-53.31891094,-28.75045559],[-53.31890764,-28.75045558],[-53.31889613,-28.75044979],[-53.3188912,-28.7504469],[-53.3188797,-28.75043966],[-53.31886984,-28.75043386],[-53.31886161,-28.75042952],[-53.31885171,-28.7504295],[-53.31884346,-28.75042949],[-53.31883519,-28.75043092],[-53.31882527,-28.7504338],[-53.31881701,-28.75043523],[-53.31880708,-28.75043955],[-53.3187988,-28.75044387],[-53.3187922,-28.75044386],[-53.31878065,-28.75044385],[-53.3187757,-28.75044384],[-53.31876414,-28.75044382],[-53.31875754,-28.75044381],[-53.31875095,-28.75044236],[-53.31874272,-28.75043801],[-53.31873449,-28.75043367],[-53.3187279,-28.75043077],[-53.31871473,-28.75042352],[-53.31870813,-28.75042207],[-53.31869333,-28.75041483],[-53.31868346,-28.75040759],[-53.31867854,-28.75040181],[-53.31867196,-28.75039601],[-53.31866539,-28.75038877],[-53.31865716,-28.75038442],[-53.31864397,-28.75037862],[-53.31863902,-28.75037717],[-53.31862582,-28.75037426],[-53.31861921,-28.75037425],[-53.31861261,-28.75037425],[-53.31860269,-28.75037424],[-53.31858947,-28.75037712],[-53.3185812,-28.75037711],[-53.31857955,-28.75037711],[-53.31856468,-28.75037565],[-53.31855973,-28.75037274],[-53.31855312,-28.75036984],[-53.31854652,-28.75036548],[-53.31853991,-28.75036258],[-53.31852504,-28.75035532],[-53.31851843,-28.75035386],[-53.31851181,-28.75035385],[-53.31850353,-28.75035384],[-53.3184936,-28.75035383],[-53.31848036,-28.75035526],[-53.31847539,-28.75035526],[-53.31846049,-28.75035524],[-53.3184489,-28.75035523],[-53.31844062,-28.75035522],[-53.31843565,-28.75035521],[-53.3184224,-28.75035374],[-53.3184108,-28.75035083],[-53.31840914,-28.75035083],[-53.3183992,-28.75034646],[-53.31839423,-28.750345],[-53.31838428,-28.75033773],[-53.31837765,-28.75033191],[-53.31837268,-28.75032319],[-53.31837102,-28.75031738],[-53.31836936,-28.75031011],[-53.31836272,-28.75028684],[-53.31836272,-28.75027957],[-53.31836604,-28.75027667],[-53.31836936,-28.7502694],[-53.31837434,-28.75026359],[-53.31837766,-28.75025778],[-53.31837766,-28.75024759],[-53.31837102,-28.75023447],[-53.31836271,-28.75022718],[-53.31835108,-28.75022132],[-53.31833779,-28.75021255],[-53.31832947,-28.75020671],[-53.31832448,-28.75019503],[-53.31831616,-28.75019209],[-53.31830951,-28.75018916],[-53.31830284,-28.75017893],[-53.31829951,-28.75017017],[-53.31829284,-28.75016432],[-53.31828451,-28.75015407],[-53.31827618,-28.75014675],[-53.31827118,-28.75014235],[-53.31826117,-28.7501321],[-53.3182545,-28.75012916],[-53.31825116,-28.7501233],[-53.31824282,-28.75011451],[-53.3182378,-28.75010572],[-53.31823613,-28.75010425],[-53.31822778,-28.75009691],[-53.31822277,-28.75009104],[-53.31821775,-28.75008517],[-53.31821107,-28.7500793],[-53.31820104,-28.75007048],[-53.31819435,-28.75006313],[-53.31818599,-28.75005725],[-53.31818097,-28.7500543],[-53.31816255,-28.75003225],[-53.31815919,-28.75002637],[-53.31815248,-28.75001902],[-53.31814578,-28.75001166],[-53.31813739,-28.75000282],[-53.31812903,-28.74999985],[-53.31811564,-28.7499954],[-53.31810894,-28.74999391],[-53.3180989,-28.7499924],[-53.31808719,-28.74999236],[-53.3180805,-28.74999233],[-53.31807047,-28.74999376],[-53.31806379,-28.74999815],[-53.31805211,-28.75000398],[-53.31804208,-28.75000835],[-53.31803708,-28.75001274],[-53.31802876,-28.75002152],[-53.31802377,-28.75002737],[-53.31802213,-28.75003324],[-53.31801881,-28.75003764],[-53.31801884,-28.75004351],[-53.31801888,-28.75005085],[-53.31801893,-28.75006258],[-53.3180223,-28.75006992],[-53.31803073,-28.7500846],[-53.31803409,-28.75008901],[-53.31804249,-28.75009782],[-53.31804753,-28.75010223],[-53.31805592,-28.75011105],[-53.31806263,-28.75011692],[-53.31806933,-28.75012133],[-53.31807603,-28.75012721],[-53.31807771,-28.75012867],[-53.31808274,-28.75013308],[-53.31809279,-28.75014334],[-53.31809282,-28.75015066],[-53.31809285,-28.75015797],[-53.31809287,-28.75016235],[-53.31809289,-28.7501682],[-53.31809293,-28.75017843],[-53.31809129,-28.75018719],[-53.31808965,-28.75019303],[-53.31808468,-28.75020324],[-53.31807807,-28.75021783],[-53.31807475,-28.7502222],[-53.31806479,-28.7502324],[-53.31806147,-28.75023677],[-53.31805482,-28.75024113],[-53.31804817,-28.75024696],[-53.31804152,-28.75024986],[-53.31803486,-28.75025423],[-53.3180282,-28.75025713],[-53.3180199,-28.75026295],[-53.31801327,-28.75026586],[-53.31800663,-28.75026877],[-53.31800001,-28.75027459],[-53.31798933,-28.75027305],[-53.31798129,-28.75027777],[-53.3179719,-28.75028485],[-53.3179652,-28.75028957],[-53.31796117,-28.75029429],[-53.31795581,-28.750299],[-53.31795044,-28.75030608],[-53.31794642,-28.75031198],[-53.31794239,-28.75031788],[-53.31793971,-28.75032259],[-53.31793702,-28.75032849],[-53.31793568,-28.75033439],[-53.31793031,-28.750345],[-53.31792896,-28.75034971],[-53.31792762,-28.75035678],[-53.31792627,-28.75036621],[-53.31792359,-28.75036974],[-53.31792224,-28.75037445],[-53.31791956,-28.7503827],[-53.31791821,-28.75038976],[-53.31791821,-28.75039447],[-53.31791552,-28.75040506],[-53.31791552,-28.75040624],[-53.31791551,-28.7504133],[-53.3179155,-28.75042036],[-53.31791549,-28.75042624],[-53.31791548,-28.75043563],[-53.31791546,-28.75044384],[-53.31791546,-28.7504497],[-53.31791545,-28.75045439],[-53.31791544,-28.75046143],[-53.31791408,-28.75047315],[-53.31791407,-28.75048253],[-53.31791406,-28.75048957],[-53.31791272,-28.75049191],[-53.31791003,-28.75050127],[-53.31790868,-28.75051299],[-53.31790733,-28.75051884],[-53.31790332,-28.7505282],[-53.31790197,-28.75053639],[-53.31790062,-28.75054223],[-53.31790061,-28.75054574],[-53.3179006,-28.75055158],[-53.31790058,-28.75055859],[-53.31790055,-28.75056911],[-53.31790054,-28.75057613],[-53.31790186,-28.75058198],[-53.31790583,-28.75059953],[-53.31790714,-28.75061006],[-53.31790312,-28.75061473],[-53.3178991,-28.7506194],[-53.31789641,-28.75062641],[-53.31789105,-28.75063343],[-53.31788837,-28.7506381],[-53.31788166,-28.75064746],[-53.31787764,-28.75065096],[-53.31787362,-28.75065681],[-53.31786959,-28.75066149],[-53.31786557,-28.75066616],[-53.31786154,-28.75067084],[-53.31785617,-28.75068021],[-53.31785482,-28.75068372],[-53.31784945,-28.75069074],[-53.31784676,-28.7506966],[-53.31784272,-28.7507048],[-53.31784272,-28.75070597],[-53.31783868,-28.750713],[-53.31783733,-28.75071886],[-53.31783329,-28.7507259],[-53.31782791,-28.7507341],[-53.31782253,-28.75074348],[-53.31781849,-28.75074934],[-53.31781311,-28.75075873],[-53.31780772,-28.75076694],[-53.31780637,-28.75077046],[-53.31780501,-28.75077633],[-53.31780498,-28.75078572],[-53.31780498,-28.7507869],[-53.31780495,-28.75079512],[-53.31780493,-28.75080099],[-53.31780491,-28.75080921],[-53.31780354,-28.75081626],[-53.31779949,-28.75082566],[-53.31779814,-28.75082919],[-53.31779411,-28.75083271],[-53.31778738,-28.75083859],[-53.3177847,-28.75083859],[-53.31777261,-28.75084329],[-53.31776993,-28.75084329],[-53.31776322,-28.75084329],[-53.31775384,-28.75084094],[-53.3177458,-28.75083858],[-53.31773641,-28.75083623],[-53.31772702,-28.75083505],[-53.31772165,-28.75083387],[-53.31771361,-28.75083034],[-53.31771227,-28.75082917],[-53.31770558,-28.75082564],[-53.31769889,-28.75081858],[-53.31769488,-28.75081505],[-53.31768818,-28.75081034],[-53.31768151,-28.75080093],[-53.31768018,-28.75079623],[-53.31767617,-28.75079152],[-53.31767217,-28.75078446],[-53.31767085,-28.75077976],[-53.31766953,-28.75077388],[-53.31766554,-28.75076565],[-53.31766422,-28.75075977],[-53.31766156,-28.7507539],[-53.31766159,-28.75074802],[-53.31766028,-28.75074097],[-53.31766031,-28.75073392],[-53.31766033,-28.75072805],[-53.31766037,-28.75071982],[-53.31766174,-28.75071278],[-53.31766177,-28.75070691],[-53.31766448,-28.75070104],[-53.31766451,-28.750694],[-53.3176659,-28.75068344],[-53.31766593,-28.75067757],[-53.31766729,-28.7506717],[-53.31767001,-28.75066349],[-53.31767138,-28.75065763],[-53.31767141,-28.75065176],[-53.31767143,-28.7506459],[-53.31767012,-28.75063769],[-53.31767015,-28.75063182],[-53.31767019,-28.75062362],[-53.31767022,-28.75061658],[-53.31767025,-28.75060838],[-53.31767031,-28.75059431],[-53.31767034,-28.75058728],[-53.31767038,-28.75057791],[-53.31767445,-28.75056855],[-53.31767449,-28.75055918],[-53.31767452,-28.75055098],[-53.31767588,-28.75054747],[-53.3176786,-28.75053811],[-53.31768263,-28.75053227],[-53.31768397,-28.7505264],[-53.31768933,-28.75051938],[-53.31769737,-28.75050766],[-53.3176987,-28.75050297],[-53.31770272,-28.75049359],[-53.31770808,-28.75048421],[-53.31770942,-28.75047952],[-53.31771076,-28.7504713],[-53.31771344,-28.75046426],[-53.31771478,-28.75045839],[-53.31771612,-28.75045017],[-53.31772014,-28.75044431],[-53.31772014,-28.75043726],[-53.31772013,-28.75042433],[-53.31772013,-28.75041846],[-53.31771745,-28.75041257],[-53.31771477,-28.75040668],[-53.31771075,-28.75040078],[-53.31770672,-28.75039136],[-53.31770404,-28.75038664],[-53.31770136,-28.75038075],[-53.31769867,-28.75037368],[-53.31769867,-28.75036662],[-53.31769733,-28.75035955],[-53.31769464,-28.75035483],[-53.31768927,-28.75034539],[-53.31768524,-28.75033948],[-53.31767987,-28.75033122],[-53.3176745,-28.7503253],[-53.31767047,-28.75032057],[-53.3176651,-28.75031466],[-53.31765972,-28.7503111],[-53.31765166,-28.75030752],[-53.31763957,-28.75030157],[-53.31763016,-28.75029799],[-53.31762344,-28.75029678],[-53.31761403,-28.75029673],[-53.31760596,-28.75029434],[-53.31759251,-28.75029427],[-53.31757637,-28.75029419],[-53.31757368,-28.75029418],[-53.31756561,-28.75029532],[-53.31756023,-28.75029765],[-53.31755351,-28.75030116],[-53.31754813,-28.75030467],[-53.31754141,-28.750307],[-53.31753603,-28.75031051],[-53.31752931,-28.7503152],[-53.31752393,-28.75031989],[-53.31751721,-28.7503234],[-53.31751183,-28.75032809],[-53.31750646,-28.75033515],[-53.31750243,-28.75034102],[-53.31749706,-28.7503469],[-53.31749438,-28.75035278],[-53.317489,-28.75035747],[-53.31748363,-28.75036571],[-53.31748095,-28.75036923],[-53.31747692,-28.75037393],[-53.31747289,-28.75037981],[-53.31746887,-28.75038922],[-53.31746619,-28.75039628],[-53.31746217,-28.75040216],[-53.31745815,-28.75041039],[-53.31745279,-28.75042333],[-53.31744742,-28.75043038],[-53.31744341,-28.75044097],[-53.31742535,-28.75045987],[-53.31742068,-28.75046531],[-53.31741756,-28.75047346],[-53.31741288,-28.75048434],[-53.3174113,-28.75049385],[-53.31740819,-28.75049793],[-53.31740042,-28.75050607],[-53.31739266,-28.7505115],[-53.31738023,-28.75052236],[-53.31737091,-28.75052915],[-53.31736934,-28.75053731],[-53.31736623,-28.75054411],[-53.31736312,-28.75055363],[-53.31736156,-28.75055907],[-53.31735845,-28.75056451],[-53.31735688,-28.7505713],[-53.31735221,-28.75058082],[-53.3173491,-28.75058626],[-53.31734755,-28.75058761],[-53.31734288,-28.75059441],[-53.31733511,-28.75059984],[-53.31733201,-28.7506012],[-53.31732424,-28.75060527],[-53.31731493,-28.75060663],[-53.31730563,-28.75060526],[-53.31729632,-28.75060254],[-53.31729012,-28.75060117],[-53.3172746,-28.75060116],[-53.31726217,-28.75060388],[-53.31725596,-28.75060523],[-53.31724353,-28.75060659],[-53.31723577,-28.75060658],[-53.31722645,-28.75060386],[-53.31722024,-28.75060113],[-53.31721248,-28.7505984],[-53.31720472,-28.75059704],[-53.31719384,-28.75059703],[-53.31717985,-28.75059702],[-53.31716276,-28.75059292],[-53.31715032,-28.75059155],[-53.31713634,-28.75058337],[-53.31712702,-28.75057519],[-53.31711925,-28.75056837],[-53.31710994,-28.75055747],[-53.31710528,-28.75055065],[-53.31709595,-28.75054655],[-53.31709129,-28.75054518],[-53.31708506,-28.75054382],[-53.31707728,-28.75054244],[-53.31707106,-28.75053971],[-53.31706328,-28.75053425],[-53.31705706,-28.75053016],[-53.31704929,-28.7505247],[-53.31704307,-28.75051924],[-53.31703685,-28.75051241],[-53.31702907,-28.75050831],[-53.3170244,-28.75050422],[-53.31702129,-28.75050149],[-53.31701819,-28.7504933],[-53.3170182,-28.75048785],[-53.31701822,-28.75048103],[-53.31701668,-28.75047148],[-53.31701201,-28.75046739],[-53.31700734,-28.75046329],[-53.31700112,-28.75045919],[-53.31699178,-28.75045235],[-53.31699022,-28.75044962],[-53.316984,-28.75044416],[-53.31698089,-28.7504387],[-53.31697778,-28.75043324],[-53.31697623,-28.75042778],[-53.31697469,-28.75042232],[-53.31697471,-28.75041141],[-53.31697471,-28.75040732],[-53.31697784,-28.75040323],[-53.31697942,-28.75039369],[-53.31698254,-28.75038961],[-53.31698411,-28.75038415],[-53.31698413,-28.75037461],[-53.31698727,-28.75036507],[-53.31698884,-28.75035825],[-53.31699353,-28.75034872],[-53.3169951,-28.75034327],[-53.31699511,-28.75033781],[-53.31699513,-28.750331],[-53.31699358,-28.75032417],[-53.3169936,-28.75031463],[-53.31699673,-28.75030646],[-53.31700299,-28.75029693],[-53.31700455,-28.75029557],[-53.3170108,-28.75028741],[-53.31701549,-28.7502806],[-53.31702173,-28.75027244],[-53.31702486,-28.750267],[-53.31702955,-28.75025883],[-53.31703112,-28.75025202],[-53.31703269,-28.75024385],[-53.31703271,-28.75023703],[-53.31703272,-28.75023158],[-53.31703117,-28.75022475],[-53.31702806,-28.75021791],[-53.31702495,-28.75021245],[-53.31702184,-28.75020698],[-53.31702028,-28.75020151],[-53.31701717,-28.75019604],[-53.3170125,-28.75018647],[-53.31701095,-28.750181],[-53.31700628,-28.75017142],[-53.31700628,-28.75016185],[-53.31700317,-28.75015501],[-53.31700161,-28.7501468],[-53.31699694,-28.75013722],[-53.31699694,-28.75012902],[-53.31699538,-28.75012354],[-53.31699227,-28.75011396],[-53.31699071,-28.75010849],[-53.31698759,-28.75010027],[-53.31697981,-28.75008794],[-53.31697358,-28.75007972],[-53.31696579,-28.75007424],[-53.31695801,-28.75007012],[-53.31694711,-28.75006462],[-53.31693776,-28.7500605],[-53.3169253,-28.75005638],[-53.3169144,-28.75005225],[-53.31690194,-28.75005086],[-53.3168926,-28.75004948],[-53.31686925,-28.75004945],[-53.31685679,-28.75004943],[-53.31685368,-28.75004942],[-53.31684899,-28.75005214],[-53.31683804,-28.75006028],[-53.31683177,-28.7500698],[-53.3168302,-28.75007526],[-53.31682549,-28.75008616],[-53.31682391,-28.75009298],[-53.3168239,-28.75009981],[-53.31682232,-28.75010799],[-53.31682074,-28.75011618],[-53.31682073,-28.75012164],[-53.31682072,-28.75012983],[-53.31682069,-28.75014076],[-53.31682069,-28.75014485],[-53.31682066,-28.75015577],[-53.31682065,-28.7501626],[-53.31682061,-28.75018172],[-53.3168206,-28.75018854],[-53.31682058,-28.75019947],[-53.31682057,-28.75020493],[-53.31681587,-28.75021174],[-53.31681586,-28.75021583],[-53.31681428,-28.75022539],[-53.31680801,-28.75023219],[-53.31680488,-28.75023491],[-53.3167955,-28.75023762],[-53.31679237,-28.7502376],[-53.31677986,-28.75023756],[-53.31677517,-28.75023755],[-53.31676579,-28.75023615],[-53.31675798,-28.75023066],[-53.31675018,-28.75022244],[-53.31674549,-28.75021696],[-53.31674081,-28.75021148],[-53.31672987,-28.75020597],[-53.31672361,-28.75020322],[-53.31671893,-28.7501991],[-53.31670799,-28.75019087],[-53.31670017,-28.750184],[-53.3166786,-28.75016692],[-53.31667211,-28.75015931],[-53.31666562,-28.75015171],[-53.31666129,-28.7501498],[-53.31664613,-28.75014407],[-53.31663098,-28.75013835],[-53.31662015,-28.75013834],[-53.31660499,-28.75013452],[-53.316592,-28.7501345],[-53.3165725,-28.75013447],[-53.31656168,-28.75013065],[-53.31654436,-28.75012493],[-53.31653138,-28.75011922],[-53.3165119,-28.75011159],[-53.3164989,-28.75011157],[-53.31649024,-28.75011156],[-53.31647508,-28.75011153],[-53.31645342,-28.7501096],[-53.31644042,-28.75010958],[-53.31643176,-28.75010957],[-53.3164166,-28.75010765],[-53.31640145,-28.75010193],[-53.31639062,-28.75010002],[-53.3163798,-28.7500962],[-53.31636898,-28.75009239],[-53.31634949,-28.75008856],[-53.31632786,-28.75007713],[-53.31632137,-28.75007143],[-53.31631489,-28.75006192],[-53.31630842,-28.75004482],[-53.31629979,-28.75003152],[-53.31629114,-28.75002201],[-53.3162825,-28.7500106],[-53.31627601,-28.750003],[-53.31626953,-28.74999539],[-53.31626089,-28.74998399],[-53.31625226,-28.74996688],[-53.31624794,-28.74995738],[-53.31623066,-28.74993457],[-53.31622851,-28.74992887],[-53.31621986,-28.74991936],[-53.31621121,-28.74991175],[-53.31620689,-28.74990415],[-53.31619824,-28.74989654],[-53.31618959,-28.74988893],[-53.31618528,-28.74988133],[-53.31617879,-28.74987372],[-53.31617232,-28.74986042],[-53.31616585,-28.74984901],[-53.31616159,-28.74983955],[-53.31615524,-28.74982442],[-53.31614885,-28.74981307],[-53.31614457,-28.7498074],[-53.31613819,-28.74979606],[-53.31613179,-28.7497866],[-53.31612324,-28.74977526],[-53.31611684,-28.74976582],[-53.31611046,-28.74975448],[-53.3161019,-28.74974504],[-53.31609339,-28.74973182],[-53.31608697,-28.74972427],[-53.31607848,-28.74970917],[-53.31607427,-28.74969786],[-53.31607221,-28.74968843],[-53.3160658,-28.74968088],[-53.31606588,-28.74967335],[-53.31605951,-28.74966204],[-53.31605317,-28.74964885],[-53.31604682,-28.74963566],[-53.3160383,-28.74962436],[-53.31603192,-28.74961494],[-53.31602768,-28.74960741],[-53.31601482,-28.74959798],[-53.31600404,-28.74959609],[-53.31599108,-28.74959607],[-53.31598676,-28.74959606],[-53.3159781,-28.74959793],[-53.31596297,-28.7495998],[-53.31595658,-28.74959986],[-53.31594163,-28.74960375],[-53.31593523,-28.74960569],[-53.31592027,-28.74961146],[-53.31590532,-28.74961723],[-53.31589674,-28.74962294],[-53.31588817,-28.74962866],[-53.31587947,-28.74964769],[-53.31587598,-28.74965378],[-53.31587073,-28.74966746],[-53.31586897,-28.74967354],[-53.31586372,-28.74968418],[-53.31586021,-28.74969482],[-53.31585671,-28.74970395],[-53.3158532,-28.74971307],[-53.31585142,-28.74972371],[-53.31584791,-28.74973283],[-53.31584265,-28.74974194],[-53.31583913,-28.74975104],[-53.31583038,-28.74976319],[-53.31582337,-28.74977382],[-53.31581808,-28.74978749],[-53.31581456,-28.74979509],[-53.31581104,-28.74980269],[-53.31580575,-28.74981485],[-53.31579872,-28.74982701],[-53.31579343,-28.74983918],[-53.31578642,-28.74985137],[-53.31578118,-28.749859],[-53.31577595,-28.74986663],[-53.31577419,-28.74987273],[-53.31577069,-28.74988036],[-53.31576719,-28.74988647],[-53.31576542,-28.74989562],[-53.3157654,-28.74990172],[-53.31576014,-28.74991546],[-53.31575662,-28.74992919],[-53.31575483,-28.74994293],[-53.31575479,-28.74995361],[-53.31575475,-28.7499643],[-53.3157547,-28.74997651],[-53.31575467,-28.74998415],[-53.3157529,-28.74999331],[-53.3157494,-28.74999942],[-53.31574765,-28.75000247],[-53.31573895,-28.75000857],[-53.31573546,-28.75001315],[-53.31572676,-28.75002078],[-53.31571459,-28.75002535],[-53.31570243,-28.75003145],[-53.31569374,-28.75003602],[-53.31567636,-28.75004669],[-53.31566248,-28.75004972],[-53.31565902,-28.75004972],[-53.31565209,-28.75004971],[-53.31564516,-28.7500497],[-53.31563131,-28.75004968],[-53.31561919,-28.75005119],[-53.31561227,-28.75005118],[-53.31560362,-28.75005117],[-53.3155967,-28.75005116],[-53.31558114,-28.75004961],[-53.31557423,-28.75004961],[-53.31555695,-28.75004958],[-53.31554659,-28.75004805],[-53.31553625,-28.75004498],[-53.31552762,-28.75004345],[-53.31551901,-28.75004039],[-53.31550697,-28.75003276],[-53.31550181,-28.75003123],[-53.31548801,-28.75003122],[-53.31547941,-28.75002817],[-53.31547597,-28.75002664],[-53.31546391,-28.75002511],[-53.31545703,-28.75002358],[-53.31545013,-28.75002205],[-53.31544147,-28.75002052],[-53.31542594,-28.75001441],[-53.31542253,-28.75000984],[-53.31541563,-28.75000679],[-53.31540526,-28.75000374],[-53.31539492,-28.74999916],[-53.31538286,-28.74999307],[-53.31537074,-28.74999153],[-53.31535691,-28.74998847],[-53.31534493,-28.74997782],[-53.3153398,-28.74997326],[-53.31532773,-28.74996869],[-53.31532261,-28.74996413],[-53.31531574,-28.74995957],[-53.31530718,-28.74995349],[-53.31530039,-28.74994438],[-53.31529361,-28.74993527],[-53.31528857,-28.74992617],[-53.31528172,-28.74992162],[-53.31526617,-28.74991553],[-53.31525227,-28.74991398],[-53.31522915,-28.74990907],[-53.31522151,-28.74991244],[-53.31520814,-28.74991244],[-53.31519477,-28.74990739],[-53.31518521,-28.74990571],[-53.31517757,-28.74990403],[-53.31516802,-28.74990066],[-53.31515464,-28.74989898],[-53.31514891,-28.74989898],[-53.31513745,-28.74989561],[-53.31512598,-28.74989224],[-53.31511452,-28.74988888],[-53.31510496,-28.74988888],[-53.31509539,-28.74989225],[-53.31508772,-28.74990235],[-53.31508388,-28.74991078],[-53.31507812,-28.74991921],[-53.31506853,-28.74992764],[-53.31505704,-28.74992933],[-53.31504555,-28.74992933],[-53.31503599,-28.74992596],[-53.3150226,-28.74991922],[-53.31501879,-28.74991585],[-53.31501308,-28.74990573],[-53.31500927,-28.74989899],[-53.31500355,-28.74989393],[-53.31499591,-28.74989056],[-53.31497867,-28.74989056],[-53.31497101,-28.74989056],[-53.3149595,-28.74989562],[-53.31495374,-28.74989899],[-53.31494797,-28.74990405],[-53.31493452,-28.7499108],[-53.31492301,-28.74991249],[-53.31491344,-28.74990912],[-53.31490963,-28.74990574],[-53.31490394,-28.74989394],[-53.31489825,-28.74988382],[-53.31489637,-28.74987708],[-53.3148907,-28.7498636],[-53.31488883,-28.74985518],[-53.3148889,-28.74984507],[-53.314889,-28.74983326],[-53.31489291,-28.74982315],[-53.31489681,-28.74981473],[-53.31490263,-28.74980463],[-53.31490461,-28.74979621],[-53.31490661,-28.74978612],[-53.3149067,-28.74977436],[-53.31490677,-28.74976596],[-53.31489922,-28.7497542],[-53.31489925,-28.74975085],[-53.31489171,-28.7497391],[-53.31488984,-28.74973407],[-53.31488611,-28.74972401],[-53.31488618,-28.74971564],[-53.31488633,-28.7496989],[-53.31488634,-28.74969723],[-53.3148864,-28.74969054],[-53.31488838,-28.74968218],[-53.31489037,-28.74967216],[-53.31488859,-28.74965714],[-53.31488865,-28.74965047],[-53.31487941,-28.74962441],[-53.3148794,-28.74962015],[-53.31487937,-28.74960738],[-53.31487935,-28.74960172],[-53.31487932,-28.74958755],[-53.3148793,-28.74958189],[-53.31488087,-28.74957199],[-53.31488403,-28.74956633],[-53.3148856,-28.74955926],[-53.3148856,-28.74955785],[-53.31489192,-28.74954796],[-53.31489508,-28.7495409],[-53.31489823,-28.74953526],[-53.3148998,-28.74952962],[-53.31490295,-28.74952116],[-53.31490767,-28.7495113],[-53.31490924,-28.74950567],[-53.31491238,-28.74949723],[-53.3149155,-28.74948459],[-53.31491866,-28.74947761],[-53.31491865,-28.74946782],[-53.31491864,-28.74946363],[-53.31491863,-28.74945524],[-53.31491703,-28.74944546],[-53.31491384,-28.74943707],[-53.31491225,-28.74943009],[-53.31490906,-28.7494231],[-53.31490589,-28.74941751],[-53.31490271,-28.74941192],[-53.31489795,-28.74940494],[-53.31489319,-28.74939656],[-53.31488684,-28.74938679],[-53.31487733,-28.74937424],[-53.31487416,-28.74936449],[-53.31487257,-28.74935892],[-53.31487257,-28.74935197],[-53.31487256,-28.74933668],[-53.31487256,-28.74933112],[-53.31487413,-28.74932279],[-53.31487729,-28.7493103],[-53.31487728,-28.74930336],[-53.3148757,-28.74929365],[-53.31487095,-28.74928393],[-53.31486463,-28.74927422],[-53.31485989,-28.74926867],[-53.31485357,-28.74926312],[-53.31484884,-28.74925895],[-53.31483937,-28.7492534],[-53.31483148,-28.74924785],[-53.3148236,-28.7492423],[-53.31481414,-28.74923399],[-53.31479349,-28.74920813],[-53.31479348,-28.74920529],[-53.31479183,-28.7491996],[-53.31478533,-28.74919107],[-53.31478044,-28.74918112],[-53.3147772,-28.74917686],[-53.31477232,-28.74916833],[-53.31476899,-28.74915837],[-53.31476714,-28.74914972],[-53.31476207,-28.74914109],[-53.31475698,-28.74913103],[-53.31475025,-28.74911956],[-53.31474693,-28.74911527],[-53.31474044,-28.74911239],[-53.31473389,-28.74910666],[-53.31472087,-28.74909808],[-53.31471596,-28.7490938],[-53.31470787,-28.74908951],[-53.31470294,-28.74908381],[-53.314698,-28.74907671],[-53.31468975,-28.74906394],[-53.31468308,-28.7490498],[-53.31467973,-28.74904134],[-53.31467479,-28.74903288],[-53.31467143,-28.74902304],[-53.31466968,-28.74901462],[-53.31466627,-28.74900202],[-53.3146629,-28.74899085],[-53.31465478,-28.74897968],[-53.31464992,-28.74897272],[-53.31464348,-28.74896576],[-53.3146339,-28.74895881],[-53.31462273,-28.74895048],[-53.31461473,-28.74894218],[-53.31460516,-28.7489325],[-53.31460032,-28.74892285],[-53.31459711,-28.74891734],[-53.31459387,-28.7489091],[-53.31459222,-28.74890224],[-53.3145874,-28.74889127],[-53.31458265,-28.74888443],[-53.31457945,-28.74887759],[-53.31457467,-28.74886667],[-53.31457149,-28.74885985],[-53.31456986,-28.74885305],[-53.31456822,-28.74884355],[-53.31456348,-28.7488354],[-53.31456031,-28.74882862],[-53.31455092,-28.74881912],[-53.3145447,-28.74881775],[-53.31453846,-28.74881368],[-53.31452599,-28.74880553],[-53.31451818,-28.74879608],[-53.3145135,-28.74879068],[-53.31450726,-28.74878125],[-53.31450414,-28.74877453],[-53.31449791,-28.74876245],[-53.31449325,-28.74875174],[-53.31448859,-28.74874371],[-53.3144824,-28.74873435],[-53.31447467,-28.74872766],[-53.31446541,-28.74871963],[-53.31445615,-28.7487156],[-53.31444688,-28.74871421],[-53.31444225,-28.74871419],[-53.31443607,-28.74871415],[-53.31442989,-28.74871411],[-53.31441907,-28.74871404],[-53.3144067,-28.74871397],[-53.31439432,-28.74871389],[-53.31438042,-28.74870982],[-53.31436961,-28.7487071],[-53.31436192,-28.74870175],[-53.31434961,-28.74869504],[-53.31433885,-28.74868835],[-53.31431545,-28.74867475],[-53.31431524,-28.74866894],[-53.31431163,-28.74865735],[-53.31430472,-28.7486429],[-53.31429463,-28.7486285],[-53.31428796,-28.74861987],[-53.31428303,-28.74861557],[-53.3142765,-28.74861127],[-53.31426834,-28.74860555],[-53.31426023,-28.74860126],[-53.31425049,-28.74859555],[-53.31424381,-28.74858553],[-53.31423723,-28.74857839],[-53.31422416,-28.74856698],[-53.31421278,-28.74855844],[-53.31420626,-28.74855275],[-53.31419342,-28.7485485],[-53.31418228,-28.74854852],[-53.3141696,-28.7485514],[-53.31416163,-28.74855141],[-53.31415207,-28.74855143],[-53.31413927,-28.74855002],[-53.31412318,-28.74854292],[-53.31410862,-28.74853156],[-53.31409727,-28.74852021],[-53.31408591,-28.74850746],[-53.31407621,-28.74849756],[-53.31406336,-28.74848908],[-53.31405379,-28.74848768],[-53.31403787,-28.74848768],[-53.31402671,-28.74848769],[-53.31401236,-28.74848769],[-53.313998,-28.7484877],[-53.313982,-28.74848064],[-53.31397398,-28.74847358],[-53.31396919,-28.74846936],[-53.313958,-28.74846092],[-53.31394682,-28.74845248],[-53.31393246,-28.74844546],[-53.31392289,-28.74844264],[-53.31391012,-28.74844264],[-53.31390213,-28.74844263],[-53.31389414,-28.74844263],[-53.31388296,-28.74844122],[-53.31387178,-28.74843701],[-53.3138654,-28.74843279],[-53.31385263,-28.74842576],[-53.31383989,-28.74841453],[-53.31383034,-28.74840751],[-53.3138208,-28.7483977],[-53.31381286,-28.74839069],[-53.31380172,-28.74838228],[-53.31379056,-28.74837807],[-53.31378418,-28.74837526],[-53.31377458,-28.74837384],[-53.31376337,-28.74837382],[-53.31375054,-28.74837379],[-53.3137441,-28.74837517],[-53.31372965,-28.74837514],[-53.31371519,-28.74837511],[-53.31370719,-28.74837229],[-53.3136928,-28.74836666],[-53.31368324,-28.74836104],[-53.3136737,-28.74835403],[-53.31365778,-28.7483442],[-53.31364814,-28.74834277],[-53.31364009,-28.74834275],[-53.31362564,-28.74833991],[-53.31361441,-28.74833708],[-53.31360321,-28.74833285],[-53.31359684,-28.74832864],[-53.31359048,-28.74832443],[-53.31357937,-28.74831602],[-53.31356663,-28.748309],[-53.3135603,-28.7483034],[-53.31354436,-28.74829497],[-53.31353309,-28.74829353],[-53.31352663,-28.7482935],[-53.31351693,-28.74829346],[-53.31351046,-28.74829343],[-53.31350075,-28.74829339],[-53.31348779,-28.74829333],[-53.31347969,-28.74829329],[-53.31344751,-28.74828507],[-53.3134378,-28.74827151],[-53.31342428,-28.74825966],[-53.31341274,-28.74825458],[-53.31339544,-28.74824781],[-53.31337624,-28.74824441],[-53.31336472,-28.74824271],[-53.31334742,-28.74823932],[-53.31333589,-28.74823762],[-53.31332435,-28.74823423],[-53.31331472,-28.74823084],[-53.31329932,-28.74822237],[-53.31328584,-28.7482139],[-53.31327237,-28.74820543],[-53.31326082,-28.74819697],[-53.31324543,-28.74818851],[-53.31323196,-28.74818174],[-53.31321849,-28.74817665],[-53.31319539,-28.74817154],[-53.31318383,-28.74816983],[-53.31316647,-28.74816979],[-53.31315874,-28.74817146],[-53.313151,-28.74817313],[-53.3131394,-28.74817479],[-53.3131278,-28.74817477],[-53.3131162,-28.74817305],[-53.31310076,-28.74816795],[-53.3130834,-28.74816115],[-53.31307184,-28.74815437],[-53.31305837,-28.7481459],[-53.31304298,-28.74813573],[-53.31303144,-28.74812896],[-53.31301599,-28.74812385],[-53.31300251,-28.74811707],[-53.31299475,-28.74811704],[-53.31298311,-28.748117],[-53.31296563,-28.74811694],[-53.31295397,-28.7481169],[-53.31294044,-28.74811179],[-53.31293075,-28.74811007],[-53.31291923,-28.7481016],[-53.31290768,-28.74809482],[-53.31289237,-28.7480813],[-53.31288479,-28.74807118],[-53.31287329,-28.74806272],[-53.31285409,-28.74805088],[-53.31284439,-28.74804915],[-53.31283274,-28.74804741],[-53.31281326,-28.74804731],[-53.31279765,-28.74804723],[-53.31277618,-28.74804712],[-53.31275291,-28.74804028],[-53.31273546,-28.74803514],[-53.31272778,-28.74803006],[-53.31270851,-28.74801988],[-53.31269131,-28.74800636],[-53.31267989,-28.74799623],[-53.31267026,-28.74799115],[-53.31265874,-28.74798438],[-53.31264705,-28.74798262],[-53.31262561,-28.74797913],[-53.31261206,-28.74797402],[-53.31260428,-28.74797229],[-53.31258858,-28.74797218],[-53.312573,-28.74796873],[-53.31255152,-28.74796523],[-53.31254772,-28.74796185],[-53.31253992,-28.74796012],[-53.3125123,-28.74795301],[-53.31250055,-28.74794287],[-53.31248649,-28.74793272],[-53.31246789,-28.74792662],[-53.31245395,-28.74792255],[-53.31244467,-28.74792051],[-53.31242846,-28.74791845],[-53.31241921,-28.74791843],[-53.31240065,-28.74791435],[-53.31239603,-28.74791434],[-53.31238207,-28.74790826],[-53.31237046,-28.74790419],[-53.31235881,-28.7478961],[-53.31234252,-28.74788598],[-53.31233779,-28.7478759],[-53.31232845,-28.74786581],[-53.31231441,-28.74784568],[-53.31230507,-28.74783361],[-53.31230038,-28.74782557],[-53.31228874,-28.74781152],[-53.31228176,-28.74780349],[-53.31226785,-28.74779145],[-53.31225629,-28.74778543],[-53.31224012,-28.7477774],[-53.31223088,-28.74777339],[-53.31221705,-28.74776937],[-53.31220093,-28.74776733],[-53.31218711,-28.74776729],[-53.31217101,-28.74776924],[-53.31216181,-28.74777519],[-53.31215261,-28.74778115],[-53.3121411,-28.74778711],[-53.31213189,-28.74779709],[-53.31211806,-28.74780506],[-53.31209959,-28.74781303],[-53.31208573,-28.747815],[-53.31207187,-28.74781897],[-53.31206032,-28.74781894],[-53.31204183,-28.7478189],[-53.31202105,-28.74781282],[-53.31200719,-28.74781279],[-53.31198179,-28.74780671],[-53.31195869,-28.74780464],[-53.31192402,-28.74780455],[-53.31192167,-28.74780855],[-53.31190071,-28.74782456],[-53.31189139,-28.74783056],[-53.31187738,-28.74784056],[-53.31185638,-28.74785055],[-53.31184011,-28.74785252],[-53.31181928,-28.74785251],[-53.31180309,-28.74785249],[-53.31178458,-28.74785248],[-53.31177073,-28.74785046],[-53.31175458,-28.74784844],[-53.3117407,-28.74784843],[-53.3117083,-28.74785043],[-53.31169204,-28.74785444],[-53.31166418,-28.74786046],[-53.31164097,-28.74786447],[-53.31161319,-28.74786647],[-53.3115925,-28.74786243],[-53.31157418,-28.74785638],[-53.31155818,-28.74785034],[-53.31154455,-28.74784229],[-53.31152858,-28.74783626],[-53.31150795,-28.74783224],[-53.31148054,-28.74782421],[-53.31146672,-28.7478242],[-53.31143455,-28.74782218],[-53.3114001,-28.74782016],[-53.31137947,-28.74781815],[-53.31134267,-28.74781814],[-53.31130343,-28.74782212],[-53.311294,-28.74782812],[-53.31125331,-28.74784926],[-53.31124779,-28.7478556],[-53.31124214,-28.74785941],[-53.31123629,-28.74785941],[-53.31122757,-28.74786067],[-53.3112114,-28.74786065],[-53.31119378,-28.74786063],[-53.31118051,-28.74785935],[-53.31116998,-28.74785298],[-53.3111624,-28.74784663],[-53.31115346,-28.74784155],[-53.31114753,-28.74783774],[-53.31114011,-28.74783266],[-53.3111342,-28.74782884],[-53.31112535,-28.74782377],[-53.31111203,-28.74781489],[-53.31109594,-28.74780854],[-53.31108283,-28.74780473],[-53.3110698,-28.74780344],[-53.31105682,-28.74780341],[-53.31103517,-28.74780336],[-53.311018,-28.74780837],[-53.31100081,-28.74781339],[-53.31098495,-28.74781462],[-53.31096178,-28.74781331],[-53.31094283,-28.74780695],[-53.31091811,-28.74780058],[-53.31089626,-28.74779295],[-53.31087159,-28.74778785],[-53.3108513,-28.74778148],[-53.31083537,-28.74777638],[-53.31081656,-28.7477738],[-53.31079197,-28.74777374],[-53.3107833,-28.74777498],[-53.31077463,-28.74777876],[-53.31076597,-28.74778381],[-53.31075297,-28.74778884],[-53.31073854,-28.74779386],[-53.3107226,-28.74779382],[-53.31070374,-28.74779251],[-53.31067472,-28.74778613],[-53.31066021,-28.74778356],[-53.31065006,-28.74777973],[-53.31064281,-28.74777844],[-53.31063121,-28.74777461],[-53.31062541,-28.7477746],[-53.3106138,-28.74777837],[-53.31060219,-28.74778088],[-53.31059348,-28.7477834],[-53.31058187,-28.74778337],[-53.31056009,-28.74778205],[-53.31054413,-28.74777821],[-53.31052527,-28.74777055],[-53.31050786,-28.7477667],[-53.31048752,-28.74776665],[-53.31046715,-28.74776658],[-53.31045396,-28.74776899],[-53.31044371,-28.74777275],[-53.310432,-28.74777777],[-53.31042027,-28.7477828],[-53.31039818,-28.74779414],[-53.31038485,-28.74780298],[-53.31037147,-28.74781311],[-53.31036111,-28.74781689],[-53.31034774,-28.74782322],[-53.31032548,-28.74782953],[-53.31031658,-28.74783077],[-53.31030473,-28.74783073],[-53.31028997,-28.74782682],[-53.31026931,-28.74782033],[-53.31026039,-28.74782029],[-53.31023367,-28.74781761],[-53.31022175,-28.74781756],[-53.31021281,-28.74781752],[-53.31019337,-28.74781872],[-53.31018136,-28.74782124],[-53.31016471,-28.7478289],[-53.31015405,-28.7478353],[-53.31014645,-28.74783914],[-53.31012672,-28.74784683],[-53.31009168,-28.74786096],[-53.31006727,-28.74786869],[-53.31005808,-28.74787256],[-53.31003965,-28.74788033],[-53.31001506,-28.74788941],[-53.31000428,-28.74789331],[-53.3099843,-28.74789851],[-53.30997052,-28.7478998],[-53.30995372,-28.74789978],[-53.3099446,-28.74789846],[-53.30993704,-28.74789583],[-53.30992811,-28.74788927],[-53.30992233,-28.74788011],[-53.30991365,-28.74786702],[-53.30990936,-28.74785917],[-53.30989742,-28.74785131],[-53.3098839,-28.74784474],[-53.30987338,-28.74783949],[-53.3098598,-28.74783422],[-53.30984922,-28.74783027],[-53.30984012,-28.74782763],[-53.30982964,-28.74782106],[-53.30982059,-28.74781711],[-53.30981467,-28.74781187],[-53.30981029,-28.74780664],[-53.30980646,-28.7477865],[-53.30980056,-28.74777877],[-53.30979465,-28.74777105],[-53.30979022,-28.74776721],[-53.30978579,-28.74775945],[-53.30977841,-28.74775178],[-53.30977101,-28.74774411],[-53.30976362,-28.74773383],[-53.30976067,-28.74772737],[-53.30975772,-28.7477196],[-53.30975329,-28.74770794],[-53.30974885,-28.74769889],[-53.30974293,-28.74768856],[-53.30973701,-28.74767953],[-53.30973257,-28.74767177],[-53.30972663,-28.74766273],[-53.30972219,-28.74765366],[-53.30972221,-28.74764582],[-53.30972223,-28.74763799],[-53.30972224,-28.74763276],[-53.30972374,-28.74762752],[-53.30972375,-28.74762229],[-53.30972525,-28.74761444],[-53.30972527,-28.74760791],[-53.30972529,-28.74759616],[-53.30972531,-28.74759094],[-53.30972682,-28.74758049],[-53.30972683,-28.74757396],[-53.30972686,-28.74756222],[-53.30972687,-28.74755309],[-53.30972837,-28.74754786],[-53.30973285,-28.74753869],[-53.30973881,-28.74753081],[-53.30974327,-28.74752425],[-53.30974626,-28.74751511],[-53.30975072,-28.74750726],[-53.30975519,-28.74749811],[-53.30975668,-28.74749289],[-53.30975965,-28.74748767],[-53.30975966,-28.74748117],[-53.30975967,-28.74747466],[-53.30975969,-28.74746556],[-53.30975971,-28.74745517],[-53.30975824,-28.74744868],[-53.30975382,-28.7474409],[-53.3097494,-28.74742922],[-53.30974793,-28.74742403],[-53.30974646,-28.74741624],[-53.30974647,-28.74740974],[-53.30974648,-28.74740454],[-53.30974651,-28.74739154],[-53.30974652,-28.74738505],[-53.30974654,-28.74737725],[-53.30974508,-28.74736816],[-53.30974065,-28.74735907],[-53.30973622,-28.74735128],[-53.30972585,-28.74734478],[-53.30971843,-28.74734218],[-53.309711,-28.74733958],[-53.30970506,-28.74733828],[-53.30969761,-28.74733827],[-53.30968868,-28.74733697],[-53.30967526,-28.74733696],[-53.30966929,-28.74733696],[-53.30966182,-28.74733565],[-53.30965287,-28.74732782],[-53.30964691,-28.74731868],[-53.30964244,-28.74731084],[-53.30963798,-28.74729909],[-53.30963201,-28.74728994],[-53.30962754,-28.74728209],[-53.30962007,-28.74727162],[-53.30961259,-28.74726114],[-53.3096066,-28.74725719],[-53.30959758,-28.74725584],[-53.30958856,-28.74725318],[-53.3095735,-28.7472518],[-53.30956897,-28.74725178],[-53.30955841,-28.74725172],[-53.30954934,-28.74725168],[-53.30954178,-28.74725164],[-53.3095327,-28.74725029],[-53.30952817,-28.74724633],[-53.30952364,-28.74724237],[-53.30951759,-28.74723708],[-53.3095161,-28.7472292],[-53.30951313,-28.74721343],[-53.30951315,-28.74720818],[-53.30949802,-28.74719588],[-53.3094935,-28.74718795],[-53.30949048,-28.74718399],[-53.30948443,-28.74717475],[-53.30948293,-28.74716945],[-53.3094784,-28.74716284],[-53.30947235,-28.74715226],[-53.30946782,-28.74714299],[-53.3094648,-28.74713504],[-53.30946026,-28.7471271],[-53.30945573,-28.74711782],[-53.30945575,-28.74710985],[-53.30945273,-28.74710057],[-53.30945124,-28.74709128],[-53.30945127,-28.74707934],[-53.30945129,-28.74707137],[-53.30945131,-28.74706474],[-53.30945133,-28.74705678],[-53.30945135,-28.74704882],[-53.30944985,-28.74704351],[-53.3094453,-28.74703687],[-53.30944075,-28.74703023],[-53.30943621,-28.74702094],[-53.30943319,-28.7470143],[-53.30942864,-28.74700632],[-53.3094241,-28.74699569],[-53.30941954,-28.74698904],[-53.30941804,-28.7469824],[-53.30941502,-28.74697176],[-53.30941351,-28.74696512],[-53.30941202,-28.74695582],[-53.30940746,-28.74694783],[-53.3094075,-28.74693721],[-53.30940752,-28.74693057],[-53.30940754,-28.74692394],[-53.3093986,-28.74689516],[-53.30939861,-28.7468927],[-53.30939863,-28.74688288],[-53.30939585,-28.74687308],[-53.30939306,-28.74686819],[-53.30939028,-28.74686085],[-53.30938889,-28.74685595],[-53.30938469,-28.74684985],[-53.3093819,-28.74684496],[-53.30937632,-28.74683518],[-53.30937212,-28.74682907],[-53.30936933,-28.74682048],[-53.30936795,-28.74681066],[-53.30936377,-28.7467984],[-53.30935538,-28.74678246],[-53.30935118,-28.74677388],[-53.30934558,-28.74676407],[-53.30933997,-28.74675794],[-53.30933295,-28.74674813],[-53.30932733,-28.74674446],[-53.3093217,-28.74673832],[-53.30931608,-28.74672972],[-53.30931187,-28.74672357],[-53.30930906,-28.74671742],[-53.30930626,-28.74671004],[-53.30930627,-28.74670388],[-53.3093063,-28.74669649],[-53.30930632,-28.7466891],[-53.30930776,-28.74667679],[-53.30930919,-28.74667064],[-53.30931063,-28.74666203],[-53.30931206,-28.74665465],[-53.30931209,-28.74664358],[-53.30931212,-28.74663375],[-53.30930932,-28.74662636],[-53.30930229,-28.7466165],[-53.30929808,-28.7466091],[-53.30929103,-28.74660169],[-53.30928539,-28.74659551],[-53.30928116,-28.74659179],[-53.30927552,-28.74658437],[-53.30926987,-28.74657818],[-53.30926565,-28.7465683],[-53.30926425,-28.74656337],[-53.30926427,-28.74655598],[-53.30926429,-28.74654982],[-53.30926433,-28.74653997],[-53.30926435,-28.74653136],[-53.30926438,-28.74652397],[-53.3092644,-28.74651659],[-53.30926443,-28.74650675],[-53.30926446,-28.74649814],[-53.30926309,-28.74648459],[-53.30925746,-28.74647345],[-53.30925041,-28.74645983],[-53.30924193,-28.74644864],[-53.30923769,-28.74644243],[-53.30923345,-28.74643498],[-53.30922602,-28.74640781]]]]},"geometry_name":"geo_area_imovel","properties":{"cod_imovel":"RS-4306106-2EDDDB530FF7422BA6373E26EB47D8B2","status_imovel":"AT","dat_criacao":"2026-08-14T18:29:52.459Z","area":30.1313,"condicao":"Aguardando análise","uf":"RS","municipio":"Cruz Alta","cod_municipio_ibge":4306106,"m_fiscal":1.5066,"tipo_imovel":"IRU"}},{"type":"Feature","id":"sicar_imoveis_rs.1816051","geometry":{"type":"MultiPolygon","coordinates":[[[[-53.65205526,-28.57189666],[-53.65231276,-28.57210395],[-53.65254879,-28.57238661],[-53.65203381,-28.57249968],[-53.65151882,-28.57263159],[-53.65128279,-28.57234892],[-53.65121841,-28.57223586],[-53.65119696,-28.57212279],[-53.65123987,-28.57195319],[-53.65139008,-28.5719155],[-53.65162611,-28.57189666],[-53.65205526,-28.57189666]]]]},"geometry_name":"geo_area_imovel","properties":{"cod_imovel":"RS-4306106-2EE4E1FD4D5245DF8D6BEC8F6E3C5711","status_imovel":"AT","dat_criacao":"2015-12-16T05:36:16.487Z","area":0.7322,"condicao":"Aguardando análise","uf":"RS","municipio":"Cruz Alta","cod_municipio_ibge":4306106,"m_fiscal":0.0366,"tipo_imovel":"IRU"}},{"type":"Feature","id":"sicar_imoveis_rs.6925998","geometry":{"type":"MultiPolygon","coordinates":[[[[-53.53353425,-28.60211586],[-53.53341695,-28.60186674],[-53.5333372,-28.60162681],[-53.533282,-28.60134902],[-53.5332639,-28.60111071],[-53.53327178,-28.60088857],[-53.53328576,-28.60078005],[-53.53797546,-28.60013106],[-53.53864987,-28.60244622],[-53.54062651,-28.60304743],[-53.53927827,-28.60618691],[-53.53919022,-28.60619401],[-53.5390759,-28.60619533],[-53.53895667,-28.60618456],[-53.53884092,-28.60616328],[-53.53873663,-28.60613153],[-53.53862453,-28.60608679],[-53.53852235,-28.60603148],[-53.53842291,-28.60596367],[-53.53834209,-28.6059064],[-53.5342095,-28.60289],[-53.53394801,-28.60266433],[-53.53381947,-28.60252514],[-53.53368713,-28.6023572],[-53.53353425,-28.60211586]]]]},"geometry_name":"geo_area_imovel","properties":{"cod_imovel":"RS-4306106-2F1EA276693B4122AD6EE462712E8965","status_imovel":"AT","dat_criacao":"2019-05-31T01:07:00.304Z","area":25.9,"condicao":"Aguardando análise","uf":"RS","municipio":"Cruz Alta","cod_municipio_ibge":4306106,"m_fiscal":1.295,"tipo_imovel":"IRU"}},{"type":"Feature","id":"sicar_imoveis_rs.9144594","geometry":{"type":"MultiPolygon","coordinates":[[[[-53.38143864,-28.66994882],[-53.3817866,-28.66903957],[-53.38256705,-28.66891489],[-53.38289652,-28.66884408],[-53.38304361,-28.66870818],[-53.38313306,-28.66860988],[-53.3831338,-28.66835074],[-53.38307273,-28.66812396],[-53.38279528,-28.66796063],[-53.38231432,-28.66760326],[-53.38213307,-28.66738289],[-53.38209314,-28.66716186],[-53.38211442,-28.66683419],[-53.38219592,-28.66647107],[-53.3935578,-28.66384037],[-53.39224577,-28.66696186],[-53.38201571,-28.66979373],[-53.38143864,-28.66994882]]]]},"geometry_name":"geo_area_imovel","properties":{"cod_imovel":"RS-4306106-2F362CC0DDC74DB6A47A0D195D82414D","status_imovel":"AT","dat_criacao":"2021-04-14T16:04:13.246Z","area":34.7264,"condicao":"Aguardando análise","uf":"RS","municipio":"Cruz Alta","cod_municipio_ibge":4306106,"m_fiscal":1.7363,"tipo_imovel":"IRU"}},{"type":"Feature","id":"sicar_imoveis_rs.7556330","geometry":{"type":"MultiPolygon","coordinates":[[[[-53.5576403,-28.63928716],[-53.55898053,-28.6393008],[-53.55974971,-28.63929739],[-53.56036159,-28.63928148],[-53.56037817,-28.63919422],[-53.56042714,-28.63897508],[-53.56047597,-28.63866563],[-53.56055904,-28.63836684],[-53.55940866,-28.63840934],[-53.55822129,-28.63843903],[-53.55769027,-28.63843573],[-53.55767708,-28.63877545],[-53.5576403,-28.63928716]]]]},"geometry_name":"geo_area_imovel","properties":{"cod_imovel":"RS-4306106-2F3BBB3DA0C04B02AF179C3E623A6849","status_imovel":"AT","dat_criacao":"2019-10-04T01:00:54Z","area":2.6577,"condicao":"Aguardando análise","uf":"RS","municipio":"Cruz Alta","cod_municipio_ibge":4306106,"m_fiscal":0.1329,"tipo_imovel":"IRU"}},{"type":"Feature","id":"sicar_imoveis_rs.3332084","geometry":{"type":"MultiPolygon","coordinates":[[[[-53.62049392,-28.73756366],[-53.62289734,-28.73952797],[-53.62307396,-28.73958725],[-53.62329126,-28.73969844],[-53.62376438,-28.73972283],[-53.62399416,-28.73974145],[-53.62401973,-28.73974205],[-53.62423763,-28.73973402],[-53.6242638,-28.73972144],[-53.62475006,-28.73973293],[-53.62503871,-28.73981877],[-53.62525796,-28.73995467],[-53.62535494,-28.74016363],[-53.62541843,-28.74030545],[-53.62544636,-28.74055768],[-53.62539239,-28.74088888],[-53.62537653,-28.74106977],[-53.6253436,-28.74130695],[-53.62523836,-28.74154986],[-53.62517908,-28.74168667],[-53.62511316,-28.7419123],[-53.62503837,-28.74211169],[-53.62504269,-28.74235968],[-53.62496528,-28.74243244],[-53.62485422,-28.74251315],[-53.62471632,-28.74259197],[-53.6245784,-28.74264117],[-53.62443089,-28.74270841],[-53.62435782,-28.74273686],[-53.62433865,-28.74284375],[-53.62431838,-28.74296021],[-53.62427469,-28.74309072],[-53.62421998,-28.74322895],[-53.62418185,-28.74336948],[-53.62408961,-28.74353123],[-53.62401197,-28.74367325],[-53.62393363,-28.74373687],[-53.62381234,-28.74377886],[-53.62380175,-28.74378357],[-53.62369828,-28.74380586],[-53.62368814,-28.74380562],[-53.62359268,-28.74386711],[-53.62354995,-28.74390494],[-53.62350726,-28.74394728],[-53.62346832,-28.7440178],[-53.62342943,-28.74409665],[-53.62340023,-28.74418822],[-53.62339978,-28.74419734],[-53.62338323,-28.7443364],[-53.62338301,-28.74434083],[-53.62339322,-28.74442455],[-53.62337698,-28.74455578],[-53.62332806,-28.74462953],[-53.62318063,-28.74465699],[-53.62286024,-28.74465558],[-53.62275537,-28.74464075],[-53.6226192,-28.74463753],[-53.62247251,-28.74467716],[-53.62238421,-28.74479059],[-53.62232412,-28.74486697],[-53.62223176,-28.74498839],[-53.62213321,-28.74513566],[-53.622101,-28.74525304],[-53.62211568,-28.74586585],[-53.6215812,-28.74748898],[-53.62147525,-28.7476883],[-53.62143174,-28.74768727],[-53.62132176,-28.74767262],[-53.62121507,-28.74767612],[-53.62104091,-28.74767199],[-53.62090995,-28.74763191],[-53.62079065,-28.74758849],[-53.62065606,-28.74754431],[-53.62054966,-28.74745863],[-53.62037624,-28.74743114],[-53.62036247,-28.74742612],[-53.620211,-28.74740843],[-53.62018708,-28.74740786],[-53.62001374,-28.74741785],[-53.6198797,-28.74741937],[-53.61987471,-28.74734357],[-53.6198488,-28.74712478],[-53.61980072,-28.74704584],[-53.61980092,-28.74704228],[-53.61977128,-28.74690763],[-53.61973438,-28.74672713],[-53.61972962,-28.74655626],[-53.61973211,-28.74640796],[-53.61975995,-28.74618811],[-53.61973375,-28.74597473],[-53.61981753,-28.74581207],[-53.62049445,-28.74417299],[-53.61988494,-28.74322366],[-53.6205527,-28.74190113],[-53.62028869,-28.74151392],[-53.6195948,-28.74056381],[-53.61919759,-28.7399891],[-53.61889481,-28.73958101],[-53.61855923,-28.73947313],[-53.62049392,-28.73756366]]]]},"geometry_name":"geo_area_imovel","properties":{"cod_imovel":"RS-4306106-2F507A5F7EB4472B8A927E5B45873EE3","status_imovel":"AT","dat_criacao":"2016-06-06T15:30:22.643Z","area":36.885,"condicao":"Aguardando análise","uf":"RS","municipio":"Cruz Alta","cod_municipio_ibge":4306106,"m_fiscal":1.8443,"tipo_imovel":"IRU"}},{"type":"Feature","id":"sicar_imoveis_rs.2649506","geometry":{"type":"MultiPolygon","coordinates":[[[[-53.57596634,-28.63934577],[-53.57379155,-28.64182509],[-53.57342304,-28.64195803],[-53.57305822,-28.64195757],[-53.57264506,-28.64188441],[-53.57232172,-28.64164635],[-53.57214422,-28.64150832],[-53.57212543,-28.64131574],[-53.57227564,-28.63969617],[-53.57246876,-28.63824607],[-53.57253435,-28.6378991],[-53.57298024,-28.63780859],[-53.57335816,-28.63779385],[-53.57447519,-28.63830612],[-53.57596634,-28.63934577]]]]},"geometry_name":"geo_area_imovel","properties":{"cod_imovel":"RS-4306106-2F76F66A50A24DEA989C7D2D8E154FFB","status_imovel":"AT","dat_criacao":"2016-04-24T00:27:40.868Z","area":11.1932,"condicao":"Aguardando análise","uf":"RS","municipio":"Cruz Alta","cod_municipio_ibge":4306106,"m_fiscal":0.5597,"tipo_imovel":"IRU"}},{"type":"Feature","id":"sicar_imoveis_rs.2221744","geometry":{"type":"MultiPolygon","coordinates":[[[[-53.25945515,-28.69300974],[-53.26274872,-28.69058765],[-53.26599867,-28.68837735],[-53.26627197,-28.68867258],[-53.26647352,-28.6888903],[-53.26667302,-28.68908474],[-53.26679855,-28.68948215],[-53.26692068,-28.68986909],[-53.26698777,-28.69028241],[-53.26713103,-28.69078732],[-53.26793441,-28.69243792],[-53.26986722,-28.69740645],[-53.26458564,-28.6989685],[-53.25945515,-28.69300974]]]]},"geometry_name":"geo_area_imovel","properties":{"cod_imovel":"RS-4306106-2F968C2AB92D4C2B86E338F70D812627","status_imovel":"AT","dat_criacao":"2016-03-18T03:10:43.956Z","area":64.8138,"condicao":"Aguardando análise","uf":"RS","municipio":"Cruz Alta","cod_municipio_ibge":4306106,"m_fiscal":3.2407,"tipo_imovel":"IRU"}},{"type":"Feature","id":"sicar_imoveis_rs.9142687","geometry":{"type":"MultiPolygon","coordinates":[[[[-53.5412693,-28.75791542],[-53.5366559,-28.76562768],[-53.53401661,-28.76607911],[-53.53178501,-28.76559006],[-53.5307765,-28.7654772],[-53.52996111,-28.76564649],[-53.52888823,-28.76638006],[-53.52779388,-28.76677506],[-53.52684975,-28.76613554],[-53.5256052,-28.76474362],[-53.52451086,-28.76331406],[-53.52446795,-28.7624676],[-53.5239315,-28.76188448],[-53.52506876,-28.7604925],[-53.52581978,-28.75983413],[-53.52599144,-28.75964602],[-53.52629185,-28.75949554],[-53.52732182,-28.75983413],[-53.52809429,-28.75968364],[-53.52933884,-28.75987175],[-53.52981091,-28.75893121],[-53.53015423,-28.75784017],[-53.53049755,-28.75599667],[-53.5306263,-28.75569568],[-53.53075504,-28.75528183],[-53.5412693,-28.75791542]]]]},"geometry_name":"geo_area_imovel","properties":{"cod_imovel":"RS-4306106-2FB7B33AFFDE45A5A4DDFAB80960627E","status_imovel":"AT","dat_criacao":"2021-04-14T03:24:38.779Z","area":127.005,"condicao":"Aguardando análise","uf":"RS","municipio":"Cruz Alta","cod_municipio_ibge":4306106,"m_fiscal":6.3502,"tipo_imovel":"IRU"}},{"type":"Feature","id":"sicar_imoveis_rs.14728760","geometry":{"type":"MultiPolygon","coordinates":[[[[-53.73030917,-28.54099285],[-53.73266123,-28.53671593],[-53.73435748,-28.53746659],[-53.73488076,-28.53769393],[-53.73671216,-28.53850687],[-53.736512,-28.53886868],[-53.73561343,-28.54053204],[-53.73466947,-28.54226595],[-53.7345845,-28.54226297],[-53.73446264,-28.54220445],[-53.73423161,-28.54214325],[-53.73397236,-28.54206927],[-53.73358452,-28.54196062],[-53.73336461,-28.54189866],[-53.73312442,-28.541827],[-53.73294204,-28.5417705],[-53.73281375,-28.5417278],[-53.73275898,-28.54170752],[-53.73251365,-28.54163461],[-53.73236283,-28.54159759],[-53.73224366,-28.54157194],[-53.73216342,-28.54155407],[-53.73209856,-28.54153463],[-53.73197505,-28.54149905],[-53.73177236,-28.54144323],[-53.73156857,-28.54138463],[-53.73115508,-28.5412718],[-53.73101218,-28.54123282],[-53.73030917,-28.54099285]]]]},"geometry_name":"geo_area_imovel","properties":{"cod_imovel":"RS-4306106-2FD3E396FBB94363B770B2E8386CD38F","status_imovel":"AT","dat_criacao":"2025-09-16T14:28:42.150Z","area":22.0692,"condicao":"Aguardando análise","uf":"RS","municipio":"Cruz Alta","cod_municipio_ibge":4306106,"m_fiscal":1.1035,"tipo_imovel":"IRU"}},{"type":"Feature","id":"sicar_imoveis_rs.14941251","geometry":{"type":"MultiPolygon","coordinates":[[[[-53.59742391,-28.7284105],[-53.59436345,-28.7282069],[-53.5943829,-28.7261302],[-53.59569654,-28.72630354],[-53.59566386,-28.72711249],[-53.59753129,-28.72737067],[-53.59742391,-28.7284105]]]]},"geometry_name":"geo_area_imovel","properties":{"cod_imovel":"RS-4306106-300C59531F2C4E86837E726FE2922556","status_imovel":"AT","dat_criacao":"2025-10-30T19:49:27.903Z","area":5.0557,"condicao":"Aguardando análise","uf":"RS","municipio":"Cruz Alta","cod_municipio_ibge":4306106,"m_fiscal":0.2528,"tipo_imovel":"IRU"}},{"type":"Feature","id":"sicar_imoveis_rs.8230305","geometry":{"type":"MultiPolygon","coordinates":[[[[-53.28994443,-28.72758103],[-53.29015964,-28.72762493],[-53.29056359,-28.72741219],[-53.29174972,-28.72699701],[-53.29252459,-28.72673163],[-53.293432,-28.72643097],[-53.29745336,-28.72518554],[-53.29761767,-28.72382252],[-53.29879839,-28.72405871],[-53.3000736,-28.72369647],[-53.30168066,-28.72426742],[-53.29890574,-28.72666757],[-53.29881946,-28.72624124],[-53.2956827,-28.72703798],[-53.29230324,-28.72819505],[-53.29105756,-28.72871349],[-53.29101593,-28.72837356],[-53.29002127,-28.72828638],[-53.28994443,-28.72758103]]]]},"geometry_name":"geo_area_imovel","properties":{"cod_imovel":"RS-4306106-300FA1FEE9C943AF8833A36A81F0B4EE","status_imovel":"AT","dat_criacao":"2020-06-02T01:24:15.124Z","area":18.9283,"condicao":"Aguardando análise","uf":"RS","municipio":"Cruz Alta","cod_municipio_ibge":4306106,"m_fiscal":0.9464,"tipo_imovel":"IRU"}},{"type":"Feature","id":"sicar_imoveis_rs.12636340","geometry":{"type":"MultiPolygon","coordinates":[[[[-53.42110729,-28.68361372],[-53.4212577,-28.68352392],[-53.42135735,-28.68364546],[-53.42152538,-28.68350592],[-53.42156917,-28.68353004],[-53.42150521,-28.68367127],[-53.42159093,-28.68375035],[-53.4216783,-28.68366635],[-53.42176533,-28.68371878],[-53.42173123,-28.68381033],[-53.42182346,-28.68394129],[-53.42208592,-28.68402004],[-53.42205145,-28.6837763],[-53.42228014,-28.68385985],[-53.42247502,-28.68385669],[-53.42252137,-28.6839323],[-53.42225106,-28.68400551],[-53.42220851,-28.68409648],[-53.42237411,-28.68416118],[-53.42243631,-28.68422157],[-53.42234788,-28.68431898],[-53.42235367,-28.68448518],[-53.4227854,-28.68451589],[-53.422799,-28.68447163],[-53.42274523,-28.68439456],[-53.4229662,-28.68414479],[-53.42293962,-28.6840747],[-53.42337544,-28.68391448],[-53.42345871,-28.68398811],[-53.42355575,-28.68397653],[-53.42367353,-28.68408396],[-53.42371007,-28.68416481],[-53.42385638,-28.68409968],[-53.42398976,-28.68420109],[-53.42385008,-28.68423815],[-53.42393281,-28.68438426],[-53.4238877,-28.68449139],[-53.42395039,-28.68458105],[-53.42414644,-28.68451204],[-53.42415103,-28.68446415],[-53.4243437,-28.68444901],[-53.42435884,-28.68438495],[-53.42420847,-28.68430073],[-53.42417976,-28.68420621],[-53.42430897,-28.68412569],[-53.42420524,-28.68406193],[-53.42411847,-28.68392662],[-53.42412748,-28.68382269],[-53.42421323,-28.68386439],[-53.42446748,-28.68377425],[-53.42445164,-28.68359093],[-53.4243521,-28.68353682],[-53.42445585,-28.68343228],[-53.42441814,-28.6833269],[-53.42446578,-28.68329319],[-53.42451424,-28.68338783],[-53.42465611,-28.68335094],[-53.42462059,-28.68324566],[-53.42460684,-28.68308122],[-53.4247243,-28.68321896],[-53.4248414,-28.68328871],[-53.42508195,-28.68320453],[-53.42513083,-28.68306171],[-53.42503998,-28.68283034],[-53.42517819,-28.68285385],[-53.42522481,-28.68272558],[-53.42521699,-28.68267191],[-53.4253001,-28.6826666],[-53.42549299,-28.68267558],[-53.42555389,-28.68263852],[-53.42581352,-28.68250445],[-53.42602287,-28.68264689],[-53.42625011,-28.68263966],[-53.42632939,-28.68272037],[-53.42646769,-28.68269045],[-53.42663732,-28.68283697],[-53.42653093,-28.68298961],[-53.42675615,-28.68308224],[-53.42682577,-28.68294413],[-53.42695126,-28.68292925],[-53.42700541,-28.68299646],[-53.42719639,-28.68297288],[-53.42730343,-28.68310687],[-53.42763825,-28.68302415],[-53.42773241,-28.68302744],[-53.42770979,-28.68310163],[-53.42784998,-28.68315955],[-53.42795497,-28.68300569],[-53.42800931,-28.68308763],[-53.42824378,-28.68305644],[-53.42846272,-28.68307614],[-53.42854749,-28.68297236],[-53.42877145,-28.68295341],[-53.42891571,-28.68296359],[-53.42894339,-28.6829962],[-53.42907541,-28.6831903],[-53.42918976,-28.68311611],[-53.42943373,-28.68325607],[-53.42957359,-28.68317597],[-53.4295568,-28.68308639],[-53.4297023,-28.68281691],[-53.42973136,-28.68287204],[-53.42983162,-28.68290419],[-53.42994759,-28.68301595],[-53.43008097,-28.68290797],[-53.43019637,-28.68293798],[-53.43029576,-28.68284707],[-53.43038777,-28.68311313],[-53.43123477,-28.68556252],[-53.43170054,-28.68713297],[-53.43197917,-28.68928518],[-53.43632683,-28.69549973],[-53.43618192,-28.69551326],[-53.43455319,-28.69574192],[-53.4335488,-28.69630044],[-53.43219797,-28.69724768],[-53.42918854,-28.70061432],[-53.42718401,-28.70162916],[-53.42115431,-28.68375315],[-53.42110729,-28.68361372]]]]},"geometry_name":"geo_area_imovel","properties":{"cod_imovel":"RS-4306106-303885CCCE7F4F7F8DCFCD42284CF27C","status_imovel":"AT","dat_criacao":"2024-03-24T07:15:36.924Z","area":161.0617,"condicao":"Aguardando análise","uf":"RS","municipio":"Cruz Alta","cod_municipio_ibge":4306106,"m_fiscal":8.0531,"tipo_imovel":"IRU"}},{"type":"Feature","id":"sicar_imoveis_rs.2097048","geometry":{"type":"MultiPolygon","coordinates":[[[[-53.53800106,-28.70797333],[-53.55597451,-28.70801255],[-53.55579986,-28.70825541],[-53.55574107,-28.70835838],[-53.55552079,-28.70871249],[-53.55539634,-28.70891154],[-53.55531262,-28.70908884],[-53.55527858,-28.70920573],[-53.5550864,-28.70930725],[-53.55511465,-28.70939229],[-53.55496862,-28.70956946],[-53.55486734,-28.70982025],[-53.53844194,-28.71000061],[-53.53800106,-28.70797333]]]]},"geometry_name":"geo_area_imovel","properties":{"cod_imovel":"RS-4306106-3038F823A9E641288F1B61744F6387BD","status_imovel":"AT","dat_criacao":"2016-03-01T01:34:59.935Z","area":35.671,"condicao":"Aguardando análise","uf":"RS","municipio":"Cruz Alta","cod_municipio_ibge":4306106,"m_fiscal":1.7835,"tipo_imovel":"IRU"}},{"type":"Feature","id":"sicar_imoveis_rs.3354681","geometry":{"type":"MultiPolygon","coordinates":[[[[-53.66819044,-28.49977082],[-53.66826319,-28.49947317],[-53.66864309,-28.49895362],[-53.66894274,-28.49887213],[-53.66923908,-28.49903906],[-53.66932391,-28.49909295],[-53.66971299,-28.49884845],[-53.67012661,-28.49774984],[-53.66984766,-28.49748567],[-53.66985109,-28.49723],[-53.67058499,-28.49708529],[-53.67110636,-28.49720152],[-53.67140532,-28.49682207],[-53.67156026,-28.49668786],[-53.67188614,-28.49695328],[-53.67241883,-28.49734101],[-53.6728283,-28.49724146],[-53.67309693,-28.49653319],[-53.67339912,-28.49580695],[-53.67354851,-28.49566281],[-53.67397272,-28.49604098],[-53.67422707,-28.49659003],[-53.67450412,-28.49653136],[-53.67480491,-28.49660438],[-53.67501144,-28.49717281],[-53.67515131,-28.49767102],[-53.67512128,-28.49797886],[-53.67482205,-28.49805092],[-53.67432352,-28.49775002],[-53.673692,-28.49742449],[-53.67331544,-28.49752968],[-53.67299147,-28.49788398],[-53.67292619,-28.49849599],[-53.67257646,-28.4992694],[-53.67235822,-28.50019861],[-53.67267247,-28.50050897],[-53.67276924,-28.50072048],[-53.6723492,-28.50103377],[-53.6722655,-28.50135212],[-53.67247945,-28.50155857],[-53.67274824,-28.50155558],[-53.6730662,-28.50118585],[-53.67329109,-28.50036924],[-53.67359483,-28.49996108],[-53.67375566,-28.49992471],[-53.67392014,-28.50003762],[-53.67403443,-28.50050764],[-53.67430888,-28.50100635],[-53.67444155,-28.50128189],[-53.67440938,-28.50158121],[-53.67441056,-28.50181438],[-53.67502857,-28.5022314],[-53.67565373,-28.50253979],[-53.67572744,-28.50264732],[-53.67538042,-28.502947],[-53.67528402,-28.50326955],[-53.67532268,-28.50357514],[-53.67559509,-28.50370774],[-53.67598582,-28.50348577],[-53.67655338,-28.50305063],[-53.67697455,-28.50270218],[-53.67721992,-28.50229127],[-53.67760642,-28.50228429],[-53.67780252,-28.50212918],[-53.67802771,-28.50174022],[-53.67813986,-28.50155668],[-53.67840097,-28.50118745],[-53.67862506,-28.50090401],[-53.68011637,-28.50112171],[-53.68163153,-28.50134485],[-53.68321672,-28.50890945],[-53.66819044,-28.49977082]]]]},"geometry_name":"geo_area_imovel","properties":{"cod_imovel":"RS-4306106-305EDD10E1D34089937AC4122AA449D2","status_imovel":"AT","dat_criacao":"2016-06-07T19:06:21.859Z","area":59.5527,"condicao":"Aguardando análise","uf":"RS","municipio":"Cruz Alta","cod_municipio_ibge":4306106,"m_fiscal":2.9776,"tipo_imovel":"IRU"}},{"type":"Feature","id":"sicar_imoveis_rs.15102191","geometry":{"type":"MultiPolygon","coordinates":[[[[-53.63591445,-28.91454841],[-53.63693389,-28.91470285],[-53.63675368,-28.91587617],[-53.63663306,-28.91650896],[-53.63561778,-28.91637257],[-53.63565945,-28.91606896],[-53.63591445,-28.91454841]]]]},"geometry_name":"geo_area_imovel","properties":{"cod_imovel":"RS-4306106-30686C78811244E5900A6213E18C7EAD","status_imovel":"AT","dat_criacao":"2025-12-11T19:36:49.421Z","area":2.067,"condicao":"Aguardando análise","uf":"RS","municipio":"Cruz Alta","cod_municipio_ibge":4306106,"m_fiscal":0.1034,"tipo_imovel":"IRU"}},{"type":"Feature","id":"sicar_imoveis_rs.11992808","geometry":{"type":"MultiPolygon","coordinates":[[[[-53.58866633,-28.55687515],[-53.58888531,-28.55658855],[-53.58908816,-28.55628994],[-53.58928325,-28.55606083],[-53.58950741,-28.55582897],[-53.58992768,-28.55542401],[-53.59037284,-28.55498363],[-53.59080651,-28.5545514],[-53.59130148,-28.55403751],[-53.59162908,-28.55368361],[-53.59211102,-28.55323955],[-53.59275121,-28.5527106],[-53.59317659,-28.5523619],[-53.59395442,-28.55168506],[-53.59435292,-28.55127055],[-53.59491201,-28.55083366],[-53.5955749,-28.55039527],[-53.59596655,-28.55006352],[-53.59627272,-28.5498841],[-53.59923771,-28.55384875],[-53.60123769,-28.55535616],[-53.59702324,-28.55916981],[-53.59238011,-28.56337081],[-53.5886294,-28.56676407],[-53.58775732,-28.56755314],[-53.58564659,-28.56946238],[-53.58549106,-28.5696253],[-53.58540846,-28.56959503],[-53.58535669,-28.56974695],[-53.58518366,-28.56988421],[-53.58517158,-28.56965349],[-53.58483169,-28.56960738],[-53.58460175,-28.56955691],[-53.58445047,-28.56966841],[-53.58407813,-28.56969111],[-53.58396728,-28.56943322],[-53.583583,-28.56952354],[-53.58341268,-28.56945822],[-53.58341615,-28.56933267],[-53.58306485,-28.56922091],[-53.58315326,-28.56915896],[-53.58305409,-28.56907343],[-53.58294907,-28.56893668],[-53.58290802,-28.56860339],[-53.58297323,-28.56846168],[-53.58317222,-28.56833764],[-53.58300053,-28.56816571],[-53.58256648,-28.56786264],[-53.5824569,-28.56785706],[-53.58227017,-28.56770093],[-53.5822124,-28.56776248],[-53.58199553,-28.56771158],[-53.58199556,-28.56758708],[-53.58171753,-28.56730393],[-53.5817478,-28.56723364],[-53.58232996,-28.56588196],[-53.58063171,-28.56417041],[-53.58049421,-28.56339357],[-53.5801278,-28.56128435],[-53.58037723,-28.56124668],[-53.58071692,-28.56318644],[-53.58081859,-28.56308969],[-53.5811341,-28.56278614],[-53.58168003,-28.56371355],[-53.58478498,-28.5626419],[-53.58524029,-28.56223063],[-53.58489103,-28.5618231],[-53.58546704,-28.56044184],[-53.58527091,-28.55975314],[-53.584898,-28.55949383],[-53.58310872,-28.56063895],[-53.58277959,-28.56078875],[-53.58219982,-28.56090262],[-53.5821603,-28.56083929],[-53.58279461,-28.55920481],[-53.58355092,-28.55753494],[-53.58421415,-28.55697996],[-53.58585373,-28.55518333],[-53.58750404,-28.55467689],[-53.58866633,-28.55687515]]]]},"geometry_name":"geo_area_imovel","properties":{"cod_imovel":"RS-4306106-3073FC682D7B4EEBA1642412B6EB21A8","status_imovel":"AT","dat_criacao":"2023-08-29T06:48:29.776Z","area":189.7173,"condicao":"Aguardando análise","uf":"RS","municipio":"Cruz Alta","cod_municipio_ibge":4306106,"m_fiscal":9.4859,"tipo_imovel":"IRU"}},{"type":"Feature","id":"sicar_imoveis_rs.7124733","geometry":{"type":"MultiPolygon","coordinates":[[[[-53.39681625,-28.65965656],[-53.39690208,-28.65980719],[-53.39711666,-28.66042853],[-53.39722395,-28.66089925],[-53.39728832,-28.66131348],[-53.39741707,-28.66176536],[-53.3975029,-28.66242435],[-53.39795351,-28.6639306],[-53.39750058,-28.66425578],[-53.39689836,-28.66464916],[-53.39666605,-28.66485317],[-53.39643002,-28.6650791],[-53.39606524,-28.66539917],[-53.395679,-28.66568159],[-53.39509964,-28.66511676],[-53.39570045,-28.66455192],[-53.3963871,-28.66402474],[-53.39621544,-28.66362935],[-53.39615107,-28.66342224],[-53.39600086,-28.66310217],[-53.39589357,-28.66281974],[-53.39580774,-28.66251849],[-53.39572191,-28.66233021],[-53.39561462,-28.66180302],[-53.39555025,-28.66112519],[-53.39550734,-28.66046619],[-53.39565754,-28.66037205],[-53.39617252,-28.65997665],[-53.39675188,-28.65963773],[-53.39681625,-28.65965656]]]]},"geometry_name":"geo_area_imovel","properties":{"cod_imovel":"RS-4306106-30A85ADB237D47D3A57D77B38262F73F","status_imovel":"AT","dat_criacao":"2019-07-18T02:35:19.953Z","area":9.3737,"condicao":"Aguardando análise","uf":"RS","municipio":"Cruz Alta","cod_municipio_ibge":4306106,"m_fiscal":0.4687,"tipo_imovel":"IRU"}},{"type":"Feature","id":"sicar_imoveis_rs.10329155","geometry":{"type":"MultiPolygon","coordinates":[[[[-53.54538918,-28.71900684],[-53.55045319,-28.71881866],[-53.55347872,-28.71891275],[-53.55446577,-28.71863048],[-53.55425119,-28.71895038],[-53.5609743,-28.72600128],[-53.55828742,-28.72966073],[-53.55573177,-28.7283402],[-53.55364057,-28.73063088],[-53.55309501,-28.73037876],[-53.552037,-28.73202828],[-53.55139257,-28.73200236],[-53.55035991,-28.73200239],[-53.5495317,-28.73192435],[-53.5492919,-28.73248958],[-53.54865335,-28.73246425],[-53.54734601,-28.73238804],[-53.54662772,-28.73236255],[-53.54559462,-28.72906878],[-53.54442358,-28.72655262],[-53.54264259,-28.72386179],[-53.54045391,-28.71908211],[-53.54538918,-28.71900684]]]]},"geometry_name":"geo_area_imovel","properties":{"cod_imovel":"RS-4306106-30AC3CC1D1974C5F82487DE55DF90EB8","status_imovel":"AT","dat_criacao":"2022-05-03T17:00:24.230Z","area":193.1035,"condicao":"Aguardando análise","uf":"RS","municipio":"Cruz Alta","cod_municipio_ibge":4306106,"m_fiscal":9.6552,"tipo_imovel":"IRU"}},{"type":"Feature","id":"sicar_imoveis_rs.3114074","geometry":{"type":"MultiPolygon","coordinates":[[[[-53.62428904,-28.58408835],[-53.62411737,-28.58484204],[-53.62401009,-28.58523772],[-53.62385988,-28.58561456],[-53.62388134,-28.58646245],[-53.62654209,-28.58623635],[-53.6294923,-28.58590563],[-53.6312227,-28.58582489],[-53.6316061,-28.58585951],[-53.63192797,-28.58567109],[-53.63233566,-28.58531309],[-53.63267899,-28.58499277],[-53.63278627,-28.58459709],[-53.63265753,-28.58431445],[-53.63259315,-28.58418256],[-53.63242149,-28.58403182],[-53.63240004,-28.58386224],[-53.63218546,-28.58382455],[-53.63205671,-28.58369266],[-53.63186359,-28.58363613],[-53.63179922,-28.58350423],[-53.63173485,-28.58341002],[-53.63175631,-28.58337234],[-53.63164902,-28.58339118],[-53.63164902,-28.58329697],[-53.63156319,-28.58318391],[-53.63139153,-28.58305201],[-53.63141298,-28.58297664],[-53.63134861,-28.58303317],[-53.63124132,-28.58278822],[-53.63096237,-28.58273169],[-53.63085508,-28.58258095],[-53.63066196,-28.58241137],[-53.63044739,-28.58237368],[-53.63006115,-28.5822041],[-53.62971783,-28.58209104],[-53.6293658,-28.58219126],[-53.62847241,-28.58229026],[-53.62780809,-28.58235484],[-53.62787247,-28.58418256],[-53.62428904,-28.58408835]]]]},"geometry_name":"geo_area_imovel","properties":{"cod_imovel":"RS-4306106-30B6577548A9473E977556B8C12A833E","status_imovel":"AT","dat_criacao":"2016-05-21T16:52:20.235Z","area":25.3378,"condicao":"Aguardando análise","uf":"RS","municipio":"Cruz Alta","cod_municipio_ibge":4306106,"m_fiscal":1.2669,"tipo_imovel":"IRU"}},{"type":"Feature","id":"sicar_imoveis_rs.3185779","geometry":{"type":"MultiPolygon","coordinates":[[[[-53.65787029,-28.60362602],[-53.65952253,-28.60287246],[-53.66035938,-28.60422886],[-53.66130352,-28.60443609],[-53.66153955,-28.60567943],[-53.66254807,-28.60613155],[-53.66299868,-28.60696044],[-53.65879297,-28.60701695],[-53.6585784,-28.606546],[-53.65915775,-28.60571711],[-53.65787029,-28.60362602]]]]},"geometry_name":"geo_area_imovel","properties":{"cod_imovel":"RS-4306106-30B9AA7498224258889C365166E3DFE4","status_imovel":"AT","dat_criacao":"2016-05-26T06:47:59.059Z","area":11.6956,"condicao":"Aguardando análise","uf":"RS","municipio":"Cruz Alta","cod_municipio_ibge":4306106,"m_fiscal":0.5848,"tipo_imovel":"IRU"}},{"type":"Feature","id":"sicar_imoveis_rs.10531296","geometry":{"type":"MultiPolygon","coordinates":[[[[-53.7408032,-28.54647764],[-53.74219965,-28.54707555],[-53.74082078,-28.54902325],[-53.73957626,-28.55074445],[-53.73815818,-28.55274713],[-53.73728241,-28.55397832],[-53.73640987,-28.55518804],[-53.73615325,-28.55497677],[-53.73602693,-28.5547139],[-53.73597953,-28.55447011],[-53.73580967,-28.55434524],[-53.73563752,-28.55412661],[-53.73547917,-28.55397558],[-53.73536332,-28.55388237],[-53.7365695,-28.55196907],[-53.73695066,-28.5513431],[-53.73756522,-28.55074106],[-53.73778505,-28.55045138],[-53.7389406,-28.54892904],[-53.7408032,-28.54647764]]]]},"geometry_name":"geo_area_imovel","properties":{"cod_imovel":"RS-4306106-30DFDB1174C44CDDB8EFBE252E92C82B","status_imovel":"AT","dat_criacao":"2022-07-08T18:17:11.463Z","area":16.826,"condicao":"Aguardando análise","uf":"RS","municipio":"Cruz Alta","cod_municipio_ibge":4306106,"m_fiscal":0.8413,"tipo_imovel":"IRU"}},{"type":"Feature","id":"sicar_imoveis_rs.11042317","geometry":{"type":"MultiPolygon","coordinates":[[[[-53.63330029,-28.65199238],[-53.63271829,-28.65168016],[-53.63286156,-28.65127202],[-53.63256698,-28.65112046],[-53.63237319,-28.65152813],[-53.63224953,-28.65147258],[-53.63243797,-28.65105845],[-53.63079512,-28.65030958],[-53.63057332,-28.65022807],[-53.62953547,-28.65265339],[-53.63078009,-28.65265174],[-53.63172776,-28.65739862],[-53.63250489,-28.65731321],[-53.63330635,-28.65951031],[-53.63349902,-28.65934379],[-53.63360257,-28.65922664],[-53.63365594,-28.65898481],[-53.63390635,-28.6588332],[-53.63410351,-28.65875288],[-53.63314581,-28.65472008],[-53.63330029,-28.65199238]]]]},"geometry_name":"geo_area_imovel","properties":{"cod_imovel":"RS-4306106-3155B0C78C4B4CC4B2CDB98973D024F1","status_imovel":"AT","dat_criacao":"2022-11-29T01:25:01.278Z","area":19.2211,"condicao":"Aguardando análise","uf":"RS","municipio":"Cruz Alta","cod_municipio_ibge":4306106,"m_fiscal":0.9611,"tipo_imovel":"IRU"}},{"type":"Feature","id":"sicar_imoveis_rs.3356757","geometry":{"type":"MultiPolygon","coordinates":[[[[-53.50128522,-28.63013623],[-53.50200031,-28.62731732],[-53.50259908,-28.62511961],[-53.51298967,-28.62577928],[-53.51284982,-28.62582774],[-53.51268733,-28.62586413],[-53.51256792,-28.62589614],[-53.5128043,-28.62595889],[-53.5126749,-28.62607691],[-53.51280014,-28.6261813],[-53.51267041,-28.62623775],[-53.51259603,-28.62635411],[-53.51245853,-28.62649296],[-53.51250751,-28.62656321],[-53.51243153,-28.62681913],[-53.51247131,-28.62684236],[-53.51245862,-28.62714998],[-53.51238217,-28.62725937],[-53.51238604,-28.62753043],[-53.51222303,-28.62759903],[-53.51240089,-28.62778744],[-53.51246293,-28.62811208],[-53.51224389,-28.62813404],[-53.51228591,-28.62827834],[-53.51219704,-28.62838383],[-53.51204388,-28.62839427],[-53.51210295,-28.62873449],[-53.51219914,-28.62876481],[-53.51216596,-28.62892076],[-53.51205776,-28.62906424],[-53.51211898,-28.62920994],[-53.51227609,-28.62934581],[-53.5122213,-28.62951063],[-53.51211286,-28.62962239],[-53.51222655,-28.62979985],[-53.51241881,-28.62995209],[-53.51227402,-28.63023287],[-53.51228289,-28.63058727],[-53.51250488,-28.63075048],[-53.51219641,-28.63093897],[-53.51227481,-28.63110934],[-53.51230755,-28.63126583],[-53.51203417,-28.63139468],[-53.5118781,-28.63150853],[-53.51183986,-28.63166953],[-53.51181759,-28.63174152],[-53.51199405,-28.63183298],[-53.51211921,-28.63202617],[-53.51206099,-28.63205008],[-53.5118496,-28.63208024],[-53.51180996,-28.63233616],[-53.51195163,-28.63248228],[-53.51214536,-28.63256434],[-53.51213742,-28.63269363],[-53.51225266,-28.63275076],[-53.51218819,-28.63280414],[-53.51228102,-28.63285032],[-53.51216496,-28.63294048],[-53.51220307,-28.63311037],[-53.51234673,-28.63323216],[-53.51220339,-28.63328724],[-53.51218101,-28.63340173],[-53.51223075,-28.63351006],[-53.51235909,-28.63345464],[-53.51228473,-28.633569],[-53.51242359,-28.63364123],[-53.51224624,-28.63367001],[-53.51238486,-28.63375611],[-53.51227752,-28.63383696],[-53.51244369,-28.63403977],[-53.51228617,-28.63407502],[-53.51219577,-28.63414179],[-53.5122624,-28.63421273],[-53.5125575,-28.63433335],[-53.51249078,-28.63439107],[-53.51238806,-28.63430491],[-53.51224648,-28.63437448],[-53.51198096,-28.63447939],[-53.51204154,-28.63471838],[-53.51191811,-28.63481],[-53.5119689,-28.634942],[-53.51228981,-28.63487051],[-53.51229843,-28.63497652],[-53.51216182,-28.63499174],[-53.51214575,-28.63510628],[-53.51200305,-28.63518392],[-53.51195688,-28.6352819],[-53.51222626,-28.63534642],[-53.51223825,-28.63555172],[-53.51193629,-28.63581284],[-53.51198056,-28.63594618],[-53.51183892,-28.63605211],[-53.51190695,-28.63635507],[-53.51181146,-28.63635004],[-53.51176538,-28.63636654],[-53.51165178,-28.63635624],[-53.50420504,-28.63604022],[-53.50282088,-28.63601616],[-53.49660542,-28.63538257],[-53.49474607,-28.63196837],[-53.50378877,-28.6331614],[-53.50128522,-28.63013623]]]]},"geometry_name":"geo_area_imovel","properties":{"cod_imovel":"RS-4306106-3160CB0B549841C4BF5F020ECE71D809","status_imovel":"AT","dat_criacao":"2016-06-07T20:40:30.558Z","area":139.4415,"condicao":"Aguardando análise","uf":"RS","municipio":"Cruz Alta","cod_municipio_ibge":4306106,"m_fiscal":6.9721,"tipo_imovel":"IRU"}},{"type":"Feature","id":"sicar_imoveis_rs.3342087","geometry":{"type":"MultiPolygon","coordinates":[[[[-53.66044521,-28.65331107],[-53.66173267,-28.65274617],[-53.66302013,-28.65259553],[-53.66658211,-28.65673806],[-53.66490841,-28.65816907],[-53.66044521,-28.65331107]]]]},"geometry_name":"geo_area_imovel","properties":{"cod_imovel":"RS-4306106-316407F6540743F096081AACD4EBB99B","status_imovel":"AT","dat_criacao":"2016-06-07T01:18:18.243Z","area":15.3266,"condicao":"Aguardando análise","uf":"RS","municipio":"Cruz Alta","cod_municipio_ibge":4306106,"m_fiscal":0.7663,"tipo_imovel":"IRU"}},{"type":"Feature","id":"sicar_imoveis_rs.11693783","geometry":{"type":"MultiPolygon","coordinates":[[[[-53.54381374,-28.57395053],[-53.54443543,-28.57307492],[-53.54579911,-28.57104585],[-53.54491425,-28.56975502],[-53.54126725,-28.56478035],[-53.54059918,-28.56385815],[-53.53884881,-28.56144353],[-53.53781605,-28.56004284],[-53.53807735,-28.5560625],[-53.53817851,-28.5546066],[-53.53821797,-28.55384818],[-53.53874431,-28.55324503],[-53.53962597,-28.55212691],[-53.53990979,-28.55171158],[-53.5406502,-28.55090769],[-53.54107263,-28.55027055],[-53.54123851,-28.54967932],[-53.5417213,-28.54879452],[-53.54197858,-28.54808603],[-53.54226753,-28.54731086],[-53.54265733,-28.54679589],[-53.54302578,-28.54646193],[-53.54341056,-28.54619006],[-53.54401691,-28.54593635],[-53.54475156,-28.54551932],[-53.54396255,-28.54492561],[-53.54341691,-28.54450397],[-53.54273616,-28.54425841],[-53.54226725,-28.54426298],[-53.54159359,-28.54412131],[-53.54083608,-28.54377662],[-53.54031572,-28.54343277],[-53.53984147,-28.54411856],[-53.53776064,-28.54690082],[-53.53530468,-28.55009672],[-53.53118284,-28.55551776],[-53.53023217,-28.55674376],[-53.53258587,-28.55803268],[-53.53529867,-28.55956839],[-53.53546528,-28.55966729],[-53.53536496,-28.56074428],[-53.53522367,-28.56170269],[-53.5351346,-28.56192869],[-53.53498777,-28.56247799],[-53.53500568,-28.56276041],[-53.53555694,-28.56338479],[-53.53573663,-28.56355919],[-53.5357595,-28.5636774],[-53.53584514,-28.56367553],[-53.53589113,-28.56381434],[-53.53622188,-28.5640847],[-53.53658666,-28.56451361],[-53.53570852,-28.56564812],[-53.53417212,-28.56757762],[-53.53250151,-28.56965135],[-53.53151907,-28.5708059],[-53.53381583,-28.57331751],[-53.53752911,-28.57721491],[-53.53778703,-28.57734495],[-53.53891897,-28.57815345],[-53.54027531,-28.57911911],[-53.54103927,-28.57802654],[-53.54260226,-28.57915222],[-53.54308438,-28.57892959],[-53.54377127,-28.57860362],[-53.54404299,-28.57848879],[-53.54424675,-28.57840722],[-53.54448457,-28.57813155],[-53.54478342,-28.57768518],[-53.54518913,-28.57707783],[-53.54537571,-28.57679534],[-53.54565886,-28.57645752],[-53.54597768,-28.57614415],[-53.54661236,-28.57560188],[-53.54820091,-28.5745649],[-53.54726182,-28.57608602],[-53.54775121,-28.57817589],[-53.54817137,-28.57822372],[-53.54860217,-28.57830453],[-53.54885655,-28.57839293],[-53.54934742,-28.57874924],[-53.54984115,-28.57918974],[-53.55026884,-28.57950137],[-53.5508151,-28.57977262],[-53.55071933,-28.58025006],[-53.55066483,-28.58060714],[-53.5505902,-28.58068086],[-53.55055129,-28.58086892],[-53.55059688,-28.58088625],[-53.55058159,-28.58102989],[-53.55054381,-28.58111057],[-53.55064441,-28.58149148],[-53.55083563,-28.58279161],[-53.55093588,-28.58288498],[-53.55116377,-28.58312217],[-53.55139188,-28.58337312],[-53.55118803,-28.58480764],[-53.5517119,-28.5849694],[-53.55204351,-28.58504148],[-53.5528123,-28.58525881],[-53.55319438,-28.5852381],[-53.55330567,-28.58499438],[-53.55346826,-28.58481959],[-53.55391985,-28.58484611],[-53.55426237,-28.58493306],[-53.55445572,-28.58478523],[-53.55472439,-28.58474813],[-53.55495702,-28.58478837],[-53.55518971,-28.58466296],[-53.55514277,-28.58415479],[-53.55483403,-28.58317224],[-53.55515408,-28.58195215],[-53.5552716,-28.5809226],[-53.55537094,-28.58076633],[-53.55461342,-28.57928354],[-53.55429292,-28.57792914],[-53.55423648,-28.57672671],[-53.55200104,-28.57436323],[-53.55064291,-28.57379204],[-53.54968737,-28.57414719],[-53.54883921,-28.57438758],[-53.54381374,-28.57395053]]]]},"geometry_name":"geo_area_imovel","properties":{"cod_imovel":"RS-4306106-31B03865CE134BD8B623F5E5FFEA2220","status_imovel":"AT","dat_criacao":"2023-06-20T00:57:57.101Z","area":323.4777,"condicao":"Aguardando análise","uf":"RS","municipio":"Cruz Alta","cod_municipio_ibge":4306106,"m_fiscal":16.1739,"tipo_imovel":"IRU"}},{"type":"Feature","id":"sicar_imoveis_rs.3032872","geometry":{"type":"MultiPolygon","coordinates":[[[[-53.63158464,-28.66144528],[-53.63197088,-28.66116285],[-53.63651991,-28.66566276],[-53.63435268,-28.66745138],[-53.62956762,-28.66310217],[-53.62986803,-28.66274443],[-53.63061905,-28.66255615],[-53.63121986,-28.66202896],[-53.63139153,-28.66165239],[-53.63158464,-28.66144528]]]]},"geometry_name":"geo_area_imovel","properties":{"cod_imovel":"RS-4306106-31EEDE512A054838A3DC64AFDD5D578D","status_imovel":"AT","dat_criacao":"2016-05-19T08:01:20.993Z","area":20.136,"condicao":"Aguardando análise","uf":"RS","municipio":"Cruz Alta","cod_municipio_ibge":4306106,"m_fiscal":1.0068,"tipo_imovel":"IRU"}},{"type":"Feature","id":"sicar_imoveis_rs.1393985","geometry":{"type":"MultiPolygon","coordinates":[[[[-53.31368923,-28.72194242],[-53.31459045,-28.72214941],[-53.31467628,-28.72371126],[-53.31469774,-28.72374889],[-53.31459661,-28.72378061],[-53.31473778,-28.72387048],[-53.31497538,-28.72400417],[-53.31587791,-28.72457685],[-53.31667185,-28.71972192],[-53.31737995,-28.7197972],[-53.31645727,-28.7256306],[-53.31628561,-28.72692896],[-53.31594852,-28.72691505],[-53.3157595,-28.72684333],[-53.31564054,-28.72680193],[-53.31546105,-28.72675837],[-53.31527726,-28.72675796],[-53.31504467,-28.72675654],[-53.31478701,-28.72675541],[-53.31460354,-28.72672285],[-53.31450462,-28.72664671],[-53.31444025,-28.72662789],[-53.3143115,-28.72664671],[-53.31418462,-28.72665743],[-53.31407547,-28.72662789],[-53.31399841,-28.72660238],[-53.31379913,-28.72657136],[-53.31343915,-28.726575],[-53.3132657,-28.72657675],[-53.31299359,-28.72657949],[-53.31283092,-28.72657144],[-53.31274509,-28.72655262],[-53.31268072,-28.72655262],[-53.31242323,-28.72649617],[-53.31231594,-28.72645854],[-53.31223011,-28.72645854],[-53.31216574,-28.72640209],[-53.31212282,-28.72636445],[-53.31205845,-28.72634564],[-53.31201553,-28.72628919],[-53.31188679,-28.72623274],[-53.31188679,-28.72613865],[-53.31182241,-28.7260822],[-53.31175804,-28.72595048],[-53.3116293,-28.72581877],[-53.31160784,-28.72566823],[-53.31150055,-28.72555533],[-53.31143618,-28.72536716],[-53.31126451,-28.72519781],[-53.31113577,-28.72502846],[-53.31098557,-28.72489674],[-53.31089973,-28.72476502],[-53.31092119,-28.72465211],[-53.31089973,-28.72467093],[-53.31083536,-28.7246333],[-53.31368923,-28.72194242]]]]},"geometry_name":"geo_area_imovel","properties":{"cod_imovel":"RS-4306106-32846705890C4141BC9EBF29C808DAAD","status_imovel":"AT","dat_criacao":"2015-08-11T17:29:03.625Z","area":22.1004,"condicao":"Aguardando análise","uf":"RS","municipio":"Cruz Alta","cod_municipio_ibge":4306106,"m_fiscal":1.105,"tipo_imovel":"IRU"}},{"type":"Feature","id":"sicar_imoveis_rs.14640123","geometry":{"type":"MultiPolygon","coordinates":[[[[-53.74469845,-28.76511593],[-53.74474472,-28.76541602],[-53.74470378,-28.76540222],[-53.74466285,-28.76538843],[-53.74446134,-28.76536362],[-53.74427556,-28.76549891],[-53.74425914,-28.76568399],[-53.74406022,-28.7658054],[-53.74402234,-28.7658577],[-53.74393402,-28.76602531],[-53.74359864,-28.76636748],[-53.74349864,-28.76660155],[-53.74352994,-28.7667879],[-53.7432111,-28.76706199],[-53.74326441,-28.76730014],[-53.74309367,-28.76756825],[-53.74314196,-28.76798264],[-53.74286688,-28.7681397],[-53.74287358,-28.76834218],[-53.74281741,-28.76868189],[-53.74293294,-28.76884718],[-53.74296385,-28.76907533],[-53.74278828,-28.76936991],[-53.74310402,-28.76963594],[-53.74326798,-28.7697986],[-53.7433639,-28.77003447],[-53.74327982,-28.77039666],[-53.74342557,-28.77045919],[-53.74360537,-28.77067927],[-53.74365217,-28.77094939],[-53.74339999,-28.77110549],[-53.74334652,-28.77135855],[-53.74340868,-28.77162139],[-53.74338978,-28.77186276],[-53.74326783,-28.77182436],[-53.7429993,-28.77191485],[-53.74264938,-28.77214229],[-53.74260662,-28.77229527],[-53.74238981,-28.77236569],[-53.74201273,-28.77273514],[-53.74176343,-28.77313261],[-53.74161137,-28.77344813],[-53.74133736,-28.77355396],[-53.74148695,-28.77375859],[-53.7410998,-28.77400099],[-53.74089636,-28.77431984],[-53.7408717,-28.77469211],[-53.74066665,-28.77480911],[-53.74076002,-28.77536111],[-53.74060127,-28.77571803],[-53.74028668,-28.77598021],[-53.74019402,-28.77634808],[-53.74022898,-28.77659782],[-53.74025401,-28.77694354],[-53.73979786,-28.77746326],[-53.73996107,-28.77784967],[-53.73963498,-28.77814004],[-53.73940589,-28.77815092],[-53.73940909,-28.7783822],[-53.73922319,-28.77853888],[-53.73906772,-28.77862893],[-53.73891644,-28.7789726],[-53.73836284,-28.7792868],[-53.73814457,-28.77905028],[-53.73760252,-28.77917376],[-53.73739995,-28.77901821],[-53.7371154,-28.77907654],[-53.73669807,-28.77967273],[-53.73644335,-28.77984201],[-53.73625554,-28.780009],[-53.73613809,-28.78024903],[-53.73624342,-28.7803937],[-53.7361575,-28.78073284],[-53.73598857,-28.78085131],[-53.73596092,-28.7811262],[-53.73580404,-28.78107777],[-53.73544031,-28.78114939],[-53.73538446,-28.78139698],[-53.73519577,-28.78154634],[-53.73509157,-28.78185186],[-53.73489053,-28.78224449],[-53.73471635,-28.78266724],[-53.73464183,-28.78312887],[-53.73432017,-28.78338619],[-53.73441401,-28.7837658],[-53.73429016,-28.78390065],[-53.73443884,-28.78412639],[-53.73476713,-28.78451219],[-53.73470379,-28.7847745],[-53.73486438,-28.78493928],[-53.73485096,-28.78512524],[-53.73503727,-28.78554746],[-53.73490205,-28.78593321],[-53.73501169,-28.78616427],[-53.73483873,-28.78643507],[-53.73485108,-28.78682406],[-53.73471273,-28.78691509],[-53.73470656,-28.78728236],[-53.73450622,-28.78751775],[-53.73454015,-28.78772916],[-53.73452932,-28.78804193],[-53.73457695,-28.7886595],[-53.73461628,-28.78880432],[-53.73473217,-28.78935458],[-53.73462231,-28.7895077],[-53.7346247,-28.78966294],[-53.73454205,-28.78989357],[-53.73465837,-28.7901585],[-53.73441225,-28.79057967],[-53.7343101,-28.79095608],[-53.73418456,-28.79121122],[-53.73410547,-28.79123776],[-53.73399323,-28.79143688],[-53.73420596,-28.79153289],[-53.73411494,-28.79197013],[-53.73424957,-28.79218177],[-53.73422258,-28.79253919],[-53.73405097,-28.79301767],[-53.73389293,-28.79311633],[-53.73377126,-28.79329766],[-53.73364053,-28.79360133],[-53.73337621,-28.79386708],[-53.73351918,-28.79404029],[-53.73355261,-28.79422401],[-53.73339149,-28.79445305],[-53.733568,-28.79492983],[-53.73369556,-28.79529439],[-53.73362866,-28.7955179],[-53.73365894,-28.79566979],[-53.73346153,-28.79599726],[-53.73351901,-28.79638151],[-53.73340991,-28.79662693],[-53.73336738,-28.79691721],[-53.73339173,-28.7971116],[-53.73317024,-28.79730307],[-53.73318583,-28.79752249],[-53.73309798,-28.79769542],[-53.7333386,-28.79808584],[-53.73349312,-28.79847865],[-53.73333259,-28.79860449],[-53.73344592,-28.79887839],[-53.73328384,-28.79916647],[-53.73312958,-28.79926174],[-53.73300355,-28.79988702],[-53.73301053,-28.80023792],[-53.73285621,-28.80067907],[-53.73293718,-28.80107838],[-53.73349827,-28.80156199],[-53.73352564,-28.80193235],[-53.73365352,-28.80207827],[-53.73322371,-28.80234446],[-53.73320435,-28.80286084],[-53.73333305,-28.80345807],[-53.73354078,-28.80368734],[-53.73351686,-28.80406397],[-53.73415125,-28.80497268],[-53.73408219,-28.80530608],[-53.73416515,-28.80552699],[-53.7340253,-28.80572287],[-53.73402944,-28.80708163],[-53.73404898,-28.80750453],[-53.73394894,-28.80794253],[-53.73421328,-28.80805653],[-53.73432111,-28.8085158],[-53.73410973,-28.80873147],[-53.73419247,-28.80903002],[-53.73416732,-28.80930244],[-53.73451369,-28.80958302],[-53.7346389,-28.80998373],[-53.73454162,-28.81087737],[-53.73463611,-28.81108377],[-53.7346121,-28.81129946],[-53.73481828,-28.8114175],[-53.73498187,-28.81166994],[-53.73498454,-28.81210108],[-53.73507875,-28.81238259],[-53.73530422,-28.81282123],[-53.73552102,-28.81280078],[-53.73602406,-28.81310908],[-53.73589111,-28.81326664],[-53.73595395,-28.81354543],[-53.73591966,-28.81391346],[-53.73596647,-28.81428284],[-53.73573829,-28.81470197],[-53.73535418,-28.81491823],[-53.73543584,-28.81512019],[-53.7355405,-28.81548044],[-53.73521735,-28.81586519],[-53.73525224,-28.81625287],[-53.73501511,-28.81654319],[-53.73511582,-28.81714346],[-53.73508934,-28.81766774],[-53.73502728,-28.81822434],[-53.73481127,-28.81864979],[-53.73481118,-28.81876042],[-53.73449654,-28.81896923],[-53.73454048,-28.81912658],[-53.73435763,-28.81948277],[-53.73455414,-28.820039],[-53.73430679,-28.82043466],[-53.73441788,-28.820496],[-53.73417185,-28.82082209],[-53.73422522,-28.82100656],[-53.73385759,-28.82176229],[-53.73395125,-28.82207449],[-53.73385755,-28.82231631],[-53.73357279,-28.82262082],[-53.73360776,-28.82288691],[-53.73376179,-28.8230297],[-53.73380862,-28.82327666],[-53.73371617,-28.82348445],[-53.73385938,-28.82364404],[-53.7335832,-28.8238096],[-53.73363875,-28.8241004],[-53.73358316,-28.82424047],[-53.73321042,-28.82444791],[-53.73305854,-28.82493331],[-53.73297648,-28.82510219],[-53.73312002,-28.82528336],[-53.73295673,-28.82560785],[-53.73282796,-28.82560251],[-53.73265607,-28.82572035],[-53.73251281,-28.82579718],[-53.7321799,-28.82607429],[-53.73201617,-28.82681095],[-53.73226128,-28.82703639],[-53.7322293,-28.82740775],[-53.73207197,-28.82753727],[-53.73206935,-28.82778387],[-53.73192281,-28.82808165],[-53.7319109,-28.82829535],[-53.7318172,-28.82845157],[-53.73176523,-28.8289183],[-53.73183784,-28.82917626],[-53.7319824,-28.82928291],[-53.73159876,-28.82959385],[-53.73135458,-28.82991392],[-53.73106689,-28.83022754],[-53.73087037,-28.83031897],[-53.730743,-28.83062527],[-53.73060982,-28.83081297],[-53.73046688,-28.83138759],[-53.73015592,-28.83181122],[-53.72971986,-28.83201368],[-53.7294259,-28.83225394],[-53.72907061,-28.83276422],[-53.72918578,-28.83309212],[-53.72935835,-28.83330621],[-53.72936954,-28.8334845],[-53.72948393,-28.83362866],[-53.72955806,-28.83401824],[-53.72958932,-28.83432193],[-53.72948459,-28.8347013],[-53.72936704,-28.83472416],[-53.72921491,-28.83485458],[-53.72933307,-28.83521082],[-53.72918444,-28.83546906],[-53.72926756,-28.83623035],[-53.72916153,-28.83641401],[-53.72904309,-28.83674848],[-53.72930729,-28.83723072],[-53.72929368,-28.83752398],[-53.72935121,-28.83794543],[-53.72956624,-28.83829431],[-53.72950513,-28.83851914],[-53.72957171,-28.8387776],[-53.72957335,-28.83914702],[-53.72946285,-28.83947323],[-53.72944402,-28.84022292],[-53.72904846,-28.84094263],[-53.72886801,-28.84161169],[-53.72899842,-28.84209937],[-53.72892062,-28.84278867],[-53.72879611,-28.84329091],[-53.72872532,-28.84382741],[-53.7288258,-28.84426802],[-53.72871997,-28.84477605],[-53.72864882,-28.84547925],[-53.72877477,-28.84613641],[-53.72201271,-28.84877164],[-53.72193911,-28.84887474],[-53.72133175,-28.84825335],[-53.72063805,-28.84764976],[-53.71809578,-28.84572747],[-53.71778397,-28.84545689],[-53.71761283,-28.84531357],[-53.71716099,-28.84480607],[-53.71670035,-28.84412604],[-53.7164192,-28.84352945],[-53.71622455,-28.84294322],[-53.71612529,-28.84240465],[-53.71608451,-28.84173829],[-53.71611508,-28.84051758],[-53.71614552,-28.83938974],[-53.71615857,-28.83872544],[-53.71613997,-28.83828627],[-53.71606229,-28.83762563],[-53.71589001,-28.83688406],[-53.71565464,-28.8362211],[-53.71518994,-28.83514083],[-53.71474836,-28.83413235],[-53.71450512,-28.83356966],[-53.71429412,-28.83309732],[-53.71397307,-28.83234578],[-53.71366396,-28.83163438],[-53.71347496,-28.83119439],[-53.71316188,-28.83047402],[-53.71302043,-28.83013801],[-53.71276519,-28.82954168],[-53.71247584,-28.82887836],[-53.71219593,-28.82823457],[-53.71196685,-28.8277064],[-53.71160596,-28.82686345],[-53.71146088,-28.8265331],[-53.71101437,-28.82553967],[-53.71052921,-28.82439271],[-53.71033917,-28.82395717],[-53.70985847,-28.82283507],[-53.70945547,-28.82188918],[-53.70933889,-28.82162577],[-53.70906043,-28.82105465],[-53.7088397,-28.82068276],[-53.70846524,-28.82010292],[-53.70814636,-28.81965281],[-53.70738088,-28.81856725],[-53.70684201,-28.81781313],[-53.7061468,-28.81683506],[-53.70583018,-28.81639021],[-53.70511717,-28.81537871],[-53.70457282,-28.81461315],[-53.70421817,-28.81410427],[-53.70383002,-28.81355771],[-53.70344235,-28.81301455],[-53.70330609,-28.81283037],[-53.70244887,-28.81161443],[-53.70207589,-28.81108045],[-53.70150962,-28.8102954],[-53.70121238,-28.80987263],[-53.70082725,-28.80932931],[-53.70051453,-28.80888463],[-53.70034971,-28.80865357],[-53.70005566,-28.80814749],[-53.69985144,-28.8077356],[-53.69974811,-28.80749801],[-53.69960314,-28.8070903],[-53.69946757,-28.80667097],[-53.69930836,-28.80589262],[-53.6991308,-28.80510255],[-53.69905917,-28.80475545],[-53.69896295,-28.80444869],[-53.6987508,-28.80390342],[-53.69856623,-28.80356478],[-53.69835378,-28.80323813],[-53.69814703,-28.80296085],[-53.69766828,-28.80246423],[-53.69741243,-28.80219889],[-53.69675335,-28.80152575],[-53.69618982,-28.80094925],[-53.69562188,-28.80036264],[-53.6950264,-28.79975314],[-53.69457068,-28.79928565],[-53.69399624,-28.79869852],[-53.69363773,-28.79833728],[-53.69229443,-28.79696098],[-53.6915516,-28.79618921],[-53.69114855,-28.79575697],[-53.68999466,-28.79452967],[-53.69044126,-28.79365148],[-53.69065068,-28.7929838],[-53.69073659,-28.79211226],[-53.69075282,-28.79141164],[-53.69077434,-28.79056533],[-53.69072698,-28.789884],[-53.69067381,-28.78904393],[-53.69064686,-28.78867277],[-53.69063612,-28.78848587],[-53.74469845,-28.76511593]]]]},"geometry_name":"geo_area_imovel","properties":{"cod_imovel":"RS-4306106-328A9F80868D4086B1EFFA22EBE6911A","status_imovel":"AT","dat_criacao":"2025-08-28T02:17:48.220Z","area":2274.4638,"condicao":"Aguardando análise","uf":"RS","municipio":"Cruz Alta","cod_municipio_ibge":4306106,"m_fiscal":113.7232,"tipo_imovel":"IRU"}},{"type":"Feature","id":"sicar_imoveis_rs.2675193","geometry":{"type":"MultiPolygon","coordinates":[[[[-53.5818829,-28.92655507],[-53.58235148,-28.92913781],[-53.57042922,-28.93292358],[-53.56986967,-28.93254845],[-53.56961988,-28.93225346],[-53.5694648,-28.93196938],[-53.56935935,-28.93144397],[-53.56981273,-28.93094476],[-53.57038065,-28.93056054],[-53.56948634,-28.92880965],[-53.56942239,-28.92849957],[-53.5818829,-28.92655507]]]]},"geometry_name":"geo_area_imovel","properties":{"cod_imovel":"RS-4306106-328F72A645F14A40906750932CD672D9","status_imovel":"AT","dat_criacao":"2016-04-26T01:58:15.633Z","area":49.111,"condicao":"Aguardando análise","uf":"RS","municipio":"Cruz Alta","cod_municipio_ibge":4306106,"m_fiscal":2.4556,"tipo_imovel":"IRU"}},{"type":"Feature","id":"sicar_imoveis_rs.10308607","geometry":{"type":"MultiPolygon","coordinates":[[[[-53.54108107,-28.62943367],[-53.54128545,-28.62958148],[-53.54130341,-28.629601],[-53.5421909,-28.62956061],[-53.54223193,-28.6300112],[-53.543257,-28.63002482],[-53.54549845,-28.63005461],[-53.5456187,-28.6300562],[-53.54614628,-28.62776788],[-53.5457647,-28.62782957],[-53.54363886,-28.62817324],[-53.54374804,-28.62882904],[-53.54438496,-28.62925265],[-53.54108107,-28.62943367]]]]},"geometry_name":"geo_area_imovel","properties":{"cod_imovel":"RS-4306106-32AE2E9B4B5443479F1971858CFF0562","status_imovel":"AT","dat_criacao":"2022-04-26T23:24:40.302Z","area":6.0035,"condicao":"Aguardando análise","uf":"RS","municipio":"Cruz Alta","cod_municipio_ibge":4306106,"m_fiscal":0.3002,"tipo_imovel":"IRU"}},{"type":"Feature","id":"sicar_imoveis_rs.12494463","geometry":{"type":"MultiPolygon","coordinates":[[[[-53.54050474,-28.62905525],[-53.54102781,-28.62948088],[-53.54122194,-28.62961085],[-53.54219679,-28.62956045],[-53.54223213,-28.63000805],[-53.54089467,-28.6300066],[-53.53968532,-28.6302175],[-53.53953857,-28.62993887],[-53.53937132,-28.62960371],[-53.5388427,-28.62846058],[-53.53950833,-28.62841023],[-53.54050474,-28.62905525]]]]},"geometry_name":"geo_area_imovel","properties":{"cod_imovel":"RS-4306106-32D3B0A378634B5DA752F0C24D9FF563","status_imovel":"AT","dat_criacao":"2024-01-25T07:44:48.884Z","area":3.0297,"condicao":"Aguardando análise","uf":"RS","municipio":"Cruz Alta","cod_municipio_ibge":4306106,"m_fiscal":0.1515,"tipo_imovel":"IRU"}},{"type":"Feature","id":"sicar_imoveis_rs.3390128","geometry":{"type":"MultiPolygon","coordinates":[[[[-53.66020042,-28.5392021],[-53.65810675,-28.5399199],[-53.65381003,-28.53983591],[-53.65317772,-28.54293144],[-53.65674706,-28.5436091],[-53.66186816,-28.54317986],[-53.66020042,-28.5392021]]]]},"geometry_name":"geo_area_imovel","properties":{"cod_imovel":"RS-4306106-32F8726E61704F37877BC3E39C0DEFCE","status_imovel":"AT","dat_criacao":"2016-06-14T12:42:29.016Z","area":30.0038,"condicao":"Aguardando análise","uf":"RS","municipio":"Cruz Alta","cod_municipio_ibge":4306106,"m_fiscal":1.5002,"tipo_imovel":"IRU"}},{"type":"Feature","id":"sicar_imoveis_rs.3475157","geometry":{"type":"MultiPolygon","coordinates":[[[[-53.67102154,-28.76934192],[-53.67477869,-28.76627965],[-53.67740451,-28.76205464],[-53.67960647,-28.76337025],[-53.68088824,-28.76096087],[-53.68134849,-28.75839516],[-53.68172111,-28.75809518],[-53.68167379,-28.75770391],[-53.68159229,-28.75739609],[-53.68156583,-28.75709398],[-53.6816485,-28.75651313],[-53.68167123,-28.75607981],[-53.68167025,-28.75562842],[-53.6816617,-28.75523737],[-53.6816742,-28.75481112],[-53.68164759,-28.75467884],[-53.68200256,-28.75409251],[-53.68208814,-28.75395661],[-53.68306396,-28.75200177],[-53.68316382,-28.75165454],[-53.68349778,-28.75138549],[-53.68350311,-28.75136118],[-53.68373971,-28.75075738],[-53.68385789,-28.75029165],[-53.68397519,-28.74989832],[-53.6841004,-28.7496363],[-53.6843401,-28.74939427],[-53.68468247,-28.74904788],[-53.68493342,-28.74883277],[-53.68542501,-28.74858874],[-53.68566633,-28.74810386],[-53.68576551,-28.74755767],[-53.68612952,-28.74716134],[-53.68654492,-28.74681461],[-53.68687737,-28.74630821],[-53.68721438,-28.7460351],[-53.68767794,-28.74572702],[-53.6881772,-28.74543629],[-53.68871368,-28.74473097],[-53.68888825,-28.74433405],[-53.68901315,-28.74385609],[-53.68899289,-28.74360032],[-53.689057,-28.74327204],[-53.68917741,-28.74311251],[-53.6893876,-28.74278668],[-53.68946013,-28.74252145],[-53.68954627,-28.74244943],[-53.6898587,-28.74241939],[-53.69028506,-28.7422934],[-53.69075572,-28.7422397],[-53.69101137,-28.74219387],[-53.69150025,-28.74217708],[-53.69227225,-28.74215164],[-53.6926927,-28.74232153],[-53.69324172,-28.74226786],[-53.69349015,-28.74238444],[-53.69406726,-28.74276112],[-53.69444441,-28.74313392],[-53.69468039,-28.74319435],[-53.69515082,-28.74375516],[-53.69542395,-28.74413343],[-53.6957226,-28.74433503],[-53.69597986,-28.74439784],[-53.69631882,-28.74459072],[-53.69702657,-28.74471636],[-53.69721611,-28.74493192],[-53.69784085,-28.74512553],[-53.69852334,-28.74543734],[-53.69902518,-28.74597988],[-53.69927663,-28.74641672],[-53.6995831,-28.74679843],[-53.69997015,-28.74708097],[-53.70087322,-28.74736585],[-53.70225465,-28.74760689],[-53.70216319,-28.74813665],[-53.70191225,-28.74886486],[-53.70174304,-28.74974766],[-53.70131902,-28.75055312],[-53.70094947,-28.75104508],[-53.70068777,-28.75174286],[-53.70060579,-28.75214734],[-53.70033269,-28.75250566],[-53.69969876,-28.7528961],[-53.69942805,-28.7532998],[-53.69925932,-28.75396425],[-53.69924263,-28.7544713],[-53.69934211,-28.75461946],[-53.6993306,-28.7548321],[-53.69935388,-28.75507079],[-53.69933068,-28.75540742],[-53.69942783,-28.75561999],[-53.69935608,-28.75593209],[-53.69936873,-28.75612272],[-53.69938596,-28.75645965],[-53.69933232,-28.75667626],[-53.69919491,-28.75707883],[-53.69910145,-28.75735003],[-53.69905882,-28.7576243],[-53.6989353,-28.75805893],[-53.69885193,-28.75852855],[-53.69880066,-28.75887996],[-53.69855821,-28.75949791],[-53.69840863,-28.75986413],[-53.69832202,-28.76029253],[-53.69817237,-28.76060304],[-53.6977212,-28.76055959],[-53.69228143,-28.75952598],[-53.68531433,-28.75755939],[-53.68313543,-28.7644925],[-53.67565556,-28.77109177],[-53.67633825,-28.77254284],[-53.67585795,-28.7728916],[-53.67565948,-28.77261972],[-53.67534443,-28.77193927],[-53.67510547,-28.7712913],[-53.67481867,-28.77067397],[-53.67465774,-28.77039272],[-53.67436607,-28.77018499],[-53.67404538,-28.77012158],[-53.67382424,-28.77009371],[-53.6736745,-28.77007262],[-53.67343642,-28.77005534],[-53.67319879,-28.77001972],[-53.67299425,-28.76998735],[-53.67154801,-28.76963331],[-53.67102154,-28.76934192]]]]},"geometry_name":"geo_area_imovel","properties":{"cod_imovel":"RS-4306106-3343A380DC1B4EA891C34ADBC0BE09C9","status_imovel":"AT","dat_criacao":"2016-07-13T00:08:15.969Z","area":340.0855,"condicao":"Aguardando análise","uf":"RS","municipio":"Cruz Alta","cod_municipio_ibge":4306106,"m_fiscal":17.0043,"tipo_imovel":"IRU"}},{"type":"Feature","id":"sicar_imoveis_rs.13328086","geometry":{"type":"MultiPolygon","coordinates":[[[[-53.64376875,-28.79079755],[-53.64359273,-28.79138191],[-53.64292183,-28.79231369],[-53.64244654,-28.79247939],[-53.63439415,-28.78733077],[-53.62962048,-28.7843698],[-53.6298859,-28.78402973],[-53.64376875,-28.79079755]]]]},"geometry_name":"geo_area_imovel","properties":{"cod_imovel":"RS-4306106-33726BED392A4B81BA06FE87EE62D3DC","status_imovel":"AT","dat_criacao":"2024-09-27T18:56:21.563Z","area":21.0546,"condicao":"Aguardando análise","uf":"RS","municipio":"Cruz Alta","cod_municipio_ibge":4306106,"m_fiscal":1.0527,"tipo_imovel":"IRU"}},{"type":"Feature","id":"sicar_imoveis_rs.6949531","geometry":{"type":"MultiPolygon","coordinates":[[[[-53.64428917,-28.60840688],[-53.64347395,-28.60873897],[-53.64288327,-28.60906604],[-53.64254538,-28.60928554],[-53.64215672,-28.60958195],[-53.63911463,-28.61222678],[-53.64427051,-28.61345211],[-53.64436407,-28.61334903],[-53.64436529,-28.61323931],[-53.64447905,-28.61308913],[-53.64431238,-28.61301701],[-53.64436149,-28.61283253],[-53.64428614,-28.61265601],[-53.64435228,-28.61253262],[-53.64437614,-28.612397],[-53.64438838,-28.61209783],[-53.64449036,-28.61199381],[-53.64444431,-28.61188163],[-53.64435874,-28.61154268],[-53.64433709,-28.61141133],[-53.64421688,-28.61117791],[-53.6443073,-28.61093914],[-53.64441432,-28.61087634],[-53.64444402,-28.61065035],[-53.64443533,-28.61035396],[-53.6445961,-28.61019131],[-53.64453009,-28.61005898],[-53.64450043,-28.60989758],[-53.64444628,-28.60962876],[-53.6444007,-28.60956704],[-53.6442972,-28.60937952],[-53.64427342,-28.6093081],[-53.64434965,-28.60913311],[-53.64435202,-28.6089658],[-53.64426253,-28.60882933],[-53.64425537,-28.60866357],[-53.64428917,-28.60840688]]]]},"geometry_name":"geo_area_imovel","properties":{"cod_imovel":"RS-4306106-3373538886F743C59F093D3E71BEA149","status_imovel":"AT","dat_criacao":"2019-06-11T08:56:20.052Z","area":15.9444,"condicao":"Aguardando análise","uf":"RS","municipio":"Cruz Alta","cod_municipio_ibge":4306106,"m_fiscal":0.7972,"tipo_imovel":"IRU"}},{"type":"Feature","id":"sicar_imoveis_rs.5030114","geometry":{"type":"MultiPolygon","coordinates":[[[[-53.52318756,-28.75688868],[-53.52176429,-28.75826915],[-53.5188267,-28.7592631],[-53.51574096,-28.76040142],[-53.50262707,-28.76461721],[-53.50227606,-28.76429818],[-53.50301963,-28.76207341],[-53.50341204,-28.76090683],[-53.50446536,-28.75924969],[-53.50531331,-28.75764857],[-53.50685098,-28.75679923],[-53.50805722,-28.75569017],[-53.50926605,-28.75454558],[-53.51270643,-28.75289063],[-53.5144878,-28.75250811],[-53.51523506,-28.75240709],[-53.51618934,-28.75202897],[-53.52318756,-28.75688868]]]]},"geometry_name":"geo_area_imovel","properties":{"cod_imovel":"RS-4306106-3398035EAE38469DA61AA4D8FD5AE963","status_imovel":"AT","dat_criacao":"2017-12-28T23:59:53.853Z","area":136.8294,"condicao":"Aguardando análise","uf":"RS","municipio":"Cruz Alta","cod_municipio_ibge":4306106,"m_fiscal":6.8415,"tipo_imovel":"IRU"}},{"type":"Feature","id":"sicar_imoveis_rs.3137282","geometry":{"type":"MultiPolygon","coordinates":[[[[-53.70715239,-28.61655412],[-53.72408475,-28.61607095],[-53.72379923,-28.61257119],[-53.70709842,-28.61405223],[-53.70715239,-28.61655412]]]]},"geometry_name":"geo_area_imovel","properties":{"cod_imovel":"RS-4306106-3399975372FE47F684C5CD60FC0620A5","status_imovel":"AT","dat_criacao":"2016-05-22T12:55:50.366Z","area":54.9293,"condicao":"Aguardando análise","uf":"RS","municipio":"Cruz Alta","cod_municipio_ibge":4306106,"m_fiscal":2.7465,"tipo_imovel":"IRU"}}],"totalFeatures":1576,"numberMatched":1576,"numberReturned":300,"timeStamp":"2026-09-29T11:11:21.344Z","crs":{"type":"name","properties":{"name":"urn:ogc:def:crs:EPSG::4674"}}}