{"type":"FeatureCollection","features":[{"type":"Feature","id":"sicar_imoveis_rs.13891289","geometry":{"type":"MultiPolygon","coordinates":[[[[-53.87099951,-28.08211787],[-53.87057062,-28.08259484],[-53.87167472,-28.08436389],[-53.87198936,-28.08486942],[-53.87217555,-28.08516925],[-53.87242651,-28.08557146],[-53.87267932,-28.08597796],[-53.8729819,-28.08646587],[-53.8729999,-28.08644286],[-53.8731361,-28.08634754],[-53.8738292,-28.08612643],[-53.87405061,-28.08612955],[-53.87401308,-28.08598835],[-53.87397765,-28.08577332],[-53.87395564,-28.08562683],[-53.87394281,-28.08543171],[-53.87396352,-28.08525825],[-53.87399954,-28.0850833],[-53.87403273,-28.084951],[-53.87412682,-28.08462265],[-53.87404618,-28.08459009],[-53.87383979,-28.08503093],[-53.87324479,-28.08504454],[-53.87162173,-28.08332259],[-53.87099951,-28.08211787]]]]},"geometry_name":"geo_area_imovel","properties":{"cod_imovel":"RS-4305405-D854B09FD526406984D4F06CB917102A","status_imovel":"AT","dat_criacao":"2025-02-28T12:02:26.582Z","area":4.3754,"condicao":"Aguardando análise","uf":"RS","municipio":"Ijuí","cod_municipio_ibge":4310207,"m_fiscal":0.2188,"tipo_imovel":"IRU"}},{"type":"Feature","id":"sicar_imoveis_rs.3164182","geometry":{"type":"MultiPolygon","coordinates":[[[[-53.94707777,-28.24053214],[-53.94718154,-28.23368314],[-53.94719367,-28.23330614],[-53.94715831,-28.23028255],[-53.94687515,-28.23018932],[-53.94672713,-28.23007318],[-53.94670339,-28.22993055],[-53.94670042,-28.22952073],[-53.94723765,-28.22906222],[-53.95291025,-28.23169658],[-53.95233344,-28.23284964],[-53.95231324,-28.23693958],[-53.95246109,-28.23791666],[-53.95248267,-28.23854748],[-53.95249488,-28.23900428],[-53.9524442,-28.23945777],[-53.9524707,-28.23973016],[-53.95232959,-28.2405447],[-53.9496557,-28.24053622],[-53.94707777,-28.24053214]]]]},"geometry_name":"geo_area_imovel","properties":{"cod_imovel":"RS-4310207-000432439F4F4CF59235193928323B5D","status_imovel":"AT","dat_criacao":"2016-05-25T14:12:17.073Z","area":59.4733,"condicao":"Aguardando análise","uf":"RS","municipio":"Ijuí","cod_municipio_ibge":4310207,"m_fiscal":2.9737,"tipo_imovel":"IRU"}},{"type":"Feature","id":"sicar_imoveis_rs.3013906","geometry":{"type":"MultiPolygon","coordinates":[[[[-53.95220518,-28.43295881],[-53.94750595,-28.43277012],[-53.94632578,-28.43537406],[-53.94437313,-28.43531745],[-53.9442873,-28.43765717],[-53.9523983,-28.43807228],[-53.9522481,-28.43558162],[-53.95220518,-28.43295881]]]]},"geometry_name":"geo_area_imovel","properties":{"cod_imovel":"RS-4310207-000892AA6906460DB5903C9FD1678C0D","status_imovel":"AT","dat_criacao":"2016-05-18T19:36:11.891Z","area":36.2216,"condicao":"Aguardando análise","uf":"RS","municipio":"Ijuí","cod_municipio_ibge":4310207,"m_fiscal":1.8111,"tipo_imovel":"IRU"}},{"type":"Feature","id":"sicar_imoveis_rs.14708396","geometry":{"type":"MultiPolygon","coordinates":[[[[-53.98326151,-28.34162637],[-53.97842863,-28.34158177],[-53.97862728,-28.34114093],[-53.97893109,-28.34071613],[-53.97927412,-28.34034142],[-53.98438412,-28.34032448],[-53.98378607,-28.34097903],[-53.98326151,-28.34162637]]]]},"geometry_name":"geo_area_imovel","properties":{"cod_imovel":"RS-4310207-002C3283EDD146D1B3538EFC950A7290","status_imovel":"AT","dat_criacao":"2025-09-11T19:27:36.198Z","area":6.9529,"condicao":"Aguardando análise","uf":"RS","municipio":"Ijuí","cod_municipio_ibge":4310207,"m_fiscal":0.3476,"tipo_imovel":"IRU"}},{"type":"Feature","id":"sicar_imoveis_rs.3054026","geometry":{"type":"MultiPolygon","coordinates":[[[[-53.93453479,-28.27898651],[-53.93452406,-28.28138637],[-53.93695951,-28.28134858],[-53.93687367,-28.27900541],[-53.93453479,-28.27898651]]]]},"geometry_name":"geo_area_imovel","properties":{"cod_imovel":"RS-4310207-0034506A9A1C439E9F69244DCE2D9D24","status_imovel":"AT","dat_criacao":"2016-05-19T20:23:21.499Z","area":6.1632,"condicao":"Aguardando análise","uf":"RS","municipio":"Ijuí","cod_municipio_ibge":4310207,"m_fiscal":0.3082,"tipo_imovel":"IRU"}},{"type":"Feature","id":"sicar_imoveis_rs.1570863","geometry":{"type":"MultiPolygon","coordinates":[[[[-53.84553909,-28.39949819],[-53.84553909,-28.40163108],[-53.84071112,-28.40157445],[-53.84045362,-28.4003287],[-53.84030342,-28.39940381],[-53.84553909,-28.39949819]]]]},"geometry_name":"geo_area_imovel","properties":{"cod_imovel":"RS-4310207-00545957E2B4487CBD66A9EE7B938205","status_imovel":"AT","dat_criacao":"2015-10-19T23:01:06.443Z","area":11.7831,"condicao":"Aguardando análise","uf":"RS","municipio":"Ijuí","cod_municipio_ibge":4310207,"m_fiscal":0.5892,"tipo_imovel":"IRU"}},{"type":"Feature","id":"sicar_imoveis_rs.14735978","geometry":{"type":"MultiPolygon","coordinates":[[[[-54.00487096,-28.31701285],[-53.9997508,-28.31739863],[-53.99976497,-28.32117939],[-54.00045495,-28.32073376],[-54.00144893,-28.32016577],[-54.0018564,-28.31957759],[-54.00211219,-28.3188719],[-54.00251998,-28.31815752],[-54.00318075,-28.3178944],[-54.00413464,-28.31770461],[-54.00459819,-28.31738066],[-54.00487096,-28.31701285]]]]},"geometry_name":"geo_area_imovel","properties":{"cod_imovel":"RS-4310207-005AB6CEDD744FE29DD7BE43C96EFB5C","status_imovel":"AT","dat_criacao":"2025-09-17T18:26:26.843Z","area":10.0566,"condicao":"Aguardando análise","uf":"RS","municipio":"Ijuí","cod_municipio_ibge":4310207,"m_fiscal":0.5028,"tipo_imovel":"IRU"}},{"type":"Feature","id":"sicar_imoveis_rs.3185430","geometry":{"type":"MultiPolygon","coordinates":[[[[-53.83045435,-28.34582213],[-53.82059455,-28.34557663],[-53.82053018,-28.3467286],[-53.83047581,-28.34699298],[-53.83045435,-28.34582213]]]]},"geometry_name":"geo_area_imovel","properties":{"cod_imovel":"RS-4310207-00761942EEAD47CCA0FD9F020ED2E66E","status_imovel":"AT","dat_criacao":"2016-05-26T06:22:19.266Z","area":12.5167,"condicao":"Aguardando análise","uf":"RS","municipio":"Ijuí","cod_municipio_ibge":4310207,"m_fiscal":0.6258,"tipo_imovel":"IRU"}},{"type":"Feature","id":"sicar_imoveis_rs.1495885","geometry":{"type":"MultiPolygon","coordinates":[[[[-53.95134687,-28.44569485],[-53.95501614,-28.44567598],[-53.95503759,-28.44397793],[-53.95439386,-28.44394019],[-53.95349264,-28.44390246],[-53.95278454,-28.44390246],[-53.95207644,-28.44465715],[-53.95134687,-28.44569485]]]]},"geometry_name":"geo_area_imovel","properties":{"cod_imovel":"RS-4310207-007FA086B3D84A0B8075BF35E93F678A","status_imovel":"AT","dat_criacao":"2015-09-16T17:26:01.383Z","area":5.7743,"condicao":"Aguardando análise","uf":"RS","municipio":"Ijuí","cod_municipio_ibge":4310207,"m_fiscal":0.2887,"tipo_imovel":"IRU"}},{"type":"Feature","id":"sicar_imoveis_rs.2651813","geometry":{"type":"MultiPolygon","coordinates":[[[[-53.96900654,-28.36610252],[-53.96894217,-28.36725427],[-53.96381378,-28.36715987],[-53.96383524,-28.36608364],[-53.96900654,-28.36610252]]]]},"geometry_name":"geo_area_imovel","properties":{"cod_imovel":"RS-4310207-00816A6C0A1E437B8E3C5620991A8FA9","status_imovel":"AT","dat_criacao":"2016-04-24T02:34:27.890Z","area":6.2431,"condicao":"Aguardando análise","uf":"RS","municipio":"Ijuí","cod_municipio_ibge":4310207,"m_fiscal":0.3122,"tipo_imovel":"IRU"}},{"type":"Feature","id":"sicar_imoveis_rs.2684007","geometry":{"type":"MultiPolygon","coordinates":[[[[-53.93254995,-28.47685864],[-53.93259287,-28.47533085],[-53.93385887,-28.47536857],[-53.93381596,-28.47697181],[-53.93310785,-28.47682092],[-53.93254995,-28.47685864]]]]},"geometry_name":"geo_area_imovel","properties":{"cod_imovel":"RS-4310207-00AB049267AF4A5099547C139E52E3C4","status_imovel":"AT","dat_criacao":"2016-04-26T07:16:43.134Z","area":2.0969,"condicao":"Aguardando análise","uf":"RS","municipio":"Ijuí","cod_municipio_ibge":4310207,"m_fiscal":0.1048,"tipo_imovel":"IRU"}},{"type":"Feature","id":"sicar_imoveis_rs.11216630","geometry":{"type":"MultiPolygon","coordinates":[[[[-53.91862392,-28.47014374],[-53.91958952,-28.47037009],[-53.91988993,-28.46937036],[-53.91928911,-28.46921946],[-53.91997576,-28.46791791],[-53.92282963,-28.46769156],[-53.92212152,-28.47306741],[-53.92096281,-28.47278448],[-53.91855955,-28.47142639],[-53.91862392,-28.47014374]]]]},"geometry_name":"geo_area_imovel","properties":{"cod_imovel":"RS-4310207-00B113250E9849D1BB335EAA142FF01C","status_imovel":"AT","dat_criacao":"2023-01-20T19:43:21.470Z","area":16.6082,"condicao":"Aguardando análise","uf":"RS","municipio":"Ijuí","cod_municipio_ibge":4310207,"m_fiscal":0.8304,"tipo_imovel":"IRU"}},{"type":"Feature","id":"sicar_imoveis_rs.13007658","geometry":{"type":"MultiPolygon","coordinates":[[[[-53.90329536,-28.26636079],[-53.90333145,-28.26599351],[-53.90405416,-28.26596588],[-53.90405416,-28.26634386],[-53.90407562,-28.26815814],[-53.90199423,-28.26815814],[-53.90203714,-28.26638165],[-53.90329536,-28.26636079]]]]},"geometry_name":"geo_area_imovel","properties":{"cod_imovel":"RS-4310207-00B13B042CE64399BBD2095907B7EB3D","status_imovel":"AT","dat_criacao":"2024-07-09T08:24:36.160Z","area":4.3023,"condicao":"Aguardando análise","uf":"RS","municipio":"Ijuí","cod_municipio_ibge":4310207,"m_fiscal":0.2151,"tipo_imovel":"IRU"}},{"type":"Feature","id":"sicar_imoveis_rs.3249165","geometry":{"type":"MultiPolygon","coordinates":[[[[-53.96817723,-28.29025662],[-53.96869292,-28.29016178],[-53.96876776,-28.29075238],[-53.96881665,-28.29129186],[-53.96632508,-28.29231638],[-53.96628715,-28.29190101],[-53.96627806,-28.2915478],[-53.96627261,-28.29134591],[-53.96673203,-28.29111752],[-53.9669466,-28.29102305],[-53.96718264,-28.29090968],[-53.96803152,-28.29044723],[-53.96798795,-28.2903096],[-53.96817723,-28.29025662]]]]},"geometry_name":"geo_area_imovel","properties":{"cod_imovel":"RS-4310207-00ECB9330CDB4756A735FD32E137B157","status_imovel":"AT","dat_criacao":"2016-05-31T13:11:41.347Z","area":3.0152,"condicao":"Aguardando análise","uf":"RS","municipio":"Ijuí","cod_municipio_ibge":4310207,"m_fiscal":0.1508,"tipo_imovel":"IRU"}},{"type":"Feature","id":"sicar_imoveis_rs.6707733","geometry":{"type":"MultiPolygon","coordinates":[[[[-53.91424656,-28.27681337],[-53.91684294,-28.27683227],[-53.91680002,-28.2745079],[-53.9142251,-28.2745079],[-53.91424656,-28.27681337]]]]},"geometry_name":"geo_area_imovel","properties":{"cod_imovel":"RS-4310207-00F3D4D4BF1C42BCBA6029173EFD2A7B","status_imovel":"AT","dat_criacao":"2019-04-11T00:44:33.528Z","area":6.5157,"condicao":"Aguardando análise","uf":"RS","municipio":"Ijuí","cod_municipio_ibge":4310207,"m_fiscal":0.3258,"tipo_imovel":"IRU"}},{"type":"Feature","id":"sicar_imoveis_rs.13093185","geometry":{"type":"MultiPolygon","coordinates":[[[[-53.90948296,-28.33484946],[-53.90952587,-28.33603932],[-53.90422583,-28.33598267],[-53.90416145,-28.33637928],[-53.90298128,-28.33637928],[-53.9030242,-28.33558605],[-53.90396833,-28.33558605],[-53.90401125,-28.33481169],[-53.90948296,-28.33484946]]]]},"geometry_name":"geo_area_imovel","properties":{"cod_imovel":"RS-4310207-010004907A5C4B4DB5FE30DFD2430C24","status_imovel":"AT","dat_criacao":"2024-07-31T08:20:01.773Z","area":8.0144,"condicao":"Aguardando análise","uf":"RS","municipio":"Ijuí","cod_municipio_ibge":4310207,"m_fiscal":0.4007,"tipo_imovel":"IRU"}},{"type":"Feature","id":"sicar_imoveis_rs.7988394","geometry":{"type":"MultiPolygon","coordinates":[[[[-53.8649585,-28.14816328],[-53.86468279,-28.14925629],[-53.86484693,-28.14987017],[-53.86455007,-28.15020779],[-53.86428827,-28.15073276],[-53.86382786,-28.15082999],[-53.86333291,-28.15074139],[-53.86272871,-28.15050146],[-53.86231899,-28.15037351],[-53.86195421,-28.14965457],[-53.86110882,-28.14994734],[-53.85903592,-28.14994399],[-53.85653018,-28.14908075],[-53.85554127,-28.14910385],[-53.85408112,-28.1492869],[-53.85402796,-28.14987558],[-53.85367879,-28.15060602],[-53.85410481,-28.15154096],[-53.85446892,-28.15200362],[-53.85454069,-28.15268542],[-53.85498047,-28.15453572],[-53.85316153,-28.15475624],[-53.85205761,-28.15583641],[-53.84983063,-28.15491409],[-53.85382007,-28.14370913],[-53.86507506,-28.14770391],[-53.8649585,-28.14816328]]]]},"geometry_name":"geo_area_imovel","properties":{"cod_imovel":"RS-4310207-01308B3CB91F483A873F6CFEDF8393E6","status_imovel":"AT","dat_criacao":"2020-02-15T01:34:45.721Z","area":78.3369,"condicao":"Aguardando análise","uf":"RS","municipio":"Ijuí","cod_municipio_ibge":4310207,"m_fiscal":3.9168,"tipo_imovel":"IRU"}},{"type":"Feature","id":"sicar_imoveis_rs.7182036","geometry":{"type":"MultiPolygon","coordinates":[[[[-53.96904945,-28.29680463],[-53.96904945,-28.29389499],[-53.96615267,-28.29347932],[-53.96587372,-28.29400835],[-53.96606684,-28.29419729],[-53.96819115,-28.29444291],[-53.96812677,-28.29727697],[-53.96825552,-28.29729587],[-53.96842718,-28.29714472],[-53.96870613,-28.29703136],[-53.96904945,-28.29680463]]]]},"geometry_name":"geo_area_imovel","properties":{"cod_imovel":"RS-4310207-01484837FAC94544BBAEF41F3BED138D","status_imovel":"AT","dat_criacao":"2019-07-27T03:12:29.491Z","area":4.7861,"condicao":"Aguardando análise","uf":"RS","municipio":"Ijuí","cod_municipio_ibge":4310207,"m_fiscal":0.2393,"tipo_imovel":"IRU"}},{"type":"Feature","id":"sicar_imoveis_rs.15216543","geometry":{"type":"MultiPolygon","coordinates":[[[[-53.87797054,-28.28462605],[-53.87750521,-28.28502499],[-53.8774105,-28.28510619],[-53.87705634,-28.28534541],[-53.87656668,-28.28565769],[-53.87613243,-28.28589837],[-53.87568046,-28.28610574],[-53.87533412,-28.2862944],[-53.87456557,-28.28654848],[-53.87414236,-28.2867918],[-53.87378288,-28.287065],[-53.87318696,-28.28735885],[-53.87267825,-28.28760131],[-53.87217594,-28.28785709],[-53.87162977,-28.28802737],[-53.8710974,-28.2882194],[-53.87052275,-28.28872486],[-53.87005251,-28.28891422],[-53.86968706,-28.28906167],[-53.86862782,-28.28902435],[-53.86906808,-28.28852862],[-53.86970741,-28.28831557],[-53.87008216,-28.28803238],[-53.87107269,-28.28734801],[-53.87190473,-28.2869599],[-53.87294882,-28.28651422],[-53.87412369,-28.28612741],[-53.87515418,-28.28589505],[-53.87588682,-28.28557486],[-53.87685067,-28.28509601],[-53.87714461,-28.28482302],[-53.87730351,-28.28464879],[-53.87730351,-28.28464879],[-53.8776683,-28.2842488],[-53.87777833,-28.28409103],[-53.87807327,-28.28332862],[-53.87811948,-28.28279823],[-53.87793525,-28.28243528],[-53.87837042,-28.28243897],[-53.87849415,-28.28275277],[-53.87848518,-28.28314441],[-53.87852988,-28.28343381],[-53.87824993,-28.2839724],[-53.87816273,-28.28423124],[-53.87797054,-28.28462605]]]]},"geometry_name":"geo_area_imovel","properties":{"cod_imovel":"RS-4310207-014C10E5979C443C9D7258928437A5C7","status_imovel":"AT","dat_criacao":"2026-01-22T13:17:54.076Z","area":7.8716,"condicao":"Aguardando análise","uf":"RS","municipio":"Ijuí","cod_municipio_ibge":4310207,"m_fiscal":0.3936,"tipo_imovel":"IRU"}},{"type":"Feature","id":"sicar_imoveis_rs.12049152","geometry":{"type":"MultiPolygon","coordinates":[[[[-53.99009943,-28.30651548],[-53.98767471,-28.30664772],[-53.98842573,-28.30519305],[-53.993514,-28.30493661],[-53.99190422,-28.30822559],[-53.98989832,-28.30841249],[-53.99009943,-28.30651548]]]]},"geometry_name":"geo_area_imovel","properties":{"cod_imovel":"RS-4310207-016BE65625FD4EA5BB8C0E288A373A7D","status_imovel":"AT","dat_criacao":"2023-09-13T06:01:26.117Z","area":12.54,"condicao":"Aguardando análise","uf":"RS","municipio":"Ijuí","cod_municipio_ibge":4310207,"m_fiscal":0.627,"tipo_imovel":"IRU"}},{"type":"Feature","id":"sicar_imoveis_rs.7272100","geometry":{"type":"MultiPolygon","coordinates":[[[[-53.98727402,-28.2989615],[-53.98723336,-28.2993968],[-53.98712043,-28.29954788],[-53.98692414,-28.29965296],[-53.98675079,-28.29991529],[-53.98690001,-28.30067648],[-53.98680957,-28.30092249],[-53.98656837,-28.30130503],[-53.98644773,-28.30160167],[-53.9861329,-28.30198039],[-53.98580909,-28.30225909],[-53.98492591,-28.30318157],[-53.98419988,-28.30210714],[-53.98303434,-28.30183029],[-53.98219132,-28.3015967],[-53.98053637,-28.30140106],[-53.97983252,-28.30137554],[-53.9765651,-28.30137911],[-53.97653085,-28.30107586],[-53.97657106,-28.30098084],[-53.97740821,-28.29946793],[-53.97829304,-28.29767582],[-53.98137,-28.29963176],[-53.98363667,-28.29750261],[-53.98464674,-28.29763607],[-53.98635097,-28.29861356],[-53.98636705,-28.29888155],[-53.98727402,-28.2989615]]]]},"geometry_name":"geo_area_imovel","properties":{"cod_imovel":"RS-4310207-01B9A4D49ECB4BEA98FB1994BB752E82","status_imovel":"AT","dat_criacao":"2019-08-15T02:33:22.328Z","area":35.5375,"condicao":"Aguardando análise","uf":"RS","municipio":"Ijuí","cod_municipio_ibge":4310207,"m_fiscal":1.7769,"tipo_imovel":"IRU"}},{"type":"Feature","id":"sicar_imoveis_rs.2071896","geometry":{"type":"MultiPolygon","coordinates":[[[[-53.94761324,-28.25774448],[-53.94757032,-28.26014481],[-53.94675493,-28.26016371],[-53.94679785,-28.25776338],[-53.94761324,-28.25774448]]]]},"geometry_name":"geo_area_imovel","properties":{"cod_imovel":"RS-4310207-01D978BE5CAD4D358C9C091729766E0C","status_imovel":"AT","dat_criacao":"2016-02-26T01:50:32.068Z","area":2.1302,"condicao":"Aguardando análise","uf":"RS","municipio":"Ijuí","cod_municipio_ibge":4310207,"m_fiscal":0.1065,"tipo_imovel":"IRU"}},{"type":"Feature","id":"sicar_imoveis_rs.3185371","geometry":{"type":"MultiPolygon","coordinates":[[[[-53.95490885,-28.29045621],[-53.95488739,-28.2882644],[-53.95699024,-28.28824551],[-53.95703316,-28.2904751],[-53.95490885,-28.29045621]]]]},"geometry_name":"geo_area_imovel","properties":{"cod_imovel":"RS-4310207-01DF864E15484E02A803A79970CD7765","status_imovel":"AT","dat_criacao":"2016-05-26T06:18:22.765Z","area":5.0862,"condicao":"Aguardando análise","uf":"RS","municipio":"Ijuí","cod_municipio_ibge":4310207,"m_fiscal":0.2543,"tipo_imovel":"IRU"}},{"type":"Feature","id":"sicar_imoveis_rs.2514579","geometry":{"type":"MultiPolygon","coordinates":[[[[-53.99115086,-28.33443395],[-53.98587227,-28.3345095],[-53.9848423,-28.33258302],[-53.98992777,-28.33245081],[-53.99014235,-28.33282856],[-53.99044275,-28.33318741],[-53.99125814,-28.33356515],[-53.99181604,-28.33371625],[-53.99140835,-28.33415065],[-53.99115086,-28.33443395]]]]},"geometry_name":"geo_area_imovel","properties":{"cod_imovel":"RS-4310207-02193922A7154921B02BCBC52CFBF80B","status_imovel":"AT","dat_criacao":"2016-04-15T07:15:55.374Z","area":11.8739,"condicao":"Aguardando análise","uf":"RS","municipio":"Ijuí","cod_municipio_ibge":4310207,"m_fiscal":0.5937,"tipo_imovel":"IRU"}},{"type":"Feature","id":"sicar_imoveis_rs.2496649","geometry":{"type":"MultiPolygon","coordinates":[[[[-53.86493683,-28.28803766],[-53.86437893,-28.28803766],[-53.86457205,-28.28191547],[-53.86517286,-28.28197216],[-53.86493683,-28.28803766]]]]},"geometry_name":"geo_area_imovel","properties":{"cod_imovel":"RS-4310207-021EFD149EA74E2BB2146A1DF3683A4E","status_imovel":"AT","dat_criacao":"2016-04-14T13:30:22.834Z","area":3.8494,"condicao":"Aguardando análise","uf":"RS","municipio":"Ijuí","cod_municipio_ibge":4310207,"m_fiscal":0.1925,"tipo_imovel":"IRU"}},{"type":"Feature","id":"sicar_imoveis_rs.3058022","geometry":{"type":"MultiPolygon","coordinates":[[[[-53.85021687,-28.37709084],[-53.85028124,-28.37508962],[-53.85032415,-28.37405123],[-53.84942293,-28.37435331],[-53.84890795,-28.3745421],[-53.84824276,-28.37471202],[-53.8475132,-28.3750141],[-53.84652615,-28.37529729],[-53.84541035,-28.37546721],[-53.84542108,-28.37571264],[-53.84485245,-28.37701532],[-53.85021687,-28.37709084]]]]},"geometry_name":"geo_area_imovel","properties":{"cod_imovel":"RS-4310207-024A9575779743ECA59B580B4EEAAD95","status_imovel":"AT","dat_criacao":"2016-05-19T22:49:36.901Z","area":12.0358,"condicao":"Aguardando análise","uf":"RS","municipio":"Ijuí","cod_municipio_ibge":4310207,"m_fiscal":0.6018,"tipo_imovel":"IRU"}},{"type":"Feature","id":"sicar_imoveis_rs.2361180","geometry":{"type":"MultiPolygon","coordinates":[[[[-53.98329735,-28.37894099],[-53.98334026,-28.37675101],[-53.98085117,-28.37671325],[-53.98080826,-28.37784601],[-53.97681713,-28.37784601],[-53.97681713,-28.37886548],[-53.98329735,-28.37894099]]]]},"geometry_name":"geo_area_imovel","properties":{"cod_imovel":"RS-4310207-026640EBB1C44506B4DE9FBA4F3D5AFB","status_imovel":"AT","dat_criacao":"2016-04-05T03:37:19.190Z","area":10.4941,"condicao":"Aguardando análise","uf":"RS","municipio":"Ijuí","cod_municipio_ibge":4310207,"m_fiscal":0.5247,"tipo_imovel":"IRU"}},{"type":"Feature","id":"sicar_imoveis_rs.7247081","geometry":{"type":"MultiPolygon","coordinates":[[[[-53.95261288,-28.40785962],[-53.9525485,-28.41238923],[-53.94688368,-28.41233262],[-53.94692659,-28.41006783],[-53.94847155,-28.41006783],[-53.94853592,-28.40784074],[-53.95261288,-28.40785962]]]]},"geometry_name":"geo_area_imovel","properties":{"cod_imovel":"RS-4310207-0278595B72BB4ECD9C8BB20FAB799A89","status_imovel":"AT","dat_criacao":"2019-08-09T02:34:06.094Z","area":23.9842,"condicao":"Aguardando análise","uf":"RS","municipio":"Ijuí","cod_municipio_ibge":4310207,"m_fiscal":1.1992,"tipo_imovel":"IRU"}},{"type":"Feature","id":"sicar_imoveis_rs.2496418","geometry":{"type":"MultiPolygon","coordinates":[[[[-53.90523434,-28.18048911],[-53.90450478,-28.18065934],[-53.90360355,-28.1733204],[-53.90424728,-28.17273402],[-53.90523434,-28.18048911]]]]},"geometry_name":"geo_area_imovel","properties":{"cod_imovel":"RS-4310207-02A911E1B48A4A1C926215ED3FF047DD","status_imovel":"AT","dat_criacao":"2016-04-14T13:21:08.135Z","area":6.0356,"condicao":"Aguardando análise","uf":"RS","municipio":"Ijuí","cod_municipio_ibge":4310207,"m_fiscal":0.3018,"tipo_imovel":"IRU"}},{"type":"Feature","id":"sicar_imoveis_rs.6615238","geometry":{"type":"MultiPolygon","coordinates":[[[[-53.89463425,-28.30759231],[-53.89446259,-28.30948146],[-53.88373375,-28.30963259],[-53.88313293,-28.30868802],[-53.8827467,-28.30797014],[-53.8824892,-28.30747896],[-53.89463425,-28.30759231]]]]},"geometry_name":"geo_area_imovel","properties":{"cod_imovel":"RS-4310207-02A9BA71BBD0417AB524273C237F405E","status_imovel":"AT","dat_criacao":"2019-03-22T00:39:01.203Z","area":25.2365,"condicao":"Aguardando análise","uf":"RS","municipio":"Ijuí","cod_municipio_ibge":4310207,"m_fiscal":1.2618,"tipo_imovel":"IRU"}},{"type":"Feature","id":"sicar_imoveis_rs.7190092","geometry":{"type":"MultiPolygon","coordinates":[[[[-53.82036924,-28.35365905],[-53.83028269,-28.35381012],[-53.83026123,-28.35624606],[-53.82710695,-28.35615164],[-53.82719278,-28.35722797],[-53.82440329,-28.35722797],[-53.82440329,-28.3551886],[-53.82041216,-28.35513195],[-53.82036924,-28.35365905]]]]},"geometry_name":"geo_area_imovel","properties":{"cod_imovel":"RS-4310207-02B7E5CDEADE4201B21385416947EA8B","status_imovel":"AT","dat_criacao":"2019-07-30T04:54:19.791Z","area":25.0276,"condicao":"Aguardando análise","uf":"RS","municipio":"Ijuí","cod_municipio_ibge":4310207,"m_fiscal":1.2514,"tipo_imovel":"IRU"}},{"type":"Feature","id":"sicar_imoveis_rs.6927535","geometry":{"type":"MultiPolygon","coordinates":[[[[-53.8871026,-28.43890248],[-53.88667345,-28.44114779],[-53.88645887,-28.44207231],[-53.88622284,-28.44327983],[-53.88585806,-28.44524204],[-53.8841629,-28.44484582],[-53.88504267,-28.44116665],[-53.88602972,-28.44005344],[-53.8871026,-28.43890248]]]]},"geometry_name":"geo_area_imovel","properties":{"cod_imovel":"RS-4310207-02C69BCEDD3B43D7A6A69E4EA4A6AC0E","status_imovel":"AT","dat_criacao":"2019-05-31T06:23:21.382Z","area":9.136,"condicao":"Aguardando análise","uf":"RS","municipio":"Ijuí","cod_municipio_ibge":4310207,"m_fiscal":0.4568,"tipo_imovel":"IRU"}},{"type":"Feature","id":"sicar_imoveis_rs.11793832","geometry":{"type":"MultiPolygon","coordinates":[[[[-53.85176182,-28.40944501],[-53.85186911,-28.40957712],[-53.85197639,-28.40969036],[-53.85234118,-28.41006783],[-53.85262012,-28.41023769],[-53.85287762,-28.41042642],[-53.85488129,-28.4104805],[-53.86064529,-28.41029431],[-53.86066675,-28.40938838],[-53.85176182,-28.40944501]]]]},"geometry_name":"geo_area_imovel","properties":{"cod_imovel":"RS-4310207-02DC50CBB3FC4B95934B44547DB8EE3D","status_imovel":"AT","dat_criacao":"2023-07-15T00:30:25.145Z","area":9.0502,"condicao":"Aguardando análise","uf":"RS","municipio":"Ijuí","cod_municipio_ibge":4310207,"m_fiscal":0.4525,"tipo_imovel":"IRU"}},{"type":"Feature","id":"sicar_imoveis_rs.8434096","geometry":{"type":"MultiPolygon","coordinates":[[[[-54.01451826,-28.29000273],[-54.01273727,-28.2901161],[-54.01209354,-28.28756528],[-54.01119232,-28.28765976],[-54.01050568,-28.28892573],[-54.00954008,-28.28896352],[-54.0087676,-28.28883125],[-54.00808096,-28.28922805],[-54.00775909,-28.28949257],[-54.0075016,-28.28973821],[-54.00717974,-28.29028616],[-54.01041985,-28.29009721],[-54.01239395,-28.29096636],[-54.01471138,-28.29081521],[-54.01451826,-28.29000273]]]]},"geometry_name":"geo_area_imovel","properties":{"cod_imovel":"RS-4310207-02EF19ED2AB143A19C89F0D1F13DE46B","status_imovel":"AT","dat_criacao":"2020-08-12T02:13:50.093Z","area":11.3853,"condicao":"Aguardando análise","uf":"RS","municipio":"Ijuí","cod_municipio_ibge":4310207,"m_fiscal":0.5693,"tipo_imovel":"IRU"}},{"type":"Feature","id":"sicar_imoveis_rs.7943200","geometry":{"type":"MultiPolygon","coordinates":[[[[-53.85235801,-28.26971566],[-53.85126465,-28.26977335],[-53.85119684,-28.27026896],[-53.85103627,-28.27316887],[-53.85052824,-28.27296558],[-53.84945134,-28.27291197],[-53.84878749,-28.27297145],[-53.84764207,-28.2731596],[-53.84900573,-28.26937761],[-53.84911339,-28.26596831],[-53.84957615,-28.26596809],[-53.8498376,-28.26052345],[-53.85246574,-28.26055606],[-53.85235801,-28.26971566]]]]},"geometry_name":"geo_area_imovel","properties":{"cod_imovel":"RS-4310207-03289EADE3B2448CA1F66A12E0C2669B","status_imovel":"AT","dat_criacao":"2020-02-01T01:48:46.905Z","area":39.9263,"condicao":"Aguardando análise","uf":"RS","municipio":"Ijuí","cod_municipio_ibge":4310207,"m_fiscal":1.9963,"tipo_imovel":"IRU"}},{"type":"Feature","id":"sicar_imoveis_rs.3240752","geometry":{"type":"MultiPolygon","coordinates":[[[[-53.93381184,-28.45890532],[-53.93391005,-28.45889145],[-53.93318091,-28.45328712],[-53.93299833,-28.45107827],[-53.9312359,-28.45118889],[-53.93006423,-28.45276993],[-53.92811513,-28.45278099],[-53.92810431,-28.4561592],[-53.92818137,-28.45638456],[-53.92815807,-28.45652172],[-53.92837377,-28.45647483],[-53.92856859,-28.45647316],[-53.92882522,-28.45639688],[-53.92904529,-28.45630089],[-53.92929046,-28.45630765],[-53.92960657,-28.45632365],[-53.93008756,-28.45650573],[-53.93060372,-28.45685638],[-53.93092931,-28.45700701],[-53.93113136,-28.45708951],[-53.93134914,-28.45710379],[-53.93149491,-28.45734326],[-53.93177689,-28.45770204],[-53.93200284,-28.45805084],[-53.93208118,-28.45820589],[-53.93220883,-28.45851836],[-53.93231836,-28.45873005],[-53.93261003,-28.45904003],[-53.93381184,-28.45890532]]]]},"geometry_name":"geo_area_imovel","properties":{"cod_imovel":"RS-4310207-0329E77DA67B46B6BE89D0E7B210A910","status_imovel":"AT","dat_criacao":"2016-05-31T03:06:56.068Z","area":31.0673,"condicao":"Aguardando análise","uf":"RS","municipio":"Ijuí","cod_municipio_ibge":4310207,"m_fiscal":1.5534,"tipo_imovel":"IRU"}},{"type":"Feature","id":"sicar_imoveis_rs.10780996","geometry":{"type":"MultiPolygon","coordinates":[[[[-53.8371706,-28.2655312],[-53.8332653,-28.26485083],[-53.83309364,-28.26968892],[-53.83734226,-28.26980231],[-53.8371706,-28.2655312]]]]},"geometry_name":"geo_area_imovel","properties":{"cod_imovel":"RS-4310207-035ABF0CF971489C9BA8B8868714FFAD","status_imovel":"AT","dat_criacao":"2022-09-16T00:21:46.685Z","area":20.2139,"condicao":"Aguardando análise","uf":"RS","municipio":"Ijuí","cod_municipio_ibge":4310207,"m_fiscal":1.0107,"tipo_imovel":"IRU"}},{"type":"Feature","id":"sicar_imoveis_rs.9394815","geometry":{"type":"MultiPolygon","coordinates":[[[[-53.85583878,-28.42656191],[-53.85601044,-28.42318404],[-53.85416508,-28.42316517],[-53.85397196,-28.42692045],[-53.85579586,-28.42695819],[-53.85583878,-28.42656191]]]]},"geometry_name":"geo_area_imovel","properties":{"cod_imovel":"RS-4310207-0361508266554805BF02574C5A737EB5","status_imovel":"AT","dat_criacao":"2021-07-06T17:10:51.035Z","area":7.556,"condicao":"Aguardando análise","uf":"RS","municipio":"Ijuí","cod_municipio_ibge":4310207,"m_fiscal":0.3778,"tipo_imovel":"IRU"}},{"type":"Feature","id":"sicar_imoveis_rs.1827937","geometry":{"type":"MultiPolygon","coordinates":[[[[-53.84236336,-28.13164157],[-53.84489536,-28.13118742],[-53.84558201,-28.1326634],[-53.84644032,-28.1326634],[-53.84459496,-28.13765886],[-53.84124756,-28.13875631],[-53.83965969,-28.13391229],[-53.834939,-28.13675061],[-53.83446693,-28.13614511],[-53.84030342,-28.13254986],[-53.83961678,-28.13171726],[-53.84236336,-28.13164157]]]]},"geometry_name":"geo_area_imovel","properties":{"cod_imovel":"RS-4310207-03693C70653A4CAE9BA4708818AEFBA7","status_imovel":"AT","dat_criacao":"2015-12-16T15:46:43.241Z","area":43.1141,"condicao":"Aguardando análise","uf":"RS","municipio":"Ijuí","cod_municipio_ibge":4310207,"m_fiscal":2.1557,"tipo_imovel":"IRU"}},{"type":"Feature","id":"sicar_imoveis_rs.6726502","geometry":{"type":"MultiPolygon","coordinates":[[[[-53.91180038,-28.274489],[-53.91182184,-28.27242915],[-53.90926838,-28.27239135],[-53.90924692,-28.27443231],[-53.91180038,-28.274489]]]]},"geometry_name":"geo_area_imovel","properties":{"cod_imovel":"RS-4310207-03996B3B1ED9491B80447F0014276BB1","status_imovel":"AT","dat_criacao":"2019-04-14T01:10:18.160Z","area":5.7008,"condicao":"Aguardando análise","uf":"RS","municipio":"Ijuí","cod_municipio_ibge":4310207,"m_fiscal":0.285,"tipo_imovel":"IRU"}},{"type":"Feature","id":"sicar_imoveis_rs.3185673","geometry":{"type":"MultiPolygon","coordinates":[[[[-53.87997866,-28.44344964],[-53.88454914,-28.44437414],[-53.88439894,-28.44490243],[-53.88222098,-28.44446848],[-53.88197422,-28.44501563],[-53.87972116,-28.44456282],[-53.87997866,-28.44344964]]]]},"geometry_name":"geo_area_imovel","properties":{"cod_imovel":"RS-4310207-03A5934F8EF84F1DBE1B54014A77ABFC","status_imovel":"AT","dat_criacao":"2016-05-26T06:38:03.776Z","area":4.2943,"condicao":"Aguardando análise","uf":"RS","municipio":"Ijuí","cod_municipio_ibge":4310207,"m_fiscal":0.2147,"tipo_imovel":"IRU"}},{"type":"Feature","id":"sicar_imoveis_rs.2278165","geometry":{"type":"MultiPolygon","coordinates":[[[[-53.95528929,-28.24941595],[-53.95044065,-28.24938316],[-53.94551443,-28.24938034],[-53.94500791,-28.24942783],[-53.94495974,-28.25273303],[-53.9446098,-28.2539126],[-53.95254293,-28.25384232],[-53.95248852,-28.25165624],[-53.95530969,-28.25158787],[-53.95528929,-28.24941595]]]]},"geometry_name":"geo_area_imovel","properties":{"cod_imovel":"RS-4310207-03F20568A2344BE495147E6746581B79","status_imovel":"AT","dat_criacao":"2016-03-25T02:48:47.218Z","area":43.7972,"condicao":"Aguardando análise","uf":"RS","municipio":"Ijuí","cod_municipio_ibge":4310207,"m_fiscal":2.1899,"tipo_imovel":"IRU"}},{"type":"Feature","id":"sicar_imoveis_rs.3185650","geometry":{"type":"MultiPolygon","coordinates":[[[[-53.84811401,-28.40950163],[-53.84801745,-28.41182304],[-53.84889722,-28.41135121],[-53.84988427,-28.41103037],[-53.85097861,-28.41059628],[-53.85161161,-28.4103698],[-53.85214806,-28.40997346],[-53.85195494,-28.40950163],[-53.84811401,-28.40950163]]]]},"geometry_name":"geo_area_imovel","properties":{"cod_imovel":"RS-4310207-03F2BDC5FF994640B2F00398CD1D966D","status_imovel":"AT","dat_criacao":"2016-05-26T06:35:56.366Z","area":6.2626,"condicao":"Aguardando análise","uf":"RS","municipio":"Ijuí","cod_municipio_ibge":4310207,"m_fiscal":0.3131,"tipo_imovel":"IRU"}},{"type":"Feature","id":"sicar_imoveis_rs.2274884","geometry":{"type":"MultiPolygon","coordinates":[[[[-53.94463062,-28.26534221],[-53.94458771,-28.26456734],[-53.93973827,-28.26477523],[-53.93973827,-28.2654934],[-53.94463062,-28.26534221]]]]},"geometry_name":"geo_area_imovel","properties":{"cod_imovel":"RS-4310207-03F89A2211A6404E87EE7C1093F48B81","status_imovel":"AT","dat_criacao":"2016-03-25T00:33:51.669Z","area":3.9632,"condicao":"Aguardando análise","uf":"RS","municipio":"Ijuí","cod_municipio_ibge":4310207,"m_fiscal":0.1982,"tipo_imovel":"IRU"}},{"type":"Feature","id":"sicar_imoveis_rs.13802222","geometry":{"type":"MultiPolygon","coordinates":[[[[-53.9650922,-28.27896608],[-53.96407786,-28.27900596],[-53.9633286,-28.27901974],[-53.96273726,-28.27912328],[-53.9611771,-28.27911321],[-53.9590453,-28.27911827],[-53.9559834,-28.2790775],[-53.9548644,-28.27909556],[-53.95401111,-28.27903274],[-53.95253962,-28.27904024],[-53.95094435,-28.27903468],[-53.95026969,-28.27903071],[-53.94944241,-28.27905855],[-53.9494633,-28.27999883],[-53.94945101,-28.28132847],[-53.95534764,-28.28135919],[-53.9580553,-28.2813602],[-53.96080521,-28.28139906],[-53.96494718,-28.281379],[-53.9650922,-28.27896608]]]]},"geometry_name":"geo_area_imovel","properties":{"cod_imovel":"RS-4310207-040BA7188525469191558E1A62D4E52A","status_imovel":"AT","dat_criacao":"2025-02-04T17:56:56.510Z","area":38.8832,"condicao":"Aguardando análise","uf":"RS","municipio":"Ijuí","cod_municipio_ibge":4310207,"m_fiscal":1.9442,"tipo_imovel":"IRU"}},{"type":"Feature","id":"sicar_imoveis_rs.457611","geometry":{"type":"MultiPolygon","coordinates":[[[[-53.96384032,-28.35293518],[-53.96615436,-28.35296739],[-53.97005796,-28.35301701],[-53.9721179,-28.35305478],[-53.97414578,-28.35307901],[-53.9739418,-28.35601946],[-53.97226934,-28.35586395],[-53.97096767,-28.35584847],[-53.96938296,-28.35582832],[-53.96796795,-28.35581869],[-53.96696902,-28.35580121],[-53.96642071,-28.35579302],[-53.96575047,-28.35577775],[-53.96527224,-28.35578908],[-53.96478235,-28.35577447],[-53.9637881,-28.35574902],[-53.9637761,-28.35652049],[-53.96375963,-28.35694527],[-53.96376038,-28.35696828],[-53.96304181,-28.35697666],[-53.96274581,-28.35697086],[-53.96159428,-28.35697282],[-53.96073251,-28.35697905],[-53.96012657,-28.35698466],[-53.95960529,-28.35700249],[-53.9590515,-28.3569903],[-53.95814368,-28.35484553],[-53.95827197,-28.35471575],[-53.95847323,-28.35450089],[-53.95873366,-28.35420877],[-53.95895773,-28.35401067],[-53.95903595,-28.35388411],[-53.95908958,-28.35373558],[-53.95915908,-28.35367341],[-53.95929795,-28.35359051],[-53.95936999,-28.35357366],[-53.95944695,-28.35349427],[-53.9594211,-28.35328495],[-53.95949608,-28.35326973],[-53.95957292,-28.35324644],[-53.95974224,-28.35322779],[-53.95990645,-28.35318466],[-53.95996603,-28.35315625],[-53.96006811,-28.35310443],[-53.96012196,-28.35308769],[-53.96025071,-28.35305423],[-53.96026244,-28.35305448],[-53.96042118,-28.35301039],[-53.96043059,-28.35299863],[-53.96044347,-28.35299091],[-53.96057934,-28.35287523],[-53.96078515,-28.3527263],[-53.96092916,-28.35270694],[-53.96134611,-28.35258662],[-53.96145449,-28.35252555],[-53.96177297,-28.35255389],[-53.96177611,-28.35255737],[-53.96199762,-28.35253426],[-53.96227666,-28.35237602],[-53.96236596,-28.35226922],[-53.9624011,-28.35214038],[-53.96238223,-28.35202821],[-53.96239445,-28.3518744],[-53.96244075,-28.35170546],[-53.96258943,-28.35151908],[-53.96275374,-28.35151971],[-53.96286472,-28.35151648],[-53.96308971,-28.35151775],[-53.96338412,-28.3515948],[-53.96353111,-28.35162269],[-53.96389187,-28.35166966],[-53.96388001,-28.35185329],[-53.96384032,-28.35293518]]]]},"geometry_name":"geo_area_imovel","properties":{"cod_imovel":"RS-4310207-041B87E3552B4C72A040D7F154B14FDC","status_imovel":"AT","dat_criacao":"2014-12-16T21:19:18.371Z","area":56.2733,"condicao":"Aguardando análise","uf":"RS","municipio":"Ijuí","cod_municipio_ibge":4310207,"m_fiscal":2.8137,"tipo_imovel":"IRU"}},{"type":"Feature","id":"sicar_imoveis_rs.13423682","geometry":{"type":"MultiPolygon","coordinates":[[[[-53.92759323,-28.47044554],[-53.92720699,-28.47480272],[-53.92774343,-28.47517996],[-53.92832279,-28.47529313],[-53.92890215,-28.47585898],[-53.92984629,-28.47580239],[-53.93027544,-28.4761419],[-53.93130541,-28.47276562],[-53.93132687,-28.47053985],[-53.92759323,-28.47044554]]]]},"geometry_name":"geo_area_imovel","properties":{"cod_imovel":"RS-4310207-0439FDB8A19F449F9AF203C8184C6DBF","status_imovel":"AT","dat_criacao":"2024-10-21T19:10:22.518Z","area":20.4068,"condicao":"Aguardando análise","uf":"RS","municipio":"Ijuí","cod_municipio_ibge":4310207,"m_fiscal":1.0203,"tipo_imovel":"IRU"}},{"type":"Feature","id":"sicar_imoveis_rs.8808358","geometry":{"type":"MultiPolygon","coordinates":[[[[-53.90122175,-28.29359268],[-53.88772488,-28.29355489],[-53.88811111,-28.2932148],[-53.90124321,-28.29325259],[-53.90122175,-28.29359268]]]]},"geometry_name":"geo_area_imovel","properties":{"cod_imovel":"RS-4310207-0444EF2026F545BF965F65C73AA45266","status_imovel":"AT","dat_criacao":"2020-12-07T22:11:42.444Z","area":4.9371,"condicao":"Aguardando análise","uf":"RS","municipio":"Ijuí","cod_municipio_ibge":4310207,"m_fiscal":0.2469,"tipo_imovel":"IRU"}},{"type":"Feature","id":"sicar_imoveis_rs.14227970","geometry":{"type":"MultiPolygon","coordinates":[[[[-53.86459351,-28.3251412],[-53.86751175,-28.32519787],[-53.86736155,-28.33418842],[-53.86452913,-28.33415065],[-53.86459351,-28.3251412]]]]},"geometry_name":"geo_area_imovel","properties":{"cod_imovel":"RS-4310207-044DB26BEE9046039F5BBF0423A71C0A","status_imovel":"AT","dat_criacao":"2025-06-02T14:45:26.190Z","area":28.1609,"condicao":"Aguardando análise","uf":"RS","municipio":"Ijuí","cod_municipio_ibge":4310207,"m_fiscal":1.408,"tipo_imovel":"IRU"}},{"type":"Feature","id":"sicar_imoveis_rs.6927210","geometry":{"type":"MultiPolygon","coordinates":[[[[-53.97583008,-28.31571541],[-53.97583008,-28.31303297],[-53.97810459,-28.31303297],[-53.97806168,-28.31552651],[-53.97758961,-28.31552651],[-53.9767313,-28.3153376],[-53.97583008,-28.31571541]]]]},"geometry_name":"geo_area_imovel","properties":{"cod_imovel":"RS-4310207-045D845D82F04D8290962FEE9DA68199","status_imovel":"AT","dat_criacao":"2019-05-31T05:35:21.648Z","area":6.0261,"condicao":"Aguardando análise","uf":"RS","municipio":"Ijuí","cod_municipio_ibge":4310207,"m_fiscal":0.3013,"tipo_imovel":"IRU"}},{"type":"Feature","id":"sicar_imoveis_rs.13370885","geometry":{"type":"MultiPolygon","coordinates":[[[[-53.88319966,-28.25622156],[-53.87298221,-28.25611887],[-53.87309773,-28.25275452],[-53.88330211,-28.25275983],[-53.88319966,-28.25622156]]]]},"geometry_name":"geo_area_imovel","properties":{"cod_imovel":"RS-4310207-04631DA40ADA47F58FF4899709D12721","status_imovel":"AT","dat_criacao":"2024-10-08T19:33:48.300Z","area":37.9507,"condicao":"Aguardando análise","uf":"RS","municipio":"Ijuí","cod_municipio_ibge":4310207,"m_fiscal":1.8975,"tipo_imovel":"IRU"}},{"type":"Feature","id":"sicar_imoveis_rs.3187473","geometry":{"type":"MultiPolygon","coordinates":[[[[-53.91572714,-28.35688808],[-53.91600609,-28.35065654],[-53.9177227,-28.35073208],[-53.91761541,-28.35560403],[-53.91675711,-28.35592504],[-53.91572714,-28.35688808]]]]},"geometry_name":"geo_area_imovel","properties":{"cod_imovel":"RS-4310207-0466E79FBC464CCD86962485E504DF27","status_imovel":"AT","dat_criacao":"2016-05-26T09:44:49.290Z","area":10.489,"condicao":"Aguardando análise","uf":"RS","municipio":"Ijuí","cod_municipio_ibge":4310207,"m_fiscal":0.5245,"tipo_imovel":"IRU"}},{"type":"Feature","id":"sicar_imoveis_rs.3170562","geometry":{"type":"MultiPolygon","coordinates":[[[[-53.85489464,-28.15355194],[-53.85471225,-28.15302221],[-53.85466933,-28.15224653],[-53.8540256,-28.15109245],[-53.8538754,-28.15037351],[-53.85422945,-28.14955997],[-53.85505557,-28.14903022],[-53.85604262,-28.14887886],[-53.85705113,-28.14908698],[-53.858006,-28.14950321],[-53.85917544,-28.14984376],[-53.85937929,-28.14990052],[-53.85961533,-28.15328707],[-53.85489464,-28.15355194]]]]},"geometry_name":"geo_area_imovel","properties":{"cod_imovel":"RS-4310207-0469286065DF4BF7A15C5F5DBA08B375","status_imovel":"AT","dat_criacao":"2016-05-25T18:44:37.018Z","area":23.3175,"condicao":"Aguardando análise","uf":"RS","municipio":"Ijuí","cod_municipio_ibge":4310207,"m_fiscal":1.1659,"tipo_imovel":"IRU"}},{"type":"Feature","id":"sicar_imoveis_rs.2075832","geometry":{"type":"MultiPolygon","coordinates":[[[[-53.83197784,-28.30130121],[-53.82352352,-28.30116896],[-53.82375956,-28.29674795],[-53.83212805,-28.296918],[-53.83197784,-28.30130121]]]]},"geometry_name":"geo_area_imovel","properties":{"cod_imovel":"RS-4310207-046D488933934C6EAC98339F8CF1C91B","status_imovel":"AT","dat_criacao":"2016-02-26T10:04:36.804Z","area":40.3277,"condicao":"Aguardando análise","uf":"RS","municipio":"Ijuí","cod_municipio_ibge":4310207,"m_fiscal":2.0164,"tipo_imovel":"IRU"}},{"type":"Feature","id":"sicar_imoveis_rs.12076736","geometry":{"type":"MultiPolygon","coordinates":[[[[-53.87583733,-28.43105299],[-53.86757612,-28.43095864],[-53.8672328,-28.43124169],[-53.86721134,-28.4302982],[-53.86628866,-28.43071334],[-53.86560202,-28.43086429],[-53.86281252,-28.43056238],[-53.86244774,-28.43199647],[-53.86957169,-28.43244934],[-53.87592316,-28.43231725],[-53.87583733,-28.43105299]]]]},"geometry_name":"geo_area_imovel","properties":{"cod_imovel":"RS-4310207-046DC11927534FE5B84BC5661491FE89","status_imovel":"AT","dat_criacao":"2023-09-20T06:15:30.433Z","area":20.2835,"condicao":"Aguardando análise","uf":"RS","municipio":"Ijuí","cod_municipio_ibge":4310207,"m_fiscal":1.0142,"tipo_imovel":"IRU"}},{"type":"Feature","id":"sicar_imoveis_rs.2400145","geometry":{"type":"MultiPolygon","coordinates":[[[[-53.92214298,-28.47246382],[-53.92280817,-28.47276562],[-53.92362356,-28.47255813],[-53.92420292,-28.47306741],[-53.92478228,-28.473671],[-53.92594099,-28.46539023],[-53.9234519,-28.465145],[-53.92214298,-28.47246382]]]]},"geometry_name":"geo_area_imovel","properties":{"cod_imovel":"RS-4310207-048DAA4C7B194987856EEF394E40DDD0","status_imovel":"AT","dat_criacao":"2016-04-08T01:25:47.071Z","area":22.0507,"condicao":"Aguardando análise","uf":"RS","municipio":"Ijuí","cod_municipio_ibge":4310207,"m_fiscal":1.1025,"tipo_imovel":"IRU"}},{"type":"Feature","id":"sicar_imoveis_rs.9602058","geometry":{"type":"MultiPolygon","coordinates":[[[[-53.940431,-28.45814281],[-53.9403224,-28.45859608],[-53.9381218,-28.46730572],[-53.93854179,-28.46785652],[-53.93898913,-28.46844399],[-53.93957606,-28.46923219],[-53.93998957,-28.4697769],[-53.94475097,-28.46086845],[-53.94470067,-28.46085447],[-53.94451554,-28.46086624],[-53.94452924,-28.46059859],[-53.94434588,-28.46031004],[-53.94426701,-28.45988419],[-53.94425688,-28.45982434],[-53.9441899,-28.45995965],[-53.94408896,-28.46000765],[-53.94375553,-28.45980263],[-53.94361347,-28.45952726],[-53.94365808,-28.45931017],[-53.9433888,-28.45931699],[-53.94302701,-28.45903113],[-53.94305842,-28.45874658],[-53.94289044,-28.45864441],[-53.94272387,-28.45822128],[-53.94242194,-28.4581359],[-53.94239914,-28.45837389],[-53.9418304,-28.45853512],[-53.94138655,-28.4586104],[-53.94070262,-28.45837552],[-53.940431,-28.45814281]]]]},"geometry_name":"geo_area_imovel","properties":{"cod_imovel":"RS-4310207-0491AE5E1E904174AA175C2DCF4FEF91","status_imovel":"AT","dat_criacao":"2021-09-06T05:41:51.618Z","area":42.6985,"condicao":"Aguardando análise","uf":"RS","municipio":"Ijuí","cod_municipio_ibge":4310207,"m_fiscal":2.1349,"tipo_imovel":"IRU"}},{"type":"Feature","id":"sicar_imoveis_rs.6649135","geometry":{"type":"MultiPolygon","coordinates":[[[[-53.97502677,-28.41733658],[-53.97759522,-28.41733128],[-53.97747766,-28.41958306],[-53.97608047,-28.4195593],[-53.9737705,-28.41950728],[-53.97249707,-28.41942915],[-53.97248551,-28.41928445],[-53.97254657,-28.41726764],[-53.97502677,-28.41733658]]]]},"geometry_name":"geo_area_imovel","properties":{"cod_imovel":"RS-4310207-049517F2A2464F87B134ECCA5804401A","status_imovel":"AT","dat_criacao":"2019-03-30T00:49:56.002Z","area":12.0699,"condicao":"Aguardando análise","uf":"RS","municipio":"Ijuí","cod_municipio_ibge":4310207,"m_fiscal":0.6035,"tipo_imovel":"IRU"}},{"type":"Feature","id":"sicar_imoveis_rs.12131994","geometry":{"type":"MultiPolygon","coordinates":[[[[-53.9030242,-28.29712582],[-53.90624285,-28.29723919],[-53.90619993,-28.29844836],[-53.90383959,-28.29844836],[-53.90379667,-28.29909073],[-53.90212297,-28.29910962],[-53.9030242,-28.29712582]]]]},"geometry_name":"geo_area_imovel","properties":{"cod_imovel":"RS-4310207-0495C405CF0446B88CA08C37FE5FE4A3","status_imovel":"AT","dat_criacao":"2023-10-04T04:55:14.223Z","area":5.9329,"condicao":"Aguardando análise","uf":"RS","municipio":"Ijuí","cod_municipio_ibge":4310207,"m_fiscal":0.2966,"tipo_imovel":"IRU"}},{"type":"Feature","id":"sicar_imoveis_rs.12249751","geometry":{"type":"MultiPolygon","coordinates":[[[[-53.90059948,-28.49409665],[-53.89993429,-28.49381377],[-53.90255213,-28.48923107],[-53.90549183,-28.48926878],[-53.905406,-28.48970255],[-53.9038825,-28.48968369],[-53.90330315,-28.48974027],[-53.90308857,-28.49007973],[-53.90059948,-28.49409665]]]]},"geometry_name":"geo_area_imovel","properties":{"cod_imovel":"RS-4310207-049BC8CA27A64B3C843A686C110973D1","status_imovel":"AT","dat_criacao":"2023-11-08T06:12:35.836Z","area":5.8127,"condicao":"Aguardando análise","uf":"RS","municipio":"Ijuí","cod_municipio_ibge":4310207,"m_fiscal":0.2906,"tipo_imovel":"IRU"}},{"type":"Feature","id":"sicar_imoveis_rs.3188142","geometry":{"type":"MultiPolygon","coordinates":[[[[-53.87789726,-28.36706546],[-53.88411999,-28.36712211],[-53.88362646,-28.3664235],[-53.87785435,-28.36644239],[-53.87789726,-28.36706546]]]]},"geometry_name":"geo_area_imovel","properties":{"cod_imovel":"RS-4310207-04A61235FC9D4F46BF6E792348FE453F","status_imovel":"AT","dat_criacao":"2016-05-26T10:52:30.397Z","area":4.3053,"condicao":"Aguardando análise","uf":"RS","municipio":"Ijuí","cod_municipio_ibge":4310207,"m_fiscal":0.2153,"tipo_imovel":"IRU"}},{"type":"Feature","id":"sicar_imoveis_rs.8475653","geometry":{"type":"MultiPolygon","coordinates":[[[[-53.88021469,-28.52158865],[-53.87944221,-28.52204113],[-53.87560129,-28.51659235],[-53.87633085,-28.51621526],[-53.88021469,-28.52158865]]]]},"geometry_name":"geo_area_imovel","properties":{"cod_imovel":"RS-4310207-04A8B49F13634C9E9725138843A15033","status_imovel":"AT","dat_criacao":"2020-08-25T01:06:50.070Z","area":6.1538,"condicao":"Aguardando análise","uf":"RS","municipio":"Ijuí","cod_municipio_ibge":4310207,"m_fiscal":0.3077,"tipo_imovel":"IRU"}},{"type":"Feature","id":"sicar_imoveis_rs.7139269","geometry":{"type":"MultiPolygon","coordinates":[[[[-53.86920691,-28.2653989],[-53.86888504,-28.26615487],[-53.86862755,-28.26657064],[-53.86839151,-28.26683523],[-53.8677907,-28.26713761],[-53.86744738,-28.2672132],[-53.86716843,-28.2672888],[-53.86620283,-28.26536111],[-53.86920691,-28.2653989]]]]},"geometry_name":"geo_area_imovel","properties":{"cod_imovel":"RS-4310207-04B081EC84F944E697095F7BAE5DFE86","status_imovel":"AT","dat_criacao":"2019-07-20T01:10:56.552Z","area":4.0377,"condicao":"Aguardando análise","uf":"RS","municipio":"Ijuí","cod_municipio_ibge":4310207,"m_fiscal":0.2019,"tipo_imovel":"IRU"}},{"type":"Feature","id":"sicar_imoveis_rs.2490307","geometry":{"type":"MultiPolygon","coordinates":[[[[-53.78663778,-28.4770284],[-53.78093004,-28.47704726],[-53.78077984,-28.47744335],[-53.78071547,-28.47774513],[-53.78084421,-28.47812236],[-53.78118753,-28.47865047],[-53.78142357,-28.47910314],[-53.7815094,-28.4795558],[-53.7815094,-28.479801],[-53.78734589,-28.47932947],[-53.78721714,-28.47893339],[-53.78708839,-28.47827325],[-53.78693819,-28.47770741],[-53.78663778,-28.4770284]]]]},"geometry_name":"geo_area_imovel","properties":{"cod_imovel":"RS-4310207-04D9701D904C4D4B96D09C404A928EEE","status_imovel":"AT","dat_criacao":"2016-04-14T07:46:19.776Z","area":16.4914,"condicao":"Aguardando análise","uf":"RS","municipio":"Ijuí","cod_municipio_ibge":4310207,"m_fiscal":0.8246,"tipo_imovel":"IRU"}},{"type":"Feature","id":"sicar_imoveis_rs.8960457","geometry":{"type":"MultiPolygon","coordinates":[[[[-53.89071114,-28.35199068],[-53.89267806,-28.35217708],[-53.89263488,-28.35286508],[-53.89264311,-28.35331321],[-53.89255694,-28.35430851],[-53.8925281,-28.35474397],[-53.89251841,-28.35531959],[-53.89126979,-28.35518709],[-53.89095249,-28.35447756],[-53.89083336,-28.35393696],[-53.89082271,-28.3534628],[-53.89082941,-28.35299866],[-53.89071114,-28.35199068]]]]},"geometry_name":"geo_area_imovel","properties":{"cod_imovel":"RS-4310207-04E4E2E8BB0747EBA341E2E17764FF38","status_imovel":"AT","dat_criacao":"2021-02-02T22:21:52.691Z","area":5.8731,"condicao":"Aguardando análise","uf":"RS","municipio":"Ijuí","cod_municipio_ibge":4310207,"m_fiscal":0.2937,"tipo_imovel":"IRU"}},{"type":"Feature","id":"sicar_imoveis_rs.11315251","geometry":{"type":"MultiPolygon","coordinates":[[[[-53.78698111,-28.46103266],[-53.793118,-28.46088174],[-53.79337549,-28.46131562],[-53.79369736,-28.46173064],[-53.79427671,-28.46271157],[-53.79453421,-28.46331522],[-53.79487753,-28.46391886],[-53.78702402,-28.46416409],[-53.78687382,-28.46239088],[-53.78698111,-28.46103266]]]]},"geometry_name":"geo_area_imovel","properties":{"cod_imovel":"RS-4310207-04F37BD0ED5C469E80311ADB5B7995EE","status_imovel":"AT","dat_criacao":"2023-02-16T20:32:08.801Z","area":24.0092,"condicao":"Aguardando análise","uf":"RS","municipio":"Ijuí","cod_municipio_ibge":4310207,"m_fiscal":1.2005,"tipo_imovel":"IRU"}},{"type":"Feature","id":"sicar_imoveis_rs.6726524","geometry":{"type":"MultiPolygon","coordinates":[[[[-53.85974407,-28.2698779],[-53.85757685,-28.26982121],[-53.8575983,-28.27182442],[-53.85766268,-28.27573623],[-53.85807037,-28.27575513],[-53.85854244,-28.27562284],[-53.85892868,-28.27550946],[-53.85925055,-28.27541497],[-53.85950804,-28.27528269],[-53.85961533,-28.2752449],[-53.85972261,-28.27515041],[-53.85970116,-28.27501813],[-53.85972261,-28.27481026],[-53.85970116,-28.27460238],[-53.85970116,-28.27418664],[-53.85970116,-28.27375199],[-53.85974407,-28.2698779]]]]},"geometry_name":"geo_area_imovel","properties":{"cod_imovel":"RS-4310207-04FA4BF9160C4107917251B10AF1DADA","status_imovel":"AT","dat_criacao":"2019-04-14T01:14:19.384Z","area":13.0585,"condicao":"Aguardando análise","uf":"RS","municipio":"Ijuí","cod_municipio_ibge":4310207,"m_fiscal":0.6529,"tipo_imovel":"IRU"}},{"type":"Feature","id":"sicar_imoveis_rs.2533334","geometry":{"type":"MultiPolygon","coordinates":[[[[-53.84043217,-28.14163235],[-53.83959532,-28.14462183],[-53.83802891,-28.14524621],[-53.8375783,-28.1459841],[-53.83699894,-28.14655171],[-53.83706331,-28.14730851],[-53.83639812,-28.14787611],[-53.83566856,-28.14819775],[-53.83551836,-28.14868966],[-53.83526087,-28.14914374],[-53.83461714,-28.14923834],[-53.83386612,-28.14974917],[-53.83305073,-28.15029783],[-53.83247137,-28.15052487],[-53.83161306,-28.14740311],[-53.82860899,-28.14834911],[-53.82875919,-28.14802747],[-53.82955313,-28.14781935],[-53.82989645,-28.14757339],[-53.82996082,-28.14723283],[-53.82957458,-28.14689227],[-53.82933855,-28.14649494],[-53.82951021,-28.14609762],[-53.84043217,-28.14163235]]]]},"geometry_name":"geo_area_imovel","properties":{"cod_imovel":"RS-4310207-05004171A94C4B55BE9215D77F2F7849","status_imovel":"AT","dat_criacao":"2016-04-16T06:30:12.553Z","area":43.0669,"condicao":"Aguardando análise","uf":"RS","municipio":"Ijuí","cod_municipio_ibge":4310207,"m_fiscal":2.1533,"tipo_imovel":"IRU"}},{"type":"Feature","id":"sicar_imoveis_rs.2735860","geometry":{"type":"MultiPolygon","coordinates":[[[[-53.83217096,-28.29705025],[-53.82212877,-28.29655902],[-53.82225752,-28.29423508],[-53.83223534,-28.29474522],[-53.83217096,-28.29705025]]]]},"geometry_name":"geo_area_imovel","properties":{"cod_imovel":"RS-4310207-05215932C3B74F4FBE7086B5129829B6","status_imovel":"AT","dat_criacao":"2016-04-29T12:12:32.184Z","area":25.2662,"condicao":"Aguardando análise","uf":"RS","municipio":"Ijuí","cod_municipio_ibge":4310207,"m_fiscal":1.2633,"tipo_imovel":"IRU"}},{"type":"Feature","id":"sicar_imoveis_rs.6615268","geometry":{"type":"MultiPolygon","coordinates":[[[[-53.93186331,-28.43263803],[-53.93179893,-28.43503442],[-53.9290309,-28.43490233],[-53.92779708,-28.4348646],[-53.92658472,-28.43480799],[-53.92654181,-28.43261916],[-53.93186331,-28.43263803]]]]},"geometry_name":"geo_area_imovel","properties":{"cod_imovel":"RS-4310207-05294B86C62940EDAE8A60B4B676AA54","status_imovel":"AT","dat_criacao":"2019-03-22T00:47:39.203Z","area":13.1092,"condicao":"Aguardando análise","uf":"RS","municipio":"Ijuí","cod_municipio_ibge":4310207,"m_fiscal":0.6555,"tipo_imovel":"IRU"}},{"type":"Feature","id":"sicar_imoveis_rs.2275118","geometry":{"type":"MultiPolygon","coordinates":[[[[-53.86480808,-28.12297458],[-53.86343479,-28.12725139],[-53.85931492,-28.1271],[-53.86103153,-28.12149847],[-53.86991501,-28.12225545],[-53.86957169,-28.12339091],[-53.86480808,-28.12297458]]]]},"geometry_name":"geo_area_imovel","properties":{"cod_imovel":"RS-4310207-05353A3B27444BBFA6D1D4044A2DBDF9","status_imovel":"AT","dat_criacao":"2016-03-25T00:54:30.045Z","area":31.2421,"condicao":"Aguardando análise","uf":"RS","municipio":"Ijuí","cod_municipio_ibge":4310207,"m_fiscal":1.5621,"tipo_imovel":"IRU"}},{"type":"Feature","id":"sicar_imoveis_rs.3026795","geometry":{"type":"MultiPolygon","coordinates":[[[[-53.88894796,-28.45865573],[-53.88682365,-28.46244747],[-53.88354063,-28.46150426],[-53.88495684,-28.45914621],[-53.8863945,-28.45956123],[-53.88718843,-28.45803319],[-53.88894796,-28.45865573]]]]},"geometry_name":"geo_area_imovel","properties":{"cod_imovel":"RS-4310207-0543E97F0F8242338518C15F13021A9C","status_imovel":"AT","dat_criacao":"2016-05-19T03:58:29.562Z","area":13.0353,"condicao":"Aguardando análise","uf":"RS","municipio":"Ijuí","cod_municipio_ibge":4310207,"m_fiscal":0.6518,"tipo_imovel":"IRU"}},{"type":"Feature","id":"sicar_imoveis_rs.8309297","geometry":{"type":"MultiPolygon","coordinates":[[[[-53.88405561,-28.38577496],[-53.8827467,-28.38592598],[-53.88278961,-28.38237691],[-53.88409853,-28.38296214],[-53.88405561,-28.38577496]]]]},"geometry_name":"geo_area_imovel","properties":{"cod_imovel":"RS-4310207-054C67D86F0045FAAF0232A8AF114066","status_imovel":"AT","dat_criacao":"2020-07-02T01:34:57.714Z","area":4.538,"condicao":"Aguardando análise","uf":"RS","municipio":"Ijuí","cod_municipio_ibge":4310207,"m_fiscal":0.2269,"tipo_imovel":"IRU"}},{"type":"Feature","id":"sicar_imoveis_rs.2497151","geometry":{"type":"MultiPolygon","coordinates":[[[[-53.91967535,-28.35569845],[-53.91982555,-28.35069431],[-53.91782999,-28.35065654],[-53.91776562,-28.3556418],[-53.9182806,-28.35560403],[-53.91862392,-28.35560403],[-53.91903162,-28.35558515],[-53.91967535,-28.35569845]]]]},"geometry_name":"geo_area_imovel","properties":{"cod_imovel":"RS-4310207-0554F97B6A294A1A8CC4A788C896F73C","status_imovel":"AT","dat_criacao":"2016-04-14T13:49:04.070Z","area":10.5107,"condicao":"Aguardando análise","uf":"RS","municipio":"Ijuí","cod_municipio_ibge":4310207,"m_fiscal":0.5255,"tipo_imovel":"IRU"}},{"type":"Feature","id":"sicar_imoveis_rs.2109208","geometry":{"type":"MultiPolygon","coordinates":[[[[-53.95915747,-28.34910804],[-53.95920038,-28.3537157],[-53.95977974,-28.3536024],[-53.96001577,-28.35339469],[-53.9603591,-28.35330027],[-53.96059513,-28.35318697],[-53.960917,-28.35286595],[-53.96130323,-28.35277153],[-53.96171093,-28.35263934],[-53.96183968,-28.34907027],[-53.95915747,-28.34910804]]]]},"geometry_name":"geo_area_imovel","properties":{"cod_imovel":"RS-4310207-05618F0581FD4E879E2E1F4641C904C5","status_imovel":"AT","dat_criacao":"2016-03-02T03:09:12.186Z","area":11.5757,"condicao":"Aguardando análise","uf":"RS","municipio":"Ijuí","cod_municipio_ibge":4310207,"m_fiscal":0.5788,"tipo_imovel":"IRU"}},{"type":"Feature","id":"sicar_imoveis_rs.7297129","geometry":{"type":"MultiPolygon","coordinates":[[[[-53.97344828,-28.39925281],[-53.97344828,-28.40151783],[-53.97864103,-28.40155558],[-53.97861958,-28.39936606],[-53.97344828,-28.39925281]]]]},"geometry_name":"geo_area_imovel","properties":{"cod_imovel":"RS-4310207-056C3220E5A04868BDE8D3BD2D6DA56D","status_imovel":"AT","dat_criacao":"2019-08-20T03:54:19.504Z","area":12.5503,"condicao":"Aguardando análise","uf":"RS","municipio":"Ijuí","cod_municipio_ibge":4310207,"m_fiscal":0.6275,"tipo_imovel":"IRU"}},{"type":"Feature","id":"sicar_imoveis_rs.2541755","geometry":{"type":"MultiPolygon","coordinates":[[[[-53.89403343,-28.33683256],[-53.89405489,-28.33908002],[-53.89281034,-28.33900448],[-53.89278889,-28.33790908],[-53.89281034,-28.33681367],[-53.89403343,-28.33683256]]]]},"geometry_name":"geo_area_imovel","properties":{"cod_imovel":"RS-4310207-056D6EF408D142609A4F40481AF14670","status_imovel":"AT","dat_criacao":"2016-04-18T01:29:14.952Z","area":3.0039,"condicao":"Aguardando análise","uf":"RS","municipio":"Ijuí","cod_municipio_ibge":4310207,"m_fiscal":0.1502,"tipo_imovel":"IRU"}},{"type":"Feature","id":"sicar_imoveis_rs.3012760","geometry":{"type":"MultiPolygon","coordinates":[[[[-53.84320021,-28.27004799],[-53.84309292,-28.26938655],[-53.84242773,-28.26838492],[-53.84171963,-28.26776127],[-53.84032488,-28.26674073],[-53.83910179,-28.26611707],[-53.83800745,-28.26568239],[-53.83764267,-28.2655501],[-53.83742809,-28.26572019],[-53.83740664,-28.26984011],[-53.84320021,-28.27004799]]]]},"geometry_name":"geo_area_imovel","properties":{"cod_imovel":"RS-4310207-058FACB21B644B75AA8B1B994FDA4DA9","status_imovel":"AT","dat_criacao":"2016-05-18T19:06:42.206Z","area":18.5977,"condicao":"Aguardando análise","uf":"RS","municipio":"Ijuí","cod_municipio_ibge":4310207,"m_fiscal":0.9299,"tipo_imovel":"IRU"}},{"type":"Feature","id":"sicar_imoveis_rs.2082123","geometry":{"type":"MultiPolygon","coordinates":[[[[-53.95487044,-28.26527356],[-53.9548493,-28.26679759],[-53.95813875,-28.26692593],[-53.95995666,-28.26698298],[-53.960056,-28.26541376],[-53.95487044,-28.26527356]]]]},"geometry_name":"geo_area_imovel","properties":{"cod_imovel":"RS-4310207-05BC29658A0F40FC84A1DBB721164AC6","status_imovel":"AT","dat_criacao":"2016-02-27T09:20:26.219Z","area":8.7018,"condicao":"Aguardando análise","uf":"RS","municipio":"Ijuí","cod_municipio_ibge":4310207,"m_fiscal":0.4351,"tipo_imovel":"IRU"}},{"type":"Feature","id":"sicar_imoveis_rs.2496938","geometry":{"type":"MultiPolygon","coordinates":[[[[-53.86161089,-28.33860787],[-53.86158943,-28.33953329],[-53.85937929,-28.33945774],[-53.85931492,-28.34302713],[-53.85676146,-28.34298936],[-53.85678291,-28.34023207],[-53.85843515,-28.34032649],[-53.85849953,-28.33841901],[-53.86161089,-28.33860787]]]]},"geometry_name":"geo_area_imovel","properties":{"cod_imovel":"RS-4310207-05C9786C286C4682913CC4076AE8BB39","status_imovel":"AT","dat_criacao":"2016-04-14T13:41:32.408Z","area":11.7449,"condicao":"Aguardando análise","uf":"RS","municipio":"Ijuí","cod_municipio_ibge":4310207,"m_fiscal":0.5872,"tipo_imovel":"IRU"}},{"type":"Feature","id":"sicar_imoveis_rs.15521886","geometry":{"type":"MultiPolygon","coordinates":[[[[-53.86323307,-28.47128911],[-53.86342461,-28.47171392],[-53.86395614,-28.47197109],[-53.86458361,-28.47163853],[-53.86465217,-28.47141876],[-53.86569608,-28.47180891],[-53.86654569,-28.47221731],[-53.86766599,-28.47256001],[-53.86761643,-28.4731977],[-53.86734559,-28.47359458],[-53.86750777,-28.47369062],[-53.86776339,-28.47355791],[-53.86784669,-28.47366159],[-53.86785768,-28.47387997],[-53.86456591,-28.48024286],[-53.86556995,-28.48073749],[-53.86611893,-28.48297803],[-53.86359257,-28.48293013],[-53.86333468,-28.4842943],[-53.86309632,-28.48396587],[-53.86299519,-28.48387578],[-53.86221476,-28.48388413],[-53.86203583,-28.48402411],[-53.8616034,-28.48402042],[-53.86151476,-28.48397016],[-53.86146116,-28.48397701],[-53.86129321,-28.48381828],[-53.86103339,-28.48362677],[-53.86090744,-28.48338796],[-53.86086322,-28.48318344],[-53.86087227,-28.4829201],[-53.86057455,-28.48264779],[-53.86042367,-28.48278997],[-53.86024589,-28.48274674],[-53.85995145,-28.4827011],[-53.85961556,-28.48260072],[-53.85956741,-28.48237522],[-53.85968665,-28.48227157],[-53.85987186,-28.48200665],[-53.85974385,-28.48187758],[-53.85912471,-28.48200702],[-53.85905447,-28.48188826],[-53.85913551,-28.48186383],[-53.85940594,-28.48179193],[-53.85926523,-28.48160055],[-53.85915158,-28.48158987],[-53.85898659,-28.48168289],[-53.85872461,-28.48188721],[-53.85861587,-28.48166321],[-53.85842323,-28.4817239],[-53.85805561,-28.48149598],[-53.85814574,-28.48133857],[-53.85829481,-28.48114818],[-53.85821252,-28.48104581],[-53.85803826,-28.48108063],[-53.85792657,-28.48089196],[-53.8573591,-28.48066395],[-53.85701936,-28.48040984],[-53.85681589,-28.48051208],[-53.85630485,-28.48023352],[-53.85601133,-28.48025696],[-53.85504962,-28.47905761],[-53.85510717,-28.47637668],[-53.85717861,-28.47725607],[-53.85964125,-28.47208177],[-53.86140585,-28.47394426],[-53.86159591,-28.47332366],[-53.86164799,-28.47260214],[-53.86239808,-28.47213507],[-53.86323307,-28.47128911]]]]},"geometry_name":"geo_area_imovel","properties":{"cod_imovel":"RS-4310207-05DBCEBAE56D4C6E9421A1EBC9C1C6D0","status_imovel":"AT","dat_criacao":"2026-04-24T18:23:05.736Z","area":105.2787,"condicao":"Aguardando análise","uf":"RS","municipio":"Ijuí","cod_municipio_ibge":4310207,"m_fiscal":5.2639,"tipo_imovel":"IRU"}},{"type":"Feature","id":"sicar_imoveis_rs.2161776","geometry":{"type":"MultiPolygon","coordinates":[[[[-53.83049726,-28.41965509],[-53.83157015,-28.41965509],[-53.83193493,-28.41563534],[-53.83277178,-28.41561647],[-53.83388758,-28.41031318],[-53.83356571,-28.41033206],[-53.83317947,-28.41193628],[-53.83264303,-28.41187966],[-53.83154869,-28.41567309],[-53.83066893,-28.41567309],[-53.83049726,-28.41965509]]]]},"geometry_name":"geo_area_imovel","properties":{"cod_imovel":"RS-4310207-0607FA5A53CB4B89812E651D2B72508A","status_imovel":"AT","dat_criacao":"2016-03-10T05:03:28.760Z","area":9.9568,"condicao":"Aguardando análise","uf":"RS","municipio":"Ijuí","cod_municipio_ibge":4310207,"m_fiscal":0.4978,"tipo_imovel":"IRU"}},{"type":"Feature","id":"sicar_imoveis_rs.11986824","geometry":{"type":"MultiPolygon","coordinates":[[[[-53.9687705,-28.37424003],[-53.97387743,-28.37427779],[-53.97392035,-28.37199331],[-53.96377087,-28.37182339],[-53.96372795,-28.37412675],[-53.9687705,-28.37424003]]]]},"geometry_name":"geo_area_imovel","properties":{"cod_imovel":"RS-4310207-060B75DE21AE497E9B1B836588C0E22F","status_imovel":"AT","dat_criacao":"2023-08-27T07:29:42.655Z","area":25.5426,"condicao":"Aguardando análise","uf":"RS","municipio":"Ijuí","cod_municipio_ibge":4310207,"m_fiscal":1.2771,"tipo_imovel":"IRU"}},{"type":"Feature","id":"sicar_imoveis_rs.6928957","geometry":{"type":"MultiPolygon","coordinates":[[[[-53.89132977,-28.45974988],[-53.89476299,-28.45363758],[-53.89551401,-28.45403376],[-53.89214516,-28.46014603],[-53.89132977,-28.45974988]]]]},"geometry_name":"geo_area_imovel","properties":{"cod_imovel":"RS-4310207-0633D0AF94124F738D70CBF0B21B46D3","status_imovel":"AT","dat_criacao":"2019-05-31T10:40:51.122Z","area":6.6668,"condicao":"Aguardando análise","uf":"RS","municipio":"Ijuí","cod_municipio_ibge":4310207,"m_fiscal":0.3333,"tipo_imovel":"IRU"}},{"type":"Feature","id":"sicar_imoveis_rs.8976152","geometry":{"type":"MultiPolygon","coordinates":[[[[-53.87800455,-28.29574659],[-53.87317657,-28.2957088],[-53.87326241,-28.29427287],[-53.8743782,-28.2938383],[-53.87525797,-28.29368715],[-53.87583733,-28.293536],[-53.87620211,-28.293536],[-53.87686729,-28.29364936],[-53.87800455,-28.29574659]]]]},"geometry_name":"geo_area_imovel","properties":{"cod_imovel":"RS-4310207-063819197C68466594549CA15E04F8C6","status_imovel":"AT","dat_criacao":"2021-02-08T22:20:30.931Z","area":9.0057,"condicao":"Aguardando análise","uf":"RS","municipio":"Ijuí","cod_municipio_ibge":4310207,"m_fiscal":0.4503,"tipo_imovel":"IRU"}},{"type":"Feature","id":"sicar_imoveis_rs.1563500","geometry":{"type":"MultiPolygon","coordinates":[[[[-53.96379232,-28.27745587],[-53.96945715,-28.27736138],[-53.96915674,-28.27688896],[-53.96892071,-28.27643543],[-53.96887779,-28.27605748],[-53.963449,-28.27611417],[-53.96379232,-28.27745587]]]]},"geometry_name":"geo_area_imovel","properties":{"cod_imovel":"RS-4310207-064CCC7B13534070A46C563DC32EDFCA","status_imovel":"AT","dat_criacao":"2015-10-17T02:59:50.943Z","area":7.9238,"condicao":"Aguardando análise","uf":"RS","municipio":"Ijuí","cod_municipio_ibge":4310207,"m_fiscal":0.3962,"tipo_imovel":"IRU"}},{"type":"Feature","id":"sicar_imoveis_rs.12933886","geometry":{"type":"MultiPolygon","coordinates":[[[[-53.8833046,-28.42850555],[-53.8792491,-28.42850555],[-53.87920618,-28.42861877],[-53.87905598,-28.42893957],[-53.87888432,-28.42943019],[-53.87864828,-28.43033594],[-53.87821913,-28.43148699],[-53.87901306,-28.43146812],[-53.87987137,-28.43148699],[-53.88075113,-28.43146812],[-53.88081551,-28.43360037],[-53.88077259,-28.43556275],[-53.88075113,-28.4386572],[-53.88281107,-28.43820436],[-53.8833046,-28.42850555]]]]},"geometry_name":"geo_area_imovel","properties":{"cod_imovel":"RS-4310207-0655D53A84684997A2774F8FB56ED7DA","status_imovel":"AT","dat_criacao":"2024-06-15T07:54:13.352Z","area":31.1531,"condicao":"Aguardando análise","uf":"RS","municipio":"Ijuí","cod_municipio_ibge":4310207,"m_fiscal":1.5577,"tipo_imovel":"IRU"}},{"type":"Feature","id":"sicar_imoveis_rs.14102380","geometry":{"type":"MultiPolygon","coordinates":[[[[-53.89433384,-28.21536116],[-53.8838625,-28.21520989],[-53.88390541,-28.21074751],[-53.88137341,-28.21070969],[-53.88124466,-28.21517208],[-53.881073,-28.21749774],[-53.89416218,-28.21759228],[-53.89433384,-28.21536116]]]]},"geometry_name":"geo_area_imovel","properties":{"cod_imovel":"RS-4310207-06589BA52A6644BBAB48236B905D7A13","status_imovel":"AT","dat_criacao":"2025-04-30T14:21:54.226Z","area":45.0278,"condicao":"Aguardando análise","uf":"RS","municipio":"Ijuí","cod_municipio_ibge":4310207,"m_fiscal":2.2514,"tipo_imovel":"IRU"}},{"type":"Feature","id":"sicar_imoveis_rs.4088779","geometry":{"type":"MultiPolygon","coordinates":[[[[-53.94688368,-28.4598442],[-53.9442873,-28.45988193],[-53.94536018,-28.46118357],[-53.9470768,-28.46052332],[-53.94688368,-28.4598442]]]]},"geometry_name":"geo_area_imovel","properties":{"cod_imovel":"RS-4310207-0663FEDACF8E47FF84640B71EB47F5B3","status_imovel":"AT","dat_criacao":"2017-03-30T00:03:01.901Z","area":2.5612,"condicao":"Aguardando análise","uf":"RS","municipio":"Ijuí","cod_municipio_ibge":4310207,"m_fiscal":0.1281,"tipo_imovel":"IRU"}},{"type":"Feature","id":"sicar_imoveis_rs.3530324","geometry":{"type":"MultiPolygon","coordinates":[[[[-53.87932205,-28.26255138],[-53.87522653,-28.26249493],[-53.87504081,-28.26233725],[-53.87491972,-28.26222356],[-53.87472521,-28.26202922],[-53.87626605,-28.26198225],[-53.87655061,-28.26224998],[-53.87660009,-28.26242314],[-53.87715262,-28.26243732],[-53.87731635,-28.2622349],[-53.87735028,-28.26175285],[-53.87783693,-28.26109995],[-53.87816046,-28.26110403],[-53.87857783,-28.26134161],[-53.87894594,-28.26152158],[-53.87941158,-28.26174753],[-53.87947909,-28.26187352],[-53.87948875,-28.2621066],[-53.87946755,-28.26237938],[-53.87932205,-28.26255138]]]]},"geometry_name":"geo_area_imovel","properties":{"cod_imovel":"RS-4310207-0664ED5FC8E946CEAAC052357C03E63C","status_imovel":"AT","dat_criacao":"2016-07-27T00:30:10.319Z","area":3.5781,"condicao":"Aguardando análise","uf":"RS","municipio":"Ijuí","cod_municipio_ibge":4310207,"m_fiscal":0.1789,"tipo_imovel":"IRU"}},{"type":"Feature","id":"sicar_imoveis_rs.2005825","geometry":{"type":"MultiPolygon","coordinates":[[[[-53.93965244,-28.2790432],[-53.93963099,-28.28132968],[-53.93460989,-28.28140527],[-53.93458843,-28.27911879],[-53.93965244,-28.2790432]]]]},"geometry_name":"geo_area_imovel","properties":{"cod_imovel":"RS-4310207-06827282B7724BF19708D3F269D46F2A","status_imovel":"AT","dat_criacao":"2016-02-05T02:41:18.785Z","area":12.5513,"condicao":"Aguardando análise","uf":"RS","municipio":"Ijuí","cod_municipio_ibge":4310207,"m_fiscal":0.6276,"tipo_imovel":"IRU"}},{"type":"Feature","id":"sicar_imoveis_rs.10520688","geometry":{"type":"MultiPolygon","coordinates":[[[[-53.8440156,-28.43239273],[-53.84058237,-28.43229838],[-53.83682728,-28.43131717],[-53.8370204,-28.42750543],[-53.84023905,-28.4275243],[-53.84148359,-28.42559951],[-53.84064674,-28.42558064],[-53.84101152,-28.42478807],[-53.84180546,-28.4247692],[-53.84427309,-28.42478807],[-53.8440156,-28.43239273]]]]},"geometry_name":"geo_area_imovel","properties":{"cod_imovel":"RS-4310207-0696D098C9D54FCEB24A571C00F8865F","status_imovel":"AT","dat_criacao":"2022-07-05T23:42:19.638Z","area":45.6153,"condicao":"Aguardando análise","uf":"RS","municipio":"Ijuí","cod_municipio_ibge":4310207,"m_fiscal":2.2808,"tipo_imovel":"IRU"}},{"type":"Feature","id":"sicar_imoveis_rs.3054110","geometry":{"type":"MultiPolygon","coordinates":[[[[-53.91335607,-28.32578341],[-53.92351627,-28.32593452],[-53.92356992,-28.32818221],[-53.91328096,-28.32803111],[-53.91335607,-28.32578341]]]]},"geometry_name":"geo_area_imovel","properties":{"cod_imovel":"RS-4310207-0697FD6755214E8AB1DD1C9335B2E81A","status_imovel":"AT","dat_criacao":"2016-05-19T20:26:44.720Z","area":25.0085,"condicao":"Aguardando análise","uf":"RS","municipio":"Ijuí","cod_municipio_ibge":4310207,"m_fiscal":1.2504,"tipo_imovel":"IRU"}},{"type":"Feature","id":"sicar_imoveis_rs.2348682","geometry":{"type":"MultiPolygon","coordinates":[[[[-53.8527961,-28.28608393],[-53.84768631,-28.2859156],[-53.84768991,-28.28367098],[-53.85282728,-28.28385635],[-53.8527961,-28.28608393]]]]},"geometry_name":"geo_area_imovel","properties":{"cod_imovel":"RS-4310207-06AC434CDF324B948600A66686FDF08E","status_imovel":"AT","dat_criacao":"2016-04-04T00:15:03.359Z","area":12.4734,"condicao":"Aguardando análise","uf":"RS","municipio":"Ijuí","cod_municipio_ibge":4310207,"m_fiscal":0.6237,"tipo_imovel":"IRU"}},{"type":"Feature","id":"sicar_imoveis_rs.12207085","geometry":{"type":"MultiPolygon","coordinates":[[[[-53.84109735,-28.34162961],[-53.84755611,-28.34172404],[-53.84785652,-28.34287605],[-53.84109735,-28.34280051],[-53.84109735,-28.34162961]]]]},"geometry_name":"geo_area_imovel","properties":{"cod_imovel":"RS-4310207-06AD642772534C8BA383DE036B157AD4","status_imovel":"AT","dat_criacao":"2023-10-25T06:41:57.285Z","area":8.3365,"condicao":"Aguardando análise","uf":"RS","municipio":"Ijuí","cod_municipio_ibge":4310207,"m_fiscal":0.4168,"tipo_imovel":"IRU"}},{"type":"Feature","id":"sicar_imoveis_rs.2538065","geometry":{"type":"MultiPolygon","coordinates":[[[[-53.88124466,-28.39912068],[-53.88120174,-28.4001777],[-53.88560057,-28.4001777],[-53.88557911,-28.39910181],[-53.88124466,-28.39912068]]]]},"geometry_name":"geo_area_imovel","properties":{"cod_imovel":"RS-4310207-06B787988E9545AB8AF53683C4BB174C","status_imovel":"AT","dat_criacao":"2016-04-17T04:23:49.755Z","area":5.0634,"condicao":"Aguardando análise","uf":"RS","municipio":"Ijuí","cod_municipio_ibge":4310207,"m_fiscal":0.2532,"tipo_imovel":"IRU"}},{"type":"Feature","id":"sicar_imoveis_rs.14164681","geometry":{"type":"MultiPolygon","coordinates":[[[[-53.83689165,-28.31078495],[-53.84197712,-28.31091719],[-53.84202003,-28.30865024],[-53.83197784,-28.30831019],[-53.83189201,-28.30944368],[-53.83693457,-28.30959481],[-53.83689165,-28.31078495]]]]},"geometry_name":"geo_area_imovel","properties":{"cod_imovel":"RS-4310207-06C06377CE3A44338F3A77EFD9505191","status_imovel":"AT","dat_criacao":"2025-05-15T12:11:12.427Z","area":18.7647,"condicao":"Aguardando análise","uf":"RS","municipio":"Ijuí","cod_municipio_ibge":4310207,"m_fiscal":0.9382,"tipo_imovel":"IRU"}},{"type":"Feature","id":"sicar_imoveis_rs.3247980","geometry":{"type":"MultiPolygon","coordinates":[[[[-53.89444377,-28.48879878],[-53.89457237,-28.48878775],[-53.89471021,-28.48882342],[-53.89484803,-28.48888913],[-53.89494696,-28.48901029],[-53.89508537,-28.48917413],[-53.8951309,-28.48931153],[-53.8951073,-28.48945433],[-53.89508213,-28.48969567],[-53.89525824,-28.48951281],[-53.89544295,-28.48930076],[-53.89575585,-28.4888121],[-53.89598907,-28.48841518],[-53.89630513,-28.48800882],[-53.89641801,-28.48790376],[-53.89653259,-28.48767099],[-53.89691068,-28.48681639],[-53.8971443,-28.48621087],[-53.89752295,-28.48575881],[-53.89826295,-28.48505262],[-53.89775315,-28.4848033],[-53.89731155,-28.48451031],[-53.89629826,-28.48422745],[-53.89511864,-28.48718815],[-53.89444377,-28.48879878]]]]},"geometry_name":"geo_area_imovel","properties":{"cod_imovel":"RS-4310207-06C2F529A8124245B5ED1CB559CF3BE9","status_imovel":"AT","dat_criacao":"2016-05-31T11:49:11.641Z","area":8.3967,"condicao":"Aguardando análise","uf":"RS","municipio":"Ijuí","cod_municipio_ibge":4310207,"m_fiscal":0.4198,"tipo_imovel":"IRU"}},{"type":"Feature","id":"sicar_imoveis_rs.13886612","geometry":{"type":"MultiPolygon","coordinates":[[[[-53.8399601,-28.45203399],[-53.84116173,-28.45184533],[-53.84176254,-28.45161894],[-53.84199858,-28.45093976],[-53.8423419,-28.45029831],[-53.84257793,-28.44980779],[-53.84283543,-28.44937386],[-53.84341478,-28.44865693],[-53.84412289,-28.44831734],[-53.84461641,-28.45003418],[-53.84551764,-28.44969459],[-53.8465476,-28.44946819],[-53.84744883,-28.44941159],[-53.84798527,-28.44980779],[-53.84884357,-28.45184533],[-53.84925127,-28.45299615],[-53.84786161,-28.45353569],[-53.84680914,-28.45384545],[-53.84548758,-28.45405034],[-53.8447939,-28.45425453],[-53.84410807,-28.45448208],[-53.84349125,-28.45470486],[-53.84314761,-28.45489769],[-53.84281397,-28.45524115],[-53.84247065,-28.45580711],[-53.84176254,-28.45620328],[-53.84055471,-28.45648136],[-53.83946657,-28.45650512],[-53.8399601,-28.45203399]]]]},"geometry_name":"geo_area_imovel","properties":{"cod_imovel":"RS-4310207-06C9A849155F4A6FA372FA24D85B6068","status_imovel":"AT","dat_criacao":"2025-02-27T16:48:06.552Z","area":45.953,"condicao":"Aguardando análise","uf":"RS","municipio":"Ijuí","cod_municipio_ibge":4310207,"m_fiscal":2.2977,"tipo_imovel":"IRU"}},{"type":"Feature","id":"sicar_imoveis_rs.2220257","geometry":{"type":"MultiPolygon","coordinates":[[[[-53.88285398,-28.4382987],[-53.88285398,-28.43684582],[-53.88278961,-28.4354684],[-53.8827467,-28.43371358],[-53.88272524,-28.43193986],[-53.88672638,-28.43195343],[-53.88686657,-28.43209082],[-53.88617992,-28.43258142],[-53.8858366,-28.43326072],[-53.8854599,-28.43352127],[-53.88545036,-28.43386453],[-53.88523579,-28.43397775],[-53.88519287,-28.43454382],[-53.88484955,-28.43519211],[-53.88480663,-28.43582691],[-53.88451004,-28.43616486],[-53.88417435,-28.43715096],[-53.88388443,-28.43768883],[-53.88340378,-28.43807602],[-53.88285398,-28.4382987]]]]},"geometry_name":"geo_area_imovel","properties":{"cod_imovel":"RS-4310207-06E96111CE374DB39E51F79EA140FFD9","status_imovel":"AT","dat_criacao":"2016-03-18T02:27:02.973Z","area":15.0957,"condicao":"Aguardando análise","uf":"RS","municipio":"Ijuí","cod_municipio_ibge":4310207,"m_fiscal":0.7548,"tipo_imovel":"IRU"}},{"type":"Feature","id":"sicar_imoveis_rs.1878603","geometry":{"type":"MultiPolygon","coordinates":[[[[-53.905406,-28.34593544],[-53.90544891,-28.34924023],[-53.90727282,-28.34920246],[-53.90725136,-28.34595432],[-53.905406,-28.34593544]]]]},"geometry_name":"geo_area_imovel","properties":{"cod_imovel":"RS-4310207-06EF7F4C77E54FABAFC1CAD99A30FB3F","status_imovel":"AT","dat_criacao":"2015-12-21T23:41:35.220Z","area":6.5397,"condicao":"Aguardando análise","uf":"RS","municipio":"Ijuí","cod_municipio_ibge":4310207,"m_fiscal":0.327,"tipo_imovel":"IRU"}},{"type":"Feature","id":"sicar_imoveis_rs.3239835","geometry":{"type":"MultiPolygon","coordinates":[[[[-53.83069038,-28.34234726],[-53.82047653,-28.3421584],[-53.82064819,-28.33992989],[-53.83086205,-28.34008098],[-53.83069038,-28.34234726]]]]},"geometry_name":"geo_area_imovel","properties":{"cod_imovel":"RS-4310207-06F3F6CA6DC2462996FA6639262DE2FE","status_imovel":"AT","dat_criacao":"2016-05-31T02:19:43.142Z","area":25.0025,"condicao":"Aguardando análise","uf":"RS","municipio":"Ijuí","cod_municipio_ibge":4310207,"m_fiscal":1.2501,"tipo_imovel":"IRU"}},{"type":"Feature","id":"sicar_imoveis_rs.2227823","geometry":{"type":"MultiPolygon","coordinates":[[[[-53.96248341,-28.43305316],[-53.96744013,-28.4331475],[-53.96746159,-28.42944906],[-53.96261215,-28.42939245],[-53.96248341,-28.43305316]]]]},"geometry_name":"geo_area_imovel","properties":{"cod_imovel":"RS-4310207-0720AF95D3D044ADAD32215431A590E3","status_imovel":"AT","dat_criacao":"2016-03-19T01:27:56.696Z","area":19.6194,"condicao":"Aguardando análise","uf":"RS","municipio":"Ijuí","cod_municipio_ibge":4310207,"m_fiscal":0.981,"tipo_imovel":"IRU"}},{"type":"Feature","id":"sicar_imoveis_rs.12883188","geometry":{"type":"MultiPolygon","coordinates":[[[[-53.96398925,-28.39488488],[-53.96394724,-28.39552739],[-53.96391523,-28.39677319],[-53.96381378,-28.39694999],[-53.96376376,-28.39683404],[-53.96367957,-28.39683935],[-53.96359053,-28.39689441],[-53.96347561,-28.39690833],[-53.96338463,-28.3970255],[-53.96340645,-28.39694826],[-53.96328688,-28.39699559],[-53.96312365,-28.39706247],[-53.96304043,-28.39501642],[-53.96304667,-28.39469965],[-53.96303531,-28.39405447],[-53.96434838,-28.3940384],[-53.96440401,-28.39433483],[-53.96400349,-28.39433973],[-53.96398925,-28.39488488]]]]},"geometry_name":"geo_area_imovel","properties":{"cod_imovel":"RS-4310207-0722B758E51842D39E2A5E4D10BF5EAE","status_imovel":"AT","dat_criacao":"2024-05-30T08:06:04.051Z","area":2.9119,"condicao":"Aguardando análise","uf":"RS","municipio":"Ijuí","cod_municipio_ibge":4310207,"m_fiscal":0.1456,"tipo_imovel":"IRU"}},{"type":"Feature","id":"sicar_imoveis_rs.2081867","geometry":{"type":"MultiPolygon","coordinates":[[[[-53.95481717,-28.26077706],[-53.95481674,-28.26021962],[-53.95477463,-28.25935477],[-53.95479988,-28.25859405],[-53.95622467,-28.25855834],[-53.95786209,-28.25858106],[-53.95946002,-28.25865313],[-53.96070956,-28.2586724],[-53.96085214,-28.25993604],[-53.96016342,-28.25991568],[-53.96011582,-28.26086575],[-53.95481717,-28.26077706]]]]},"geometry_name":"geo_area_imovel","properties":{"cod_imovel":"RS-4310207-0723D94F965B4C74B807FDEA64AE16A5","status_imovel":"AT","dat_criacao":"2016-02-27T08:45:50.311Z","area":13.8149,"condicao":"Aguardando análise","uf":"RS","municipio":"Ijuí","cod_municipio_ibge":4310207,"m_fiscal":0.6907,"tipo_imovel":"IRU"}},{"type":"Feature","id":"sicar_imoveis_rs.14350998","geometry":{"type":"MultiPolygon","coordinates":[[[[-53.96954298,-28.34217729],[-53.96950006,-28.3433293],[-53.96952152,-28.34450018],[-53.97522926,-28.34446241],[-53.97334099,-28.34540666],[-53.97274017,-28.34646421],[-53.972826,-28.34699298],[-53.96407127,-28.34687968],[-53.96437168,-28.34208286],[-53.96954298,-28.34217729]]]]},"geometry_name":"geo_area_imovel","properties":{"cod_imovel":"RS-4310207-073108249C1D4A8F943B4CF77D2EA963","status_imovel":"AT","dat_criacao":"2025-06-27T18:07:29.632Z","area":38.2183,"condicao":"Aguardando análise","uf":"RS","municipio":"Ijuí","cod_municipio_ibge":4310207,"m_fiscal":1.9109,"tipo_imovel":"IRU"}},{"type":"Feature","id":"sicar_imoveis_rs.3088013","geometry":{"type":"MultiPolygon","coordinates":[[[[-53.92394543,-28.30422955],[-53.91379595,-28.30426733],[-53.91379595,-28.30328493],[-53.91892433,-28.30332271],[-53.91896725,-28.30290708],[-53.92405272,-28.30292597],[-53.92394543,-28.30422955]]]]},"geometry_name":"geo_area_imovel","properties":{"cod_imovel":"RS-4310207-073FB457C1A543B9ABCFD2FE9D4D00D9","status_imovel":"AT","dat_criacao":"2016-05-20T18:19:13.017Z","area":12.6193,"condicao":"Aguardando análise","uf":"RS","municipio":"Ijuí","cod_municipio_ibge":4310207,"m_fiscal":0.631,"tipo_imovel":"IRU"}},{"type":"Feature","id":"sicar_imoveis_rs.6615621","geometry":{"type":"MultiPolygon","coordinates":[[[[-53.96407127,-28.35711467],[-53.95400763,-28.35703914],[-53.95392179,-28.35864417],[-53.9640069,-28.35870082],[-53.96407127,-28.35711467]]]]},"geometry_name":"geo_area_imovel","properties":{"cod_imovel":"RS-4310207-0750010FCD314D3098F9793CF259D474","status_imovel":"AT","dat_criacao":"2019-03-22T02:17:00.188Z","area":17.4923,"condicao":"Aguardando análise","uf":"RS","municipio":"Ijuí","cod_municipio_ibge":4310207,"m_fiscal":0.8746,"tipo_imovel":"IRU"}},{"type":"Feature","id":"sicar_imoveis_rs.13138009","geometry":{"type":"MultiPolygon","coordinates":[[[[-53.8819313,-28.30804571],[-53.87727499,-28.30802682],[-53.87731791,-28.30766788],[-53.88186693,-28.30766788],[-53.8819313,-28.30804571]]]]},"geometry_name":"geo_area_imovel","properties":{"cod_imovel":"RS-4310207-0750BDE550D3467DBE80C6E84A496ED8","status_imovel":"AT","dat_criacao":"2024-08-10T10:00:00.584Z","area":1.8451,"condicao":"Aguardando análise","uf":"RS","municipio":"Ijuí","cod_municipio_ibge":4310207,"m_fiscal":0.0923,"tipo_imovel":"IRU"}},{"type":"Feature","id":"sicar_imoveis_rs.11993327","geometry":{"type":"MultiPolygon","coordinates":[[[[-53.90629865,-28.15449748],[-53.90693141,-28.15088099],[-53.91044758,-28.15136112],[-53.91000272,-28.15503624],[-53.90629865,-28.15449748]]]]},"geometry_name":"geo_area_imovel","properties":{"cod_imovel":"RS-4310207-07570F118C724F628D7FF3832D57AE33","status_imovel":"AT","dat_criacao":"2023-08-29T08:23:29.795Z","area":14.6434,"condicao":"Aguardando análise","uf":"RS","municipio":"Ijuí","cod_municipio_ibge":4310207,"m_fiscal":0.7322,"tipo_imovel":"IRU"}},{"type":"Feature","id":"sicar_imoveis_rs.2529663","geometry":{"type":"MultiPolygon","coordinates":[[[[-54.05627489,-28.30936811],[-54.05636072,-28.31342967],[-54.05736923,-28.31346745],[-54.05736923,-28.31505425],[-54.05466557,-28.31501647],[-54.05462265,-28.30936811],[-54.05627489,-28.30936811]]]]},"geometry_name":"geo_area_imovel","properties":{"cod_imovel":"RS-4310207-0762B3EE03C74E898A6D68EA02FC9DE1","status_imovel":"AT","dat_criacao":"2016-04-16T03:59:07.212Z","area":12.1389,"condicao":"Aguardando análise","uf":"RS","municipio":"Ijuí","cod_municipio_ibge":4310207,"m_fiscal":0.6069,"tipo_imovel":"IRU"}},{"type":"Feature","id":"sicar_imoveis_rs.3187905","geometry":{"type":"MultiPolygon","coordinates":[[[[-53.87879848,-28.15676811],[-53.87266159,-28.16066522],[-53.87135267,-28.1589437],[-53.87759686,-28.15525463],[-53.87879848,-28.15676811]]]]},"geometry_name":"geo_area_imovel","properties":{"cod_imovel":"RS-4310207-077892934CB847568B2828E5C5557F6F","status_imovel":"AT","dat_criacao":"2016-05-26T10:24:52.597Z","area":16.1005,"condicao":"Aguardando análise","uf":"RS","municipio":"Ijuí","cod_municipio_ibge":4310207,"m_fiscal":0.805,"tipo_imovel":"IRU"}},{"type":"Feature","id":"sicar_imoveis_rs.3087995","geometry":{"type":"MultiPolygon","coordinates":[[[[-53.88092279,-28.49390807],[-53.88057947,-28.49766083],[-53.88012886,-28.49749111],[-53.87948513,-28.49730253],[-53.8786912,-28.49713281],[-53.87783289,-28.49707624],[-53.87723207,-28.49701967],[-53.87693167,-28.49707624],[-53.87733936,-28.49162617],[-53.87871265,-28.49160731],[-53.87920618,-28.48423323],[-53.87860537,-28.48413893],[-53.8781333,-28.48464816],[-53.87759686,-28.48485562],[-53.87727499,-28.4850065],[-53.87671709,-28.48536484],[-53.87637377,-28.4856666],[-53.87566566,-28.48630783],[-53.87577295,-28.48674161],[-53.87536526,-28.4870245],[-53.87510777,-28.48779775],[-53.87480736,-28.48834467],[-53.87424946,-28.48881616],[-53.87330532,-28.4893065],[-53.87564421,-28.48455386],[-53.87714624,-28.4818191],[-53.87789726,-28.48044227],[-53.87836933,-28.48063088],[-53.87834787,-28.48097037],[-53.87839079,-28.48134759],[-53.8781333,-28.48187568],[-53.87778997,-28.48215859],[-53.87774706,-28.48276213],[-53.8782835,-28.48329022],[-53.87888432,-28.4831582],[-53.88006449,-28.48279985],[-53.8805151,-28.48366743],[-53.88068676,-28.4844407],[-53.88057947,-28.48555344],[-53.88012886,-28.48674161],[-53.88017178,-28.48759029],[-53.88036489,-28.48909905],[-53.88068676,-28.48979684],[-53.88077259,-28.49128671],[-53.88092279,-28.49390807]]]]},"geometry_name":"geo_area_imovel","properties":{"cod_imovel":"RS-4310207-07796EAF85254CA2BAAE3B6141FED9E4","status_imovel":"AT","dat_criacao":"2016-05-20T18:19:18.432Z","area":49.4048,"condicao":"Aguardando análise","uf":"RS","municipio":"Ijuí","cod_municipio_ibge":4310207,"m_fiscal":2.4702,"tipo_imovel":"IRU"}},{"type":"Feature","id":"sicar_imoveis_rs.4998026","geometry":{"type":"MultiPolygon","coordinates":[[[[-53.82936001,-28.41197403],[-53.82944584,-28.41140783],[-53.83109992,-28.41139116],[-53.83109783,-28.41142458],[-53.83103371,-28.41250247],[-53.82940292,-28.41250247],[-53.82936001,-28.41197403]]]]},"geometry_name":"geo_area_imovel","properties":{"cod_imovel":"RS-4310207-078B3E80660B45A0B67FB5026ED37D36","status_imovel":"AT","dat_criacao":"2017-12-27T00:15:05.394Z","area":2.0067,"condicao":"Aguardando análise","uf":"RS","municipio":"Ijuí","cod_municipio_ibge":4310207,"m_fiscal":0.1003,"tipo_imovel":"IRU"}},{"type":"Feature","id":"sicar_imoveis_rs.3250254","geometry":{"type":"MultiPolygon","coordinates":[[[[-53.84301026,-28.18401251],[-53.84280894,-28.18977426],[-53.84248218,-28.18930369],[-53.84228241,-28.18889266],[-53.84207771,-28.18851521],[-53.8418808,-28.18832052],[-53.84156453,-28.18817141],[-53.84121182,-28.18804786],[-53.84064791,-28.1878717],[-53.84016903,-28.18776299],[-53.8395757,-28.18759216],[-53.83901384,-28.18751471],[-53.83854757,-28.1873854],[-53.83819876,-28.18728027],[-53.83795972,-28.18698709],[-53.83797371,-28.18633749],[-53.83815657,-28.18572337],[-53.83829735,-28.18526583],[-53.83832041,-28.1848669],[-53.83810017,-28.18457522],[-53.83783964,-28.1843891],[-53.83754467,-28.18441362],[-53.8370953,-28.18453828],[-53.83672677,-28.18466515],[-53.8364394,-28.18469355],[-53.83605797,-28.18468045],[-53.83573948,-28.18457187],[-53.8353691,-28.18438413],[-53.83512004,-28.18415219],[-53.83492407,-28.18390908],[-53.84301026,-28.18401251]]]]},"geometry_name":"geo_area_imovel","properties":{"cod_imovel":"RS-4310207-07979675832D475BB16A200427E66571","status_imovel":"AT","dat_criacao":"2016-05-31T14:23:08.753Z","area":23.1108,"condicao":"Aguardando análise","uf":"RS","municipio":"Ijuí","cod_municipio_ibge":4310207,"m_fiscal":1.1555,"tipo_imovel":"IRU"}},{"type":"Feature","id":"sicar_imoveis_rs.3130499","geometry":{"type":"MultiPolygon","coordinates":[[[[-53.84531296,-28.436665],[-53.84490163,-28.43549778],[-53.84420962,-28.43401154],[-53.84978228,-28.43433478],[-53.84988923,-28.43426148],[-53.85000313,-28.43257027],[-53.85158103,-28.43263588],[-53.85248306,-28.4326793],[-53.85368374,-28.43269032],[-53.85486061,-28.43269669],[-53.8570096,-28.43323007],[-53.85666431,-28.43433302],[-53.85638896,-28.43505523],[-53.85613859,-28.43519851],[-53.85555283,-28.43530085],[-53.8551542,-28.43561112],[-53.85506064,-28.43585489],[-53.85517338,-28.43611275],[-53.85521171,-28.43626636],[-53.85504851,-28.43660766],[-53.85727697,-28.43658387],[-53.85724618,-28.43751856],[-53.85924463,-28.43749053],[-53.8614141,-28.4421173],[-53.8605334,-28.4432645],[-53.86074392,-28.44356459],[-53.86076971,-28.44410336],[-53.86073071,-28.44546951],[-53.86209719,-28.44648166],[-53.86421697,-28.44822693],[-53.86258961,-28.44921378],[-53.858414,-28.44645371],[-53.8578293,-28.44705463],[-53.8583224,-28.44751747],[-53.85810887,-28.44779352],[-53.85829743,-28.44793765],[-53.8578228,-28.44932068],[-53.85709268,-28.44903026],[-53.85675554,-28.44998832],[-53.85656003,-28.45049203],[-53.85651553,-28.45121767],[-53.85602779,-28.45120457],[-53.85602719,-28.45104703],[-53.85606968,-28.45016388],[-53.85611393,-28.44932736],[-53.85562074,-28.44931242],[-53.85614742,-28.44687797],[-53.85563853,-28.44671328],[-53.85484055,-28.44681395],[-53.85488007,-28.44631621],[-53.85451797,-28.44631946],[-53.85403017,-28.44640554],[-53.85371792,-28.44655682],[-53.85338192,-28.44687769],[-53.85255116,-28.44830362],[-53.85184528,-28.44977664],[-53.8505337,-28.45085004],[-53.8505905,-28.45150314],[-53.85016772,-28.45165955],[-53.84982107,-28.45060932],[-53.84835532,-28.45104901],[-53.84778321,-28.45001158],[-53.84675596,-28.44908139],[-53.84702996,-28.44869328],[-53.84721716,-28.44843089],[-53.84756364,-28.44805989],[-53.84809635,-28.44750349],[-53.84854105,-28.44709332],[-53.84884452,-28.4467815],[-53.84903234,-28.4465537],[-53.84911688,-28.44634596],[-53.84921792,-28.44618563],[-53.8494566,-28.44601943],[-53.84966404,-28.44594629],[-53.84980862,-28.44575461],[-53.84991079,-28.44560667],[-53.84397489,-28.44534546],[-53.84467496,-28.44435216],[-53.84518453,-28.4436453],[-53.84559227,-28.44301571],[-53.84586431,-28.44234426],[-53.8460164,-28.44148975],[-53.845929,-28.44091887],[-53.84573736,-28.44054191],[-53.84520453,-28.4400133],[-53.84503116,-28.43970525],[-53.84485124,-28.43918707],[-53.84483713,-28.43890345],[-53.84488656,-28.43831308],[-53.84497462,-28.43783545],[-53.84510642,-28.43743118],[-53.84525816,-28.4369789],[-53.84531296,-28.436665]]]]},"geometry_name":"geo_area_imovel","properties":{"cod_imovel":"RS-4310207-07B17802C7184FC3803091BA835AFE6E","status_imovel":"AT","dat_criacao":"2016-05-22T06:58:58.362Z","area":235.5845,"condicao":"Aguardando análise","uf":"RS","municipio":"Ijuí","cod_municipio_ibge":4310207,"m_fiscal":11.7792,"tipo_imovel":"IRU"}},{"type":"Feature","id":"sicar_imoveis_rs.7069281","geometry":{"type":"MultiPolygon","coordinates":[[[[-53.90991211,-28.2654556],[-53.90995502,-28.26432165],[-53.90407562,-28.26426495],[-53.90407562,-28.26452954],[-53.90510559,-28.26452954],[-53.90516996,-28.2653989],[-53.90991211,-28.2654556]]]]},"geometry_name":"geo_area_imovel","properties":{"cod_imovel":"RS-4310207-07B4FEF4323C4B5FBABBE873E87E7366","status_imovel":"AT","dat_criacao":"2019-07-09T02:29:05.471Z","area":6.1941,"condicao":"Aguardando análise","uf":"RS","municipio":"Ijuí","cod_municipio_ibge":4310207,"m_fiscal":0.3097,"tipo_imovel":"IRU"}},{"type":"Feature","id":"sicar_imoveis_rs.7556568","geometry":{"type":"MultiPolygon","coordinates":[[[[-53.82549763,-28.34584101],[-53.82545471,-28.34480234],[-53.82071257,-28.344859],[-53.82066965,-28.34591655],[-53.82549763,-28.34584101]]]]},"geometry_name":"geo_area_imovel","properties":{"cod_imovel":"RS-4310207-07B8F28B8C5C4A40B9C30584AC364DEC","status_imovel":"AT","dat_criacao":"2019-10-04T02:00:07.873Z","area":5.4556,"condicao":"Aguardando análise","uf":"RS","municipio":"Ijuí","cod_municipio_ibge":4310207,"m_fiscal":0.2728,"tipo_imovel":"IRU"}},{"type":"Feature","id":"sicar_imoveis_rs.11820730","geometry":{"type":"MultiPolygon","coordinates":[[[[-53.97647381,-28.34406582],[-53.9835763,-28.34429245],[-53.98327589,-28.34502896],[-53.98291111,-28.34568994],[-53.97973537,-28.34551997],[-53.97982121,-28.34531224],[-53.97836208,-28.34527447],[-53.97851229,-28.34504785],[-53.97525072,-28.34504785],[-53.97647381,-28.34406582]]]]},"geometry_name":"geo_area_imovel","properties":{"cod_imovel":"RS-4310207-07D44A8B41CD42039D8FBFC09F9D0B09","status_imovel":"AT","dat_criacao":"2023-07-20T23:50:50.202Z","area":9.6253,"condicao":"Aguardando análise","uf":"RS","municipio":"Ijuí","cod_municipio_ibge":4310207,"m_fiscal":0.4813,"tipo_imovel":"IRU"}},{"type":"Feature","id":"sicar_imoveis_rs.13132906","geometry":{"type":"MultiPolygon","coordinates":[[[[-53.98366213,-28.39255185],[-53.9835763,-28.39493027],[-53.97846937,-28.39481701],[-53.97864103,-28.39264623],[-53.98366213,-28.39255185]]]]},"geometry_name":"geo_area_imovel","properties":{"cod_imovel":"RS-4310207-07D848A5293948778C22DE6BA10ADBDA","status_imovel":"AT","dat_criacao":"2024-08-09T17:21:01.171Z","area":12.5282,"condicao":"Aguardando análise","uf":"RS","municipio":"Ijuí","cod_municipio_ibge":4310207,"m_fiscal":0.6264,"tipo_imovel":"IRU"}},{"type":"Feature","id":"sicar_imoveis_rs.6678417","geometry":{"type":"MultiPolygon","coordinates":[[[[-53.90311003,-28.33426397],[-53.90336752,-28.33477392],[-53.91328096,-28.33503833],[-53.91334534,-28.33377291],[-53.9073801,-28.33371625],[-53.90731573,-28.33430174],[-53.90311003,-28.33426397]]]]},"geometry_name":"geo_area_imovel","properties":{"cod_imovel":"RS-4310207-07FBD56DF1AC4503B3EF62F99923D352","status_imovel":"AT","dat_criacao":"2019-04-06T05:36:04.313Z","area":10.3106,"condicao":"Aguardando análise","uf":"RS","municipio":"Ijuí","cod_municipio_ibge":4310207,"m_fiscal":0.5155,"tipo_imovel":"IRU"}},{"type":"Feature","id":"sicar_imoveis_rs.11085573","geometry":{"type":"MultiPolygon","coordinates":[[[[-53.83395195,-28.43439287],[-53.83287907,-28.43575144],[-53.83021832,-28.43552501],[-53.82888794,-28.43171343],[-53.82966042,-28.43133603],[-53.83395195,-28.43439287]]]]},"geometry_name":"geo_area_imovel","properties":{"cod_imovel":"RS-4310207-08140C6A6D6842A5BB4F6BFA8EAC64B9","status_imovel":"AT","dat_criacao":"2022-12-10T07:27:10.884Z","area":12.8123,"condicao":"Aguardando análise","uf":"RS","municipio":"Ijuí","cod_municipio_ibge":4310207,"m_fiscal":0.6406,"tipo_imovel":"IRU"}},{"type":"Feature","id":"sicar_imoveis_rs.7198440","geometry":{"type":"MultiPolygon","coordinates":[[[[-53.91441822,-28.24504259],[-53.91441822,-28.24723529],[-53.91787291,-28.24723529],[-53.91787291,-28.24502369],[-53.91441822,-28.24504259]]]]},"geometry_name":"geo_area_imovel","properties":{"cod_imovel":"RS-4310207-082A5B0DA69947FDBA1CE1ABAC4444A7","status_imovel":"AT","dat_criacao":"2019-07-31T02:52:57.525Z","area":8.2842,"condicao":"Aguardando análise","uf":"RS","municipio":"Ijuí","cod_municipio_ibge":4310207,"m_fiscal":0.4142,"tipo_imovel":"IRU"}},{"type":"Feature","id":"sicar_imoveis_rs.3240658","geometry":{"type":"MultiPolygon","coordinates":[[[[-53.9576359,-28.4884216],[-53.95584616,-28.4821934],[-53.95899765,-28.48197875],[-53.95943028,-28.48263568],[-53.95980274,-28.48320152],[-53.96019692,-28.48367426],[-53.96052732,-28.4840056],[-53.96067692,-28.48438689],[-53.96055062,-28.4852538],[-53.96042645,-28.48587426],[-53.96014942,-28.48642069],[-53.95997349,-28.48700665],[-53.95973921,-28.4875599],[-53.9594616,-28.48796112],[-53.95928432,-28.48824673],[-53.95908666,-28.48841053],[-53.95855718,-28.48851798],[-53.95809421,-28.4885846],[-53.95769778,-28.48860747],[-53.9576359,-28.4884216]]]]},"geometry_name":"geo_area_imovel","properties":{"cod_imovel":"RS-4310207-08326CD06EDA4145A58DF897B420EBA2","status_imovel":"AT","dat_criacao":"2016-05-31T03:01:32.819Z","area":22.9168,"condicao":"Aguardando análise","uf":"RS","municipio":"Ijuí","cod_municipio_ibge":4310207,"m_fiscal":1.1458,"tipo_imovel":"IRU"}},{"type":"Feature","id":"sicar_imoveis_rs.2360498","geometry":{"type":"MultiPolygon","coordinates":[[[[-53.9536643,-28.36838713],[-53.95355701,-28.36727315],[-53.95119667,-28.36723539],[-53.95119667,-28.36838713],[-53.9536643,-28.36838713]]]]},"geometry_name":"geo_area_imovel","properties":{"cod_imovel":"RS-4310207-08408034CEB84D0D8FA9E98BEDB9355A","status_imovel":"AT","dat_criacao":"2016-04-05T03:10:49.218Z","area":2.9736,"condicao":"Aguardando análise","uf":"RS","municipio":"Ijuí","cod_municipio_ibge":4310207,"m_fiscal":0.1487,"tipo_imovel":"IRU"}},{"type":"Feature","id":"sicar_imoveis_rs.3306671","geometry":{"type":"MultiPolygon","coordinates":[[[[-53.86843443,-28.38783261],[-53.86716843,-28.38794588],[-53.86712551,-28.38862546],[-53.8683486,-28.38862546],[-53.86843443,-28.38783261]]]]},"geometry_name":"geo_area_imovel","properties":{"cod_imovel":"RS-4310207-08442B31196945C08D88345E5C6954C2","status_imovel":"AT","dat_criacao":"2016-06-03T10:52:25.225Z","area":0.9924,"condicao":"Aguardando análise","uf":"RS","municipio":"Ijuí","cod_municipio_ibge":4310207,"m_fiscal":0.0496,"tipo_imovel":"IRU"}},{"type":"Feature","id":"sicar_imoveis_rs.14004099","geometry":{"type":"MultiPolygon","coordinates":[[[[-53.88366938,-28.44467602],[-53.88392687,-28.44256287],[-53.88025761,-28.44216665],[-53.87845516,-28.4505813],[-53.87952805,-28.4506379],[-53.88070822,-28.45084543],[-53.88223171,-28.44458168],[-53.88366938,-28.44467602]]]]},"geometry_name":"geo_area_imovel","properties":{"cod_imovel":"RS-4310207-085C833C10164F2797B5E2E705E27E8A","status_imovel":"AT","dat_criacao":"2025-04-02T13:05:05.101Z","area":25.2503,"condicao":"Aguardando análise","uf":"RS","municipio":"Ijuí","cod_municipio_ibge":4310207,"m_fiscal":1.2625,"tipo_imovel":"IRU"}},{"type":"Feature","id":"sicar_imoveis_rs.2496228","geometry":{"type":"MultiPolygon","coordinates":[[[[-53.82427454,-28.40489639],[-53.82438183,-28.40287681],[-53.82421017,-28.40193307],[-53.82403851,-28.40080058],[-53.82380247,-28.40053633],[-53.82356644,-28.40053633],[-53.82322311,-28.40066845],[-53.82350206,-28.40482089],[-53.82427454,-28.40489639]]]]},"geometry_name":"geo_area_imovel","properties":{"cod_imovel":"RS-4310207-08796B7A19F14840802E8C4788062FE8","status_imovel":"AT","dat_criacao":"2016-04-14T13:13:54.381Z","area":4.1283,"condicao":"Aguardando análise","uf":"RS","municipio":"Ijuí","cod_municipio_ibge":4310207,"m_fiscal":0.2064,"tipo_imovel":"IRU"}},{"type":"Feature","id":"sicar_imoveis_rs.2359895","geometry":{"type":"MultiPolygon","coordinates":[[[[-53.89733791,-28.36330806],[-53.8919735,-28.36323254],[-53.8919735,-28.36183528],[-53.89738083,-28.36187304],[-53.89733791,-28.36330806]]]]},"geometry_name":"geo_area_imovel","properties":{"cod_imovel":"RS-4310207-08AA5F6DB3B84D69BAB81D207486C7B0","status_imovel":"AT","dat_criacao":"2016-04-05T02:47:25.132Z","area":8.2975,"condicao":"Aguardando análise","uf":"RS","municipio":"Ijuí","cod_municipio_ibge":4310207,"m_fiscal":0.4149,"tipo_imovel":"IRU"}},{"type":"Feature","id":"sicar_imoveis_rs.7662600","geometry":{"type":"MultiPolygon","coordinates":[[[[-53.85240555,-28.12903019],[-53.84794235,-28.13016558],[-53.84802818,-28.13065758],[-53.84648323,-28.13103604],[-53.84532452,-28.13111173],[-53.84386539,-28.12808403],[-53.84305,-28.12679723],[-53.85184765,-28.12456421],[-53.85240555,-28.12903019]]]]},"geometry_name":"geo_area_imovel","properties":{"cod_imovel":"RS-4310207-08B9B5601B8F45C0B60F6F01B4B503A6","status_imovel":"AT","dat_criacao":"2019-11-02T01:38:18.364Z","area":41.2402,"condicao":"Aguardando análise","uf":"RS","municipio":"Ijuí","cod_municipio_ibge":4310207,"m_fiscal":2.062,"tipo_imovel":"IRU"}},{"type":"Feature","id":"sicar_imoveis_rs.3187824","geometry":{"type":"MultiPolygon","coordinates":[[[[-53.90632868,-28.180073],[-53.90628576,-28.18071608],[-53.90594244,-28.18096197],[-53.90574932,-28.18342077],[-53.90051365,-28.18466906],[-53.90032053,-28.18429079],[-53.89999866,-28.18370447],[-53.89944077,-28.18336403],[-53.89778852,-28.18226703],[-53.90632868,-28.180073]]]]},"geometry_name":"geo_area_imovel","properties":{"cod_imovel":"RS-4310207-08BC930ECF124181A3698042037B9D85","status_imovel":"AT","dat_criacao":"2016-05-26T10:17:10.977Z","area":22.5417,"condicao":"Aguardando análise","uf":"RS","municipio":"Ijuí","cod_municipio_ibge":4310207,"m_fiscal":1.1271,"tipo_imovel":"IRU"}},{"type":"Feature","id":"sicar_imoveis_rs.2529073","geometry":{"type":"MultiPolygon","coordinates":[[[[-53.89396906,-28.25625133],[-53.89783144,-28.25627023],[-53.89787436,-28.25407772],[-53.89396906,-28.25407772],[-53.89396906,-28.25625133]]]]},"geometry_name":"geo_area_imovel","properties":{"cod_imovel":"RS-4310207-08BD685C3DCD4DEDA903642C3DA8A87E","status_imovel":"AT","dat_criacao":"2016-04-16T03:35:28.772Z","area":9.2318,"condicao":"Aguardando análise","uf":"RS","municipio":"Ijuí","cod_municipio_ibge":4310207,"m_fiscal":0.4616,"tipo_imovel":"IRU"}},{"type":"Feature","id":"sicar_imoveis_rs.7341315","geometry":{"type":"MultiPolygon","coordinates":[[[[-53.85307074,-28.19452251],[-53.85307074,-28.19344454],[-53.86347771,-28.19344454],[-53.86349916,-28.19457924],[-53.85307074,-28.19452251]]]]},"geometry_name":"geo_area_imovel","properties":{"cod_imovel":"RS-4310207-08D8F3B61FB94F32B86EEE9CA89DD24C","status_imovel":"AT","dat_criacao":"2019-08-27T03:50:02.534Z","area":12.5551,"condicao":"Aguardando análise","uf":"RS","municipio":"Ijuí","cod_municipio_ibge":4310207,"m_fiscal":0.6278,"tipo_imovel":"IRU"}},{"type":"Feature","id":"sicar_imoveis_rs.2399634","geometry":{"type":"MultiPolygon","coordinates":[[[[-53.85948658,-28.50831494],[-53.85901451,-28.50848465],[-53.85837078,-28.5085035],[-53.85781288,-28.50835266],[-53.85723352,-28.5081641],[-53.85641813,-28.50805096],[-53.85654688,-28.50773041],[-53.8568902,-28.5076927],[-53.85774851,-28.50625963],[-53.85691166,-28.50590136],[-53.85787725,-28.50480769],[-53.86109591,-28.50586365],[-53.85948658,-28.50831494]]]]},"geometry_name":"geo_area_imovel","properties":{"cod_imovel":"RS-4310207-08D96EF3D37549B288B626C8C104B5DE","status_imovel":"AT","dat_criacao":"2016-04-08T00:55:58.670Z","area":10.8978,"condicao":"Aguardando análise","uf":"RS","municipio":"Ijuí","cod_municipio_ibge":4310207,"m_fiscal":0.5449,"tipo_imovel":"IRU"}},{"type":"Feature","id":"sicar_imoveis_rs.8157683","geometry":{"type":"MultiPolygon","coordinates":[[[[-53.88957024,-28.28348384],[-53.88811111,-28.28835888],[-53.88982773,-28.2882833],[-53.89094353,-28.28405072],[-53.88957024,-28.28348384]]]]},"geometry_name":"geo_area_imovel","properties":{"cod_imovel":"RS-4310207-08DBFB67075B4E90A46BE29CD3A6F897","status_imovel":"AT","dat_criacao":"2020-05-01T01:16:05.043Z","area":8.0021,"condicao":"Aguardando análise","uf":"RS","municipio":"Ijuí","cod_municipio_ibge":4310207,"m_fiscal":0.4001,"tipo_imovel":"IRU"}},{"type":"Feature","id":"sicar_imoveis_rs.7387103","geometry":{"type":"MultiPolygon","coordinates":[[[[-53.84150505,-28.32553786],[-53.84141922,-28.32678449],[-53.8312912,-28.32663339],[-53.8312912,-28.32534898],[-53.84150505,-28.32553786]]]]},"geometry_name":"geo_area_imovel","properties":{"cod_imovel":"RS-4310207-08F4F2B876884098B8B30ADF0E36295B","status_imovel":"AT","dat_criacao":"2019-09-03T02:41:26.306Z","area":14.0121,"condicao":"Aguardando análise","uf":"RS","municipio":"Ijuí","cod_municipio_ibge":4310207,"m_fiscal":0.7006,"tipo_imovel":"IRU"}},{"type":"Feature","id":"sicar_imoveis_rs.16222217","geometry":{"type":"MultiPolygon","coordinates":[[[[-53.90315294,-28.32735114],[-53.89274597,-28.32723781],[-53.89281034,-28.3267656],[-53.90319586,-28.32687893],[-53.90315294,-28.32735114]]]]},"geometry_name":"geo_area_imovel","properties":{"cod_imovel":"RS-4310207-08FE63BBD45F4694B476E576916642E7","status_imovel":"AT","dat_criacao":"2026-08-17T17:03:01.836Z","area":5.3482,"condicao":"Aguardando análise","uf":"RS","municipio":"Ijuí","cod_municipio_ibge":4310207,"m_fiscal":0.2674,"tipo_imovel":"IRU"}},{"type":"Feature","id":"sicar_imoveis_rs.6151827","geometry":{"type":"MultiPolygon","coordinates":[[[[-53.92317295,-28.35078873],[-53.92308712,-28.3570769],[-53.9205122,-28.35596281],[-53.92064095,-28.35075096],[-53.92317295,-28.35078873]]]]},"geometry_name":"geo_area_imovel","properties":{"cod_imovel":"RS-4310207-09078ED68B9B466D9F39B0E324C4BDC7","status_imovel":"AT","dat_criacao":"2018-12-04T23:33:28.851Z","area":16.0395,"condicao":"Aguardando análise","uf":"RS","municipio":"Ijuí","cod_municipio_ibge":4310207,"m_fiscal":0.802,"tipo_imovel":"IRU"}},{"type":"Feature","id":"sicar_imoveis_rs.5389946","geometry":{"type":"MultiPolygon","coordinates":[[[[-53.83165598,-28.31750996],[-53.83684874,-28.31764219],[-53.84174109,-28.31769886],[-53.84177327,-28.31541317],[-53.83162379,-28.31526204],[-53.83181691,-28.31607432],[-53.83166671,-28.31665991],[-53.83165598,-28.31750996]]]]},"geometry_name":"geo_area_imovel","properties":{"cod_imovel":"RS-4310207-090F274E68014FCBAAF8239C1B6133D0","status_imovel":"AT","dat_criacao":"2018-04-24T06:38:26.373Z","area":24.9898,"condicao":"Aguardando análise","uf":"RS","municipio":"Ijuí","cod_municipio_ibge":4310207,"m_fiscal":1.2495,"tipo_imovel":"IRU"}},{"type":"Feature","id":"sicar_imoveis_rs.11815620","geometry":{"type":"MultiPolygon","coordinates":[[[[-53.83727789,-28.15425194],[-53.8301754,-28.15792212],[-53.82983208,-28.15746809],[-53.82985353,-28.15676811],[-53.82974625,-28.15595462],[-53.82948875,-28.15551949],[-53.82936001,-28.15516004],[-53.82957458,-28.15476275],[-53.83084059,-28.15419518],[-53.83178473,-28.1536087],[-53.83195639,-28.15306005],[-53.83380175,-28.15249247],[-53.83564711,-28.1524168],[-53.83635521,-28.1524168],[-53.83727789,-28.15425194]]]]},"geometry_name":"geo_area_imovel","properties":{"cod_imovel":"RS-4310207-0914F74EBA894F299A4F2C9A74BDA040","status_imovel":"AT","dat_criacao":"2023-07-20T05:16:06.091Z","area":25.2135,"condicao":"Aguardando análise","uf":"RS","municipio":"Ijuí","cod_municipio_ibge":4310207,"m_fiscal":1.2607,"tipo_imovel":"IRU"}},{"type":"Feature","id":"sicar_imoveis_rs.3109818","geometry":{"type":"MultiPolygon","coordinates":[[[[-53.84030342,-28.36547944],[-53.84034634,-28.36438432],[-53.84171963,-28.3644032],[-53.84281397,-28.36444096],[-53.84512881,-28.3644235],[-53.84577513,-28.36444096],[-53.84577513,-28.36395004],[-53.84580731,-28.36392172],[-53.8458395,-28.3638934],[-53.84706259,-28.3638934],[-53.8456893,-28.36768854],[-53.84268522,-28.36768854],[-53.84270668,-28.36668784],[-53.84270668,-28.36555497],[-53.84030342,-28.36547944]]]]},"geometry_name":"geo_area_imovel","properties":{"cod_imovel":"RS-4310207-091B69272023444BA1F4F79151300EDC","status_imovel":"AT","dat_criacao":"2016-05-21T12:35:02.443Z","area":16.239,"condicao":"Aguardando análise","uf":"RS","municipio":"Ijuí","cod_municipio_ibge":4310207,"m_fiscal":0.812,"tipo_imovel":"IRU"}},{"type":"Feature","id":"sicar_imoveis_rs.11287891","geometry":{"type":"MultiPolygon","coordinates":[[[[-53.8911581,-28.17269619],[-53.89117956,-28.17256378],[-53.89114738,-28.17248812],[-53.89111519,-28.17241246],[-53.89113665,-28.17228005],[-53.89109373,-28.17209089],[-53.89347553,-28.17123968],[-53.89581199,-28.17040259],[-53.90082381,-28.16850666],[-53.90283108,-28.16766453],[-53.90300274,-28.16794828],[-53.90111449,-28.16880622],[-53.8911581,-28.17269619]]]]},"geometry_name":"geo_area_imovel","properties":{"cod_imovel":"RS-4310207-09392F914E7149ACBFFC446A22DF59A4","status_imovel":"AT","dat_criacao":"2023-02-09T07:26:13.417Z","area":6.1354,"condicao":"Aguardando análise","uf":"RS","municipio":"Ijuí","cod_municipio_ibge":4310207,"m_fiscal":0.3068,"tipo_imovel":"IRU"}},{"type":"Feature","id":"sicar_imoveis_rs.7320253","geometry":{"type":"MultiPolygon","coordinates":[[[[-53.8735199,-28.24024119],[-53.87354136,-28.23846423],[-53.8631773,-28.23835081],[-53.86313438,-28.24010886],[-53.8735199,-28.24024119]]]]},"geometry_name":"geo_area_imovel","properties":{"cod_imovel":"RS-4310207-093F733C954E47CCA3FE28DB027B17F5","status_imovel":"AT","dat_criacao":"2019-08-23T01:38:59.146Z","area":19.9723,"condicao":"Aguardando análise","uf":"RS","municipio":"Ijuí","cod_municipio_ibge":4310207,"m_fiscal":0.9986,"tipo_imovel":"IRU"}},{"type":"Feature","id":"sicar_imoveis_rs.11518000","geometry":{"type":"MultiPolygon","coordinates":[[[[-53.86480808,-28.50037632],[-53.85558128,-28.49826428],[-53.85575294,-28.49750997],[-53.85957241,-28.49818885],[-53.86339188,-28.49890544],[-53.86480808,-28.50037632]]]]},"geometry_name":"geo_area_imovel","properties":{"cod_imovel":"RS-4310207-0944B66774514984B3AA0D8EEE51DFAF","status_imovel":"AT","dat_criacao":"2023-05-07T04:36:11.388Z","area":9.0852,"condicao":"Aguardando análise","uf":"RS","municipio":"Ijuí","cod_municipio_ibge":4310207,"m_fiscal":0.4543,"tipo_imovel":"IRU"}},{"type":"Feature","id":"sicar_imoveis_rs.3189733","geometry":{"type":"MultiPolygon","coordinates":[[[[-53.87272596,-28.30712002],[-53.88165236,-28.3071578],[-53.88171673,-28.30653437],[-53.88180256,-28.30575981],[-53.87281179,-28.30564645],[-53.87272596,-28.30712002]]]]},"geometry_name":"geo_area_imovel","properties":{"cod_imovel":"RS-4310207-094590CF7B9649A19B558E37AC7077AC","status_imovel":"AT","dat_criacao":"2016-05-26T14:31:11.717Z","area":14.0055,"condicao":"Aguardando análise","uf":"RS","municipio":"Ijuí","cod_municipio_ibge":4310207,"m_fiscal":0.7003,"tipo_imovel":"IRU"}},{"type":"Feature","id":"sicar_imoveis_rs.12358443","geometry":{"type":"MultiPolygon","coordinates":[[[[-54.05941844,-28.31752885],[-54.05909657,-28.31752885],[-54.05909657,-28.31767997],[-54.05950427,-28.31769886],[-54.05941844,-28.31752885]]]]},"geometry_name":"geo_area_imovel","properties":{"cod_imovel":"RS-4310207-094F0566997B45AA94E24E9334042E1A","status_imovel":"AT","dat_criacao":"2023-12-07T05:36:51.584Z","area":0.0633,"condicao":"Aguardando análise","uf":"RS","municipio":"Ijuí","cod_municipio_ibge":4310207,"m_fiscal":0.0032,"tipo_imovel":"IRU"}},{"type":"Feature","id":"sicar_imoveis_rs.12141705","geometry":{"type":"MultiPolygon","coordinates":[[[[-53.89459133,-28.2000824],[-53.88399124,-28.19977983],[-53.88399124,-28.19826696],[-53.88926983,-28.19830478],[-53.889184,-28.19902339],[-53.89463425,-28.19913686],[-53.89459133,-28.2000824]]]]},"geometry_name":"geo_area_imovel","properties":{"cod_imovel":"RS-4310207-095301D70E7B41B79B5465848FC5C3F1","status_imovel":"AT","dat_criacao":"2023-10-06T04:26:15.086Z","area":14.3801,"condicao":"Aguardando análise","uf":"RS","municipio":"Ijuí","cod_municipio_ibge":4310207,"m_fiscal":0.719,"tipo_imovel":"IRU"}},{"type":"Feature","id":"sicar_imoveis_rs.7849451","geometry":{"type":"MultiPolygon","coordinates":[[[[-53.9542222,-28.42831685],[-53.95428658,-28.42612789],[-53.95945787,-28.42622224],[-53.95926476,-28.42839233],[-53.9542222,-28.42831685]]]]},"geometry_name":"geo_area_imovel","properties":{"cod_imovel":"RS-4310207-09553B9A43B64D55809C5C491C1F7A7A","status_imovel":"AT","dat_criacao":"2019-12-27T01:16:56.626Z","area":12.1127,"condicao":"Aguardando análise","uf":"RS","municipio":"Ijuí","cod_municipio_ibge":4310207,"m_fiscal":0.6056,"tipo_imovel":"IRU"}},{"type":"Feature","id":"sicar_imoveis_rs.9235161","geometry":{"type":"MultiPolygon","coordinates":[[[[-53.84813547,-28.40846358],[-53.84294271,-28.40848245],[-53.84300709,-28.40625533],[-53.84815693,-28.40623646],[-53.84813547,-28.40846358]]]]},"geometry_name":"geo_area_imovel","properties":{"cod_imovel":"RS-4310207-0963062BF4E54D8D9CF966D0E2A30608","status_imovel":"AT","dat_criacao":"2021-05-17T16:06:35.318Z","area":12.5204,"condicao":"Aguardando análise","uf":"RS","municipio":"Ijuí","cod_municipio_ibge":4310207,"m_fiscal":0.626,"tipo_imovel":"IRU"}},{"type":"Feature","id":"sicar_imoveis_rs.1570862","geometry":{"type":"MultiPolygon","coordinates":[[[[-53.9523983,-28.34961792],[-53.94390106,-28.34950461],[-53.94390106,-28.35005225],[-53.95179749,-28.35020332],[-53.9523983,-28.34961792]]]]},"geometry_name":"geo_area_imovel","properties":{"cod_imovel":"RS-4310207-098E450A893E4C0DBEDD9E45C0BA504A","status_imovel":"AT","dat_criacao":"2015-10-19T23:00:58.404Z","area":5.0951,"condicao":"Aguardando análise","uf":"RS","municipio":"Ijuí","cod_municipio_ibge":4310207,"m_fiscal":0.2548,"tipo_imovel":"IRU"}},{"type":"Feature","id":"sicar_imoveis_rs.2005814","geometry":{"type":"MultiPolygon","coordinates":[[[[-53.90471935,-28.47346352],[-53.90210152,-28.47129435],[-53.89858246,-28.472577],[-53.89789581,-28.47125663],[-53.89499903,-28.4713698],[-53.89502048,-28.47450093],[-53.89946222,-28.47429345],[-53.90085697,-28.47414255],[-53.90173674,-28.47397279],[-53.90330315,-28.47404824],[-53.90497684,-28.47359555],[-53.90471935,-28.47346352]]]]},"geometry_name":"geo_area_imovel","properties":{"cod_imovel":"RS-4310207-09A241035FC44B7DA377D0314F27D1C2","status_imovel":"AT","dat_criacao":"2016-02-05T02:40:27.126Z","area":24.6196,"condicao":"Aguardando análise","uf":"RS","municipio":"Ijuí","cod_municipio_ibge":4310207,"m_fiscal":1.231,"tipo_imovel":"IRU"}},{"type":"Feature","id":"sicar_imoveis_rs.13713492","geometry":{"type":"MultiPolygon","coordinates":[[[[-53.91220808,-28.19333106],[-53.90152216,-28.19752942],[-53.9003849,-28.19599761],[-53.90532017,-28.19304739],[-53.91055584,-28.19005926],[-53.91272306,-28.19223417],[-53.91220808,-28.19333106]]]]},"geometry_name":"geo_area_imovel","properties":{"cod_imovel":"RS-4310207-09AD921661564E37BB301A2251EC8382","status_imovel":"AT","dat_criacao":"2025-01-13T17:56:00.743Z","area":37.2751,"condicao":"Aguardando análise","uf":"RS","municipio":"Ijuí","cod_municipio_ibge":4310207,"m_fiscal":1.8638,"tipo_imovel":"IRU"}},{"type":"Feature","id":"sicar_imoveis_rs.2275211","geometry":{"type":"MultiPolygon","coordinates":[[[[-53.90117884,-28.29291249],[-53.90122175,-28.29323369],[-53.88813257,-28.29325259],[-53.88849735,-28.29293138],[-53.90117884,-28.29291249]]]]},"geometry_name":"geo_area_imovel","properties":{"cod_imovel":"RS-4310207-09B4545F33A7489CBE9D1F699F55E57A","status_imovel":"AT","dat_criacao":"2016-03-25T01:01:26.669Z","area":4.5016,"condicao":"Aguardando análise","uf":"RS","municipio":"Ijuí","cod_municipio_ibge":4310207,"m_fiscal":0.2251,"tipo_imovel":"IRU"}},{"type":"Feature","id":"sicar_imoveis_rs.2370407","geometry":{"type":"MultiPolygon","coordinates":[[[[-53.94084006,-28.37367833],[-53.93954515,-28.37369251],[-53.93956661,-28.37305059],[-53.93963099,-28.37237091],[-53.94036055,-28.37233315],[-53.94092449,-28.37196168],[-53.94089146,-28.37298048],[-53.94084006,-28.37367833]]]]},"geometry_name":"geo_area_imovel","properties":{"cod_imovel":"RS-4310207-09D6B1EFAAC644A6AAA4DB55E476F922","status_imovel":"AT","dat_criacao":"2016-04-06T01:17:31.591Z","area":2.0135,"condicao":"Aguardando análise","uf":"RS","municipio":"Ijuí","cod_municipio_ibge":4310207,"m_fiscal":0.1007,"tipo_imovel":"IRU"}},{"type":"Feature","id":"sicar_imoveis_rs.2291065","geometry":{"type":"MultiPolygon","coordinates":[[[[-53.86335017,-28.2839932],[-53.86163556,-28.28393706],[-53.85497801,-28.28380348],[-53.85295702,-28.28379426],[-53.85299257,-28.28157761],[-53.85857189,-28.28162326],[-53.8612143,-28.28172899],[-53.8619712,-28.28178452],[-53.86340996,-28.28180883],[-53.86335017,-28.2839932]]]]},"geometry_name":"geo_area_imovel","properties":{"cod_imovel":"RS-4310207-09DD9C49471D4F3898AA6204C29B691C","status_imovel":"AT","dat_criacao":"2016-03-29T00:21:53.006Z","area":25.0866,"condicao":"Aguardando análise","uf":"RS","municipio":"Ijuí","cod_municipio_ibge":4310207,"m_fiscal":1.2543,"tipo_imovel":"IRU"}},{"type":"Feature","id":"sicar_imoveis_rs.14342735","geometry":{"type":"MultiPolygon","coordinates":[[[[-53.92935276,-28.45988193],[-53.92873049,-28.45990079],[-53.92864466,-28.46550341],[-53.92911673,-28.46548455],[-53.92915964,-28.46156086],[-53.93049002,-28.46159859],[-53.93053293,-28.45671264],[-53.92969608,-28.45646739],[-53.92930984,-28.45639193],[-53.92935276,-28.45988193]]]]},"geometry_name":"geo_area_imovel","properties":{"cod_imovel":"RS-4310207-09EB0CE1FBA84FAD8572D4FF5ABB752C","status_imovel":"AT","dat_criacao":"2025-06-26T13:49:04.438Z","area":9.5621,"condicao":"Aguardando análise","uf":"RS","municipio":"Ijuí","cod_municipio_ibge":4310207,"m_fiscal":0.4781,"tipo_imovel":"IRU"}},{"type":"Feature","id":"sicar_imoveis_rs.10967886","geometry":{"type":"MultiPolygon","coordinates":[[[[-53.99651527,-28.33146867],[-54.00769472,-28.33154422],[-54.00823116,-28.32995767],[-54.00823116,-28.32946659],[-53.99655819,-28.32937215],[-53.99651527,-28.33146867]]]]},"geometry_name":"geo_area_imovel","properties":{"cod_imovel":"RS-4310207-09F097638BAB49199A2A64DC333F8B51","status_imovel":"AT","dat_criacao":"2022-11-08T01:22:25.538Z","area":26.1209,"condicao":"Aguardando análise","uf":"RS","municipio":"Ijuí","cod_municipio_ibge":4310207,"m_fiscal":1.306,"tipo_imovel":"IRU"}},{"type":"Feature","id":"sicar_imoveis_rs.9081239","geometry":{"type":"MultiPolygon","coordinates":[[[[-53.85161161,-28.33154422],[-53.86186838,-28.33180864],[-53.86176109,-28.3340751],[-53.85154724,-28.33377291],[-53.85161161,-28.33154422]]]]},"geometry_name":"geo_area_imovel","properties":{"cod_imovel":"RS-4310207-0A124A3186AA4FBD86DC3A1F6F99D398","status_imovel":"AT","dat_criacao":"2021-03-18T15:23:35.067Z","area":25.0546,"condicao":"Aguardando análise","uf":"RS","municipio":"Ijuí","cod_municipio_ibge":4310207,"m_fiscal":1.2527,"tipo_imovel":"IRU"}},{"type":"Feature","id":"sicar_imoveis_rs.3179881","geometry":{"type":"MultiPolygon","coordinates":[[[[-53.91340971,-28.32850331],[-53.91325951,-28.33029765],[-53.91737938,-28.3303732],[-53.91742229,-28.32812555],[-53.91375303,-28.32808777],[-53.91373158,-28.3285222],[-53.91340971,-28.32850331]]]]},"geometry_name":"geo_area_imovel","properties":{"cod_imovel":"RS-4310207-0A17C51357FF4BE085EFA7C22EC033BB","status_imovel":"AT","dat_criacao":"2016-05-26T01:16:15.498Z","area":9.6861,"condicao":"Aguardando análise","uf":"RS","municipio":"Ijuí","cod_municipio_ibge":4310207,"m_fiscal":0.4843,"tipo_imovel":"IRU"}},{"type":"Feature","id":"sicar_imoveis_rs.7168559","geometry":{"type":"MultiPolygon","coordinates":[[[[-53.84004593,-28.38030027],[-53.83991718,-28.37962063],[-53.83901596,-28.37977166],[-53.83738518,-28.38109317],[-53.83687019,-28.38147074],[-53.83618355,-28.38160289],[-53.83599043,-28.38249018],[-53.8351965,-28.38343409],[-53.83431673,-28.38426473],[-53.83476734,-28.38449126],[-53.83487463,-28.38494433],[-53.83523941,-28.38581271],[-53.84004593,-28.38030027]]]]},"geometry_name":"geo_area_imovel","properties":{"cod_imovel":"RS-4310207-0A2AE78BC10643E39BE0F7064E14AA65","status_imovel":"AT","dat_criacao":"2019-07-25T06:13:44.962Z","area":11.8063,"condicao":"Aguardando análise","uf":"RS","municipio":"Ijuí","cod_municipio_ibge":4310207,"m_fiscal":0.5903,"tipo_imovel":"IRU"}},{"type":"Feature","id":"sicar_imoveis_rs.15936919","geometry":{"type":"MultiPolygon","coordinates":[[[[-53.86474371,-28.14482996],[-53.86412144,-28.14461474],[-53.86349916,-28.14439951],[-53.86286348,-28.14418429],[-53.8622278,-28.14396907],[-53.86098325,-28.14354336],[-53.85973871,-28.14311764],[-53.85849416,-28.14269665],[-53.85724962,-28.14227566],[-53.85600507,-28.14184757],[-53.85476053,-28.14141949],[-53.85468811,-28.14162052],[-53.85461569,-28.14182156],[-53.85707796,-28.14271084],[-53.85954022,-28.14360012],[-53.86200249,-28.14444681],[-53.86446476,-28.14529351],[-53.86460423,-28.14506173],[-53.86474371,-28.14482996]]]]},"geometry_name":"geo_area_imovel","properties":{"cod_imovel":"RS-4310207-0A2B59714F204F19BA30EB52E328CE5C","status_imovel":"AT","dat_criacao":"2026-06-18T13:33:58.940Z","area":5.7018,"condicao":"Aguardando análise","uf":"RS","municipio":"Ijuí","cod_municipio_ibge":4310207,"m_fiscal":0.2851,"tipo_imovel":"IRU"}},{"type":"Feature","id":"sicar_imoveis_rs.8165588","geometry":{"type":"MultiPolygon","coordinates":[[[[-53.83047581,-28.34703075],[-53.83038998,-28.34948573],[-53.82841587,-28.34937242],[-53.82863045,-28.34695521],[-53.83047581,-28.34703075]]]]},"geometry_name":"geo_area_imovel","properties":{"cod_imovel":"RS-4310207-0A2DC94C26724EA8AA5164EACB4257E6","status_imovel":"AT","dat_criacao":"2020-05-06T01:28:24.348Z","area":5.076,"condicao":"Aguardando análise","uf":"RS","municipio":"Ijuí","cod_municipio_ibge":4310207,"m_fiscal":0.2538,"tipo_imovel":"IRU"}},{"type":"Feature","id":"sicar_imoveis_rs.2616004","geometry":{"type":"MultiPolygon","coordinates":[[[[-53.86337042,-28.2862993],[-53.86343479,-28.28476876],[-53.85828495,-28.28467428],[-53.85300636,-28.2845798],[-53.85302782,-28.28605365],[-53.8550663,-28.28609145],[-53.85740519,-28.28609145],[-53.86337042,-28.2862993]]]]},"geometry_name":"geo_area_imovel","properties":{"cod_imovel":"RS-4310207-0A35EE668DF84913B71B610849E97837","status_imovel":"AT","dat_criacao":"2016-04-21T15:32:34.658Z","area":16.6682,"condicao":"Aguardando análise","uf":"RS","municipio":"Ijuí","cod_municipio_ibge":4310207,"m_fiscal":0.8334,"tipo_imovel":"IRU"}},{"type":"Feature","id":"sicar_imoveis_rs.2643281","geometry":{"type":"MultiPolygon","coordinates":[[[[-53.84444475,-28.46601272],[-53.84601116,-28.4674652],[-53.84541035,-28.46850267],[-53.84487391,-28.4695024],[-53.84453058,-28.47033236],[-53.84388685,-28.47087938],[-53.84322166,-28.47118118],[-53.84227753,-28.4707662],[-53.84135485,-28.47029464],[-53.84114027,-28.47006828],[-53.84103298,-28.46927605],[-53.84077549,-28.46846494],[-53.84053946,-28.46840835],[-53.83738518,-28.47023805],[-53.834939,-28.46642772],[-53.8354969,-28.46588068],[-53.83614063,-28.46559773],[-53.83710623,-28.46525818],[-53.83815765,-28.46489977],[-53.83845806,-28.46471114],[-53.84058237,-28.46810654],[-53.84444475,-28.46601272]]]]},"geometry_name":"geo_area_imovel","properties":{"cod_imovel":"RS-4310207-0A37B8319B4D417CB3B58F0054D1D4EE","status_imovel":"AT","dat_criacao":"2016-04-23T06:25:25.615Z","area":36.9128,"condicao":"Aguardando análise","uf":"RS","municipio":"Ijuí","cod_municipio_ibge":4310207,"m_fiscal":1.8456,"tipo_imovel":"IRU"}},{"type":"Feature","id":"sicar_imoveis_rs.1881621","geometry":{"type":"MultiPolygon","coordinates":[[[[-53.82390976,-28.42852442],[-53.83695602,-28.42869425],[-53.83687019,-28.43137377],[-53.83427382,-28.43324185],[-53.83418798,-28.43307203],[-53.83414507,-28.4329022],[-53.83410215,-28.43280786],[-53.83412361,-28.43275125],[-53.8340807,-28.43273238],[-53.83414507,-28.43261916],[-53.83403778,-28.43235499],[-53.83393049,-28.43184551],[-53.83369446,-28.43039255],[-53.82446766,-28.43027933],[-53.82425308,-28.42963775],[-53.82390976,-28.42852442]]]]},"geometry_name":"geo_area_imovel","properties":{"cod_imovel":"RS-4310207-0A3D3328A05F4183986D43C1A7DF7E95","status_imovel":"AT","dat_criacao":"2015-12-22T23:27:45.309Z","area":30.5171,"condicao":"Aguardando análise","uf":"RS","municipio":"Ijuí","cod_municipio_ibge":4310207,"m_fiscal":1.5259,"tipo_imovel":"IRU"}},{"type":"Feature","id":"sicar_imoveis_rs.12033673","geometry":{"type":"MultiPolygon","coordinates":[[[[-53.93422365,-28.25651594],[-53.93441677,-28.25700736],[-53.92825842,-28.25695066],[-53.92851591,-28.25640254],[-53.93422365,-28.25651594]]]]},"geometry_name":"geo_area_imovel","properties":{"cod_imovel":"RS-4310207-0A4F1ACA79184F7084B2A319576380D7","status_imovel":"AT","dat_criacao":"2023-09-08T05:32:22.830Z","area":3.3608,"condicao":"Aguardando análise","uf":"RS","municipio":"Ijuí","cod_municipio_ibge":4310207,"m_fiscal":0.168,"tipo_imovel":"IRU"}},{"type":"Feature","id":"sicar_imoveis_rs.3318064","geometry":{"type":"MultiPolygon","coordinates":[[[[-53.84170081,-28.24455271],[-53.84130958,-28.24503366],[-53.8411026,-28.24533809],[-53.8408307,-28.24613708],[-53.84061743,-28.24661845],[-53.84026502,-28.24696577],[-53.83996847,-28.24720204],[-53.83934853,-28.24773993],[-53.83903796,-28.2481104],[-53.83890223,-28.24835341],[-53.83937012,-28.24864806],[-53.84092943,-28.24739474],[-53.84220508,-28.24556314],[-53.84272858,-28.24454728],[-53.84170081,-28.24455271]]]]},"geometry_name":"geo_area_imovel","properties":{"cod_imovel":"RS-4310207-0A52B9E62C3C4D85BA01D08989F366AE","status_imovel":"AT","dat_criacao":"2016-06-03T22:54:24.948Z","area":4.5151,"condicao":"Aguardando análise","uf":"RS","municipio":"Ijuí","cod_municipio_ibge":4310207,"m_fiscal":0.2258,"tipo_imovel":"IRU"}},{"type":"Feature","id":"sicar_imoveis_rs.6589698","geometry":{"type":"MultiPolygon","coordinates":[[[[-53.94206643,-28.4326569],[-53.94734502,-28.43277012],[-53.94725919,-28.43356263],[-53.94698024,-28.43418531],[-53.94646525,-28.43531745],[-53.94558549,-28.43529858],[-53.94191623,-28.43526084],[-53.94206643,-28.4326569]]]]},"geometry_name":"geo_area_imovel","properties":{"cod_imovel":"RS-4310207-0A663C1A77A44AD09A07D334DAA0D02A","status_imovel":"AT","dat_criacao":"2019-03-16T00:51:16.331Z","area":14.0489,"condicao":"Aguardando análise","uf":"RS","municipio":"Ijuí","cod_municipio_ibge":4310207,"m_fiscal":0.7024,"tipo_imovel":"IRU"}},{"type":"Feature","id":"sicar_imoveis_rs.2247268","geometry":{"type":"MultiPolygon","coordinates":[[[[-53.89068604,-28.35092092],[-53.88869047,-28.35097757],[-53.88884068,-28.3533758],[-53.88896942,-28.35464099],[-53.88881922,-28.35533967],[-53.88890505,-28.3558684],[-53.88884068,-28.35605723],[-53.88909817,-28.35635935],[-53.88942003,-28.3567559],[-53.88972044,-28.35715244],[-53.8902998,-28.35751121],[-53.89102936,-28.35807769],[-53.89152288,-28.35779445],[-53.89147997,-28.35756786],[-53.89152288,-28.3570769],[-53.89143705,-28.35679366],[-53.89147997,-28.35630271],[-53.89145851,-28.35579286],[-53.89111519,-28.35532079],[-53.89102936,-28.35475429],[-53.8910079,-28.35452769],[-53.89070749,-28.35364017],[-53.89075041,-28.35243162],[-53.89068604,-28.35092092]]]]},"geometry_name":"geo_area_imovel","properties":{"cod_imovel":"RS-4310207-0A6B8AF8A0B147A4A508528E7C2E2C15","status_imovel":"AT","dat_criacao":"2016-03-22T02:26:36.597Z","area":15.0572,"condicao":"Aguardando análise","uf":"RS","municipio":"Ijuí","cod_municipio_ibge":4310207,"m_fiscal":0.7529,"tipo_imovel":"IRU"}},{"type":"Feature","id":"sicar_imoveis_rs.2071618","geometry":{"type":"MultiPolygon","coordinates":[[[[-53.85517359,-28.3567559],[-53.8550663,-28.3590407],[-53.85296345,-28.35900294],[-53.85311365,-28.35671813],[-53.85517359,-28.3567559]]]]},"geometry_name":"geo_area_imovel","properties":{"cod_imovel":"RS-4310207-0A8880A73E164AE08A7F7F623C60AC77","status_imovel":"AT","dat_criacao":"2016-02-26T01:21:27.594Z","area":5.178,"condicao":"Aguardando análise","uf":"RS","municipio":"Ijuí","cod_municipio_ibge":4310207,"m_fiscal":0.2589,"tipo_imovel":"IRU"}},{"type":"Feature","id":"sicar_imoveis_rs.4039440","geometry":{"type":"MultiPolygon","coordinates":[[[[-53.89613628,-28.2654556],[-53.89386177,-28.2654934],[-53.89377594,-28.26787466],[-53.89609337,-28.26783686],[-53.89613628,-28.2654556]]]]},"geometry_name":"geo_area_imovel","properties":{"cod_imovel":"RS-4310207-0A8D8478BDFE42BC8E1D8481E8F76C5D","status_imovel":"AT","dat_criacao":"2017-03-08T00:10:22.081Z","area":5.9495,"condicao":"Aguardando análise","uf":"RS","municipio":"Ijuí","cod_municipio_ibge":4310207,"m_fiscal":0.2975,"tipo_imovel":"IRU"}},{"type":"Feature","id":"sicar_imoveis_rs.14985776","geometry":{"type":"MultiPolygon","coordinates":[[[[-53.90386105,-28.27921328],[-53.90381813,-28.28051714],[-53.90117884,-28.28053603],[-53.90124321,-28.27925107],[-53.90386105,-28.27921328]]]]},"geometry_name":"geo_area_imovel","properties":{"cod_imovel":"RS-4310207-0AA3C299AD5B43699A32215705F331BC","status_imovel":"AT","dat_criacao":"2025-11-11T17:28:01.260Z","area":3.7021,"condicao":"Aguardando análise","uf":"RS","municipio":"Ijuí","cod_municipio_ibge":4310207,"m_fiscal":0.1851,"tipo_imovel":"IRU"}},{"type":"Feature","id":"sicar_imoveis_rs.2324849","geometry":{"type":"MultiPolygon","coordinates":[[[[-53.8632632,-28.28480647],[-53.85287169,-28.28450478],[-53.8528749,-28.28377407],[-53.85591888,-28.28381541],[-53.86326451,-28.28400755],[-53.8632632,-28.28480647]]]]},"geometry_name":"geo_area_imovel","properties":{"cod_imovel":"RS-4310207-0ABAE200681749C1B2E945254F352713","status_imovel":"AT","dat_criacao":"2016-04-01T00:10:23.854Z","area":8.8039,"condicao":"Aguardando análise","uf":"RS","municipio":"Ijuí","cod_municipio_ibge":4310207,"m_fiscal":0.4402,"tipo_imovel":"IRU"}},{"type":"Feature","id":"sicar_imoveis_rs.2247719","geometry":{"type":"MultiPolygon","coordinates":[[[[-53.82918835,-28.11438259],[-53.83815765,-28.11487466],[-53.83755684,-28.11752423],[-53.83738518,-28.11824339],[-53.8371706,-28.11892469],[-53.83622646,-28.12085503],[-53.83120537,-28.11994664],[-53.82987499,-28.12172556],[-53.83257866,-28.12191481],[-53.83223534,-28.12327737],[-53.82622719,-28.12183911],[-53.82481098,-28.1257375],[-53.82476807,-28.13031697],[-53.82369518,-28.13455565],[-53.82202148,-28.13114958],[-53.81884575,-28.13016558],[-53.81682873,-28.12872742],[-53.81639957,-28.12660799],[-53.81622791,-28.12600243],[-53.81622791,-28.12596458],[-53.81665707,-28.12581319],[-53.81494045,-28.12463991],[-53.81326675,-28.12346661],[-53.81238699,-28.12140385],[-53.81215096,-28.11998449],[-53.81219387,-28.11900039],[-53.80996227,-28.11646441],[-53.80996227,-28.11589664],[-53.80957603,-28.1146097],[-53.81077766,-28.11498821],[-53.81159306,-28.11491251],[-53.81202221,-28.1146097],[-53.81206512,-28.11491251],[-53.81219387,-28.11478003],[-53.81253719,-28.11464755],[-53.81249428,-28.11498821],[-53.81330967,-28.11498821],[-53.81397486,-28.11489358],[-53.81579876,-28.11498821],[-53.8170433,-28.11510177],[-53.8181591,-28.11517747],[-53.81867409,-28.11525317],[-53.81948948,-28.11529102],[-53.82060528,-28.11536673],[-53.82519722,-28.11578309],[-53.82468224,-28.11759993],[-53.82275105,-28.11930319],[-53.82721424,-28.11930319],[-53.82918835,-28.11438259]]]]},"geometry_name":"geo_area_imovel","properties":{"cod_imovel":"RS-4310207-0AD0015CC57447F892753E92ADBF8B79","status_imovel":"AT","dat_criacao":"2016-03-22T02:39:40.388Z","area":268.0961,"condicao":"Aguardando análise","uf":"RS","municipio":"Ijuí","cod_municipio_ibge":4310207,"m_fiscal":13.4038,"tipo_imovel":"IRU"}},{"type":"Feature","id":"sicar_imoveis_rs.3279752","geometry":{"type":"MultiPolygon","coordinates":[[[[-53.86339553,-28.21943534],[-53.87344627,-28.21965405],[-53.87356403,-28.21507512],[-53.86339079,-28.21493403],[-53.86339553,-28.21943534]]]]},"geometry_name":"geo_area_imovel","properties":{"cod_imovel":"RS-4310207-0AD13077C0824257B4AFE783DB86CB3B","status_imovel":"AT","dat_criacao":"2016-06-02T08:18:50.067Z","area":50.0131,"condicao":"Aguardando análise","uf":"RS","municipio":"Ijuí","cod_municipio_ibge":4310207,"m_fiscal":2.5007,"tipo_imovel":"IRU"}},{"type":"Feature","id":"sicar_imoveis_rs.9844678","geometry":{"type":"MultiPolygon","coordinates":[[[[-53.94430876,-28.32383789],[-53.9522481,-28.32383789],[-53.95222664,-28.32474454],[-53.95237684,-28.32572675],[-53.95244122,-28.32633117],[-53.94424438,-28.32621784],[-53.94430876,-28.32383789]]]]},"geometry_name":"geo_area_imovel","properties":{"cod_imovel":"RS-4310207-0AD136DD5873472BAFD8B52C3041DF4E","status_imovel":"AT","dat_criacao":"2021-11-18T02:43:03.602Z","area":21.279,"condicao":"Aguardando análise","uf":"RS","municipio":"Ijuí","cod_municipio_ibge":4310207,"m_fiscal":1.064,"tipo_imovel":"IRU"}},{"type":"Feature","id":"sicar_imoveis_rs.3098705","geometry":{"type":"MultiPolygon","coordinates":[[[[-53.81300926,-28.40397154],[-53.81161451,-28.40682155],[-53.81002665,-28.40661394],[-53.81094933,-28.40463215],[-53.81064892,-28.40448115],[-53.81137848,-28.4034053],[-53.81300926,-28.40397154]]]]},"geometry_name":"geo_area_imovel","properties":{"cod_imovel":"RS-4310207-0AD25999554C49A2BF793FFD2D20B764","status_imovel":"AT","dat_criacao":"2016-05-21T00:29:41.860Z","area":5.9604,"condicao":"Aguardando análise","uf":"RS","municipio":"Ijuí","cod_municipio_ibge":4310207,"m_fiscal":0.298,"tipo_imovel":"IRU"}},{"type":"Feature","id":"sicar_imoveis_rs.9191298","geometry":{"type":"MultiPolygon","coordinates":[[[[-53.94061804,-28.26091971],[-53.94059658,-28.26324438],[-53.93480301,-28.26333888],[-53.93482447,-28.26095751],[-53.94061804,-28.26091971]]]]},"geometry_name":"geo_area_imovel","properties":{"cod_imovel":"RS-4310207-0AF1C30975164B399F45233B743F1571","status_imovel":"AT","dat_criacao":"2021-04-30T21:31:50.819Z","area":14.8413,"condicao":"Aguardando análise","uf":"RS","municipio":"Ijuí","cod_municipio_ibge":4310207,"m_fiscal":0.7421,"tipo_imovel":"IRU"}},{"type":"Feature","id":"sicar_imoveis_rs.3180023","geometry":{"type":"MultiPolygon","coordinates":[[[[-53.83021832,-28.426694],[-53.82313728,-28.42663739],[-53.82322311,-28.42695819],[-53.82343769,-28.42759978],[-53.82367373,-28.42852442],[-53.83034706,-28.42850555],[-53.83687019,-28.42850555],[-53.83693457,-28.42675062],[-53.83021832,-28.426694]]]]},"geometry_name":"geo_area_imovel","properties":{"cod_imovel":"RS-4310207-0B2901A7F37C4EAFB5A8F1022A25064A","status_imovel":"AT","dat_criacao":"2016-05-26T01:21:56.910Z","area":26.6272,"condicao":"Aguardando análise","uf":"RS","municipio":"Ijuí","cod_municipio_ibge":4310207,"m_fiscal":1.3314,"tipo_imovel":"IRU"}},{"type":"Feature","id":"sicar_imoveis_rs.4821626","geometry":{"type":"MultiPolygon","coordinates":[[[[-53.91248703,-28.36428991],[-53.91248703,-28.36644239],[-53.90974045,-28.3663291],[-53.90978336,-28.36425215],[-53.91248703,-28.36428991]]]]},"geometry_name":"geo_area_imovel","properties":{"cod_imovel":"RS-4310207-0B39A7DA1FB44954BCF9CAC618773DB8","status_imovel":"AT","dat_criacao":"2017-12-05T00:36:46.749Z","area":6.2701,"condicao":"Aguardando análise","uf":"RS","municipio":"Ijuí","cod_municipio_ibge":4310207,"m_fiscal":0.3135,"tipo_imovel":"IRU"}},{"type":"Feature","id":"sicar_imoveis_rs.13328337","geometry":{"type":"MultiPolygon","coordinates":[[[[-53.85370578,-28.1640157],[-53.85293865,-28.16460842],[-53.85254689,-28.16469372],[-53.85212266,-28.16475941],[-53.85196701,-28.1648798],[-53.85143558,-28.16365394],[-53.85391022,-28.1636391],[-53.85370578,-28.1640157]]]]},"geometry_name":"geo_area_imovel","properties":{"cod_imovel":"RS-4310207-0B5A2D2A7F29461CB08B9E2C61902EBD","status_imovel":"AT","dat_criacao":"2024-09-27T19:59:58.438Z","area":2.0829,"condicao":"Aguardando análise","uf":"RS","municipio":"Ijuí","cod_municipio_ibge":4310207,"m_fiscal":0.1041,"tipo_imovel":"IRU"}},{"type":"Feature","id":"sicar_imoveis_rs.6620443","geometry":{"type":"MultiPolygon","coordinates":[[[[-53.9931035,-28.32128787],[-53.98958445,-28.32126898],[-53.9896059,-28.3194556],[-53.99314642,-28.31943671],[-53.9931035,-28.32128787]]]]},"geometry_name":"geo_area_imovel","properties":{"cod_imovel":"RS-4310207-0B72DF10C8AF44B09779DEB36E3CE372","status_imovel":"AT","dat_criacao":"2019-03-23T02:20:57.305Z","area":7.0385,"condicao":"Aguardando análise","uf":"RS","municipio":"Ijuí","cod_municipio_ibge":4310207,"m_fiscal":0.3519,"tipo_imovel":"IRU"}},{"type":"Feature","id":"sicar_imoveis_rs.9803534","geometry":{"type":"MultiPolygon","coordinates":[[[[-53.84983063,-28.18998361],[-53.8497448,-28.19679189],[-53.85146141,-28.19686753],[-53.85150433,-28.19002143],[-53.84983063,-28.18998361]]]]},"geometry_name":"geo_area_imovel","properties":{"cod_imovel":"RS-4310207-0B81C5B5F5FA4997BDF73BA09B976F4A","status_imovel":"AT","dat_criacao":"2021-11-05T07:36:52.558Z","area":12.6112,"condicao":"Aguardando análise","uf":"RS","municipio":"Ijuí","cod_municipio_ibge":4310207,"m_fiscal":0.6306,"tipo_imovel":"IRU"}},{"type":"Feature","id":"sicar_imoveis_rs.14729967","geometry":{"type":"MultiPolygon","coordinates":[[[[-53.87858062,-28.26134885],[-53.87849522,-28.26088539],[-53.87806495,-28.26055978],[-53.87666457,-28.2608659],[-53.87733322,-28.26151668],[-53.87747744,-28.26132296],[-53.87763578,-28.26123887],[-53.87781989,-28.26116441],[-53.87809948,-28.26110285],[-53.87834464,-28.26116772],[-53.87858062,-28.26134885]]]]},"geometry_name":"geo_area_imovel","properties":{"cod_imovel":"RS-4310207-0B845CC073154747A9570EDA3FC9BF3D","status_imovel":"AT","dat_criacao":"2025-09-16T18:01:22.194Z","area":0.994,"condicao":"Aguardando análise","uf":"RS","municipio":"Ijuí","cod_municipio_ibge":4310207,"m_fiscal":0.0497,"tipo_imovel":"IRU"}},{"type":"Feature","id":"sicar_imoveis_rs.2403108","geometry":{"type":"MultiPolygon","coordinates":[[[[-54.06052351,-28.32727558],[-54.06201553,-28.32730865],[-54.06200409,-28.33184642],[-54.06240082,-28.33184624],[-54.06246567,-28.32982063],[-54.06248856,-28.32769394],[-54.06251144,-28.32472801],[-54.0626049,-28.32276122],[-54.06221867,-28.32276122],[-54.06208992,-28.32553786],[-54.0619812,-28.3256321],[-54.06045914,-28.32697337],[-54.06052351,-28.32727558]]]]},"geometry_name":"geo_area_imovel","properties":{"cod_imovel":"RS-4310207-0B8E6E2B85014DFB9ABB650C22C7159E","status_imovel":"AT","dat_criacao":"2016-04-08T02:54:27.842Z","area":6.0096,"condicao":"Aguardando análise","uf":"RS","municipio":"Ijuí","cod_municipio_ibge":4310207,"m_fiscal":0.3005,"tipo_imovel":"IRU"}},{"type":"Feature","id":"sicar_imoveis_rs.7525607","geometry":{"type":"MultiPolygon","coordinates":[[[[-53.95546675,-28.24835052],[-53.94523144,-28.24838833],[-53.94520998,-28.24952245],[-53.95544529,-28.24944684],[-53.95546675,-28.24835052]]]]},"geometry_name":"geo_area_imovel","properties":{"cod_imovel":"RS-4310207-0B91B861912948D18298D4AC20424727","status_imovel":"AT","dat_criacao":"2019-09-27T01:30:56.212Z","area":12.4286,"condicao":"Aguardando análise","uf":"RS","municipio":"Ijuí","cod_municipio_ibge":4310207,"m_fiscal":0.6214,"tipo_imovel":"IRU"}},{"type":"Feature","id":"sicar_imoveis_rs.5721522","geometry":{"type":"MultiPolygon","coordinates":[[[[-53.88101283,-28.40448329],[-53.88096128,-28.40480614],[-53.88095556,-28.40499416],[-53.88100514,-28.40508485],[-53.88116683,-28.40523108],[-53.88136086,-28.40531762],[-53.88151746,-28.40540397],[-53.88160203,-28.40553947],[-53.88160811,-28.40573031],[-53.8814747,-28.4064886],[-53.88141087,-28.40669318],[-53.88130057,-28.40689622],[-53.88105888,-28.40720136],[-53.8809804,-28.40735844],[-53.88096123,-28.40750967],[-53.88094039,-28.40792307],[-53.88093403,-28.40887892],[-53.88088265,-28.40972802],[-53.88086874,-28.40989998],[-53.88088605,-28.41013595],[-53.88089229,-28.41056997],[-53.88087775,-28.41113289],[-53.88088204,-28.41127658],[-53.88093442,-28.41136072],[-53.88102166,-28.41140992],[-53.88119091,-28.41142474],[-53.88204423,-28.41143139],[-53.88260416,-28.41142837],[-53.8836456,-28.41143842],[-53.88397867,-28.41142938],[-53.88463207,-28.41150194],[-53.88493665,-28.41149558],[-53.88539249,-28.41146904],[-53.8859006,-28.41146603],[-53.88589713,-28.41139087],[-53.8857895,-28.41138738],[-53.88589144,-28.41120373],[-53.88572916,-28.41112247],[-53.88588556,-28.4109796],[-53.88583479,-28.41094306],[-53.8859596,-28.41086925],[-53.88583252,-28.41073167],[-53.88595706,-28.41064036],[-53.88593683,-28.41052623],[-53.88569923,-28.41051927],[-53.88602626,-28.41035926],[-53.88609918,-28.41011741],[-53.8860037,-28.41008416],[-53.88600837,-28.4100193],[-53.88600697,-28.40993038],[-53.88596786,-28.40986861],[-53.88597556,-28.40970518],[-53.88584777,-28.4097069],[-53.88605015,-28.40945346],[-53.88612905,-28.4093043],[-53.88595982,-28.40921895],[-53.8860218,-28.40908909],[-53.88612948,-28.40895926],[-53.88622279,-28.40883352],[-53.88617499,-28.40874126],[-53.88599438,-28.40866869],[-53.88569998,-28.40845971],[-53.88556977,-28.40821774],[-53.88552999,-28.40786083],[-53.88551621,-28.40757815],[-53.88550458,-28.40750678],[-53.88537455,-28.40745604],[-53.88528948,-28.40720068],[-53.88528787,-28.40706225],[-53.88542899,-28.40679252],[-53.885405,-28.40672041],[-53.88546726,-28.40661969],[-53.8854772,-28.40655372],[-53.88541384,-28.40647081],[-53.88527683,-28.40636538],[-53.88515919,-28.40623329],[-53.88504732,-28.4062049],[-53.88497605,-28.40613506],[-53.88488034,-28.4059915],[-53.88489487,-28.40590297],[-53.88487686,-28.40589704],[-53.88479468,-28.40593288],[-53.88478004,-28.40604756],[-53.88455817,-28.40608988],[-53.88447238,-28.4059508],[-53.88440552,-28.40587049],[-53.88432526,-28.405943],[-53.88416463,-28.40563629],[-53.88408106,-28.40548498],[-53.88406513,-28.40537554],[-53.88399881,-28.40521692],[-53.8840847,-28.40518299],[-53.8841617,-28.40519705],[-53.88426713,-28.40518372],[-53.88443188,-28.40507388],[-53.88443709,-28.40485583],[-53.88436991,-28.40470725],[-53.88553063,-28.40470943],[-53.88553356,-28.40383177],[-53.88102455,-28.40389491],[-53.88101477,-28.40389539],[-53.88101283,-28.40448329]]]]},"geometry_name":"geo_area_imovel","properties":{"cod_imovel":"RS-4310207-0BA6E4BC570040918002ABB9F9F54474","status_imovel":"AT","dat_criacao":"2018-07-19T00:24:50.365Z","area":36.0374,"condicao":"Aguardando análise","uf":"RS","municipio":"Ijuí","cod_municipio_ibge":4310207,"m_fiscal":1.8019,"tipo_imovel":"IRU"}},{"type":"Feature","id":"sicar_imoveis_rs.9762476","geometry":{"type":"MultiPolygon","coordinates":[[[[-53.95231247,-28.42820363],[-53.96256924,-28.4284112],[-53.96250486,-28.43035481],[-53.95820526,-28.43143275],[-53.95827602,-28.43384426],[-53.95733385,-28.43391858],[-53.95631592,-28.4338425],[-53.95518279,-28.43370016],[-53.95483589,-28.4336582],[-53.95216227,-28.4335815],[-53.95231247,-28.42820363]]]]},"geometry_name":"geo_area_imovel","properties":{"cod_imovel":"RS-4310207-0BB3D7E6316D415C97F5B346920137A0","status_imovel":"AT","dat_criacao":"2021-10-22T19:09:07.573Z","area":47.4825,"condicao":"Aguardando análise","uf":"RS","municipio":"Ijuí","cod_municipio_ibge":4310207,"m_fiscal":2.3741,"tipo_imovel":"IRU"}},{"type":"Feature","id":"sicar_imoveis_rs.13909934","geometry":{"type":"MultiPolygon","coordinates":[[[[-53.85854244,-28.37456098],[-53.85832787,-28.37614687],[-53.85553837,-28.37576928],[-53.85566711,-28.37508962],[-53.85568857,-28.37476866],[-53.8561821,-28.37480642],[-53.85635376,-28.37444771],[-53.8574481,-28.37444771],[-53.85854244,-28.37456098]]]]},"geometry_name":"geo_area_imovel","properties":{"cod_imovel":"RS-4310207-0BDE660DCA9A471BA324F2E0683A35F5","status_imovel":"AT","dat_criacao":"2025-03-07T13:05:57.170Z","area":4.3615,"condicao":"Aguardando análise","uf":"RS","municipio":"Ijuí","cod_municipio_ibge":4310207,"m_fiscal":0.2181,"tipo_imovel":"IRU"}},{"type":"Feature","id":"sicar_imoveis_rs.6834541","geometry":{"type":"MultiPolygon","coordinates":[[[[-53.81880283,-28.40480202],[-53.82172108,-28.40491526],[-53.82172108,-28.40470764],[-53.82290125,-28.40474539],[-53.82285833,-28.40599109],[-53.82601261,-28.40602884],[-53.82601261,-28.4091619],[-53.81884575,-28.40857682],[-53.81880283,-28.40480202]]]]},"geometry_name":"geo_area_imovel","properties":{"cod_imovel":"RS-4310207-0BF514A69F2443968B0D0F9CED460140","status_imovel":"AT","dat_criacao":"2019-05-10T01:22:47.379Z","area":27.5805,"condicao":"Aguardando análise","uf":"RS","municipio":"Ijuí","cod_municipio_ibge":4310207,"m_fiscal":1.379,"tipo_imovel":"IRU"}},{"type":"Feature","id":"sicar_imoveis_rs.15992771","geometry":{"type":"MultiPolygon","coordinates":[[[[-53.97061237,-28.31892387],[-53.97115536,-28.31938249],[-53.97221176,-28.32074834],[-53.97299331,-28.3219664],[-53.97125332,-28.32265386],[-53.96911508,-28.32319312],[-53.96805978,-28.31975934],[-53.97061237,-28.31892387]]]]},"geometry_name":"geo_area_imovel","properties":{"cod_imovel":"RS-4310207-0BF5BA829FCE4EAB98929A8FBA28CB39","status_imovel":"AT","dat_criacao":"2026-07-06T11:38:17.118Z","area":13.9722,"condicao":"Aguardando análise","uf":"RS","municipio":"Ijuí","cod_municipio_ibge":4310207,"m_fiscal":0.6986,"tipo_imovel":"IRU"}},{"type":"Feature","id":"sicar_imoveis_rs.8979830","geometry":{"type":"MultiPolygon","coordinates":[[[[-53.88997793,-28.16753212],[-53.88911963,-28.16813744],[-53.88236046,-28.16687004],[-53.88141632,-28.16819419],[-53.88959169,-28.16976424],[-53.89006376,-28.17101269],[-53.89064312,-28.17103161],[-53.88997793,-28.16753212]]]]},"geometry_name":"geo_area_imovel","properties":{"cod_imovel":"RS-4310207-0BF9CBB7131E448484A4A1268F9D76E2","status_imovel":"AT","dat_criacao":"2021-02-09T22:23:42.208Z","area":15.2216,"condicao":"Aguardando análise","uf":"RS","municipio":"Ijuí","cod_municipio_ibge":4310207,"m_fiscal":0.7611,"tipo_imovel":"IRU"}},{"type":"Feature","id":"sicar_imoveis_rs.13381095","geometry":{"type":"MultiPolygon","coordinates":[[[[-53.97503524,-28.33568784],[-53.97445453,-28.33563788],[-53.97453149,-28.33125529],[-53.97509086,-28.3312727],[-53.97503524,-28.33568784]]]]},"geometry_name":"geo_area_imovel","properties":{"cod_imovel":"RS-4310207-0BFE6DC14FE14006A32B913179FD73CA","status_imovel":"AT","dat_criacao":"2024-10-10T18:19:02.682Z","area":2.7309,"condicao":"Aguardando análise","uf":"RS","municipio":"Ijuí","cod_municipio_ibge":4310207,"m_fiscal":0.1365,"tipo_imovel":"IRU"}},{"type":"Feature","id":"sicar_imoveis_rs.10267318","geometry":{"type":"MultiPolygon","coordinates":[[[[-53.94448042,-28.30555199],[-53.94327879,-28.30555199],[-53.94321442,-28.29737144],[-53.94445896,-28.29739033],[-53.94448042,-28.30555199]]]]},"geometry_name":"geo_area_imovel","properties":{"cod_imovel":"RS-4310207-0C174247E06747478D63C74CDA1EC73F","status_imovel":"AT","dat_criacao":"2022-04-12T01:00:24.008Z","area":10.8771,"condicao":"Aguardando análise","uf":"RS","municipio":"Ijuí","cod_municipio_ibge":4310207,"m_fiscal":0.5439,"tipo_imovel":"IRU"}},{"type":"Feature","id":"sicar_imoveis_rs.8931686","geometry":{"type":"MultiPolygon","coordinates":[[[[-53.95505905,-28.26768567],[-53.94454479,-28.26764788],[-53.94467354,-28.2654556],[-53.95497322,-28.26534221],[-53.95505905,-28.26768567]]]]},"geometry_name":"geo_area_imovel","properties":{"cod_imovel":"RS-4310207-0C28D2F73B9E45389B94982C589A8E82","status_imovel":"AT","dat_criacao":"2021-01-22T22:19:24.324Z","area":25.6959,"condicao":"Aguardando análise","uf":"RS","municipio":"Ijuí","cod_municipio_ibge":4310207,"m_fiscal":1.2848,"tipo_imovel":"IRU"}},{"type":"Feature","id":"sicar_imoveis_rs.2171739","geometry":{"type":"MultiPolygon","coordinates":[[[[-53.9529562,-28.37856341],[-53.94965172,-28.37845014],[-53.9496088,-28.38079112],[-53.95291328,-28.38082887],[-53.9529562,-28.37856341]]]]},"geometry_name":"geo_area_imovel","properties":{"cod_imovel":"RS-4310207-0C2D381C43484FEA870B14D6321D110F","status_imovel":"AT","dat_criacao":"2016-03-11T04:05:01.651Z","area":8.2814,"condicao":"Aguardando análise","uf":"RS","municipio":"Ijuí","cod_municipio_ibge":4310207,"m_fiscal":0.4141,"tipo_imovel":"IRU"}},{"type":"Feature","id":"sicar_imoveis_rs.12958873","geometry":{"type":"MultiPolygon","coordinates":[[[[-53.94023132,-28.2449131],[-53.9402504,-28.24264145],[-53.94057846,-28.24268532],[-53.94187546,-28.24267197],[-53.94187546,-28.24057388],[-53.93525696,-28.24051666],[-53.93483353,-28.24067497],[-53.93470764,-28.2416153],[-53.93491364,-28.24254036],[-53.93492889,-28.2449131],[-53.94023132,-28.2449131]]]]},"geometry_name":"geo_area_imovel","properties":{"cod_imovel":"RS-4310207-0C37E2E12B324BF29FB2C999CE819C37","status_imovel":"AT","dat_criacao":"2024-06-23T07:49:02.369Z","area":29.3492,"condicao":"Aguardando análise","uf":"RS","municipio":"Ijuí","cod_municipio_ibge":4310207,"m_fiscal":1.4675,"tipo_imovel":"IRU"}},{"type":"Feature","id":"sicar_imoveis_rs.5346559","geometry":{"type":"MultiPolygon","coordinates":[[[[-53.90448332,-28.20515035],[-53.89463425,-28.20526381],[-53.89463425,-28.20414812],[-53.90306711,-28.20395902],[-53.90311003,-28.20460196],[-53.90441895,-28.20462087],[-53.90448332,-28.20515035]]]]},"geometry_name":"geo_area_imovel","properties":{"cod_imovel":"RS-4310207-0C575F3D6C4847B6B7357B971B3A62D7","status_imovel":"AT","dat_criacao":"2018-04-10T01:53:37.708Z","area":11.5115,"condicao":"Aguardando análise","uf":"RS","municipio":"Ijuí","cod_municipio_ibge":4310207,"m_fiscal":0.5756,"tipo_imovel":"IRU"}},{"type":"Feature","id":"sicar_imoveis_rs.6693447","geometry":{"type":"MultiPolygon","coordinates":[[[[-53.97016525,-28.45480725],[-53.9708519,-28.4622211],[-53.97007942,-28.46171177],[-53.96913528,-28.46139108],[-53.96838427,-28.46197587],[-53.96797657,-28.4627493],[-53.96765471,-28.46352272],[-53.96492958,-28.46354158],[-53.96467209,-28.45759929],[-53.96450043,-28.45484498],[-53.96593809,-28.45495817],[-53.96716118,-28.45514682],[-53.96782637,-28.45529775],[-53.96870613,-28.45539207],[-53.97016525,-28.45480725]]]]},"geometry_name":"geo_area_imovel","properties":{"cod_imovel":"RS-4310207-0C67AA5980084BFB92AD5894BF5D31D0","status_imovel":"AT","dat_criacao":"2019-04-09T02:04:26.029Z","area":48.0059,"condicao":"Aguardando análise","uf":"RS","municipio":"Ijuí","cod_municipio_ibge":4310207,"m_fiscal":2.4003,"tipo_imovel":"IRU"}},{"type":"Feature","id":"sicar_imoveis_rs.13850212","geometry":{"type":"MultiPolygon","coordinates":[[[[-53.89253139,-28.44652499],[-53.89147997,-28.44639292],[-53.89193058,-28.44356285],[-53.89298201,-28.44373265],[-53.89253139,-28.44652499]]]]},"geometry_name":"geo_area_imovel","properties":{"cod_imovel":"RS-4310207-0C6DE32C7CE64A19912D3D6F8DC41F9A","status_imovel":"AT","dat_criacao":"2025-02-19T19:36:13.753Z","area":3.2865,"condicao":"Aguardando análise","uf":"RS","municipio":"Ijuí","cod_municipio_ibge":4310207,"m_fiscal":0.1643,"tipo_imovel":"IRU"}},{"type":"Feature","id":"sicar_imoveis_rs.2497080","geometry":{"type":"MultiPolygon","coordinates":[[[[-53.84096861,-28.40172545],[-53.84058237,-28.40170658],[-53.83998156,-28.40157445],[-53.83935928,-28.40166883],[-53.83807182,-28.40163108],[-53.83815765,-28.39923393],[-53.84077549,-28.39927169],[-53.84083986,-28.39959257],[-53.84081841,-28.39980019],[-53.84071112,-28.40006445],[-53.84071112,-28.40030982],[-53.84075403,-28.40064958],[-53.84081841,-28.40110258],[-53.84086132,-28.40148008],[-53.84096861,-28.40172545]]]]},"geometry_name":"geo_area_imovel","properties":{"cod_imovel":"RS-4310207-0C87C431D6684921933E38C9C3B993AA","status_imovel":"AT","dat_criacao":"2016-04-14T13:47:27.840Z","area":6.9792,"condicao":"Aguardando análise","uf":"RS","municipio":"Ijuí","cod_municipio_ibge":4310207,"m_fiscal":0.349,"tipo_imovel":"IRU"}},{"type":"Feature","id":"sicar_imoveis_rs.4998024","geometry":{"type":"MultiPolygon","coordinates":[[[[-53.85961533,-28.40623646],[-53.85794163,-28.40617983],[-53.85712624,-28.40621758],[-53.85538816,-28.40616096],[-53.85547371,-28.40588611],[-53.85556865,-28.40568029],[-53.85561094,-28.40542743],[-53.85570961,-28.40526186],[-53.85583878,-28.40514175],[-53.85603189,-28.40508513],[-53.85646105,-28.40512288],[-53.85682583,-28.40514175],[-53.85749102,-28.40514175],[-53.8579309,-28.40517006],[-53.85837078,-28.40514175],[-53.86060238,-28.4051795],[-53.86062384,-28.40534937],[-53.86058092,-28.40548149],[-53.86064529,-28.40542487],[-53.86066675,-28.40544374],[-53.86062384,-28.40553811],[-53.86062384,-28.40557586],[-53.86060238,-28.40568911],[-53.86064529,-28.40582123],[-53.86062384,-28.40597222],[-53.86066675,-28.4062742],[-53.85961533,-28.40623646]]]]},"geometry_name":"geo_area_imovel","properties":{"cod_imovel":"RS-4310207-0CDC7FC8A92B43B28309F3F4DA797BD5","status_imovel":"AT","dat_criacao":"2017-12-27T00:14:55.619Z","area":5.8528,"condicao":"Aguardando análise","uf":"RS","municipio":"Ijuí","cod_municipio_ibge":4310207,"m_fiscal":0.2926,"tipo_imovel":"IRU"}},{"type":"Feature","id":"sicar_imoveis_rs.7500681","geometry":{"type":"MultiPolygon","coordinates":[[[[-53.91317368,-28.33150645],[-53.90306711,-28.33139312],[-53.90308857,-28.33025987],[-53.91319513,-28.33035431],[-53.91317368,-28.33150645]]]]},"geometry_name":"geo_area_imovel","properties":{"cod_imovel":"RS-4310207-0CE38F1E260A4D08B8552320E40C4119","status_imovel":"AT","dat_criacao":"2019-09-22T01:05:31.019Z","area":12.5681,"condicao":"Aguardando análise","uf":"RS","municipio":"Ijuí","cod_municipio_ibge":4310207,"m_fiscal":0.6284,"tipo_imovel":"IRU"}},{"type":"Feature","id":"sicar_imoveis_rs.3683421","geometry":{"type":"MultiPolygon","coordinates":[[[[-53.97235394,-28.42805267],[-53.96744013,-28.42795832],[-53.96741867,-28.42856216],[-53.97233248,-28.4285999],[-53.97235394,-28.42805267]]]]},"geometry_name":"geo_area_imovel","properties":{"cod_imovel":"RS-4310207-0D019F18772149C1BD550D201BF853A7","status_imovel":"AT","dat_criacao":"2016-09-02T00:03:26.137Z","area":3.0762,"condicao":"Aguardando análise","uf":"RS","municipio":"Ijuí","cod_municipio_ibge":4310207,"m_fiscal":0.1538,"tipo_imovel":"IRU"}},{"type":"Feature","id":"sicar_imoveis_rs.16062288","geometry":{"type":"MultiPolygon","coordinates":[[[[-53.93729404,-28.48242632],[-53.93538237,-28.48196999],[-53.93540864,-28.48174875],[-53.93736303,-28.48205077],[-53.93729404,-28.48242632]]]]},"geometry_name":"geo_area_imovel","properties":{"cod_imovel":"RS-4310207-0D1E1357A86C4BE0AD4F157525CB4750","status_imovel":"AT","dat_criacao":"2026-07-24T17:55:21.422Z","area":0.6464,"condicao":"Aguardando análise","uf":"RS","municipio":"Ijuí","cod_municipio_ibge":4310207,"m_fiscal":0.0323,"tipo_imovel":"IRU"}},{"type":"Feature","id":"sicar_imoveis_rs.2229910","geometry":{"type":"MultiPolygon","coordinates":[[[[-54.06919241,-28.32678449],[-54.06942844,-28.33012766],[-54.0646863,-28.33020321],[-54.06464338,-28.32608562],[-54.06522274,-28.32686004],[-54.06608105,-28.32714337],[-54.06708956,-28.32729447],[-54.06829119,-28.32721892],[-54.06919241,-28.32678449]]]]},"geometry_name":"geo_area_imovel","properties":{"cod_imovel":"RS-4310207-0D5FAC952D834F2993DD6BD742ECFDE7","status_imovel":"AT","dat_criacao":"2016-03-19T02:26:26.658Z","area":15.7664,"condicao":"Aguardando análise","uf":"RS","municipio":"Ijuí","cod_municipio_ibge":4310207,"m_fiscal":0.7883,"tipo_imovel":"IRU"}},{"type":"Feature","id":"sicar_imoveis_rs.5327963","geometry":{"type":"MultiPolygon","coordinates":[[[[-53.9725256,-28.42641095],[-53.9830184,-28.42656191],[-53.9830184,-28.4258637],[-53.97248268,-28.425675],[-53.9725256,-28.42641095]]]]},"geometry_name":"geo_area_imovel","properties":{"cod_imovel":"RS-4310207-0D940FC94496408D80695951A4E0EBFD","status_imovel":"AT","dat_criacao":"2018-04-03T01:48:03.038Z","area":8.1931,"condicao":"Aguardando análise","uf":"RS","municipio":"Ijuí","cod_municipio_ibge":4310207,"m_fiscal":0.4097,"tipo_imovel":"IRU"}},{"type":"Feature","id":"sicar_imoveis_rs.15980190","geometry":{"type":"MultiPolygon","coordinates":[[[[-53.90072588,-28.44713958],[-53.90162544,-28.44728736],[-53.90139634,-28.45538494],[-53.90073636,-28.45536671],[-53.90072588,-28.44713958]]]]},"geometry_name":"geo_area_imovel","properties":{"cod_imovel":"RS-4310207-0DA6E42F20614614ADFBFDB5334C2C06","status_imovel":"AT","dat_criacao":"2026-07-01T17:10:14.178Z","area":6.9273,"condicao":"Aguardando análise","uf":"RS","municipio":"Ijuí","cod_municipio_ibge":4310207,"m_fiscal":0.3464,"tipo_imovel":"IRU"}},{"type":"Feature","id":"sicar_imoveis_rs.3179564","geometry":{"type":"MultiPolygon","coordinates":[[[[-53.90298128,-28.31779331],[-53.90294909,-28.31888892],[-53.89289618,-28.31866224],[-53.89293909,-28.31645212],[-53.90298128,-28.31669769],[-53.90298128,-28.31779331]]]]},"geometry_name":"geo_area_imovel","properties":{"cod_imovel":"RS-4310207-0DBF108AC0504774A5371870686D0929","status_imovel":"AT","dat_criacao":"2016-05-26T01:01:22.792Z","area":24.0898,"condicao":"Aguardando análise","uf":"RS","municipio":"Ijuí","cod_municipio_ibge":4310207,"m_fiscal":1.2045,"tipo_imovel":"IRU"}},{"type":"Feature","id":"sicar_imoveis_rs.1977566","geometry":{"type":"MultiPolygon","coordinates":[[[[-53.88387191,-28.1935003],[-53.8809028,-28.19368319],[-53.87863254,-28.19364449],[-53.87864129,-28.19335674],[-53.87860331,-28.19286934],[-53.87862212,-28.1924265],[-53.88132898,-28.19245131],[-53.88169922,-28.19249583],[-53.88228293,-28.1924677],[-53.88278537,-28.19245493],[-53.88327231,-28.19244001],[-53.88385013,-28.1924385],[-53.88387191,-28.1935003]]]]},"geometry_name":"geo_area_imovel","properties":{"cod_imovel":"RS-4310207-0DC3D28AD9844903AA2EBBD123FE222A","status_imovel":"AT","dat_criacao":"2016-01-28T23:11:18.301Z","area":6.7011,"condicao":"Aguardando análise","uf":"RS","municipio":"Ijuí","cod_municipio_ibge":4310207,"m_fiscal":0.3351,"tipo_imovel":"IRU"}},{"type":"Feature","id":"sicar_imoveis_rs.2651829","geometry":{"type":"MultiPolygon","coordinates":[[[[-53.93862247,-28.4360156],[-53.93849373,-28.43869493],[-53.93557549,-28.43869493],[-53.93548965,-28.43533632],[-53.93772125,-28.43529858],[-53.93862247,-28.4360156]]]]},"geometry_name":"geo_area_imovel","properties":{"cod_imovel":"RS-4310207-0DC6484D71E64ED6B66B3C4408F0B9E5","status_imovel":"AT","dat_criacao":"2016-04-24T02:34:30.997Z","area":10.825,"condicao":"Aguardando análise","uf":"RS","municipio":"Ijuí","cod_municipio_ibge":4310207,"m_fiscal":0.5413,"tipo_imovel":"IRU"}},{"type":"Feature","id":"sicar_imoveis_rs.10652407","geometry":{"type":"MultiPolygon","coordinates":[[[[-53.84957314,-28.31261737],[-53.849895,-28.30660994],[-53.85242701,-28.30664772],[-53.8521266,-28.31265515],[-53.84957314,-28.31261737]]]]},"geometry_name":"geo_area_imovel","properties":{"cod_imovel":"RS-4310207-0DD28EE82CB24909AADC614DA6B4501A","status_imovel":"AT","dat_criacao":"2022-08-10T23:53:46.812Z","area":16.6352,"condicao":"Aguardando análise","uf":"RS","municipio":"Ijuí","cod_municipio_ibge":4310207,"m_fiscal":0.8318,"tipo_imovel":"IRU"}},{"type":"Feature","id":"sicar_imoveis_rs.6406752","geometry":{"type":"MultiPolygon","coordinates":[[[[-53.84041071,-28.39711987],[-53.83837223,-28.39708212],[-53.83837223,-28.39651585],[-53.83704185,-28.39644035],[-53.83637667,-28.39583632],[-53.83579731,-28.39530779],[-53.83556128,-28.39470375],[-53.83835077,-28.39477926],[-53.83837223,-28.38956932],[-53.83931637,-28.38955044],[-53.83989573,-28.38953156],[-53.84053946,-28.38945605],[-53.84120464,-28.38947493],[-53.84129047,-28.39391095],[-53.84041071,-28.39391095],[-53.84041071,-28.39711987]]]]},"geometry_name":"geo_area_imovel","properties":{"cod_imovel":"RS-4310207-0DD2E36C771C442287C7B805C9EB3BD2","status_imovel":"AT","dat_criacao":"2019-02-13T00:01:23.898Z","area":24.9776,"condicao":"Aguardando análise","uf":"RS","municipio":"Ijuí","cod_municipio_ibge":4310207,"m_fiscal":1.2489,"tipo_imovel":"IRU"}},{"type":"Feature","id":"sicar_imoveis_rs.13129854","geometry":{"type":"MultiPolygon","coordinates":[[[[-53.94323587,-28.30558978],[-53.94445896,-28.30557089],[-53.94460917,-28.29733365],[-53.94334316,-28.29733365],[-53.94323587,-28.30558978]]]]},"geometry_name":"geo_area_imovel","properties":{"cod_imovel":"RS-4310207-0DDB5E305C4B4779B7D8E59888618E7F","status_imovel":"AT","dat_criacao":"2024-08-09T02:14:38.412Z","area":11.1694,"condicao":"Aguardando análise","uf":"RS","municipio":"Ijuí","cod_municipio_ibge":4310207,"m_fiscal":0.5585,"tipo_imovel":"IRU"}},{"type":"Feature","id":"sicar_imoveis_rs.13029615","geometry":{"type":"MultiPolygon","coordinates":[[[[-53.86242338,-28.30899421],[-53.85734715,-28.30891244],[-53.85741208,-28.30668933],[-53.86251692,-28.30679255],[-53.86242338,-28.30899421]]]]},"geometry_name":"geo_area_imovel","properties":{"cod_imovel":"RS-4310207-0DDCE65A96F343F7838E3AA9C95EF607","status_imovel":"AT","dat_criacao":"2024-07-15T08:44:23.947Z","area":12.2638,"condicao":"Aguardando análise","uf":"RS","municipio":"Ijuí","cod_municipio_ibge":4310207,"m_fiscal":0.6132,"tipo_imovel":"IRU"}},{"type":"Feature","id":"sicar_imoveis_rs.3026798","geometry":{"type":"MultiPolygon","coordinates":[[[[-53.90896797,-28.21309217],[-53.90896797,-28.2152288],[-53.90441895,-28.21534225],[-53.90448332,-28.21275182],[-53.90622139,-28.21277073],[-53.90617847,-28.21305436],[-53.90896797,-28.21309217]]]]},"geometry_name":"geo_area_imovel","properties":{"cod_imovel":"RS-4310207-0DE726722A6E438489571F0944DE64F7","status_imovel":"AT","dat_criacao":"2016-05-19T03:57:42.207Z","area":11.4765,"condicao":"Aguardando análise","uf":"RS","municipio":"Ijuí","cod_municipio_ibge":4310207,"m_fiscal":0.5738,"tipo_imovel":"IRU"}},{"type":"Feature","id":"sicar_imoveis_rs.14876376","geometry":{"type":"MultiPolygon","coordinates":[[[[-53.90354838,-28.11805841],[-53.90239245,-28.11756132],[-53.90135823,-28.11795149],[-53.9000687,-28.11915958],[-53.89890524,-28.1203228],[-53.89804436,-28.12105552],[-53.89746555,-28.12146616],[-53.89663747,-28.12169035],[-53.88023041,-28.11161469],[-53.87926891,-28.10934477],[-53.87899954,-28.10639128],[-53.87942884,-28.10582021],[-53.88085086,-28.10570272],[-53.88169834,-28.10478785],[-53.88198083,-28.10375277],[-53.88165317,-28.10317346],[-53.88342816,-28.10114475],[-53.88948649,-28.10375886],[-53.89030179,-28.10413554],[-53.89116679,-28.10535911],[-53.89594895,-28.10796596],[-53.89971424,-28.11081913],[-53.90164646,-28.11167987],[-53.90404594,-28.11248845],[-53.90746351,-28.11366914],[-53.90947643,-28.11502917],[-53.90763638,-28.11710112],[-53.90585911,-28.11732875],[-53.90590372,-28.11775007],[-53.90557207,-28.11841146],[-53.90650315,-28.11840449],[-53.9060187,-28.11894631],[-53.90416418,-28.11832666],[-53.90354838,-28.11805841]]]]},"geometry_name":"geo_area_imovel","properties":{"cod_imovel":"RS-4310207-0E0A5EBD0C314511AC831C6350B4E173","status_imovel":"AT","dat_criacao":"2025-10-16T16:57:39.681Z","area":315.5265,"condicao":"Aguardando análise","uf":"RS","municipio":"Ijuí","cod_municipio_ibge":4310207,"m_fiscal":15.7763,"tipo_imovel":"IRU"}},{"type":"Feature","id":"sicar_imoveis_rs.2497073","geometry":{"type":"MultiPolygon","coordinates":[[[[-53.88356209,-28.28973821],[-53.88156652,-28.2897571],[-53.8817811,-28.28945479],[-53.88199568,-28.28919026],[-53.88221025,-28.2890391],[-53.88246775,-28.28877457],[-53.88268232,-28.28851004],[-53.88311148,-28.28798098],[-53.88328314,-28.28773534],[-53.88326168,-28.28771644],[-53.88336897,-28.28762197],[-53.8838625,-28.28756528],[-53.88356209,-28.28973821]]]]},"geometry_name":"geo_area_imovel","properties":{"cod_imovel":"RS-4310207-0E10AB0505034CF391F393B894ED04AD","status_imovel":"AT","dat_criacao":"2016-04-14T13:46:26.682Z","area":2.823,"condicao":"Aguardando análise","uf":"RS","municipio":"Ijuí","cod_municipio_ibge":4310207,"m_fiscal":0.1436,"tipo_imovel":"IRU"}},{"type":"Feature","id":"sicar_imoveis_rs.5596791","geometry":{"type":"MultiPolygon","coordinates":[[[[-53.95096064,-28.35135525],[-53.95409346,-28.35135525],[-53.95411491,-28.34918358],[-53.95306349,-28.34920246],[-53.95096064,-28.35135525]]]]},"geometry_name":"geo_area_imovel","properties":{"cod_imovel":"RS-4310207-0E255F0EBF7242A9BBC8FE07D50DC9AD","status_imovel":"AT","dat_criacao":"2018-05-31T05:51:03.460Z","area":4.9105,"condicao":"Aguardando análise","uf":"RS","municipio":"Ijuí","cod_municipio_ibge":4310207,"m_fiscal":0.2455,"tipo_imovel":"IRU"}},{"type":"Feature","id":"sicar_imoveis_rs.14660851","geometry":{"type":"MultiPolygon","coordinates":[[[[-53.82056236,-28.33766356],[-53.82060528,-28.33981658],[-53.81446838,-28.3395144],[-53.81571293,-28.33755024],[-53.82056236,-28.33766356]]]]},"geometry_name":"geo_area_imovel","properties":{"cod_imovel":"RS-4310207-0E27C0CAF9734509B9C904AC4666A1C7","status_imovel":"AT","dat_criacao":"2025-09-02T11:55:52.387Z","area":12.4374,"condicao":"Aguardando análise","uf":"RS","municipio":"Ijuí","cod_municipio_ibge":4310207,"m_fiscal":0.6219,"tipo_imovel":"IRU"}},{"type":"Feature","id":"sicar_imoveis_rs.12363123","geometry":{"type":"MultiPolygon","coordinates":[[[[-53.8526845,-28.2536997],[-53.84111881,-28.2537186],[-53.84180546,-28.25309486],[-53.84262085,-28.2523577],[-53.84283543,-28.25094009],[-53.84279251,-28.24942794],[-53.84315729,-28.2490499],[-53.84388685,-28.24893649],[-53.84474516,-28.24927672],[-53.84588242,-28.25022182],[-53.84693384,-28.25139372],[-53.85272741,-28.25139372],[-53.8526845,-28.2536997]]]]},"geometry_name":"geo_area_imovel","properties":{"cod_imovel":"RS-4310207-0E313C5CD82E46CDB0A859404A414F99","status_imovel":"AT","dat_criacao":"2023-12-08T06:36:57.912Z","area":34.0139,"condicao":"Aguardando análise","uf":"RS","municipio":"Ijuí","cod_municipio_ibge":4310207,"m_fiscal":1.7007,"tipo_imovel":"IRU"}},{"type":"Feature","id":"sicar_imoveis_rs.16019600","geometry":{"type":"MultiPolygon","coordinates":[[[[-53.92469645,-28.2585194],[-53.91426802,-28.2586895],[-53.91426802,-28.25644034],[-53.92469645,-28.25634583],[-53.92469645,-28.2585194]]]]},"geometry_name":"geo_area_imovel","properties":{"cod_imovel":"RS-4310207-0E3262E5BE2043ADBB5E9A55198EBB0A","status_imovel":"AT","dat_criacao":"2026-07-14T13:23:14.258Z","area":25.1091,"condicao":"Aguardando análise","uf":"RS","municipio":"Ijuí","cod_municipio_ibge":4310207,"m_fiscal":1.2555,"tipo_imovel":"IRU"}},{"type":"Feature","id":"sicar_imoveis_rs.7190118","geometry":{"type":"MultiPolygon","coordinates":[[[[-53.88240337,-28.33001433],[-53.88240337,-28.32738891],[-53.8875103,-28.32742669],[-53.8875103,-28.33008988],[-53.88240337,-28.33001433]]]]},"geometry_name":"geo_area_imovel","properties":{"cod_imovel":"RS-4310207-0E37B371C58E4216818F9B05437B8A9B","status_imovel":"AT","dat_criacao":"2019-07-30T04:58:28.872Z","area":14.6932,"condicao":"Aguardando análise","uf":"RS","municipio":"Ijuí","cod_municipio_ibge":4310207,"m_fiscal":0.7347,"tipo_imovel":"IRU"}},{"type":"Feature","id":"sicar_imoveis_rs.2227862","geometry":{"type":"MultiPolygon","coordinates":[[[[-53.85262012,-28.46735202],[-53.85437965,-28.46405091],[-53.85384321,-28.46408863],[-53.85334969,-28.46416409],[-53.85287762,-28.46456023],[-53.85255575,-28.46506955],[-53.85165453,-28.46684271],[-53.85262012,-28.46735202]]]]},"geometry_name":"geo_area_imovel","properties":{"cod_imovel":"RS-4310207-0E3F1C2BE7FC441A859FE5A5CE5EC15F","status_imovel":"AT","dat_criacao":"2016-03-19T01:29:46.038Z","area":4.0082,"condicao":"Aguardando análise","uf":"RS","municipio":"Ijuí","cod_municipio_ibge":4310207,"m_fiscal":0.2004,"tipo_imovel":"IRU"}},{"type":"Feature","id":"sicar_imoveis_rs.14770867","geometry":{"type":"MultiPolygon","coordinates":[[[[-53.86219786,-28.27243525],[-53.86264853,-28.27089006],[-53.86285296,-28.27045122],[-53.86332551,-28.26999439],[-53.86432401,-28.26992855],[-53.86567905,-28.26996069],[-53.86633125,-28.26981514],[-53.86695969,-28.26963941],[-53.86781548,-28.26938676],[-53.8688151,-28.26879484],[-53.86948987,-28.26854813],[-53.87025473,-28.26811009],[-53.8708598,-28.26758599],[-53.87137074,-28.26665154],[-53.87159173,-28.26563051],[-53.87164501,-28.26436461],[-53.87144453,-28.26327461],[-53.87097903,-28.2628041],[-53.87073841,-28.26257742],[-53.87052676,-28.26225575],[-53.87022806,-28.26191229],[-53.86999762,-28.26163241],[-53.87002649,-28.26156932],[-53.8700215,-28.26152306],[-53.87000347,-28.26143572],[-53.86994405,-28.26142308],[-53.86992536,-28.26131405],[-53.86981082,-28.26130688],[-53.86967552,-28.26123818],[-53.86855259,-28.25935199],[-53.86835828,-28.25870538],[-53.86831546,-28.25851796],[-53.86829384,-28.25812484],[-53.86829061,-28.25774117],[-53.86846243,-28.25711611],[-53.86878578,-28.25645035],[-53.86986762,-28.25646744],[-53.87072173,-28.25687934],[-53.87114177,-28.25720534],[-53.87127073,-28.25733492],[-53.87152159,-28.25756276],[-53.87161958,-28.25788525],[-53.87169558,-28.25814362],[-53.87172583,-28.25892522],[-53.87158637,-28.2591066],[-53.87189477,-28.26073887],[-53.87294165,-28.26188248],[-53.87450028,-28.26328529],[-53.87591488,-28.26424672],[-53.87665257,-28.26473237],[-53.87763979,-28.26544248],[-53.87772563,-28.26555846],[-53.87779284,-28.26569155],[-53.87788176,-28.2658746],[-53.87796367,-28.26617396],[-53.87798656,-28.26627459],[-53.87797522,-28.26638094],[-53.87791017,-28.2665964],[-53.87772499,-28.26678354],[-53.87755647,-28.26704328],[-53.87735613,-28.26758613],[-53.87708141,-28.26757648],[-53.87701848,-28.26835513],[-53.87749859,-28.26863123],[-53.87602956,-28.27105144],[-53.87500102,-28.27196544],[-53.87392991,-28.27274634],[-53.87323669,-28.27322121],[-53.87239766,-28.27292816],[-53.87180247,-28.27306296],[-53.87156377,-28.27349903],[-53.87165004,-28.27405981],[-53.86364708,-28.27404871],[-53.86354946,-28.27465188],[-53.86053513,-28.27529019],[-53.86219786,-28.27243525]]]]},"geometry_name":"geo_area_imovel","properties":{"cod_imovel":"RS-4310207-0E41202F06CF4EC688A4C895C453C607","status_imovel":"AT","dat_criacao":"2025-09-24T14:50:12.197Z","area":124.9657,"condicao":"Aguardando análise","uf":"RS","municipio":"Ijuí","cod_municipio_ibge":4310207,"m_fiscal":6.2483,"tipo_imovel":"IRU"}},{"type":"Feature","id":"sicar_imoveis_rs.2493173","geometry":{"type":"MultiPolygon","coordinates":[[[[-53.90266869,-28.1672505],[-53.8909759,-28.17166572],[-53.89096217,-28.17120686],[-53.9023103,-28.16670199],[-53.90266869,-28.1672505]]]]},"geometry_name":"geo_area_imovel","properties":{"cod_imovel":"RS-4310207-0E4E56F9BC7A4B538EFB982F4C8C4353","status_imovel":"AT","dat_criacao":"2016-04-14T11:10:43.942Z","area":7.2273,"condicao":"Aguardando análise","uf":"RS","municipio":"Ijuí","cod_municipio_ibge":4310207,"m_fiscal":0.3614,"tipo_imovel":"IRU"}},{"type":"Feature","id":"sicar_imoveis_rs.8921264","geometry":{"type":"MultiPolygon","coordinates":[[[[-53.88592243,-28.37078497],[-53.88590097,-28.37308835],[-53.88697386,-28.37310723],[-53.88703823,-28.37080385],[-53.88592243,-28.37078497]]]]},"geometry_name":"geo_area_imovel","properties":{"cod_imovel":"RS-4310207-0E527F04A93443BD8F32994C988960E3","status_imovel":"AT","dat_criacao":"2021-01-19T22:12:08.047Z","area":2.7424,"condicao":"Aguardando análise","uf":"RS","municipio":"Ijuí","cod_municipio_ibge":4310207,"m_fiscal":0.1371,"tipo_imovel":"IRU"}},{"type":"Feature","id":"sicar_imoveis_rs.9592291","geometry":{"type":"MultiPolygon","coordinates":[[[[-53.84146214,-28.3864168],[-53.8413763,-28.38921065],[-53.840518,-28.38924841],[-53.83965969,-28.38932391],[-53.8388443,-28.38939942],[-53.83824348,-28.38928616],[-53.83845806,-28.38890862],[-53.83815765,-28.38860658],[-53.83845806,-28.38841781],[-53.83927345,-28.3871719],[-53.83871555,-28.3864168],[-53.84146214,-28.3864168]]]]},"geometry_name":"geo_area_imovel","properties":{"cod_imovel":"RS-4310207-0E54084DE7F449BB80C44AD6E3E087D3","status_imovel":"AT","dat_criacao":"2021-09-02T06:45:21.263Z","area":8.418,"condicao":"Aguardando análise","uf":"RS","municipio":"Ijuí","cod_municipio_ibge":4310207,"m_fiscal":0.4209,"tipo_imovel":"IRU"}},{"type":"Feature","id":"sicar_imoveis_rs.5574094","geometry":{"type":"MultiPolygon","coordinates":[[[[-54.06466484,-28.33025987],[-54.06457901,-28.33199752],[-54.06625271,-28.33199752],[-54.06631708,-28.33027876],[-54.06466484,-28.33025987]]]]},"geometry_name":"geo_area_imovel","properties":{"cod_imovel":"RS-4310207-0E6AF8FC2D5D4D5B82C93A6334241021","status_imovel":"AT","dat_criacao":"2018-05-30T03:17:12.643Z","area":3.1279,"condicao":"Aguardando análise","uf":"RS","municipio":"Ijuí","cod_municipio_ibge":4310207,"m_fiscal":0.1564,"tipo_imovel":"IRU"}},{"type":"Feature","id":"sicar_imoveis_rs.16374354","geometry":{"type":"MultiPolygon","coordinates":[[[[-53.95621649,-28.24261641],[-53.96030481,-28.24261534],[-53.96033056,-28.24486301],[-53.95535486,-28.24494258],[-53.95530955,-28.24401097],[-53.95615915,-28.24400028],[-53.95621649,-28.24261641]]]]},"geometry_name":"geo_area_imovel","properties":{"cod_imovel":"RS-4310207-0E753459576148499E0B8894932975CF","status_imovel":"AT","dat_criacao":"2026-09-23T18:36:40.495Z","area":11.1232,"condicao":"Aguardando análise","uf":"RS","municipio":"Ijuí","cod_municipio_ibge":4310207,"m_fiscal":0.5562,"tipo_imovel":"IRU"}},{"type":"Feature","id":"sicar_imoveis_rs.11857975","geometry":{"type":"MultiPolygon","coordinates":[[[[-53.91418219,-28.27974238],[-53.91800165,-28.27972348],[-53.91778708,-28.28034707],[-53.91750813,-28.28066831],[-53.91720772,-28.28104624],[-53.91671419,-28.28142416],[-53.91632795,-28.28187767],[-53.91572714,-28.28240677],[-53.91544819,-28.28255794],[-53.91516924,-28.28306813],[-53.91489029,-28.28363501],[-53.91420364,-28.28369169],[-53.91418219,-28.27974238]]]]},"geometry_name":"geo_area_imovel","properties":{"cod_imovel":"RS-4310207-0E7925482F4540A58706774D9D789426","status_imovel":"AT","dat_criacao":"2023-07-28T19:22:51.873Z","area":9.7159,"condicao":"Aguardando análise","uf":"RS","municipio":"Ijuí","cod_municipio_ibge":4310207,"m_fiscal":0.4858,"tipo_imovel":"IRU"}},{"type":"Feature","id":"sicar_imoveis_rs.3268595","geometry":{"type":"MultiPolygon","coordinates":[[[[-53.85319152,-28.1741258],[-53.8481971,-28.17402243],[-53.84466881,-28.17395886],[-53.84470234,-28.17379273],[-53.84545053,-28.17359505],[-53.84608081,-28.17352563],[-53.846404,-28.17318578],[-53.84630635,-28.1728469],[-53.84612777,-28.1726458],[-53.84628304,-28.17193062],[-53.85019275,-28.17168825],[-53.85331723,-28.17142982],[-53.85319152,-28.1741258]]]]},"geometry_name":"geo_area_imovel","properties":{"cod_imovel":"RS-4310207-0E8DC301F2A340F2900EA5E1676F5D29","status_imovel":"AT","dat_criacao":"2016-06-01T20:01:10.781Z","area":18.5651,"condicao":"Aguardando análise","uf":"RS","municipio":"Ijuí","cod_municipio_ibge":4310207,"m_fiscal":0.9283,"tipo_imovel":"IRU"}},{"type":"Feature","id":"sicar_imoveis_rs.7525984","geometry":{"type":"MultiPolygon","coordinates":[[[[-53.8740778,-28.44627972],[-53.87409925,-28.44710987],[-53.8751936,-28.44699667],[-53.87588024,-28.44273268],[-53.87504339,-28.44292135],[-53.87371302,-28.44346851],[-53.87302637,-28.44394019],[-53.87259722,-28.44443074],[-53.87180328,-28.44501563],[-53.87118101,-28.44537411],[-53.87332678,-28.44629859],[-53.8740778,-28.44627972]]]]},"geometry_name":"geo_area_imovel","properties":{"cod_imovel":"RS-4310207-0E97DD46FFBF43608AE0DD70B21985E2","status_imovel":"AT","dat_criacao":"2019-09-27T03:16:20.331Z","area":11.4238,"condicao":"Aguardando análise","uf":"RS","municipio":"Ijuí","cod_municipio_ibge":4310207,"m_fiscal":0.5712,"tipo_imovel":"IRU"}},{"type":"Feature","id":"sicar_imoveis_rs.2480161","geometry":{"type":"MultiPolygon","coordinates":[[[[-53.84270668,-28.2070224],[-53.84270668,-28.20594456],[-53.84693384,-28.20596347],[-53.84693384,-28.20651185],[-53.84691238,-28.20706022],[-53.84270668,-28.2070224]]]]},"geometry_name":"geo_area_imovel","properties":{"cod_imovel":"RS-4310207-0EAFEE869B1C44CFB7355DB37DFE4C09","status_imovel":"AT","dat_criacao":"2016-04-14T00:29:59.728Z","area":5.0003,"condicao":"Aguardando análise","uf":"RS","municipio":"Ijuí","cod_municipio_ibge":4310207,"m_fiscal":0.25,"tipo_imovel":"IRU"}},{"type":"Feature","id":"sicar_imoveis_rs.5517785","geometry":{"type":"MultiPolygon","coordinates":[[[[-53.85624647,-28.40508513],[-53.85665417,-28.40457552],[-53.84809256,-28.40423578],[-53.84774923,-28.40497188],[-53.84772778,-28.405255],[-53.85594606,-28.40559474],[-53.85624647,-28.40508513]]]]},"geometry_name":"geo_area_imovel","properties":{"cod_imovel":"RS-4310207-0EB0C8F8BAAE4B519A27FF27CDF0D0FF","status_imovel":"AT","dat_criacao":"2018-05-24T03:57:09.247Z","area":9.5097,"condicao":"Aguardando análise","uf":"RS","municipio":"Ijuí","cod_municipio_ibge":4310207,"m_fiscal":0.4755,"tipo_imovel":"IRU"}},{"type":"Feature","id":"sicar_imoveis_rs.2181459","geometry":{"type":"MultiPolygon","coordinates":[[[[-53.96602392,-28.30800793],[-53.97452116,-28.3080646],[-53.97464991,-28.30759231],[-53.9861083,-28.30789458],[-53.9861083,-28.30668551],[-53.98552895,-28.30668551],[-53.98550749,-28.30742229],[-53.96572351,-28.30685553],[-53.96602392,-28.30800793]]]]},"geometry_name":"geo_area_imovel","properties":{"cod_imovel":"RS-4310207-0EC6193FD78648508F1EE697A2D5AC1C","status_imovel":"AT","dat_criacao":"2016-03-12T03:15:28.730Z","area":16.3148,"condicao":"Aguardando análise","uf":"RS","municipio":"Ijuí","cod_municipio_ibge":4310207,"m_fiscal":0.8157,"tipo_imovel":"IRU"}},{"type":"Feature","id":"sicar_imoveis_rs.10177454","geometry":{"type":"MultiPolygon","coordinates":[[[[-54.0144347,-28.28992021],[-54.01437821,-28.2899308],[-54.01399809,-28.2886474],[-54.01397511,-28.28826314],[-54.0144347,-28.28992021]]]]},"geometry_name":"geo_area_imovel","properties":{"cod_imovel":"RS-4310207-0ED1696F6C5A4CE09777610EC153C4D6","status_imovel":"AT","dat_criacao":"2022-03-08T23:08:20.498Z","area":0.117,"condicao":"Aguardando análise","uf":"RS","municipio":"Ijuí","cod_municipio_ibge":4310207,"m_fiscal":0.0059,"tipo_imovel":"IRU"}},{"type":"Feature","id":"sicar_imoveis_rs.2171715","geometry":{"type":"MultiPolygon","coordinates":[[[[-53.97344828,-28.39470375],[-53.97156,-28.39468488],[-53.96810532,-28.39615721],[-53.96808386,-28.39636484],[-53.96692514,-28.39683674],[-53.97331953,-28.39685561],[-53.97344828,-28.39470375]]]]},"geometry_name":"geo_area_imovel","properties":{"cod_imovel":"RS-4310207-0ED9D6FC41A349C18D84ADE7BE6572C2","status_imovel":"AT","dat_criacao":"2016-03-11T04:04:17.011Z","area":9.9467,"condicao":"Aguardando análise","uf":"RS","municipio":"Ijuí","cod_municipio_ibge":4310207,"m_fiscal":0.4973,"tipo_imovel":"IRU"}},{"type":"Feature","id":"sicar_imoveis_rs.1377526","geometry":{"type":"MultiPolygon","coordinates":[[[[-53.90896797,-28.26101421],[-53.90579224,-28.26101421],[-53.90416145,-28.26105201],[-53.90411854,-28.2621293],[-53.90411854,-28.26316878],[-53.90564203,-28.26316878],[-53.90712261,-28.26322548],[-53.90789509,-28.26324438],[-53.90873194,-28.26324438],[-53.91040564,-28.26324438],[-53.91040564,-28.26099531],[-53.90896797,-28.26101421]]]]},"geometry_name":"geo_area_imovel","properties":{"cod_imovel":"RS-4310207-0EDFF1F7CF68490396FD4D314510D682","status_imovel":"AT","dat_criacao":"2015-08-03T12:15:54.035Z","area":15.0104,"condicao":"Aguardando análise","uf":"RS","municipio":"Ijuí","cod_municipio_ibge":4310207,"m_fiscal":0.7505,"tipo_imovel":"IRU"}},{"type":"Feature","id":"sicar_imoveis_rs.12372689","geometry":{"type":"MultiPolygon","coordinates":[[[[-53.94169092,-28.45024171],[-53.94175529,-28.44931726],[-53.94085407,-28.44875127],[-53.93969536,-28.44814754],[-53.93978119,-28.44652499],[-53.93862247,-28.44644953],[-53.93849373,-28.4487324],[-53.93875122,-28.44875127],[-53.93868685,-28.44924179],[-53.93845081,-28.44922293],[-53.93836498,-28.45024171],[-53.94169092,-28.45024171]]]]},"geometry_name":"geo_area_imovel","properties":{"cod_imovel":"RS-4310207-0EEF452079974AF0B2D0FBE10FA1DB03","status_imovel":"AT","dat_criacao":"2023-12-12T06:00:17.142Z","area":8.2099,"condicao":"Aguardando análise","uf":"RS","municipio":"Ijuí","cod_municipio_ibge":4310207,"m_fiscal":0.4105,"tipo_imovel":"IRU"}},{"type":"Feature","id":"sicar_imoveis_rs.7621452","geometry":{"type":"MultiPolygon","coordinates":[[[[-53.86386395,-28.42295759],[-53.86062384,-28.4228821],[-53.86043072,-28.42584483],[-53.8615036,-28.42739221],[-53.86274815,-28.42886408],[-53.86377811,-28.42893957],[-53.86386395,-28.42295759]]]]},"geometry_name":"geo_area_imovel","properties":{"cod_imovel":"RS-4310207-0EF21C472DA247E291A5007C3770D9F5","status_imovel":"AT","dat_criacao":"2019-10-22T01:41:16.595Z","area":18.0367,"condicao":"Aguardando análise","uf":"RS","municipio":"Ijuí","cod_municipio_ibge":4310207,"m_fiscal":0.9018,"tipo_imovel":"IRU"}},{"type":"Feature","id":"sicar_imoveis_rs.2486489","geometry":{"type":"MultiPolygon","coordinates":[[[[-53.86918545,-28.50429857],[-53.87379885,-28.5044117],[-53.87560129,-28.50028203],[-53.87444258,-28.498434],[-53.8724041,-28.49552988],[-53.87004375,-28.49543559],[-53.86980772,-28.4961522],[-53.86802673,-28.49543559],[-53.86869192,-28.4975854],[-53.86882067,-28.49873572],[-53.86918545,-28.50429857]]]]},"geometry_name":"geo_area_imovel","properties":{"cod_imovel":"RS-4310207-0F05B9567DC241CB94CA41FE3EA3AB9F","status_imovel":"AT","dat_criacao":"2016-04-14T04:34:18.891Z","area":52.5331,"condicao":"Aguardando análise","uf":"RS","municipio":"Ijuí","cod_municipio_ibge":4310207,"m_fiscal":2.6267,"tipo_imovel":"IRU"}},{"type":"Feature","id":"sicar_imoveis_rs.13222715","geometry":{"type":"MultiPolygon","coordinates":[[[[-53.8719964,-28.33432063],[-53.87218952,-28.3253112],[-53.86937857,-28.32525453],[-53.86907816,-28.33426397],[-53.8719964,-28.33432063]]]]},"geometry_name":"geo_area_imovel","properties":{"cod_imovel":"RS-4310207-0F10449DA9B3423D9160A52619356A97","status_imovel":"AT","dat_criacao":"2024-09-02T12:53:31.767Z","area":28.0951,"condicao":"Aguardando análise","uf":"RS","municipio":"Ijuí","cod_municipio_ibge":4310207,"m_fiscal":1.4048,"tipo_imovel":"IRU"}},{"type":"Feature","id":"sicar_imoveis_rs.2495452","geometry":{"type":"MultiPolygon","coordinates":[[[[-53.95892143,-28.35705802],[-53.95900726,-28.35484871],[-53.95415783,-28.35486759],[-53.95409346,-28.35711467],[-53.95892143,-28.35705802]]]]},"geometry_name":"geo_area_imovel","properties":{"cod_imovel":"RS-4310207-0F241878C8B147B68FA9E66366AAD677","status_imovel":"AT","dat_criacao":"2016-04-14T12:44:36.087Z","area":11.726,"condicao":"Aguardando análise","uf":"RS","municipio":"Ijuí","cod_municipio_ibge":4310207,"m_fiscal":0.5863,"tipo_imovel":"IRU"}},{"type":"Feature","id":"sicar_imoveis_rs.2496869","geometry":{"type":"MultiPolygon","coordinates":[[[[-53.90581369,-28.42954341],[-53.90579224,-28.43175117],[-53.90420437,-28.4317889],[-53.90424728,-28.42952454],[-53.90581369,-28.42954341]]]]},"geometry_name":"geo_area_imovel","properties":{"cod_imovel":"RS-4310207-0F246032F9604C5FA487934B475A129E","status_imovel":"AT","dat_criacao":"2016-04-14T13:38:35.168Z","area":3.8332,"condicao":"Aguardando análise","uf":"RS","municipio":"Ijuí","cod_municipio_ibge":4310207,"m_fiscal":0.1917,"tipo_imovel":"IRU"}},{"type":"Feature","id":"sicar_imoveis_rs.8362779","geometry":{"type":"MultiPolygon","coordinates":[[[[-53.95415783,-28.35492424],[-53.95844936,-28.35481094],[-53.95902872,-28.35403672],[-53.95920038,-28.35031663],[-53.95437241,-28.35029774],[-53.95430803,-28.3515252],[-53.95415783,-28.35492424]]]]},"geometry_name":"geo_area_imovel","properties":{"cod_imovel":"RS-4310207-0F374317C163498CA8D93FEEFF0AD4D7","status_imovel":"AT","dat_criacao":"2020-07-21T01:47:20.018Z","area":23.7164,"condicao":"Aguardando análise","uf":"RS","municipio":"Ijuí","cod_municipio_ibge":4310207,"m_fiscal":1.1858,"tipo_imovel":"IRU"}},{"type":"Feature","id":"sicar_imoveis_rs.2496897","geometry":{"type":"MultiPolygon","coordinates":[[[[-53.83369446,-28.1324931],[-53.82955313,-28.13035481],[-53.82936001,-28.12990066],[-53.82912397,-28.12956004],[-53.82863045,-28.1292762],[-53.83270741,-28.12904912],[-53.83371592,-28.12914373],[-53.83442402,-28.12950327],[-53.83466005,-28.12990066],[-53.83466005,-28.13033589],[-53.83453131,-28.13082789],[-53.83433819,-28.13131988],[-53.83418798,-28.13156588],[-53.83401632,-28.13194434],[-53.83399487,-28.1322471],[-53.83369446,-28.1324931]]]]},"geometry_name":"geo_area_imovel","properties":{"cod_imovel":"RS-4310207-0F3E9C8373AA49B4B0EF247190ED0C6B","status_imovel":"AT","dat_criacao":"2016-04-14T13:39:51.399Z","area":13.0824,"condicao":"Aguardando análise","uf":"RS","municipio":"Ijuí","cod_municipio_ibge":4310207,"m_fiscal":0.6541,"tipo_imovel":"IRU"}},{"type":"Feature","id":"sicar_imoveis_rs.1827804","geometry":{"type":"MultiPolygon","coordinates":[[[[-53.93624067,-28.40884105],[-53.93628359,-28.41087938],[-53.93795729,-28.41123798],[-53.94029617,-28.41063403],[-53.940382,-28.40897317],[-53.93624067,-28.40884105]]]]},"geometry_name":"geo_area_imovel","properties":{"cod_imovel":"RS-4310207-0F45E895B4BF45129C0A28222D4A979B","status_imovel":"AT","dat_criacao":"2015-12-16T15:40:53.762Z","area":9.2032,"condicao":"Aguardando análise","uf":"RS","municipio":"Ijuí","cod_municipio_ibge":4310207,"m_fiscal":0.4602,"tipo_imovel":"IRU"}},{"type":"Feature","id":"sicar_imoveis_rs.12980727","geometry":{"type":"MultiPolygon","coordinates":[[[[-53.89324402,-28.52083177],[-53.89292991,-28.52136458],[-53.8924671,-28.52161611],[-53.89200337,-28.52174402],[-53.89169902,-28.52178293],[-53.88677256,-28.51504704],[-53.88829379,-28.51415729],[-53.89144485,-28.51840373],[-53.89324402,-28.52083177]]]]},"geometry_name":"geo_area_imovel","properties":{"cod_imovel":"RS-4310207-0F573716FF6F4CCF894137E2D8656BF0","status_imovel":"AT","dat_criacao":"2024-07-01T01:37:19.796Z","area":16.4678,"condicao":"Aguardando análise","uf":"RS","municipio":"Ijuí","cod_municipio_ibge":4310207,"m_fiscal":0.8234,"tipo_imovel":"IRU"}},{"type":"Feature","id":"sicar_imoveis_rs.10176157","geometry":{"type":"MultiPolygon","coordinates":[[[[-53.84047508,-28.35858752],[-53.83026123,-28.35836093],[-53.83043289,-28.35658595],[-53.83931637,-28.35666148],[-53.83923054,-28.35688808],[-53.84056091,-28.3570769],[-53.84047508,-28.35858752]]]]},"geometry_name":"geo_area_imovel","properties":{"cod_imovel":"RS-4310207-0F5CFE2152924BE593E434C8D513E182","status_imovel":"AT","dat_criacao":"2022-03-08T16:43:36.046Z","area":20.0074,"condicao":"Aguardando análise","uf":"RS","municipio":"Ijuí","cod_municipio_ibge":4310207,"m_fiscal":1.0004,"tipo_imovel":"IRU"}},{"type":"Feature","id":"sicar_imoveis_rs.1570859","geometry":{"type":"MultiPolygon","coordinates":[[[[-53.85867119,-28.50950286],[-53.85843515,-28.51040793],[-53.85695457,-28.51065305],[-53.85695457,-28.51119986],[-53.8556242,-28.51127528],[-53.85540962,-28.50697617],[-53.85459423,-28.50690074],[-53.85461569,-28.50548652],[-53.85573149,-28.50552424],[-53.85652542,-28.50658019],[-53.85596752,-28.50750414],[-53.85658979,-28.50801325],[-53.85701895,-28.50806982],[-53.8568902,-28.50944629],[-53.85867119,-28.50950286]]]]},"geometry_name":"geo_area_imovel","properties":{"cod_imovel":"RS-4310207-0F5D6D349AF1488A9412543123B5D9F7","status_imovel":"AT","dat_criacao":"2015-10-19T23:00:35.237Z","area":10.1334,"condicao":"Aguardando análise","uf":"RS","municipio":"Ijuí","cod_municipio_ibge":4310207,"m_fiscal":0.5067,"tipo_imovel":"IRU"}},{"type":"Feature","id":"sicar_imoveis_rs.6412328","geometry":{"type":"MultiPolygon","coordinates":[[[[-53.91098499,-28.43612881],[-53.90208006,-28.43597786],[-53.90195131,-28.43903456],[-53.91085625,-28.43916664],[-53.91098499,-28.43612881]]]]},"geometry_name":"geo_area_imovel","properties":{"cod_imovel":"RS-4310207-0F76DEF7EA354040830D8699149E02BF","status_imovel":"AT","dat_criacao":"2019-02-14T00:02:30.678Z","area":29.5157,"condicao":"Aguardando análise","uf":"RS","municipio":"Ijuí","cod_municipio_ibge":4310207,"m_fiscal":1.4758,"tipo_imovel":"IRU"}},{"type":"Feature","id":"sicar_imoveis_rs.13137999","geometry":{"type":"MultiPolygon","coordinates":[[[[-53.90044928,-28.3033605],[-53.90044928,-28.30400284],[-53.90368938,-28.3040973],[-53.90379667,-28.3033605],[-53.90381813,-28.30232141],[-53.9013505,-28.30222695],[-53.90092134,-28.30205691],[-53.90130758,-28.30139567],[-53.90096426,-28.30118785],[-53.90057802,-28.30196245],[-53.90051365,-28.3023403],[-53.90051365,-28.30273705],[-53.90044928,-28.3033605]]]]},"geometry_name":"geo_area_imovel","properties":{"cod_imovel":"RS-4310207-0F84E6D89E3E4A0BBEB34C352D602A7A","status_imovel":"AT","dat_criacao":"2024-08-10T09:56:39.114Z","area":6.8921,"condicao":"Aguardando análise","uf":"RS","municipio":"Ijuí","cod_municipio_ibge":4310207,"m_fiscal":0.3446,"tipo_imovel":"IRU"}},{"type":"Feature","id":"sicar_imoveis_rs.11683181","geometry":{"type":"MultiPolygon","coordinates":[[[[-53.93156527,-28.40526458],[-53.93231392,-28.40527387],[-53.93224955,-28.40746327],[-53.93137054,-28.40739859],[-53.92872037,-28.40743506],[-53.92521143,-28.40738777],[-53.92544746,-28.40691592],[-53.92570496,-28.40625533],[-53.92600536,-28.40555699],[-53.92619848,-28.40521725],[-53.93156527,-28.40526458]]]]},"geometry_name":"geo_area_imovel","properties":{"cod_imovel":"RS-4310207-0FB2FB0059C84FF39C289C00DAEB3386","status_imovel":"AT","dat_criacao":"2023-06-15T23:26:30.683Z","area":15.5854,"condicao":"Aguardando análise","uf":"RS","municipio":"Ijuí","cod_municipio_ibge":4310207,"m_fiscal":0.7793,"tipo_imovel":"IRU"}},{"type":"Feature","id":"sicar_imoveis_rs.2082142","geometry":{"type":"MultiPolygon","coordinates":[[[[-53.95479495,-28.26986244],[-53.95481037,-28.26939622],[-53.95482934,-28.26886236],[-53.95484194,-28.26839049],[-53.95482459,-28.26803497],[-53.95485129,-28.26774546],[-53.95487297,-28.26758297],[-53.95535373,-28.26761582],[-53.9586701,-28.26771199],[-53.9600404,-28.26772163],[-53.95992852,-28.26889229],[-53.96219923,-28.2688992],[-53.96218787,-28.27005754],[-53.95965047,-28.27005278],[-53.95851692,-28.27000825],[-53.95479495,-28.26986244]]]]},"geometry_name":"geo_area_imovel","properties":{"cod_imovel":"RS-4310207-0FB51B0CDC004060BD4E02688B7227D0","status_imovel":"AT","dat_criacao":"2016-02-27T09:22:08.795Z","area":15.669,"condicao":"Aguardando análise","uf":"RS","municipio":"Ijuí","cod_municipio_ibge":4310207,"m_fiscal":0.7834,"tipo_imovel":"IRU"}},{"type":"Feature","id":"sicar_imoveis_rs.2542104","geometry":{"type":"MultiPolygon","coordinates":[[[[-53.88793945,-28.32553786],[-53.88789654,-28.32652006],[-53.88665199,-28.32652006],[-53.88643742,-28.32731336],[-53.88257504,-28.32723781],[-53.88236046,-28.32534898],[-53.88793945,-28.32553786]]]]},"geometry_name":"geo_area_imovel","properties":{"cod_imovel":"RS-4310207-0FB7179A9DE84B47BC9E47C32F2F5E6D","status_imovel":"AT","dat_criacao":"2016-04-18T01:45:19.325Z","area":9.7274,"condicao":"Aguardando análise","uf":"RS","municipio":"Ijuí","cod_municipio_ibge":4310207,"m_fiscal":0.4864,"tipo_imovel":"IRU"}},{"type":"Feature","id":"sicar_imoveis_rs.10924092","geometry":{"type":"MultiPolygon","coordinates":[[[[-53.90310557,-28.3061019],[-53.90306181,-28.30645504],[-53.90239549,-28.306436],[-53.90239216,-28.3059352],[-53.90252987,-28.30571795],[-53.90400202,-28.30553528],[-53.90399624,-28.30493962],[-53.90424411,-28.30492258],[-53.90425231,-28.3058505],[-53.90400696,-28.30584088],[-53.90310557,-28.3061019]]]]},"geometry_name":"geo_area_imovel","properties":{"cod_imovel":"RS-4310207-0FD292A5F1BF4CCD80E487523305841F","status_imovel":"AT","dat_criacao":"2022-10-26T20:42:49.249Z","area":1.181,"condicao":"Aguardando análise","uf":"RS","municipio":"Ijuí","cod_municipio_ibge":4310207,"m_fiscal":0.059,"tipo_imovel":"IRU"}},{"type":"Feature","id":"sicar_imoveis_rs.16213984","geometry":{"type":"MultiPolygon","coordinates":[[[[-53.89868975,-28.30222695],[-53.89858246,-28.30422955],[-53.90006304,-28.30424844],[-53.90010595,-28.30345496],[-53.89918327,-28.30343607],[-53.89922619,-28.30222695],[-53.89868975,-28.30222695]]]]},"geometry_name":"geo_area_imovel","properties":{"cod_imovel":"RS-4310207-100D48EE0C754E10ADC87E0E09DD5991","status_imovel":"AT","dat_criacao":"2026-08-14T18:55:42.709Z","area":2.0057,"condicao":"Aguardando análise","uf":"RS","municipio":"Ijuí","cod_municipio_ibge":4310207,"m_fiscal":0.1003,"tipo_imovel":"IRU"}},{"type":"Feature","id":"sicar_imoveis_rs.16002016","geometry":{"type":"MultiPolygon","coordinates":[[[[-53.85964726,-28.12977469],[-53.86008658,-28.12988431],[-53.86032154,-28.12991609],[-53.86056446,-28.12994839],[-53.86077869,-28.12999922],[-53.86123274,-28.13011019],[-53.86226089,-28.13041013],[-53.86295787,-28.13121537],[-53.86297818,-28.13172235],[-53.86239633,-28.1329488],[-53.86223095,-28.13335843],[-53.86142902,-28.13457667],[-53.86073075,-28.13547847],[-53.85897463,-28.13779383],[-53.85748866,-28.13740838],[-53.85964726,-28.12977469]]]]},"geometry_name":"geo_area_imovel","properties":{"cod_imovel":"RS-4310207-101050BE733B43699A767BE2B1FE8E34","status_imovel":"AT","dat_criacao":"2026-07-08T16:16:02.461Z","area":25.0699,"condicao":"Aguardando análise","uf":"RS","municipio":"Ijuí","cod_municipio_ibge":4310207,"m_fiscal":1.2535,"tipo_imovel":"IRU"}},{"type":"Feature","id":"sicar_imoveis_rs.7473478","geometry":{"type":"MultiPolygon","coordinates":[[[[-53.91491175,-28.1489167],[-53.91673565,-28.15020324],[-53.91592026,-28.15116813],[-53.91583443,-28.15124381],[-53.91570568,-28.15131948],[-53.91551256,-28.15147084],[-53.91523361,-28.15160327],[-53.91497836,-28.15170339],[-53.91425402,-28.15145072],[-53.91347408,-28.15209517],[-53.91243423,-28.15171468],[-53.91139269,-28.15118705],[-53.9116811,-28.1504662],[-53.9129591,-28.14774367],[-53.91491175,-28.1489167]]]]},"geometry_name":"geo_area_imovel","properties":{"cod_imovel":"RS-4310207-10357044BDB3484F9F145E0F07B235D7","status_imovel":"AT","dat_criacao":"2019-09-17T01:43:36.439Z","area":14.096,"condicao":"Aguardando análise","uf":"RS","municipio":"Ijuí","cod_municipio_ibge":4310207,"m_fiscal":0.7048,"tipo_imovel":"IRU"}},{"type":"Feature","id":"sicar_imoveis_rs.2399805","geometry":{"type":"MultiPolygon","coordinates":[[[[-53.89079332,-28.47470841],[-53.89021397,-28.47472727],[-53.88963461,-28.47519882],[-53.88834715,-28.4761419],[-53.88570786,-28.47561378],[-53.88609409,-28.47419914],[-53.88746738,-28.47418028],[-53.88828278,-28.4738219],[-53.8910079,-28.47412369],[-53.89184475,-28.47408597],[-53.89137268,-28.47450093],[-53.89079332,-28.47470841]]]]},"geometry_name":"geo_area_imovel","properties":{"cod_imovel":"RS-4310207-103FC3E3F77B43C7B87D7C374714BBD4","status_imovel":"AT","dat_criacao":"2016-04-08T01:05:12.062Z","area":8.632,"condicao":"Aguardando análise","uf":"RS","municipio":"Ijuí","cod_municipio_ibge":4310207,"m_fiscal":0.4316,"tipo_imovel":"IRU"}},{"type":"Feature","id":"sicar_imoveis_rs.2533505","geometry":{"type":"MultiPolygon","coordinates":[[[[-53.87360573,-28.23343568],[-53.87409925,-28.23343568],[-53.8740778,-28.23455105],[-53.88358355,-28.23458886],[-53.88371229,-28.23111036],[-53.87364864,-28.23112927],[-53.87360573,-28.23343568]]]]},"geometry_name":"geo_area_imovel","properties":{"cod_imovel":"RS-4310207-104DFC8F2B8B43818A067482DE2FDC52","status_imovel":"AT","dat_criacao":"2016-04-16T06:26:50.098Z","area":37.0806,"condicao":"Aguardando análise","uf":"RS","municipio":"Ijuí","cod_municipio_ibge":4310207,"m_fiscal":1.854,"tipo_imovel":"IRU"}},{"type":"Feature","id":"sicar_imoveis_rs.16373150","geometry":{"type":"MultiPolygon","coordinates":[[[[-53.85296345,-28.20146287],[-53.85289907,-28.19917468],[-53.84283543,-28.19915577],[-53.8427496,-28.20140614],[-53.85296345,-28.20146287]]]]},"geometry_name":"geo_area_imovel","properties":{"cod_imovel":"RS-4310207-106837C648CF4EFCAE44DFB4C96CF7C3","status_imovel":"AT","dat_criacao":"2026-09-23T15:17:14.381Z","area":25.0622,"condicao":"Aguardando análise","uf":"RS","municipio":"Ijuí","cod_municipio_ibge":4310207,"m_fiscal":1.2531,"tipo_imovel":"IRU"}},{"type":"Feature","id":"sicar_imoveis_rs.3268918","geometry":{"type":"MultiPolygon","coordinates":[[[[-53.86293496,-28.24007593],[-53.86289883,-28.24465928],[-53.85260479,-28.2445098],[-53.8525695,-28.24027095],[-53.86293496,-28.24007593]]]]},"geometry_name":"geo_area_imovel","properties":{"cod_imovel":"RS-4310207-10799262AD3E4B15968DC2A356271EB4","status_imovel":"AT","dat_criacao":"2016-06-01T20:17:16.409Z","area":49.6151,"condicao":"Aguardando análise","uf":"RS","municipio":"Ijuí","cod_municipio_ibge":4310207,"m_fiscal":2.4808,"tipo_imovel":"IRU"}},{"type":"Feature","id":"sicar_imoveis_rs.4246601","geometry":{"type":"MultiPolygon","coordinates":[[[[-53.84264231,-28.28815103],[-53.84485245,-28.2882644],[-53.84778142,-28.2882833],[-53.84785652,-28.28605365],[-53.84270668,-28.28595918],[-53.84264231,-28.28815103]]]]},"geometry_name":"geo_area_imovel","properties":{"cod_imovel":"RS-4310207-107B36366A0049FDB2CD03A86F351DAD","status_imovel":"AT","dat_criacao":"2017-05-26T00:08:32.688Z","area":12.5451,"condicao":"Aguardando análise","uf":"RS","municipio":"Ijuí","cod_municipio_ibge":4310207,"m_fiscal":0.6273,"tipo_imovel":"IRU"}},{"type":"Feature","id":"sicar_imoveis_rs.8006585","geometry":{"type":"MultiPolygon","coordinates":[[[[-53.91049147,-28.23371925],[-53.90432239,-28.23364363],[-53.90433311,-28.23589327],[-53.91049147,-28.23594999],[-53.91049147,-28.23371925]]]]},"geometry_name":"geo_area_imovel","properties":{"cod_imovel":"RS-4310207-1083917B17C14440BBD69A7DC0BDE0F8","status_imovel":"AT","dat_criacao":"2020-02-21T01:29:00.140Z","area":15.0367,"condicao":"Aguardando análise","uf":"RS","municipio":"Ijuí","cod_municipio_ibge":4310207,"m_fiscal":0.7518,"tipo_imovel":"IRU"}},{"type":"Feature","id":"sicar_imoveis_rs.12787442","geometry":{"type":"MultiPolygon","coordinates":[[[[-53.87993574,-28.3841137],[-53.87901306,-28.38409482],[-53.8792491,-28.38111205],[-53.87963533,-28.38122532],[-53.88004602,-28.38134601],[-53.87993574,-28.3841137]]]]},"geometry_name":"geo_area_imovel","properties":{"cod_imovel":"RS-4310207-10AA5A32DD2D4B25B137FED72E1A5755","status_imovel":"AT","dat_criacao":"2024-05-01T08:38:35.033Z","area":2.7123,"condicao":"Aguardando análise","uf":"RS","municipio":"Ijuí","cod_municipio_ibge":4310207,"m_fiscal":0.1356,"tipo_imovel":"IRU"}},{"type":"Feature","id":"sicar_imoveis_rs.6787426","geometry":{"type":"MultiPolygon","coordinates":[[[[-53.93149853,-28.28816993],[-53.93128395,-28.29727697],[-53.93008232,-28.29727697],[-53.93025398,-28.28820772],[-53.93149853,-28.28816993]]]]},"geometry_name":"geo_area_imovel","properties":{"cod_imovel":"RS-4310207-10B70E9B0D7D450F83FA05046C1230AA","status_imovel":"AT","dat_criacao":"2019-05-01T00:57:23.120Z","area":12.0951,"condicao":"Aguardando análise","uf":"RS","municipio":"Ijuí","cod_municipio_ibge":4310207,"m_fiscal":0.6048,"tipo_imovel":"IRU"}},{"type":"Feature","id":"sicar_imoveis_rs.13544842","geometry":{"type":"MultiPolygon","coordinates":[[[[-53.97353411,-28.394666],[-53.97136688,-28.39472263],[-53.97149563,-28.39019226],[-53.97351265,-28.39023001],[-53.97353411,-28.394666]]]]},"geometry_name":"geo_area_imovel","properties":{"cod_imovel":"RS-4310207-10CF813D66B448F29A75C330BD40A364","status_imovel":"AT","dat_criacao":"2024-11-18T15:20:07.411Z","area":10.1998,"condicao":"Aguardando análise","uf":"RS","municipio":"Ijuí","cod_municipio_ibge":4310207,"m_fiscal":0.51,"tipo_imovel":"IRU"}},{"type":"Feature","id":"sicar_imoveis_rs.13140897","geometry":{"type":"MultiPolygon","coordinates":[[[[-53.88843674,-28.18607562],[-53.88806596,-28.1866546],[-53.88640208,-28.18750453],[-53.88687001,-28.18908618],[-53.88710912,-28.18980228],[-53.88745474,-28.19082776],[-53.88793258,-28.19236635],[-53.88759375,-28.19239031],[-53.88711293,-28.19237647],[-53.88637025,-28.19234551],[-53.88531472,-28.19234052],[-53.88420699,-28.1923943],[-53.88422921,-28.19249588],[-53.88439054,-28.19300805],[-53.88456152,-28.19340599],[-53.88468881,-28.19360886],[-53.88485264,-28.19378965],[-53.88513701,-28.19393164],[-53.88548145,-28.19397114],[-53.88585491,-28.1939614],[-53.88610468,-28.19401428],[-53.88651912,-28.19407734],[-53.88683994,-28.19413261],[-53.88686449,-28.19473694],[-53.88665518,-28.19472444],[-53.88629193,-28.194659],[-53.88585203,-28.19463561],[-53.88550738,-28.19463345],[-53.88528228,-28.19471749],[-53.8849316,-28.1948038],[-53.88473821,-28.19483607],[-53.88455866,-28.19483523],[-53.88434822,-28.19481026],[-53.8841556,-28.19476967],[-53.8839626,-28.19474017],[-53.88381689,-28.19062066],[-53.88345543,-28.18969563],[-53.88212396,-28.18989674],[-53.88156697,-28.18974915],[-53.88160649,-28.18933671],[-53.88055091,-28.18875715],[-53.87998817,-28.18838485],[-53.87968481,-28.18807388],[-53.87948668,-28.18780449],[-53.87934393,-28.18740541],[-53.87932203,-28.18700685],[-53.87939963,-28.18668117],[-53.87958458,-28.18653294],[-53.88004199,-28.18604907],[-53.88091195,-28.18580683],[-53.88133881,-28.1850475],[-53.88131476,-28.18465854],[-53.88157963,-28.18405226],[-53.88176387,-28.1835636],[-53.88190228,-28.18326338],[-53.8821882,-28.18294948],[-53.88420379,-28.18297444],[-53.88607753,-28.1829564],[-53.8871056,-28.18293624],[-53.88821324,-28.18292771],[-53.88897468,-28.18292889],[-53.88997785,-28.18291805],[-53.89123189,-28.18289305],[-53.89254178,-28.18290441],[-53.89276089,-28.18345684],[-53.88843674,-28.18607562]]]]},"geometry_name":"geo_area_imovel","properties":{"cod_imovel":"RS-4310207-10D5DF17AE194F7998DDDA951D1C9C31","status_imovel":"AT","dat_criacao":"2024-08-11T04:52:19.425Z","area":74.7545,"condicao":"Aguardando análise","uf":"RS","municipio":"Ijuí","cod_municipio_ibge":4310207,"m_fiscal":3.7377,"tipo_imovel":"IRU"}},{"type":"Feature","id":"sicar_imoveis_rs.3178407","geometry":{"type":"MultiPolygon","coordinates":[[[[-53.87049817,-28.14829264],[-53.87492368,-28.15371583],[-53.87021307,-28.15589845],[-53.86949102,-28.15551178],[-53.86903742,-28.15525331],[-53.86844825,-28.15484222],[-53.86808008,-28.15468582],[-53.86754841,-28.15430266],[-53.86740989,-28.15414581],[-53.86725106,-28.15386864],[-53.86670275,-28.15307904],[-53.86566759,-28.15263648],[-53.86520376,-28.15254964],[-53.86490575,-28.15252734],[-53.86468371,-28.15248934],[-53.86443821,-28.15239637],[-53.86428289,-28.15233519],[-53.86419063,-28.15227933],[-53.86412349,-28.15222207],[-53.86410403,-28.15209359],[-53.86408981,-28.15200069],[-53.86380054,-28.1508636],[-53.86384001,-28.15065705],[-53.86430189,-28.15044203],[-53.86468776,-28.1502366],[-53.8649012,-28.14991413],[-53.86498268,-28.14938514],[-53.86488135,-28.14887404],[-53.86484088,-28.14857828],[-53.86482084,-28.14826475],[-53.86508474,-28.14784327],[-53.86534917,-28.14750284],[-53.86577605,-28.14717244],[-53.86639436,-28.14680859],[-53.8669402,-28.14658786],[-53.86707658,-28.14657453],[-53.86726873,-28.14668139],[-53.86745046,-28.14690342],[-53.86753122,-28.1472067],[-53.8678458,-28.14751982],[-53.86812271,-28.14779308],[-53.86833537,-28.14798611],[-53.86855967,-28.14819475],[-53.86877315,-28.14839715],[-53.86894439,-28.1485818],[-53.86906923,-28.14879718],[-53.86921232,-28.14895926],[-53.86931103,-28.14911769],[-53.86943097,-28.14915751],[-53.86956941,-28.14913811],[-53.86971906,-28.14904281],[-53.86983165,-28.14895697],[-53.86988046,-28.14886754],[-53.8699333,-28.14872466],[-53.86992589,-28.1485985],[-53.86999756,-28.14839299],[-53.87009812,-28.14825287],[-53.87029895,-28.1480685],[-53.87049817,-28.14829264]]]]},"geometry_name":"geo_area_imovel","properties":{"cod_imovel":"RS-4310207-10D7CFB5C47149518960D937F335872C","status_imovel":"AT","dat_criacao":"2016-05-26T00:08:46.514Z","area":59.4678,"condicao":"Aguardando análise","uf":"RS","municipio":"Ijuí","cod_municipio_ibge":4310207,"m_fiscal":2.9734,"tipo_imovel":"IRU"}},{"type":"Feature","id":"sicar_imoveis_rs.3343593","geometry":{"type":"MultiPolygon","coordinates":[[[[-53.94411564,-28.38894637],[-53.94523144,-28.38894637],[-53.94561768,-28.38033803],[-53.94426584,-28.38030027],[-53.94411564,-28.38894637]]]]},"geometry_name":"geo_area_imovel","properties":{"cod_imovel":"RS-4310207-10DC6F9D275F4111B304BE044D0E0013","status_imovel":"AT","dat_criacao":"2016-06-07T03:13:01.899Z","area":11.5821,"condicao":"Aguardando análise","uf":"RS","municipio":"Ijuí","cod_municipio_ibge":4310207,"m_fiscal":0.5791,"tipo_imovel":"IRU"}},{"type":"Feature","id":"sicar_imoveis_rs.2356271","geometry":{"type":"MultiPolygon","coordinates":[[[[-53.83801818,-28.35394231],[-53.83544326,-28.35392342],[-53.83561492,-28.35146855],[-53.83801818,-28.35150632],[-53.83801818,-28.35394231]]]]},"geometry_name":"geo_area_imovel","properties":{"cod_imovel":"RS-4310207-10E4FAE6406A4A75AC470926C8980F48","status_imovel":"AT","dat_criacao":"2016-04-05T00:41:46.886Z","area":6.6236,"condicao":"Aguardando análise","uf":"RS","municipio":"Ijuí","cod_municipio_ibge":4310207,"m_fiscal":0.3312,"tipo_imovel":"IRU"}},{"type":"Feature","id":"sicar_imoveis_rs.2652058","geometry":{"type":"MultiPolygon","coordinates":[[[[-53.91237974,-28.49679337],[-53.91218662,-28.50050832],[-53.91109228,-28.49971631],[-53.90982628,-28.49911287],[-53.91096354,-28.49698195],[-53.91237974,-28.49679337]]]]},"geometry_name":"geo_area_imovel","properties":{"cod_imovel":"RS-4310207-10EA57AB28664E04BCF72E579D89CB77","status_imovel":"AT","dat_criacao":"2016-04-24T02:48:10.483Z","area":6.2461,"condicao":"Aguardando análise","uf":"RS","municipio":"Ijuí","cod_municipio_ibge":4310207,"m_fiscal":0.3123,"tipo_imovel":"IRU"}},{"type":"Feature","id":"sicar_imoveis_rs.5155236","geometry":{"type":"MultiPolygon","coordinates":[[[[-53.82406896,-28.13320895],[-53.82422244,-28.13262099],[-53.82642174,-28.13319705],[-53.83259867,-28.13661097],[-53.83256737,-28.13670377],[-53.83268993,-28.13680004],[-53.83290411,-28.13683115],[-53.83305825,-28.13680651],[-53.83313446,-28.13681292],[-53.83321109,-28.13683161],[-53.83326268,-28.13687816],[-53.83324427,-28.13693388],[-53.8331851,-28.13698946],[-53.83313286,-28.13703889],[-53.83298306,-28.13711927],[-53.83277245,-28.13718417],[-53.8325942,-28.13726781],[-53.83250319,-28.1373546],[-53.83240157,-28.13747248],[-53.82629332,-28.13379229],[-53.82406896,-28.13320895]]]]},"geometry_name":"geo_area_imovel","properties":{"cod_imovel":"RS-4310207-10EC82F4E57C4679AFFCCA6C350FFE65","status_imovel":"AT","dat_criacao":"2018-02-01T03:34:10.837Z","area":7.3104,"condicao":"Aguardando análise","uf":"RS","municipio":"Ijuí","cod_municipio_ibge":4310207,"m_fiscal":0.3655,"tipo_imovel":"IRU"}},{"type":"Feature","id":"sicar_imoveis_rs.2541943","geometry":{"type":"MultiPolygon","coordinates":[[[[-53.83405924,-28.50603336],[-53.83530378,-28.50516597],[-53.8340807,-28.50180946],[-53.83163452,-28.50139461],[-53.83096933,-28.50194146],[-53.83075476,-28.50229975],[-53.83041143,-28.5024506],[-53.83004665,-28.50265803],[-53.8300252,-28.5029786],[-53.83028269,-28.50303517],[-53.83049726,-28.50337459],[-53.83045435,-28.50380829],[-53.83081913,-28.50409114],[-53.83116245,-28.50395915],[-53.83148432,-28.50395915],[-53.83187056,-28.50411],[-53.83210659,-28.50478884],[-53.83234262,-28.50493969],[-53.83268595,-28.50501511],[-53.83315802,-28.50535453],[-53.833673,-28.50558081],[-53.83405924,-28.50603336]]]]},"geometry_name":"geo_area_imovel","properties":{"cod_imovel":"RS-4310207-10F98EEC5B7C476FAF71947882329A1A","status_imovel":"AT","dat_criacao":"2016-04-18T01:37:03.825Z","area":14.9773,"condicao":"Aguardando análise","uf":"RS","municipio":"Ijuí","cod_municipio_ibge":4310207,"m_fiscal":0.7489,"tipo_imovel":"IRU"}},{"type":"Feature","id":"sicar_imoveis_rs.2059948","geometry":{"type":"MultiPolygon","coordinates":[[[[-53.90562057,-28.33923111],[-53.90401125,-28.33921223],[-53.90401125,-28.33975992],[-53.90377522,-28.33975992],[-53.9037323,-28.34149741],[-53.90559912,-28.34155407],[-53.90562057,-28.33923111]]]]},"geometry_name":"geo_area_imovel","properties":{"cod_imovel":"RS-4310207-10FF48D1DE7D471AAD4E3511B2E9A186","status_imovel":"AT","dat_criacao":"2016-02-21T02:10:21.985Z","area":4.503,"condicao":"Aguardando análise","uf":"RS","municipio":"Ijuí","cod_municipio_ibge":4310207,"m_fiscal":0.2252,"tipo_imovel":"IRU"}},{"type":"Feature","id":"sicar_imoveis_rs.2425985","geometry":{"type":"MultiPolygon","coordinates":[[[[-53.87244701,-28.32300678],[-53.8724041,-28.32533009],[-53.87987137,-28.32546231],[-53.87982845,-28.32687893],[-53.88227463,-28.32697337],[-53.88236046,-28.32317678],[-53.87244701,-28.32300678]]]]},"geometry_name":"geo_area_imovel","properties":{"cod_imovel":"RS-4310207-111D0A6550034628A09D6F52ED1467A4","status_imovel":"AT","dat_criacao":"2016-04-09T04:30:28.531Z","area":28.9198,"condicao":"Aguardando análise","uf":"RS","municipio":"Ijuí","cod_municipio_ibge":4310207,"m_fiscal":1.446,"tipo_imovel":"IRU"}},{"type":"Feature","id":"sicar_imoveis_rs.7069060","geometry":{"type":"MultiPolygon","coordinates":[[[[-53.89853954,-28.1829101],[-53.89798164,-28.17625225],[-53.9002347,-28.17574155],[-53.90019178,-28.17765195],[-53.90017033,-28.17848419],[-53.90010595,-28.17912728],[-53.89991283,-28.17971363],[-53.89965534,-28.18064043],[-53.89853954,-28.1829101]]]]},"geometry_name":"geo_area_imovel","properties":{"cod_imovel":"RS-4310207-111D945169304E5D8A6EE468AB8D3735","status_imovel":"AT","dat_criacao":"2019-07-09T01:45:54.701Z","area":11.3752,"condicao":"Aguardando análise","uf":"RS","municipio":"Ijuí","cod_municipio_ibge":4310207,"m_fiscal":0.5688,"tipo_imovel":"IRU"}},{"type":"Feature","id":"sicar_imoveis_rs.2171721","geometry":{"type":"MultiPolygon","coordinates":[[[[-53.86225462,-28.15720323],[-53.86219025,-28.15941665],[-53.86124611,-28.15932206],[-53.86077404,-28.15937881],[-53.86017323,-28.15949232],[-53.8598299,-28.15953016],[-53.8598299,-28.15901937],[-53.86013031,-28.15875452],[-53.86058092,-28.15864101],[-53.86077404,-28.15803563],[-53.8613534,-28.15752484],[-53.86225462,-28.15720323]]]]},"geometry_name":"geo_area_imovel","properties":{"cod_imovel":"RS-4310207-111FADEF1DCF44DD9D90C09248D71178","status_imovel":"AT","dat_criacao":"2016-03-11T04:05:11.207Z","area":3.6897,"condicao":"Aguardando análise","uf":"RS","municipio":"Ijuí","cod_municipio_ibge":4310207,"m_fiscal":0.1845,"tipo_imovel":"IRU"}},{"type":"Feature","id":"sicar_imoveis_rs.8903522","geometry":{"type":"MultiPolygon","coordinates":[[[[-53.86340239,-28.49905991],[-53.8553603,-28.49771023],[-53.85535352,-28.49741896],[-53.85530455,-28.49722935],[-53.855014,-28.49702427],[-53.85754739,-28.49631507],[-53.85748635,-28.49582308],[-53.86130032,-28.49571966],[-53.86345649,-28.49489738],[-53.86350387,-28.49500745],[-53.86113079,-28.49590967],[-53.86340239,-28.49905991]]]]},"geometry_name":"geo_area_imovel","properties":{"cod_imovel":"RS-4310207-11533EA033404F439E99DC6F88B4F624","status_imovel":"AT","dat_criacao":"2021-01-12T22:11:49.216Z","area":16.997,"condicao":"Aguardando análise","uf":"RS","municipio":"Ijuí","cod_municipio_ibge":4310207,"m_fiscal":0.8498,"tipo_imovel":"IRU"}},{"type":"Feature","id":"sicar_imoveis_rs.10558218","geometry":{"type":"MultiPolygon","coordinates":[[[[-53.92435312,-28.274489],[-53.91937494,-28.27458349],[-53.9193964,-28.27326065],[-53.92433167,-28.27320396],[-53.92435312,-28.274489]]]]},"geometry_name":"geo_area_imovel","properties":{"cod_imovel":"RS-4310207-116D8F5328AA489680F6E3F2805E1488","status_imovel":"AT","dat_criacao":"2022-07-16T01:46:14.145Z","area":7.0362,"condicao":"Aguardando análise","uf":"RS","municipio":"Ijuí","cod_municipio_ibge":4310207,"m_fiscal":0.3518,"tipo_imovel":"IRU"}},{"type":"Feature","id":"sicar_imoveis_rs.2227867","geometry":{"type":"MultiPolygon","coordinates":[[[[-53.95347118,-28.37391907],[-53.94746304,-28.37378691],[-53.947227,-28.37431555],[-53.95344973,-28.37448547],[-53.95347118,-28.37391907]]]]},"geometry_name":"geo_area_imovel","properties":{"cod_imovel":"RS-4310207-117B6F3811F843EEA5FB1D56D5EF8CA3","status_imovel":"AT","dat_criacao":"2016-03-19T01:29:52.744Z","area":3.6631,"condicao":"Aguardando análise","uf":"RS","municipio":"Ijuí","cod_municipio_ibge":4310207,"m_fiscal":0.1832,"tipo_imovel":"IRU"}},{"type":"Feature","id":"sicar_imoveis_rs.6649083","geometry":{"type":"MultiPolygon","coordinates":[[[[-53.86858463,-28.52040087],[-53.86931419,-28.52153209],[-53.86605263,-28.52360596],[-53.86360645,-28.520514],[-53.86858463,-28.52040087]]]]},"geometry_name":"geo_area_imovel","properties":{"cod_imovel":"RS-4310207-118CE61BBF7441F3964C2FE7852D1218","status_imovel":"AT","dat_criacao":"2019-03-30T00:35:55.764Z","area":11.334,"condicao":"Aguardando análise","uf":"RS","municipio":"Ijuí","cod_municipio_ibge":4310207,"m_fiscal":0.5667,"tipo_imovel":"IRU"}},{"type":"Feature","id":"sicar_imoveis_rs.6763872","geometry":{"type":"MultiPolygon","coordinates":[[[[-53.86304855,-28.43054351],[-53.86304855,-28.43054351],[-53.86088133,-28.43014724],[-53.86032343,-28.43005289],[-53.85978699,-28.42999628],[-53.85931492,-28.42990193],[-53.85875702,-28.42990193],[-53.85826349,-28.4307039],[-53.85772705,-28.43150586],[-53.86006594,-28.43192099],[-53.86236191,-28.43231725],[-53.86307001,-28.43052464],[-53.86304855,-28.43054351]]]]},"geometry_name":"geo_area_imovel","properties":{"cod_imovel":"RS-4310207-119E1262A9264BB48841CCB7FF940D76","status_imovel":"AT","dat_criacao":"2019-04-24T02:03:50.686Z","area":9.1161,"condicao":"Aguardando análise","uf":"RS","municipio":"Ijuí","cod_municipio_ibge":4310207,"m_fiscal":0.4558,"tipo_imovel":"IRU"}},{"type":"Feature","id":"sicar_imoveis_rs.1881542","geometry":{"type":"MultiPolygon","coordinates":[[[[-53.97484303,-28.33099649],[-53.96469355,-28.33092094],[-53.96465063,-28.33371625],[-53.97475719,-28.33382957],[-53.97484303,-28.33099649]]]]},"geometry_name":"geo_area_imovel","properties":{"cod_imovel":"RS-4310207-119E8BAF79E945A594082172D8645DA3","status_imovel":"AT","dat_criacao":"2015-12-22T23:18:10.766Z","area":31.021,"condicao":"Aguardando análise","uf":"RS","municipio":"Ijuí","cod_municipio_ibge":4310207,"m_fiscal":1.551,"tipo_imovel":"IRU"}},{"type":"Feature","id":"sicar_imoveis_rs.10142091","geometry":{"type":"MultiPolygon","coordinates":[[[[-53.86916399,-28.30487188],[-53.86283398,-28.30475853],[-53.86270523,-28.30691221],[-53.87274742,-28.30702556],[-53.872962,-28.30252923],[-53.86927128,-28.30245366],[-53.86916399,-28.30487188]]]]},"geometry_name":"geo_area_imovel","properties":{"cod_imovel":"RS-4310207-11ACF7D39EF149F8911EF5C81FD5D9E0","status_imovel":"AT","dat_criacao":"2022-02-22T17:13:48.565Z","area":32.853,"condicao":"Aguardando análise","uf":"RS","municipio":"Ijuí","cod_municipio_ibge":4310207,"m_fiscal":1.6427,"tipo_imovel":"IRU"}},{"type":"Feature","id":"sicar_imoveis_rs.11944293","geometry":{"type":"MultiPolygon","coordinates":[[[[-53.95918865,-28.24260352],[-53.95532984,-28.24261745],[-53.95532375,-28.24050753],[-53.95915492,-28.2405723],[-53.95918865,-28.24260352]]]]},"geometry_name":"geo_area_imovel","properties":{"cod_imovel":"RS-4310207-11B0A191A0EC4A6CAB8389DCA973507F","status_imovel":"AT","dat_criacao":"2023-08-17T02:26:14.275Z","area":8.6696,"condicao":"Aguardando análise","uf":"RS","municipio":"Ijuí","cod_municipio_ibge":4310207,"m_fiscal":0.4335,"tipo_imovel":"IRU"}},{"type":"Feature","id":"sicar_imoveis_rs.2400039","geometry":{"type":"MultiPolygon","coordinates":[[[[-53.89139414,-28.5057128],[-53.88776779,-28.50565623],[-53.88770342,-28.5049774],[-53.88725281,-28.50493969],[-53.88725281,-28.50429857],[-53.88802528,-28.50426085],[-53.88903379,-28.50416657],[-53.89124393,-28.50411],[-53.89139414,-28.5057128]]]]},"geometry_name":"geo_area_imovel","properties":{"cod_imovel":"RS-4310207-11B8C1A3B8F94D0C8447665125D09AED","status_imovel":"AT","dat_criacao":"2016-04-08T01:21:30.982Z","area":6.2474,"condicao":"Aguardando análise","uf":"RS","municipio":"Ijuí","cod_municipio_ibge":4310207,"m_fiscal":0.3124,"tipo_imovel":"IRU"}},{"type":"Feature","id":"sicar_imoveis_rs.8548190","geometry":{"type":"MultiPolygon","coordinates":[[[[-53.95530581,-28.44931726],[-53.95525217,-28.44756267],[-53.95415783,-28.4475438],[-53.95413637,-28.44931726],[-53.95530581,-28.44931726]]]]},"geometry_name":"geo_area_imovel","properties":{"cod_imovel":"RS-4310207-11BAA4BE214E4A6980CD48F1999ABD77","status_imovel":"AT","dat_criacao":"2020-09-16T01:58:07.960Z","area":2.1701,"condicao":"Aguardando análise","uf":"RS","municipio":"Ijuí","cod_municipio_ibge":4310207,"m_fiscal":0.1085,"tipo_imovel":"IRU"}},{"type":"Feature","id":"sicar_imoveis_rs.13996850","geometry":{"type":"MultiPolygon","coordinates":[[[[-53.85601044,-28.45188306],[-53.85641813,-28.45190193],[-53.85639668,-28.45375078],[-53.85598898,-28.45375078],[-53.85601044,-28.45188306]]]]},"geometry_name":"geo_area_imovel","properties":{"cod_imovel":"RS-4310207-11DEB921AFCC4448908D3D9E8FC22A3C","status_imovel":"AT","dat_criacao":"2025-03-31T18:29:49.162Z","area":0.8236,"condicao":"Aguardando análise","uf":"RS","municipio":"Ijuí","cod_municipio_ibge":4310207,"m_fiscal":0.0412,"tipo_imovel":"IRU"}},{"type":"Feature","id":"sicar_imoveis_rs.4842563","geometry":{"type":"MultiPolygon","coordinates":[[[[-53.90291691,-28.33256414],[-53.89289618,-28.33235638],[-53.89291763,-28.3314309],[-53.90291691,-28.33167643],[-53.90291691,-28.33256414]]]]},"geometry_name":"geo_area_imovel","properties":{"cod_imovel":"RS-4310207-1202970DB3294EE296E8A8799022240D","status_imovel":"AT","dat_criacao":"2017-12-08T23:40:56.069Z","area":9.8765,"condicao":"Aguardando análise","uf":"RS","municipio":"Ijuí","cod_municipio_ibge":4310207,"m_fiscal":0.4938,"tipo_imovel":"IRU"}},{"type":"Feature","id":"sicar_imoveis_rs.7219925","geometry":{"type":"MultiPolygon","coordinates":[[[[-53.89877558,-28.27681337],[-53.89881849,-28.27687006],[-53.89929056,-28.27855189],[-53.90090942,-28.27856636],[-53.90090942,-28.27848053],[-53.90372467,-28.27843666],[-53.9037323,-28.27756925],[-53.90360355,-28.27675668],[-53.90360355,-28.27666219],[-53.90360355,-28.2766055],[-53.89877558,-28.27681337]]]]},"geometry_name":"geo_area_imovel","properties":{"cod_imovel":"RS-4310207-121A83B9580E401B949D6E1518299FCD","status_imovel":"AT","dat_criacao":"2019-08-03T03:10:26.303Z","area":9.0882,"condicao":"Aguardando análise","uf":"RS","municipio":"Ijuí","cod_municipio_ibge":4310207,"m_fiscal":0.4544,"tipo_imovel":"IRU"}},{"type":"Feature","id":"sicar_imoveis_rs.11918553","geometry":{"type":"MultiPolygon","coordinates":[[[[-53.8532424,-28.20350518],[-53.85433674,-28.20252185],[-53.85639668,-28.20248403],[-53.85639668,-28.20426158],[-53.85725498,-28.20424267],[-53.85725498,-28.20469651],[-53.85326385,-28.2048667],[-53.8532424,-28.20350518]]]]},"geometry_name":"geo_area_imovel","properties":{"cod_imovel":"RS-4310207-122AB7B31ADD4CCBB7004A63878DFEC0","status_imovel":"AT","dat_criacao":"2023-08-11T08:36:35.447Z","area":7.7016,"condicao":"Aguardando análise","uf":"RS","municipio":"Ijuí","cod_municipio_ibge":4310207,"m_fiscal":0.3851,"tipo_imovel":"IRU"}},{"type":"Feature","id":"sicar_imoveis_rs.11454190","geometry":{"type":"MultiPolygon","coordinates":[[[[-53.84697676,-28.31698105],[-53.85199785,-28.31709438],[-53.85210514,-28.31571541],[-53.84811401,-28.3155454],[-53.84826422,-28.31263626],[-53.8494873,-28.31263626],[-53.84980917,-28.30664772],[-53.84495974,-28.30653437],[-53.84448767,-28.31552651],[-53.84706259,-28.31556429],[-53.84697676,-28.31698105]]]]},"geometry_name":"geo_area_imovel","properties":{"cod_imovel":"RS-4310207-123700607AF14FF68FE59BA4313997CE","status_imovel":"AT","dat_criacao":"2023-04-02T18:03:54.756Z","area":51.2108,"condicao":"Aguardando análise","uf":"RS","municipio":"Ijuí","cod_municipio_ibge":4310207,"m_fiscal":2.5605,"tipo_imovel":"IRU"}},{"type":"Feature","id":"sicar_imoveis_rs.5612452","geometry":{"type":"MultiPolygon","coordinates":[[[[-53.8991189,-28.28858562],[-53.89892578,-28.28813214],[-53.89851809,-28.2875086],[-53.89808893,-28.28675279],[-53.90255213,-28.28680947],[-53.90288472,-28.28724406],[-53.90321732,-28.28767865],[-53.90328169,-28.28809435],[-53.90268087,-28.28807545],[-53.90263796,-28.28862341],[-53.8991189,-28.28858562]]]]},"geometry_name":"geo_area_imovel","properties":{"cod_imovel":"RS-4310207-1269683D06AA4057A2DDB1BBE09186B3","status_imovel":"AT","dat_criacao":"2018-06-01T00:40:21.262Z","area":8.4537,"condicao":"Aguardando análise","uf":"RS","municipio":"Ijuí","cod_municipio_ibge":4310207,"m_fiscal":0.4227,"tipo_imovel":"IRU"}},{"type":"Feature","id":"sicar_imoveis_rs.11641717","geometry":{"type":"MultiPolygon","coordinates":[[[[-53.90529871,-28.16637821],[-53.90274525,-28.16709704],[-53.8991189,-28.16310558],[-53.90180111,-28.1618192],[-53.90529871,-28.16637821]]]]},"geometry_name":"geo_area_imovel","properties":{"cod_imovel":"RS-4310207-12A9F88BD6B343BCB07ADA470AA00D46","status_imovel":"AT","dat_criacao":"2023-06-06T17:34:53.750Z","area":16.0876,"condicao":"Aguardando análise","uf":"RS","municipio":"Ijuí","cod_municipio_ibge":4310207,"m_fiscal":0.8044,"tipo_imovel":"IRU"}},{"type":"Feature","id":"sicar_imoveis_rs.2329548","geometry":{"type":"MultiPolygon","coordinates":[[[[-53.93948078,-28.28131079],[-53.93684149,-28.28131079],[-53.93690586,-28.27985576],[-53.9395237,-28.27985576],[-53.93948078,-28.28131079]]]]},"geometry_name":"geo_area_imovel","properties":{"cod_imovel":"RS-4310207-12AF22509E8E446E87C2A72CADB696BD","status_imovel":"AT","dat_criacao":"2016-04-01T02:56:14.255Z","area":4.1635,"condicao":"Aguardando análise","uf":"RS","municipio":"Ijuí","cod_municipio_ibge":4310207,"m_fiscal":0.2082,"tipo_imovel":"IRU"}},{"type":"Feature","id":"sicar_imoveis_rs.7272264","geometry":{"type":"MultiPolygon","coordinates":[[[[-53.95512342,-28.25396431],[-53.94482374,-28.25394541],[-53.94480228,-28.25509838],[-53.95512342,-28.25513618],[-53.95512342,-28.25396431]]]]},"geometry_name":"geo_area_imovel","properties":{"cod_imovel":"RS-4310207-12F4E0AA950A4405BD78C3407E634497","status_imovel":"AT","dat_criacao":"2019-08-15T03:25:28.667Z","area":13.0506,"condicao":"Aguardando análise","uf":"RS","municipio":"Ijuí","cod_municipio_ibge":4310207,"m_fiscal":0.6525,"tipo_imovel":"IRU"}},{"type":"Feature","id":"sicar_imoveis_rs.1627800","geometry":{"type":"MultiPolygon","coordinates":[[[[-53.92093322,-28.14038816],[-53.91989549,-28.13913759],[-53.91970197,-28.13927205],[-53.91539506,-28.13306096],[-53.91499035,-28.13337069],[-53.91868662,-28.14100508],[-53.9203218,-28.14146949],[-53.9204222,-28.14100333],[-53.92066873,-28.14095463],[-53.92074919,-28.1408456],[-53.92078167,-28.14056079],[-53.92093322,-28.14038816],[-53.92093322,-28.14038816]]]]},"geometry_name":"geo_area_imovel","properties":{"cod_imovel":"RS-4310207-1320B0AC62DB4ECF8B5E654B0A2602DB","status_imovel":"AT","dat_criacao":"2015-11-13T13:17:45.038Z","area":12.8814,"condicao":"Aguardando análise","uf":"RS","municipio":"Ijuí","cod_municipio_ibge":4310207,"m_fiscal":0.6441,"tipo_imovel":"IRU"}}],"totalFeatures":6155,"numberMatched":6155,"numberReturned":300,"timeStamp":"2026-09-29T11:12:12.681Z","crs":{"type":"name","properties":{"name":"urn:ogc:def:crs:EPSG::4674"}}}