{"type":"FeatureCollection","features":[{"type":"Feature","id":"sicar_imoveis_rs.3696535","geometry":{"type":"MultiPolygon","coordinates":[[[[-50.96630573,-29.41578762],[-50.97115517,-29.4136194],[-50.97325802,-29.41268481],[-50.97388029,-29.41343249],[-50.96744299,-29.41616144],[-50.96630573,-29.41578762]]]]},"geometry_name":"geo_area_imovel","properties":{"cod_imovel":"RS-4316956-00234E39699A4119AEFE94A24545A858","status_imovel":"AT","dat_criacao":"2016-09-09T00:21:14.765Z","area":6.8071,"condicao":"Aguardando análise","uf":"RS","municipio":"Santa Maria do Herval","cod_municipio_ibge":4316956,"m_fiscal":0.3782,"tipo_imovel":"IRU"}},{"type":"Feature","id":"sicar_imoveis_rs.3804326","geometry":{"type":"MultiPolygon","coordinates":[[[[-50.95242262,-29.55428913],[-50.95130682,-29.55441979],[-50.95087767,-29.54669187],[-50.95210075,-29.54663587],[-50.95242262,-29.55428913]]]]},"geometry_name":"geo_area_imovel","properties":{"cod_imovel":"RS-4316956-003F051B4C124550AF4E311A1495F8AE","status_imovel":"AT","dat_criacao":"2016-10-29T21:04:49.040Z","area":9.6917,"condicao":"Aguardando análise","uf":"RS","municipio":"Santa Maria do Herval","cod_municipio_ibge":4316956,"m_fiscal":0.5771,"tipo_imovel":"IRU"}},{"type":"Feature","id":"sicar_imoveis_rs.2217453","geometry":{"type":"MultiPolygon","coordinates":[[[[-50.94903882,-29.53675202],[-50.94884183,-29.53576799],[-50.95370693,-29.53505888],[-50.95387495,-29.53604498],[-50.94903882,-29.53675202]]]]},"geometry_name":"geo_area_imovel","properties":{"cod_imovel":"RS-4316956-00D5583FBF1448CA9DF41E95F8A37730","status_imovel":"AT","dat_criacao":"2016-03-18T00:13:32.332Z","area":5.2685,"condicao":"Aguardando análise","uf":"RS","municipio":"Santa Maria do Herval","cod_municipio_ibge":4316956,"m_fiscal":0.2927,"tipo_imovel":"IRU"}},{"type":"Feature","id":"sicar_imoveis_rs.4737511","geometry":{"type":"MultiPolygon","coordinates":[[[[-50.94754912,-29.51882512],[-50.94409775,-29.51930811],[-50.94395984,-29.51893241],[-50.94396706,-29.51848876],[-50.94406903,-29.51807938],[-50.94425275,-29.51772077],[-50.94439874,-29.51749975],[-50.94444133,-29.51727217],[-50.94445373,-29.51693396],[-50.94753994,-29.51647368],[-50.94754912,-29.51882512]]]]},"geometry_name":"geo_area_imovel","properties":{"cod_imovel":"RS-4316956-00F06B761BC44A918146F1E278DD7D4E","status_imovel":"AT","dat_criacao":"2017-11-12T23:39:19.353Z","area":8.5018,"condicao":"Aguardando análise","uf":"RS","municipio":"Santa Maria do Herval","cod_municipio_ibge":4316956,"m_fiscal":0.4723,"tipo_imovel":"IRU"}},{"type":"Feature","id":"sicar_imoveis_rs.15908314","geometry":{"type":"MultiPolygon","coordinates":[[[[-50.94065007,-29.4368443],[-50.9398405,-29.43821422],[-50.94028354,-29.43199539],[-50.94089283,-29.43135886],[-50.94065007,-29.4368443]]]]},"geometry_name":"geo_area_imovel","properties":{"cod_imovel":"RS-4316956-010B9D9B73934A50A038222E108E8C60","status_imovel":"AT","dat_criacao":"2026-06-11T15:13:06.883Z","area":4.0919,"condicao":"Aguardando análise","uf":"RS","municipio":"Santa Maria do Herval","cod_municipio_ibge":4316956,"m_fiscal":0.2273,"tipo_imovel":"IRU"}},{"type":"Feature","id":"sicar_imoveis_rs.3767558","geometry":{"type":"MultiPolygon","coordinates":[[[[-51.04208625,-29.48147583],[-51.04325153,-29.48206416],[-51.04097925,-29.4822569],[-51.04102586,-29.48257136],[-51.03881642,-29.48278716],[-51.03868305,-29.48178791],[-51.04208625,-29.48147583]]]]},"geometry_name":"geo_area_imovel","properties":{"cod_imovel":"RS-4316956-01C1EF525C2F46CDB47D194B5298FA9E","status_imovel":"AT","dat_criacao":"2016-10-12T00:17:10.218Z","area":3.6579,"condicao":"Aguardando análise","uf":"RS","municipio":"Santa Maria do Herval","cod_municipio_ibge":4316956,"m_fiscal":0.2032,"tipo_imovel":"IRU"}},{"type":"Feature","id":"sicar_imoveis_rs.3683512","geometry":{"type":"MultiPolygon","coordinates":[[[[-50.99034905,-29.47707664],[-50.99078894,-29.47872047],[-50.9894371,-29.47855235],[-50.98958731,-29.47774912],[-50.98971605,-29.47756232],[-50.98975897,-29.47735684],[-50.99034905,-29.47707664]]]]},"geometry_name":"geo_area_imovel","properties":{"cod_imovel":"RS-4316956-01C914D445174ABBB4153E0B86DEDD46","status_imovel":"AT","dat_criacao":"2016-09-02T00:09:53.097Z","area":1.5168,"condicao":"Aguardando análise","uf":"RS","municipio":"Santa Maria do Herval","cod_municipio_ibge":4316956,"m_fiscal":0.0843,"tipo_imovel":"IRU"}},{"type":"Feature","id":"sicar_imoveis_rs.4002770","geometry":{"type":"MultiPolygon","coordinates":[[[[-50.97118689,-29.49697281],[-50.97467312,-29.49665707],[-50.97496003,-29.49689886],[-50.97542888,-29.49716958],[-50.97567955,-29.49734306],[-50.9758102,-29.49756788],[-50.97572548,-29.4976944],[-50.97366157,-29.49734049],[-50.97309919,-29.49721742],[-50.97263131,-29.4971146],[-50.97239132,-29.49707185],[-50.97161624,-29.49701265],[-50.97118689,-29.49697281]]]]},"geometry_name":"geo_area_imovel","properties":{"cod_imovel":"RS-4316956-01EC10C1B3F74950BBE6CA8B61B57231","status_imovel":"AT","dat_criacao":"2017-02-16T23:14:47.136Z","area":2.1233,"condicao":"Aguardando análise","uf":"RS","municipio":"Santa Maria do Herval","cod_municipio_ibge":4316956,"m_fiscal":0.118,"tipo_imovel":"IRU"}},{"type":"Feature","id":"sicar_imoveis_rs.3810971","geometry":{"type":"MultiPolygon","coordinates":[[[[-50.93054106,-29.46280593],[-50.93052821,-29.46246838],[-50.95335865,-29.4627884],[-50.95335442,-29.46306088],[-50.93054106,-29.46280593]]]]},"geometry_name":"geo_area_imovel","properties":{"cod_imovel":"RS-4316956-01FB08FF11264713A6B2682A1CEB8C70","status_imovel":"AT","dat_criacao":"2016-11-02T23:03:28.836Z","area":7.4772,"condicao":"Aguardando análise","uf":"RS","municipio":"Santa Maria do Herval","cod_municipio_ibge":4316956,"m_fiscal":0.4154,"tipo_imovel":"IRU"}},{"type":"Feature","id":"sicar_imoveis_rs.3806927","geometry":{"type":"MultiPolygon","coordinates":[[[[-50.94685823,-29.53601451],[-50.94703962,-29.53702745],[-50.94324846,-29.53749811],[-50.94305622,-29.53652722],[-50.94685823,-29.53601451]]]]},"geometry_name":"geo_area_imovel","properties":{"cod_imovel":"RS-4316956-02111BA96C73497091A4692A234FA8EA","status_imovel":"AT","dat_criacao":"2016-10-31T23:07:09.417Z","area":4.1416,"condicao":"Aguardando análise","uf":"RS","municipio":"Santa Maria do Herval","cod_municipio_ibge":4316956,"m_fiscal":0.2301,"tipo_imovel":"IRU"}},{"type":"Feature","id":"sicar_imoveis_rs.13140416","geometry":{"type":"MultiPolygon","coordinates":[[[[-50.97899835,-29.45253843],[-50.97902183,-29.45317269],[-50.96763597,-29.45420919],[-50.96754523,-29.45366478],[-50.97899835,-29.45253843]]]]},"geometry_name":"geo_area_imovel","properties":{"cod_imovel":"RS-4316956-02219C3E234047B0BCC54C85DBB5BFA8","status_imovel":"AT","dat_criacao":"2024-08-11T01:15:59.774Z","area":7.2971,"condicao":"Aguardando análise","uf":"RS","municipio":"Santa Maria do Herval","cod_municipio_ibge":4316956,"m_fiscal":0.4054,"tipo_imovel":"IRU"}},{"type":"Feature","id":"sicar_imoveis_rs.3853861","geometry":{"type":"MultiPolygon","coordinates":[[[[-50.98805585,-29.46962314],[-50.98804796,-29.46947213],[-50.98541466,-29.46973293],[-50.98538313,-29.46929363],[-50.98892309,-29.46893674],[-50.98895463,-29.46954077],[-50.98805585,-29.46962314]]]]},"geometry_name":"geo_area_imovel","properties":{"cod_imovel":"RS-4316956-0239EA093B264906B160BFDCD5E6BD2C","status_imovel":"AT","dat_criacao":"2016-11-24T21:09:30.261Z","area":1.8423,"condicao":"Aguardando análise","uf":"RS","municipio":"Santa Maria do Herval","cod_municipio_ibge":4316956,"m_fiscal":0.1023,"tipo_imovel":"IRU"}},{"type":"Feature","id":"sicar_imoveis_rs.4947509","geometry":{"type":"MultiPolygon","coordinates":[[[[-50.95330957,-29.45983044],[-50.95331789,-29.46179273],[-50.94859731,-29.46171221],[-50.94856147,-29.45977285],[-50.95330957,-29.45983044]]]]},"geometry_name":"geo_area_imovel","properties":{"cod_imovel":"RS-4316956-024717A269DD4666800615F4F5CFF625","status_imovel":"AT","dat_criacao":"2017-12-20T02:32:59.204Z","area":9.921,"condicao":"Aguardando análise","uf":"RS","municipio":"Santa Maria do Herval","cod_municipio_ibge":4316956,"m_fiscal":0.5512,"tipo_imovel":"IRU"}},{"type":"Feature","id":"sicar_imoveis_rs.16002516","geometry":{"type":"MultiPolygon","coordinates":[[[[-50.96454265,-29.49558584],[-50.96436481,-29.49464781],[-50.98092614,-29.49316185],[-50.98109725,-29.4941889],[-50.96454265,-29.49558584]]]]},"geometry_name":"geo_area_imovel","properties":{"cod_imovel":"RS-4316956-02E076472C954D7ABB25434203C5F1AA","status_imovel":"AT","dat_criacao":"2026-07-08T18:17:15.333Z","area":17.7431,"condicao":"Aguardando análise","uf":"RS","municipio":"Santa Maria do Herval","cod_municipio_ibge":4316956,"m_fiscal":0.9857,"tipo_imovel":"IRU"}},{"type":"Feature","id":"sicar_imoveis_rs.4106910","geometry":{"type":"MultiPolygon","coordinates":[[[[-51.00368311,-29.44930519],[-50.99600447,-29.45000888],[-50.99574921,-29.44857307],[-51.00654541,-29.44741631],[-51.00368311,-29.44930519]]]]},"geometry_name":"geo_area_imovel","properties":{"cod_imovel":"RS-4316956-02F5FAB97518498F91140B8D6F74D111","status_imovel":"AT","dat_criacao":"2017-04-06T00:22:42.805Z","area":15.1961,"condicao":"Aguardando análise","uf":"RS","municipio":"Santa Maria do Herval","cod_municipio_ibge":4316956,"m_fiscal":0.8442,"tipo_imovel":"IRU"}},{"type":"Feature","id":"sicar_imoveis_rs.10624878","geometry":{"type":"MultiPolygon","coordinates":[[[[-50.99646005,-29.44612237],[-50.99027218,-29.44664082],[-50.9901037,-29.44488651],[-50.99621366,-29.44426012],[-50.99646005,-29.44612237]]]]},"geometry_name":"geo_area_imovel","properties":{"cod_imovel":"RS-4316956-03002EFAACE142379F2C2D6B58A2BA65","status_imovel":"AT","dat_criacao":"2022-08-04T12:34:18.487Z","area":12.0751,"condicao":"Aguardando análise","uf":"RS","municipio":"Santa Maria do Herval","cod_municipio_ibge":4316956,"m_fiscal":0.6708,"tipo_imovel":"IRU"}},{"type":"Feature","id":"sicar_imoveis_rs.3737275","geometry":{"type":"MultiPolygon","coordinates":[[[[-50.95114853,-29.51522891],[-50.9512694,-29.51587995],[-50.94445689,-29.51688557],[-50.94447971,-29.51656813],[-50.94453672,-29.51624076],[-50.95114853,-29.51522891]]]]},"geometry_name":"geo_area_imovel","properties":{"cod_imovel":"RS-4316956-037D486E9F8546E0BC2C1AB3E4311A97","status_imovel":"AT","dat_criacao":"2016-09-28T00:18:58.647Z","area":4.6979,"condicao":"Aguardando análise","uf":"RS","municipio":"Santa Maria do Herval","cod_municipio_ibge":4316956,"m_fiscal":0.261,"tipo_imovel":"IRU"}},{"type":"Feature","id":"sicar_imoveis_rs.3737147","geometry":{"type":"MultiPolygon","coordinates":[[[[-50.92833638,-29.44032635],[-50.92833638,-29.44210159],[-50.92628717,-29.44213896],[-50.92626572,-29.44036373],[-50.92833638,-29.44032635]]]]},"geometry_name":"geo_area_imovel","properties":{"cod_imovel":"RS-4316956-047607B6D606411F945AC3E8894D61FD","status_imovel":"AT","dat_criacao":"2016-09-28T00:08:38.599Z","area":3.93,"condicao":"Aguardando análise","uf":"RS","municipio":"Santa Maria do Herval","cod_municipio_ibge":4316956,"m_fiscal":0.2183,"tipo_imovel":"IRU"}},{"type":"Feature","id":"sicar_imoveis_rs.3939192","geometry":{"type":"MultiPolygon","coordinates":[[[[-50.92964224,-29.50796606],[-50.92976875,-29.50826057],[-50.92995093,-29.50874602],[-50.93023753,-29.50946446],[-50.93037974,-29.5096876],[-50.93043957,-29.50986834],[-50.9304022,-29.51029497],[-50.93037098,-29.51067656],[-50.92913118,-29.51049121],[-50.92060513,-29.51041437],[-50.92062846,-29.50907865],[-50.92959134,-29.50925708],[-50.92964224,-29.50796606]]]]},"geometry_name":"geo_area_imovel","properties":{"cod_imovel":"RS-4316956-04816E376D5548708AF5404FD329D619","status_imovel":"AT","dat_criacao":"2017-01-16T23:01:51.688Z","area":13.9374,"condicao":"Aguardando análise","uf":"RS","municipio":"Santa Maria do Herval","cod_municipio_ibge":4316956,"m_fiscal":0.7743,"tipo_imovel":"IRU"}},{"type":"Feature","id":"sicar_imoveis_rs.3456501","geometry":{"type":"MultiPolygon","coordinates":[[[[-50.94718445,-29.48271677],[-50.94631259,-29.48300525],[-50.94594947,-29.4826921],[-50.94718445,-29.48271677]]]]},"geometry_name":"geo_area_imovel","properties":{"cod_imovel":"RS-4316956-04C1E3F656C44F18AECC80DAE235C243","status_imovel":"AT","dat_criacao":"2016-07-08T00:05:50.016Z","area":0.2029,"condicao":"Aguardando análise","uf":"RS","municipio":"Santa Maria do Herval","cod_municipio_ibge":4316956,"m_fiscal":0.0113,"tipo_imovel":"IRU"}},{"type":"Feature","id":"sicar_imoveis_rs.3767560","geometry":{"type":"MultiPolygon","coordinates":[[[[-50.92586057,-29.49721473],[-50.9258485,-29.49833907],[-50.92400256,-29.49833116],[-50.92393085,-29.49527306],[-50.93016392,-29.49529845],[-50.93012426,-29.49718173],[-50.92586057,-29.49721473]]]]},"geometry_name":"geo_area_imovel","properties":{"cod_imovel":"RS-4316956-0506040835514A539323FFB642712E22","status_imovel":"AT","dat_criacao":"2016-10-12T00:17:14.807Z","area":14.9926,"condicao":"Aguardando análise","uf":"RS","municipio":"Santa Maria do Herval","cod_municipio_ibge":4316956,"m_fiscal":0.8329,"tipo_imovel":"IRU"}},{"type":"Feature","id":"sicar_imoveis_rs.3813089","geometry":{"type":"MultiPolygon","coordinates":[[[[-50.91056533,-29.53908659],[-50.91440356,-29.53551553],[-50.91683436,-29.53779434],[-50.91409224,-29.54015913],[-50.91446344,-29.5405418],[-50.91320725,-29.54153991],[-50.91056533,-29.53908659]]]]},"geometry_name":"geo_area_imovel","properties":{"cod_imovel":"RS-4316956-05364CE73FD0475888DC5AD140973938","status_imovel":"AT","dat_criacao":"2016-11-03T21:05:49.480Z","area":18.9905,"condicao":"Aguardando análise","uf":"RS","municipio":"Santa Maria do Herval","cod_municipio_ibge":4316956,"m_fiscal":1.055,"tipo_imovel":"IRU"}},{"type":"Feature","id":"sicar_imoveis_rs.4544476","geometry":{"type":"MultiPolygon","coordinates":[[[[-50.93254865,-29.51444311],[-50.93222247,-29.51349145],[-50.93986115,-29.51250781],[-50.94007054,-29.51358096],[-50.93254865,-29.51444311]]]]},"geometry_name":"geo_area_imovel","properties":{"cod_imovel":"RS-4316956-0564DB0C1D1B402A804B1F9881C65F09","status_imovel":"AT","dat_criacao":"2017-09-09T00:38:13.530Z","area":8.5062,"condicao":"Aguardando análise","uf":"RS","municipio":"Santa Maria do Herval","cod_municipio_ibge":4316956,"m_fiscal":0.4726,"tipo_imovel":"IRU"}},{"type":"Feature","id":"sicar_imoveis_rs.4059829","geometry":{"type":"MultiPolygon","coordinates":[[[[-50.90815821,-29.47019307],[-50.90817403,-29.46871726],[-50.91600048,-29.46911449],[-50.91579447,-29.4705309],[-50.90815821,-29.47019307]]]]},"geometry_name":"geo_area_imovel","properties":{"cod_imovel":"RS-4316956-05A4132588734FFDB542AEEEB2C58346","status_imovel":"AT","dat_criacao":"2017-03-17T00:13:58.711Z","area":12.0545,"condicao":"Aguardando análise","uf":"RS","municipio":"Santa Maria do Herval","cod_municipio_ibge":4316956,"m_fiscal":0.6697,"tipo_imovel":"IRU"}},{"type":"Feature","id":"sicar_imoveis_rs.3090194","geometry":{"type":"MultiPolygon","coordinates":[[[[-51.01610419,-29.49660133],[-51.01646174,-29.49621801],[-51.01713677,-29.49656714],[-51.02047507,-29.49929288],[-51.01983681,-29.49938932],[-51.01913361,-29.49933934],[-51.01839943,-29.4993002],[-51.01789163,-29.49943566],[-51.01750497,-29.49970468],[-51.0172595,-29.49986853],[-51.01704164,-29.49999352],[-51.01680133,-29.50002884],[-51.01659309,-29.500094],[-51.0159974,-29.50037724],[-51.01567382,-29.50065766],[-51.01544712,-29.50102627],[-51.01496904,-29.5018118],[-51.01432258,-29.50216848],[-51.01413626,-29.50217079],[-51.0139788,-29.5022262],[-51.01384595,-29.50222556],[-51.01232574,-29.49984493],[-51.01484082,-29.49821535],[-51.01676109,-29.49724194],[-51.01610419,-29.49660133]]]]},"geometry_name":"geo_area_imovel","properties":{"cod_imovel":"RS-4316956-05B4E5851CEC4ADC91C4CF6EA710D1F8","status_imovel":"AT","dat_criacao":"2016-05-20T19:22:28.008Z","area":19.9598,"condicao":"Aguardando análise","uf":"RS","municipio":"Santa Maria do Herval","cod_municipio_ibge":4316956,"m_fiscal":1.1089,"tipo_imovel":"IRU"}},{"type":"Feature","id":"sicar_imoveis_rs.4997818","geometry":{"type":"MultiPolygon","coordinates":[[[[-50.96018308,-29.44010219],[-50.96042181,-29.44195924],[-50.95430553,-29.44242428],[-50.95400689,-29.4404972],[-50.96018308,-29.44010219]]]]},"geometry_name":"geo_area_imovel","properties":{"cod_imovel":"RS-4316956-05D009881121491B900690E07E06C4F7","status_imovel":"AT","dat_criacao":"2017-12-26T23:55:24.843Z","area":12.6203,"condicao":"Aguardando análise","uf":"RS","municipio":"Santa Maria do Herval","cod_municipio_ibge":4316956,"m_fiscal":0.7011,"tipo_imovel":"IRU"}},{"type":"Feature","id":"sicar_imoveis_rs.3690821","geometry":{"type":"MultiPolygon","coordinates":[[[[-51.01390794,-29.49225309],[-51.01373804,-29.49042954],[-51.02062077,-29.48940685],[-51.02110321,-29.49120541],[-51.01390794,-29.49225309]]]]},"geometry_name":"geo_area_imovel","properties":{"cod_imovel":"RS-4316956-060F1DC146574774B47F0FD065C43BAB","status_imovel":"AT","dat_criacao":"2016-09-06T00:21:15.537Z","area":14.0547,"condicao":"Aguardando análise","uf":"RS","municipio":"Santa Maria do Herval","cod_municipio_ibge":4316956,"m_fiscal":0.7808,"tipo_imovel":"IRU"}},{"type":"Feature","id":"sicar_imoveis_rs.3939185","geometry":{"type":"MultiPolygon","coordinates":[[[[-50.99135376,-29.46540277],[-50.99162039,-29.4657772],[-50.99141115,-29.46588829],[-50.99183548,-29.4663218],[-50.98822324,-29.46669853],[-50.98797829,-29.46575527],[-50.99135376,-29.46540277]]]]},"geometry_name":"geo_area_imovel","properties":{"cod_imovel":"RS-4316956-06200CF76D0D4A02A8B0FB5020D72B83","status_imovel":"AT","dat_criacao":"2017-01-16T23:01:23.324Z","area":3.598,"condicao":"Aguardando análise","uf":"RS","municipio":"Santa Maria do Herval","cod_municipio_ibge":4316956,"m_fiscal":0.1999,"tipo_imovel":"IRU"}},{"type":"Feature","id":"sicar_imoveis_rs.4705051","geometry":{"type":"MultiPolygon","coordinates":[[[[-50.93054606,-29.47456649],[-50.93035736,-29.4744983],[-50.93000352,-29.47455321],[-50.92963307,-29.47472467],[-50.92923211,-29.47479891],[-50.92861599,-29.47477894],[-50.92868691,-29.47454724],[-50.92865467,-29.47430674],[-50.92866057,-29.47403683],[-50.92872131,-29.47367858],[-50.92884572,-29.47338848],[-50.9287346,-29.47330029],[-50.92767407,-29.47383798],[-50.92747896,-29.47292544],[-50.93051779,-29.47292775],[-50.93054606,-29.47456649]]]]},"geometry_name":"geo_area_imovel","properties":{"cod_imovel":"RS-4316956-06274E95FBA04935B6C3A537C08F2C92","status_imovel":"AT","dat_criacao":"2017-11-01T00:46:40.903Z","area":4.2601,"condicao":"Aguardando análise","uf":"RS","municipio":"Santa Maria do Herval","cod_municipio_ibge":4316956,"m_fiscal":0.2367,"tipo_imovel":"IRU"}},{"type":"Feature","id":"sicar_imoveis_rs.3475432","geometry":{"type":"MultiPolygon","coordinates":[[[[-50.95515063,-29.47692979],[-50.95782498,-29.48504253],[-50.9572934,-29.48611798],[-50.95415621,-29.4846483],[-50.95416514,-29.48433928],[-50.95267266,-29.48429186],[-50.95298475,-29.48177613],[-50.95179904,-29.48181868],[-50.95175258,-29.47848613],[-50.95515063,-29.47692979]]]]},"geometry_name":"geo_area_imovel","properties":{"cod_imovel":"RS-4316956-0664822A28D94BF09000AF50B2211F1F","status_imovel":"AT","dat_criacao":"2016-07-13T00:28:59.701Z","area":35.0143,"condicao":"Aguardando análise","uf":"RS","municipio":"Santa Maria do Herval","cod_municipio_ibge":4316956,"m_fiscal":1.9452,"tipo_imovel":"IRU"}},{"type":"Feature","id":"sicar_imoveis_rs.15576875","geometry":{"type":"MultiPolygon","coordinates":[[[[-51.01628543,-29.51351376],[-51.0162557,-29.51312146],[-51.01738312,-29.51291721],[-51.01746641,-29.51335519],[-51.01628543,-29.51351376]]]]},"geometry_name":"geo_area_imovel","properties":{"cod_imovel":"RS-4316956-066DB7D6B5784164ACC16DC622A29133","status_imovel":"AT","dat_criacao":"2026-05-05T20:00:13.079Z","area":0.5255,"condicao":"Aguardando análise","uf":"RS","municipio":"Santa Maria do Herval","cod_municipio_ibge":4316956,"m_fiscal":0.0292,"tipo_imovel":"IRU"}},{"type":"Feature","id":"sicar_imoveis_rs.15365340","geometry":{"type":"MultiPolygon","coordinates":[[[[-50.94371668,-29.49040241],[-50.94060384,-29.49033367],[-50.94063175,-29.49022862],[-50.94067977,-29.49015078],[-50.94074139,-29.49009496],[-50.94082261,-29.49005017],[-50.94092127,-29.49005016],[-50.94108488,-29.49009496],[-50.94118749,-29.49012848],[-50.94132163,-29.49016471],[-50.9414384,-29.49015079],[-50.94154005,-29.4901229],[-50.94170765,-29.49004736],[-50.9419165,-29.48999681],[-50.9421276,-29.48998556],[-50.94222323,-29.489994],[-50.94233183,-29.49002491],[-50.94247226,-29.49008377],[-50.94269161,-29.49015356],[-50.94289116,-29.49018974],[-50.94317967,-29.49024524],[-50.94343567,-29.49030884],[-50.94371668,-29.49040241]]]]},"geometry_name":"geo_area_imovel","properties":{"cod_imovel":"RS-4316956-0675F966280047D3BD2A9935763F4284","status_imovel":"AT","dat_criacao":"2026-03-13T13:44:21.522Z","area":0.7694,"condicao":"Aguardando análise","uf":"RS","municipio":"Santa Maria do Herval","cod_municipio_ibge":4316956,"m_fiscal":0.0427,"tipo_imovel":"IRU"}},{"type":"Feature","id":"sicar_imoveis_rs.4152792","geometry":{"type":"MultiPolygon","coordinates":[[[[-50.99785121,-29.49102638],[-51.0003811,-29.49076278],[-51.00016862,-29.49189458],[-51.00005794,-29.49237515],[-50.99970747,-29.49293952],[-50.9980465,-29.49317662],[-50.99785121,-29.49102638]]]]},"geometry_name":"geo_area_imovel","properties":{"cod_imovel":"RS-4316956-06DCB6391A6A4E76989738A43E795DBF","status_imovel":"AT","dat_criacao":"2017-04-25T00:21:48.442Z","area":5.0227,"condicao":"Aguardando análise","uf":"RS","municipio":"Santa Maria do Herval","cod_municipio_ibge":4316956,"m_fiscal":0.279,"tipo_imovel":"IRU"}},{"type":"Feature","id":"sicar_imoveis_rs.4472321","geometry":{"type":"MultiPolygon","coordinates":[[[[-50.9418822,-29.46165365],[-50.94190176,-29.46262612],[-50.93626091,-29.46255023],[-50.9362583,-29.46153441],[-50.9418822,-29.46165365]]]]},"geometry_name":"geo_area_imovel","properties":{"cod_imovel":"RS-4316956-075B5A430D1946888069D3470DC89FB7","status_imovel":"AT","dat_criacao":"2017-08-14T00:02:38.946Z","area":6.0145,"condicao":"Aguardando análise","uf":"RS","municipio":"Santa Maria do Herval","cod_municipio_ibge":4316956,"m_fiscal":0.3341,"tipo_imovel":"IRU"}},{"type":"Feature","id":"sicar_imoveis_rs.4997884","geometry":{"type":"MultiPolygon","coordinates":[[[[-50.96886511,-29.4634777],[-50.96882837,-29.4615735],[-50.97082035,-29.46143748],[-50.97091138,-29.46324139],[-50.96886511,-29.4634777]]]]},"geometry_name":"geo_area_imovel","properties":{"cod_imovel":"RS-4316956-07912ABE1B0846A9B1890D1ED5E185F5","status_imovel":"AT","dat_criacao":"2017-12-27T00:02:42.843Z","area":4.0347,"condicao":"Aguardando análise","uf":"RS","municipio":"Santa Maria do Herval","cod_municipio_ibge":4316956,"m_fiscal":0.2241,"tipo_imovel":"IRU"}},{"type":"Feature","id":"sicar_imoveis_rs.2793384","geometry":{"type":"MultiPolygon","coordinates":[[[[-50.96617622,-29.54357707],[-50.96395,-29.54382242],[-50.96386841,-29.54246299],[-50.96611096,-29.54226235],[-50.96617622,-29.54357707]]]]},"geometry_name":"geo_area_imovel","properties":{"cod_imovel":"RS-4316956-079FB81AC0324DAD8B55B4355DA7E0AD","status_imovel":"AT","dat_criacao":"2016-05-01T04:36:49.641Z","area":3.2247,"condicao":"Aguardando análise","uf":"RS","municipio":"Santa Maria do Herval","cod_municipio_ibge":4316956,"m_fiscal":0.1792,"tipo_imovel":"IRU"}},{"type":"Feature","id":"sicar_imoveis_rs.4540702","geometry":{"type":"MultiPolygon","coordinates":[[[[-50.98031759,-29.4122549],[-50.97920179,-29.41210536],[-50.97900867,-29.41188106],[-50.97892284,-29.41171283],[-50.97956657,-29.41133899],[-50.98057508,-29.41057261],[-50.98171234,-29.40991838],[-50.98216295,-29.41072215],[-50.98063946,-29.41143245],[-50.98031759,-29.4122549]]]]},"geometry_name":"geo_area_imovel","properties":{"cod_imovel":"RS-4316956-07B62DEDB8BF457083F8A91CD489F351","status_imovel":"AT","dat_criacao":"2017-09-07T00:51:15.460Z","area":3.0491,"condicao":"Aguardando análise","uf":"RS","municipio":"Santa Maria do Herval","cod_municipio_ibge":4316956,"m_fiscal":0.1694,"tipo_imovel":"IRU"}},{"type":"Feature","id":"sicar_imoveis_rs.4577277","geometry":{"type":"MultiPolygon","coordinates":[[[[-50.97855246,-29.50760949],[-50.97855887,-29.50778081],[-50.97843769,-29.50808966],[-50.97841238,-29.50822791],[-50.97845789,-29.50843789],[-50.9784587,-29.50859204],[-50.97841482,-29.50868544],[-50.97833869,-29.50873511],[-50.97824908,-29.50873008],[-50.97797088,-29.50862664],[-50.97771677,-29.50854891],[-50.97658996,-29.50776798],[-50.97855246,-29.50760949]]]]},"geometry_name":"geo_area_imovel","properties":{"cod_imovel":"RS-4316956-07FEEDCA671A4027ACCE24865D421FD2","status_imovel":"AT","dat_criacao":"2017-09-21T00:25:28.527Z","area":1.3507,"condicao":"Aguardando análise","uf":"RS","municipio":"Santa Maria do Herval","cod_municipio_ibge":4316956,"m_fiscal":0.075,"tipo_imovel":"IRU"}},{"type":"Feature","id":"sicar_imoveis_rs.4947529","geometry":{"type":"MultiPolygon","coordinates":[[[[-50.93027839,-29.48027251],[-50.92611229,-29.48017957],[-50.92631834,-29.47816594],[-50.93031766,-29.47838528],[-50.93027839,-29.48027251]]]]},"geometry_name":"geo_area_imovel","properties":{"cod_imovel":"RS-4316956-08082F40FF6540CAAD5F6C46325ECA24","status_imovel":"AT","dat_criacao":"2017-12-20T02:34:29.179Z","area":8.5743,"condicao":"Aguardando análise","uf":"RS","municipio":"Santa Maria do Herval","cod_municipio_ibge":4316956,"m_fiscal":0.4763,"tipo_imovel":"IRU"}},{"type":"Feature","id":"sicar_imoveis_rs.10739970","geometry":{"type":"MultiPolygon","coordinates":[[[[-50.96923071,-29.46511538],[-50.96653185,-29.46539346],[-50.96636762,-29.4637651],[-50.96895464,-29.46353276],[-50.96923071,-29.46511538]]]]},"geometry_name":"geo_area_imovel","properties":{"cod_imovel":"RS-4316956-0897A8B3414043669171FD3D8A925AA5","status_imovel":"AT","dat_criacao":"2022-09-03T05:38:20.412Z","area":4.6189,"condicao":"Aguardando análise","uf":"RS","municipio":"Santa Maria do Herval","cod_municipio_ibge":4316956,"m_fiscal":0.2566,"tipo_imovel":"IRU"}},{"type":"Feature","id":"sicar_imoveis_rs.4106898","geometry":{"type":"MultiPolygon","coordinates":[[[[-50.94704641,-29.44418626],[-50.94901044,-29.44417785],[-50.94919305,-29.44422784],[-50.94336292,-29.44432775],[-50.94333367,-29.44357232],[-50.94707143,-29.44352982],[-50.94704641,-29.44418626]]]]},"geometry_name":"geo_area_imovel","properties":{"cod_imovel":"RS-4316956-0897B9833ECF45A8A64D8C7B5FB63184","status_imovel":"AT","dat_criacao":"2017-04-06T00:21:57.021Z","area":3.1141,"condicao":"Aguardando análise","uf":"RS","municipio":"Santa Maria do Herval","cod_municipio_ibge":4316956,"m_fiscal":0.173,"tipo_imovel":"IRU"}},{"type":"Feature","id":"sicar_imoveis_rs.4947539","geometry":{"type":"MultiPolygon","coordinates":[[[[-50.9391333,-29.48660089],[-50.93892229,-29.48766998],[-50.93007127,-29.48751909],[-50.93013455,-29.48649636],[-50.9391333,-29.48660089]]]]},"geometry_name":"geo_area_imovel","properties":{"cod_imovel":"RS-4316956-08CA4EA2184F4044BCCDFD1C2BCE826E","status_imovel":"AT","dat_criacao":"2017-12-20T02:37:05.543Z","area":10.045,"condicao":"Aguardando análise","uf":"RS","municipio":"Santa Maria do Herval","cod_municipio_ibge":4316956,"m_fiscal":0.5581,"tipo_imovel":"IRU"}},{"type":"Feature","id":"sicar_imoveis_rs.4843091","geometry":{"type":"MultiPolygon","coordinates":[[[[-50.93691496,-29.48252247],[-50.93319987,-29.48247714],[-50.93320877,-29.48143906],[-50.93686279,-29.48154446],[-50.93691496,-29.48252247]]]]},"geometry_name":"geo_area_imovel","properties":{"cod_imovel":"RS-4316956-08DC2873B52D4727B6F126299CE53A61","status_imovel":"AT","dat_criacao":"2017-12-09T00:45:45.651Z","area":3.9878,"condicao":"Aguardando análise","uf":"RS","municipio":"Santa Maria do Herval","cod_municipio_ibge":4316956,"m_fiscal":0.2215,"tipo_imovel":"IRU"}},{"type":"Feature","id":"sicar_imoveis_rs.2019875","geometry":{"type":"MultiPolygon","coordinates":[[[[-50.96321583,-29.5288818],[-50.96413851,-29.52893781],[-50.96403122,-29.52453148],[-50.96306562,-29.52400869],[-50.96321583,-29.5288818]]]]},"geometry_name":"geo_area_imovel","properties":{"cod_imovel":"RS-4316956-094298CC9A844B24B67D25F00BE0EEED","status_imovel":"AT","dat_criacao":"2016-02-11T23:14:55.499Z","area":4.6633,"condicao":"Aguardando análise","uf":"RS","municipio":"Santa Maria do Herval","cod_municipio_ibge":4316956,"m_fiscal":0.2591,"tipo_imovel":"IRU"}},{"type":"Feature","id":"sicar_imoveis_rs.3737253","geometry":{"type":"MultiPolygon","coordinates":[[[[-50.94021625,-29.4757438],[-50.93991834,-29.47553358],[-50.9399144,-29.47483901],[-50.95311748,-29.47504321],[-50.95300911,-29.47598726],[-50.94021625,-29.4757438]]]]},"geometry_name":"geo_area_imovel","properties":{"cod_imovel":"RS-4316956-094551B85D1147B8B36C70BC82E58A50","status_imovel":"AT","dat_criacao":"2016-09-28T00:17:38.251Z","area":12.9946,"condicao":"Aguardando análise","uf":"RS","municipio":"Santa Maria do Herval","cod_municipio_ibge":4316956,"m_fiscal":0.7219,"tipo_imovel":"IRU"}},{"type":"Feature","id":"sicar_imoveis_rs.4106902","geometry":{"type":"MultiPolygon","coordinates":[[[[-50.96258066,-29.51986855],[-50.96269437,-29.52063512],[-50.96069974,-29.52079425],[-50.96050326,-29.52058321],[-50.96030009,-29.5204257],[-50.9600446,-29.52030878],[-50.95982607,-29.52022452],[-50.95960728,-29.52010015],[-50.95944976,-29.51994232],[-50.95917051,-29.51956972],[-50.95948226,-29.51922959],[-50.95930009,-29.51907734],[-50.95978887,-29.51849155],[-50.96098864,-29.51825728],[-50.96122825,-29.51996534],[-50.96258066,-29.51986855]]]]},"geometry_name":"geo_area_imovel","properties":{"cod_imovel":"RS-4316956-0946E9D2E24A4EE28D955B3957CA90B0","status_imovel":"AT","dat_criacao":"2017-04-06T00:22:08.472Z","area":5.0039,"condicao":"Aguardando análise","uf":"RS","municipio":"Santa Maria do Herval","cod_municipio_ibge":4316956,"m_fiscal":0.278,"tipo_imovel":"IRU"}},{"type":"Feature","id":"sicar_imoveis_rs.3737257","geometry":{"type":"MultiPolygon","coordinates":[[[[-50.95219711,-29.53220128],[-50.95236791,-29.53316991],[-50.94653983,-29.53393704],[-50.94648755,-29.53299438],[-50.95219711,-29.53220128]]]]},"geometry_name":"geo_area_imovel","properties":{"cod_imovel":"RS-4316956-0955521A2AB14D39B04E2173B307F034","status_imovel":"AT","dat_criacao":"2016-09-28T00:17:51.627Z","area":6.0122,"condicao":"Aguardando análise","uf":"RS","municipio":"Santa Maria do Herval","cod_municipio_ibge":4316956,"m_fiscal":0.334,"tipo_imovel":"IRU"}},{"type":"Feature","id":"sicar_imoveis_rs.14971077","geometry":{"type":"MultiPolygon","coordinates":[[[[-50.92306693,-29.51705041],[-50.92211245,-29.51725714],[-50.9214946,-29.5162302],[-50.92211894,-29.51602164],[-50.92238032,-29.51595081],[-50.92251275,-29.5159477],[-50.92306693,-29.51705041]]]]},"geometry_name":"geo_area_imovel","properties":{"cod_imovel":"RS-4316956-099CB4CE2AFE4804AD27293AA6410232","status_imovel":"AT","dat_criacao":"2025-11-07T11:50:27.425Z","area":1.3056,"condicao":"Aguardando análise","uf":"RS","municipio":"Santa Maria do Herval","cod_municipio_ibge":4316956,"m_fiscal":0.0725,"tipo_imovel":"IRU"}},{"type":"Feature","id":"sicar_imoveis_rs.11320115","geometry":{"type":"MultiPolygon","coordinates":[[[[-50.95124245,-29.51586656],[-50.9511095,-29.51523185],[-50.95404307,-29.51477953],[-50.95426067,-29.51537567],[-50.95124245,-29.51586656]]]]},"geometry_name":"geo_area_imovel","properties":{"cod_imovel":"RS-4316956-09A76A5E97D24A26ADCC0A504BB13B94","status_imovel":"AT","dat_criacao":"2023-02-18T02:31:17.922Z","area":2.0554,"condicao":"Aguardando análise","uf":"RS","municipio":"Santa Maria do Herval","cod_municipio_ibge":4316956,"m_fiscal":0.1142,"tipo_imovel":"IRU"}},{"type":"Feature","id":"sicar_imoveis_rs.16258567","geometry":{"type":"MultiPolygon","coordinates":[[[[-50.99735223,-29.42041255],[-50.99018484,-29.42376968],[-50.99023006,-29.42361116],[-50.99049072,-29.42340375],[-50.99070287,-29.4231135],[-50.99710908,-29.4201155],[-50.99735223,-29.42041255]]]]},"geometry_name":"geo_area_imovel","properties":{"cod_imovel":"RS-4316956-09A9D8309A6744D6972F44EB5D33C5FC","status_imovel":"AT","dat_criacao":"2026-08-24T20:31:22.841Z","area":3.0185,"condicao":"Aguardando análise","uf":"RS","municipio":"Santa Maria do Herval","cod_municipio_ibge":4316956,"m_fiscal":0.1677,"tipo_imovel":"IRU"}},{"type":"Feature","id":"sicar_imoveis_rs.12957846","geometry":{"type":"MultiPolygon","coordinates":[[[[-50.97401152,-29.42357339],[-50.97413803,-29.42457555],[-50.96811245,-29.42745862],[-50.96754499,-29.42670209],[-50.97401152,-29.42357339]]]]},"geometry_name":"geo_area_imovel","properties":{"cod_imovel":"RS-4316956-0A1A6F7FD84D4281B4ADDD9C7EE6B992","status_imovel":"AT","dat_criacao":"2024-06-22T07:25:15.600Z","area":7.0237,"condicao":"Aguardando análise","uf":"RS","municipio":"Santa Maria do Herval","cod_municipio_ibge":4316956,"m_fiscal":0.3902,"tipo_imovel":"IRU"}},{"type":"Feature","id":"sicar_imoveis_rs.12718737","geometry":{"type":"MultiPolygon","coordinates":[[[[-50.9445531,-29.510643],[-50.94409726,-29.51040887],[-50.94426881,-29.51011265],[-50.94269219,-29.50930689],[-50.94317229,-29.50926468],[-50.94311566,-29.50899563],[-50.94727417,-29.50831289],[-50.94788503,-29.50911512],[-50.94805617,-29.51015317],[-50.9445531,-29.510643]]]]},"geometry_name":"geo_area_imovel","properties":{"cod_imovel":"RS-4316956-0A1C02A1E3724AC0852E25EB6E7B8291","status_imovel":"AT","dat_criacao":"2024-04-14T08:47:03.341Z","area":8.4513,"condicao":"Aguardando análise","uf":"RS","municipio":"Santa Maria do Herval","cod_municipio_ibge":4316956,"m_fiscal":0.4695,"tipo_imovel":"IRU"}},{"type":"Feature","id":"sicar_imoveis_rs.3767561","geometry":{"type":"MultiPolygon","coordinates":[[[[-50.92852174,-29.52407111],[-50.92842639,-29.52363019],[-50.92826258,-29.52336729],[-50.92798674,-29.52308933],[-50.92798672,-29.52283696],[-50.93567095,-29.52160302],[-50.93579679,-29.52238824],[-50.93566829,-29.52274846],[-50.93552769,-29.52307985],[-50.92852174,-29.52407111]]]]},"geometry_name":"geo_area_imovel","properties":{"cod_imovel":"RS-4316956-0A3D1E45F60B42768F6F1825AAED9E73","status_imovel":"AT","dat_criacao":"2016-10-12T00:17:17.806Z","area":11.0702,"condicao":"Aguardando análise","uf":"RS","municipio":"Santa Maria do Herval","cod_municipio_ibge":4316956,"m_fiscal":0.615,"tipo_imovel":"IRU"}},{"type":"Feature","id":"sicar_imoveis_rs.5055244","geometry":{"type":"MultiPolygon","coordinates":[[[[-50.98373297,-29.41438282],[-50.98373433,-29.41410902],[-50.98340259,-29.41386209],[-50.98304328,-29.41370222],[-50.98281915,-29.41352607],[-50.98235456,-29.41337751],[-50.99384114,-29.40803802],[-50.99477151,-29.40922508],[-50.98373297,-29.41438282]]]]},"geometry_name":"geo_area_imovel","properties":{"cod_imovel":"RS-4316956-0A7AD7ED852F49F5B8D98F766E8E6629","status_imovel":"AT","dat_criacao":"2017-12-30T09:25:21.387Z","area":19.5039,"condicao":"Aguardando análise","uf":"RS","municipio":"Santa Maria do Herval","cod_municipio_ibge":4316956,"m_fiscal":1.0835,"tipo_imovel":"IRU"}},{"type":"Feature","id":"sicar_imoveis_rs.3456492","geometry":{"type":"MultiPolygon","coordinates":[[[[-50.94114213,-29.48406017],[-50.94110395,-29.48362051],[-50.94500773,-29.48363955],[-50.9451388,-29.48416457],[-50.94114213,-29.48406017]]]]},"geometry_name":"geo_area_imovel","properties":{"cod_imovel":"RS-4316956-0A81E997835E4A9DAA62B944EF2FEAE3","status_imovel":"AT","dat_criacao":"2016-07-08T00:05:24.485Z","area":2.041,"condicao":"Aguardando análise","uf":"RS","municipio":"Santa Maria do Herval","cod_municipio_ibge":4316956,"m_fiscal":0.1134,"tipo_imovel":"IRU"}},{"type":"Feature","id":"sicar_imoveis_rs.4152794","geometry":{"type":"MultiPolygon","coordinates":[[[[-51.00634636,-29.44404405],[-51.00641569,-29.44380185],[-51.00659077,-29.44368921],[-51.00674823,-29.44347584],[-51.0067093,-29.44310031],[-51.01770809,-29.44153501],[-51.01754414,-29.44265028],[-51.00634636,-29.44404405]]]]},"geometry_name":"geo_area_imovel","properties":{"cod_imovel":"RS-4316956-0A890D077B1C42DDAF9BFCFFEE496A46","status_imovel":"AT","dat_criacao":"2017-04-25T00:21:55.446Z","area":11.7863,"condicao":"Aguardando análise","uf":"RS","municipio":"Santa Maria do Herval","cod_municipio_ibge":4316956,"m_fiscal":0.6548,"tipo_imovel":"IRU"}},{"type":"Feature","id":"sicar_imoveis_rs.10739968","geometry":{"type":"MultiPolygon","coordinates":[[[[-50.95552922,-29.46638583],[-50.95535774,-29.46480626],[-50.95948658,-29.4644157],[-50.95969225,-29.46602738],[-50.95552922,-29.46638583]]]]},"geometry_name":"geo_area_imovel","properties":{"cod_imovel":"RS-4316956-0AFD089C6A63410DBD4338A753B0A481","status_imovel":"AT","dat_criacao":"2022-09-03T05:37:39.660Z","area":7.1828,"condicao":"Aguardando análise","uf":"RS","municipio":"Santa Maria do Herval","cod_municipio_ibge":4316956,"m_fiscal":0.399,"tipo_imovel":"IRU"}},{"type":"Feature","id":"sicar_imoveis_rs.4577263","geometry":{"type":"MultiPolygon","coordinates":[[[[-50.93138417,-29.51216711],[-50.93241419,-29.51346043],[-50.92978897,-29.51384913],[-50.92980183,-29.5135705],[-50.92982288,-29.51325134],[-50.92991312,-29.51307717],[-50.93006704,-29.51291798],[-50.93027949,-29.5127819],[-50.9305534,-29.51263416],[-50.93085863,-29.51255129],[-50.93110617,-29.5124556],[-50.93127525,-29.51232018],[-50.93138417,-29.51216711]]]]},"geometry_name":"geo_area_imovel","properties":{"cod_imovel":"RS-4316956-0B3DC882F1F34A1F8FD2596B56502E28","status_imovel":"AT","dat_criacao":"2017-09-21T00:24:06.231Z","area":2.6024,"condicao":"Aguardando análise","uf":"RS","municipio":"Santa Maria do Herval","cod_municipio_ibge":4316956,"m_fiscal":0.1446,"tipo_imovel":"IRU"}},{"type":"Feature","id":"sicar_imoveis_rs.16336445","geometry":{"type":"MultiPolygon","coordinates":[[[[-50.99728385,-29.48450596],[-50.99737977,-29.48552783],[-50.99466583,-29.48576265],[-50.99467811,-29.48508116],[-50.99445784,-29.48507104],[-50.99436411,-29.48540087],[-50.9942706,-29.48541385],[-50.99418699,-29.48533367],[-50.99425551,-29.48518768],[-50.9943636,-29.48479641],[-50.99728385,-29.48450596]]]]},"geometry_name":"geo_area_imovel","properties":{"cod_imovel":"RS-4316956-0BA13B3CF85D4609BA1A2743E071940F","status_imovel":"AT","dat_criacao":"2026-09-15T14:51:45.752Z","area":3.0657,"condicao":"Aguardando análise","uf":"RS","municipio":"Santa Maria do Herval","cod_municipio_ibge":4316956,"m_fiscal":0.1703,"tipo_imovel":"IRU"}},{"type":"Feature","id":"sicar_imoveis_rs.2416501","geometry":{"type":"MultiPolygon","coordinates":[[[[-50.9476161,-29.5522172],[-50.9480238,-29.5522732],[-50.94798088,-29.55264653],[-50.94742298,-29.55259053],[-50.9476161,-29.5522172]]]]},"geometry_name":"geo_area_imovel","properties":{"cod_imovel":"RS-4316956-0BAEC81A770A4C4AB583986BE63F8B85","status_imovel":"AT","dat_criacao":"2016-04-09T00:44:07.811Z","area":0.2006,"condicao":"Aguardando análise","uf":"RS","municipio":"Santa Maria do Herval","cod_municipio_ibge":4316956,"m_fiscal":0.0111,"tipo_imovel":"IRU"}},{"type":"Feature","id":"sicar_imoveis_rs.14418824","geometry":{"type":"MultiPolygon","coordinates":[[[[-50.98644405,-29.4424777],[-50.99097785,-29.44277399],[-50.99098236,-29.44322782],[-50.99106123,-29.44374897],[-50.98993605,-29.44370622],[-50.99001948,-29.44438708],[-50.98737913,-29.44439992],[-50.98644405,-29.4424777]]]]},"geometry_name":"geo_area_imovel","properties":{"cod_imovel":"RS-4316956-0BD3E8E3B3174465A017151E292046EF","status_imovel":"AT","dat_criacao":"2025-07-11T13:25:57.078Z","area":6.9617,"condicao":"Aguardando análise","uf":"RS","municipio":"Santa Maria do Herval","cod_municipio_ibge":4316956,"m_fiscal":0.3868,"tipo_imovel":"IRU"}},{"type":"Feature","id":"sicar_imoveis_rs.3449812","geometry":{"type":"MultiPolygon","coordinates":[[[[-50.94711426,-29.4710753],[-50.95312502,-29.47124487],[-50.95313918,-29.47235502],[-50.94707309,-29.47212772],[-50.94711426,-29.4710753]]]]},"geometry_name":"geo_area_imovel","properties":{"cod_imovel":"RS-4316956-0C7F9E6DF08344149F7CA82E8804944C","status_imovel":"AT","dat_criacao":"2016-07-06T00:02:19.190Z","area":7.0169,"condicao":"Aguardando análise","uf":"RS","municipio":"Santa Maria do Herval","cod_municipio_ibge":4316956,"m_fiscal":0.3898,"tipo_imovel":"IRU"}},{"type":"Feature","id":"sicar_imoveis_rs.5389942","geometry":{"type":"MultiPolygon","coordinates":[[[[-50.98156127,-29.39556253],[-50.98025136,-29.39625487],[-50.97961715,-29.39652905],[-50.97839121,-29.39710574],[-50.97840835,-29.39675811],[-50.97838394,-29.39644184],[-50.97970918,-29.3957915],[-50.98235069,-29.3945199],[-50.98264459,-29.39508673],[-50.98156127,-29.39556253]]]]},"geometry_name":"geo_area_imovel","properties":{"cod_imovel":"RS-4316956-0C9A4A5789C840C79F548C3177E46E45","status_imovel":"AT","dat_criacao":"2018-04-24T06:37:54.687Z","area":3.0374,"condicao":"Aguardando análise","uf":"RS","municipio":"Santa Maria do Herval","cod_municipio_ibge":4316956,"m_fiscal":0.1687,"tipo_imovel":"IRU"}},{"type":"Feature","id":"sicar_imoveis_rs.3581185","geometry":{"type":"MultiPolygon","coordinates":[[[[-50.92947963,-29.51448018],[-50.92801684,-29.51455186],[-50.92953081,-29.51314177],[-50.92947963,-29.51448018]]]]},"geometry_name":"geo_area_imovel","properties":{"cod_imovel":"RS-4316956-0CA25FB493D74692A0B383AE96FD2042","status_imovel":"AT","dat_criacao":"2016-08-10T00:21:15.418Z","area":1.0492,"condicao":"Aguardando análise","uf":"RS","municipio":"Santa Maria do Herval","cod_municipio_ibge":4316956,"m_fiscal":0.0583,"tipo_imovel":"IRU"}},{"type":"Feature","id":"sicar_imoveis_rs.5055241","geometry":{"type":"MultiPolygon","coordinates":[[[[-50.91859917,-29.49390012],[-50.91846221,-29.49302228],[-50.92990437,-29.49324887],[-50.92987427,-29.49421215],[-50.91859917,-29.49390012]]]]},"geometry_name":"geo_area_imovel","properties":{"cod_imovel":"RS-4316956-0CB8EB4C8E6447C8A8BCC66B3FAC9293","status_imovel":"AT","dat_criacao":"2017-12-30T09:25:07.432Z","area":11.2148,"condicao":"Aguardando análise","uf":"RS","municipio":"Santa Maria do Herval","cod_municipio_ibge":4316956,"m_fiscal":0.623,"tipo_imovel":"IRU"}},{"type":"Feature","id":"sicar_imoveis_rs.3449806","geometry":{"type":"MultiPolygon","coordinates":[[[[-50.93482742,-29.46927684],[-50.93136894,-29.46913109],[-50.93135651,-29.46895729],[-50.93485042,-29.46907024],[-50.93482742,-29.46927684]]]]},"geometry_name":"geo_area_imovel","properties":{"cod_imovel":"RS-4316956-0CBB674F2241482A84E607CC2F10BDCE","status_imovel":"AT","dat_criacao":"2016-07-06T00:02:05.877Z","area":0.711,"condicao":"Aguardando análise","uf":"RS","municipio":"Santa Maria do Herval","cod_municipio_ibge":4316956,"m_fiscal":0.0395,"tipo_imovel":"IRU"}},{"type":"Feature","id":"sicar_imoveis_rs.4373407","geometry":{"type":"MultiPolygon","coordinates":[[[[-51.00043824,-29.43151327],[-51.00030509,-29.42934478],[-51.00412179,-29.42883777],[-51.00377854,-29.42781743],[-51.00851245,-29.42734779],[-51.00835699,-29.42972534],[-51.00343209,-29.43006258],[-51.00332984,-29.43126173],[-51.00043824,-29.43151327]]]]},"geometry_name":"geo_area_imovel","properties":{"cod_imovel":"RS-4316956-0CE71755601D4FDD8D3C94A437DABEFC","status_imovel":"AT","dat_criacao":"2017-07-08T00:22:18.136Z","area":19.049,"condicao":"Aguardando análise","uf":"RS","municipio":"Santa Maria do Herval","cod_municipio_ibge":4316956,"m_fiscal":1.0583,"tipo_imovel":"IRU"}},{"type":"Feature","id":"sicar_imoveis_rs.15539679","geometry":{"type":"MultiPolygon","coordinates":[[[[-50.97585636,-29.51271263],[-50.97580033,-29.51271704],[-50.97297409,-29.51294491],[-50.97309977,-29.51400497],[-50.97598866,-29.5137449],[-50.97585636,-29.51271263]]]]},"geometry_name":"geo_area_imovel","properties":{"cod_imovel":"RS-4316956-0CE92ED1FE5A4371961F5B82DB6C46DD","status_imovel":"AT","dat_criacao":"2026-04-28T22:15:28.526Z","area":3.2759,"condicao":"Aguardando análise","uf":"RS","municipio":"Santa Maria do Herval","cod_municipio_ibge":4316956,"m_fiscal":0.182,"tipo_imovel":"IRU"}},{"type":"Feature","id":"sicar_imoveis_rs.13996969","geometry":{"type":"MultiPolygon","coordinates":[[[[-50.92287376,-29.50508162],[-50.91821181,-29.50508985],[-50.91820011,-29.50431158],[-50.92260892,-29.50432507],[-50.92261465,-29.50453969],[-50.92287376,-29.50508162]]]]},"geometry_name":"geo_area_imovel","properties":{"cod_imovel":"RS-4316956-0D7AB82DEF9E44588AE38B7BD0395C83","status_imovel":"AT","dat_criacao":"2025-03-31T19:21:17.803Z","area":3.7092,"condicao":"Aguardando análise","uf":"RS","municipio":"Santa Maria do Herval","cod_municipio_ibge":4316956,"m_fiscal":0.2061,"tipo_imovel":"IRU"}},{"type":"Feature","id":"sicar_imoveis_rs.3416607","geometry":{"type":"MultiPolygon","coordinates":[[[[-50.97751737,-29.40077738],[-50.98435163,-29.397375],[-50.98407269,-29.39709458],[-50.97742081,-29.4004035],[-50.9770453,-29.40092694],[-50.97751737,-29.40077738]]]]},"geometry_name":"geo_area_imovel","properties":{"cod_imovel":"RS-4316956-0D8F487A00954924B5EE4EC995BC52AD","status_imovel":"AT","dat_criacao":"2016-06-22T14:39:03.206Z","area":3.1514,"condicao":"Aguardando análise","uf":"RS","municipio":"Santa Maria do Herval","cod_municipio_ibge":4316956,"m_fiscal":0.1751,"tipo_imovel":"IRU"}},{"type":"Feature","id":"sicar_imoveis_rs.8035334","geometry":{"type":"MultiPolygon","coordinates":[[[[-50.97543747,-29.42678306],[-50.97594615,-29.42664531],[-50.97564313,-29.42580891],[-50.97513852,-29.42593914],[-50.97543747,-29.42678306]]]]},"geometry_name":"geo_area_imovel","properties":{"cod_imovel":"RS-4316956-0DF0AB50CFCC407AA71BEE35B6BB0796","status_imovel":"AT","dat_criacao":"2020-03-05T01:33:47.086Z","area":0.5008,"condicao":"Aguardando análise","uf":"RS","municipio":"Santa Maria do Herval","cod_municipio_ibge":4316956,"m_fiscal":0.0278,"tipo_imovel":"IRU"}},{"type":"Feature","id":"sicar_imoveis_rs.3034021","geometry":{"type":"MultiPolygon","coordinates":[[[[-50.95819473,-29.5195648],[-50.95875263,-29.52077849],[-50.95911741,-29.52053575],[-50.95847368,-29.51947144],[-50.95819473,-29.5195648]]]]},"geometry_name":"geo_area_imovel","properties":{"cod_imovel":"RS-4316956-0E0124E8F1264C6197CBB3BEC85CB7B0","status_imovel":"AT","dat_criacao":"2016-05-19T08:48:07.047Z","area":0.5021,"condicao":"Aguardando análise","uf":"RS","municipio":"Santa Maria do Herval","cod_municipio_ibge":4316956,"m_fiscal":0.0279,"tipo_imovel":"IRU"}},{"type":"Feature","id":"sicar_imoveis_rs.4787688","geometry":{"type":"MultiPolygon","coordinates":[[[[-50.95871044,-29.49007577],[-50.95814738,-29.48812305],[-50.96058399,-29.48785674],[-50.9607461,-29.48820939],[-50.96128461,-29.48864032],[-50.96185158,-29.48898376],[-50.96256754,-29.48915752],[-50.96293363,-29.48933507],[-50.96324982,-29.4895492],[-50.96340028,-29.4897363],[-50.95871044,-29.49007577]]]]},"geometry_name":"geo_area_imovel","properties":{"cod_imovel":"RS-4316956-0E055D3B3445430EA072110A76C19143","status_imovel":"AT","dat_criacao":"2017-11-27T01:36:35.039Z","area":7.4779,"condicao":"Aguardando análise","uf":"RS","municipio":"Santa Maria do Herval","cod_municipio_ibge":4316956,"m_fiscal":0.4154,"tipo_imovel":"IRU"}},{"type":"Feature","id":"sicar_imoveis_rs.3737293","geometry":{"type":"MultiPolygon","coordinates":[[[[-50.91538611,-29.50913871],[-50.91540076,-29.50729249],[-50.91840726,-29.50726703],[-50.9184466,-29.50912662],[-50.91538611,-29.50913871]]]]},"geometry_name":"geo_area_imovel","properties":{"cod_imovel":"RS-4316956-0E198C131EBE46CEBEB0307663813E15","status_imovel":"AT","dat_criacao":"2016-09-28T00:20:06.380Z","area":6.0363,"condicao":"Aguardando análise","uf":"RS","municipio":"Santa Maria do Herval","cod_municipio_ibge":4316956,"m_fiscal":0.3353,"tipo_imovel":"IRU"}},{"type":"Feature","id":"sicar_imoveis_rs.13635749","geometry":{"type":"MultiPolygon","coordinates":[[[[-50.99511987,-29.45860315],[-50.99517169,-29.45907683],[-50.99131388,-29.45943049],[-50.99127564,-29.4591266],[-50.9914146,-29.4589598],[-50.99179243,-29.4589292],[-50.99161484,-29.45799819],[-50.99408347,-29.45778741],[-50.99403606,-29.45753738],[-51.00969045,-29.45639193],[-51.00984382,-29.45752069],[-50.99511987,-29.45860315]]]]},"geometry_name":"geo_area_imovel","properties":{"cod_imovel":"RS-4316956-0E37685B33514554B658375CC17243A1","status_imovel":"AT","dat_criacao":"2024-12-10T22:27:35.654Z","area":23.5829,"condicao":"Aguardando análise","uf":"RS","municipio":"Santa Maria do Herval","cod_municipio_ibge":4316956,"m_fiscal":1.3102,"tipo_imovel":"IRU"}},{"type":"Feature","id":"sicar_imoveis_rs.4261325","geometry":{"type":"MultiPolygon","coordinates":[[[[-50.95704125,-29.48360807],[-50.95679685,-29.48211803],[-50.96210121,-29.48162352],[-50.96235268,-29.48306024],[-50.95704125,-29.48360807]]]]},"geometry_name":"geo_area_imovel","properties":{"cod_imovel":"RS-4316956-0E3BF1B8E17649078036E1DEC08A1A6A","status_imovel":"AT","dat_criacao":"2017-05-31T00:45:54.240Z","area":8.4821,"condicao":"Aguardando análise","uf":"RS","municipio":"Santa Maria do Herval","cod_municipio_ibge":4316956,"m_fiscal":0.4712,"tipo_imovel":"IRU"}},{"type":"Feature","id":"sicar_imoveis_rs.4737518","geometry":{"type":"MultiPolygon","coordinates":[[[[-50.98945508,-29.46848707],[-50.98947256,-29.46833222],[-50.98887254,-29.46803252],[-50.98883864,-29.467524],[-50.98826991,-29.4675649],[-50.98834041,-29.46785229],[-50.98713457,-29.46766479],[-50.9839095,-29.46796706],[-50.98379663,-29.46718202],[-50.98945982,-29.46656818],[-50.98974961,-29.46840711],[-50.98945508,-29.46848707]]]]},"geometry_name":"geo_area_imovel","properties":{"cod_imovel":"RS-4316956-0E5BE35FDC35429CB256A7036901AA62","status_imovel":"AT","dat_criacao":"2017-11-12T23:40:07.747Z","area":5.988,"condicao":"Aguardando análise","uf":"RS","municipio":"Santa Maria do Herval","cod_municipio_ibge":4316956,"m_fiscal":0.3327,"tipo_imovel":"IRU"}},{"type":"Feature","id":"sicar_imoveis_rs.3475437","geometry":{"type":"MultiPolygon","coordinates":[[[[-50.94498503,-29.52442097],[-50.94511971,-29.52529667],[-50.93596665,-29.52660965],[-50.93588039,-29.52606557],[-50.94498503,-29.52442097]]]]},"geometry_name":"geo_area_imovel","properties":{"cod_imovel":"RS-4316956-0E5EE1A603864F7EA1BF2D552A9B1D74","status_imovel":"AT","dat_criacao":"2016-07-13T00:29:18.988Z","area":7.1335,"condicao":"Aguardando análise","uf":"RS","municipio":"Santa Maria do Herval","cod_municipio_ibge":4316956,"m_fiscal":0.3963,"tipo_imovel":"IRU"}},{"type":"Feature","id":"sicar_imoveis_rs.3814606","geometry":{"type":"MultiPolygon","coordinates":[[[[-50.93328238,-29.44520349],[-50.93023539,-29.44520349],[-50.9302783,-29.44419445],[-50.9389472,-29.44395153],[-50.9389472,-29.44501663],[-50.93328238,-29.44520349]]]]},"geometry_name":"geo_area_imovel","properties":{"cod_imovel":"RS-4316956-0E663FC384DA499C9C91677444483A42","status_imovel":"AT","dat_criacao":"2016-11-04T23:06:05.227Z","area":9.9849,"condicao":"Aguardando análise","uf":"RS","municipio":"Santa Maria do Herval","cod_municipio_ibge":4316956,"m_fiscal":0.5547,"tipo_imovel":"IRU"}},{"type":"Feature","id":"sicar_imoveis_rs.15126714","geometry":{"type":"MultiPolygon","coordinates":[[[[-50.93484205,-29.46926943],[-50.93486174,-29.46906734],[-50.93562463,-29.4691028],[-50.93566057,-29.468661],[-50.93698391,-29.46864224],[-50.93689235,-29.46915145],[-50.93675031,-29.47013898],[-50.93474352,-29.47005988],[-50.93475413,-29.46987751],[-50.93137019,-29.46977839],[-50.93136348,-29.46915184],[-50.93484205,-29.46926943]]]]},"geometry_name":"geo_area_imovel","properties":{"cod_imovel":"RS-4316956-0EA11652619F41D59995A0174E103BCB","status_imovel":"AT","dat_criacao":"2025-12-18T12:35:24.319Z","area":5.1,"condicao":"Aguardando análise","uf":"RS","municipio":"Santa Maria do Herval","cod_municipio_ibge":4316956,"m_fiscal":0.2833,"tipo_imovel":"IRU"}},{"type":"Feature","id":"sicar_imoveis_rs.5595946","geometry":{"type":"MultiPolygon","coordinates":[[[[-50.98346808,-29.43127587],[-50.98337737,-29.43096471],[-50.98398789,-29.43073349],[-50.98475355,-29.43020242],[-50.98535519,-29.42965172],[-50.98577571,-29.42956871],[-50.98639881,-29.42961869],[-50.98722162,-29.42971416],[-50.98765266,-29.42965541],[-50.98832916,-29.42930141],[-50.98909777,-29.42874599],[-50.98993521,-29.42832872],[-50.9903513,-29.42767629],[-50.99082216,-29.42717179],[-50.99133367,-29.42666572],[-50.99201292,-29.42621773],[-50.99247901,-29.42602762],[-50.99318245,-29.42608422],[-50.99376513,-29.42625042],[-50.99437043,-29.4265104],[-50.99499904,-29.42687287],[-50.99581016,-29.42664101],[-50.99669548,-29.42671677],[-50.9973303,-29.42711621],[-50.99786398,-29.42774027],[-50.99830723,-29.42826942],[-50.99903785,-29.42817685],[-50.99937339,-29.4276867],[-51.0001333,-29.42756485],[-51.00101447,-29.42813132],[-51.00207443,-29.42799603],[-51.00348371,-29.42700493],[-51.00405981,-29.42881665],[-50.98346808,-29.43127587]]]]},"geometry_name":"geo_area_imovel","properties":{"cod_imovel":"RS-4316956-0EA5AD532FE94669A02F9EF7F353E3BD","status_imovel":"AT","dat_criacao":"2018-05-31T05:13:33.835Z","area":45.9554,"condicao":"Aguardando análise","uf":"RS","municipio":"Santa Maria do Herval","cod_municipio_ibge":4316956,"m_fiscal":2.5531,"tipo_imovel":"IRU"}},{"type":"Feature","id":"sicar_imoveis_rs.14003490","geometry":{"type":"MultiPolygon","coordinates":[[[[-50.92554073,-29.50432702],[-50.92555268,-29.50505728],[-50.9228731,-29.50504924],[-50.92264023,-29.50455082],[-50.92262231,-29.50433654],[-50.92554073,-29.50432702]]]]},"geometry_name":"geo_area_imovel","properties":{"cod_imovel":"RS-4316956-0EA832210F7B4B85A363A7FE86A81A2F","status_imovel":"AT","dat_criacao":"2025-04-02T12:01:44.732Z","area":2.1908,"condicao":"Aguardando análise","uf":"RS","municipio":"Santa Maria do Herval","cod_municipio_ibge":4316956,"m_fiscal":0.1217,"tipo_imovel":"IRU"}},{"type":"Feature","id":"sicar_imoveis_rs.1899111","geometry":{"type":"MultiPolygon","coordinates":[[[[-50.93343258,-29.44045716],[-50.93472004,-29.44053191],[-50.93472004,-29.44292379],[-50.933218,-29.44281167],[-50.93343258,-29.44045716]]]]},"geometry_name":"geo_area_imovel","properties":{"cod_imovel":"RS-4316956-0EC9347E0735435FBB69B82FA85AA5D1","status_imovel":"AT","dat_criacao":"2016-01-06T00:05:42.046Z","area":3.5676,"condicao":"Aguardando análise","uf":"RS","municipio":"Santa Maria do Herval","cod_municipio_ibge":4316956,"m_fiscal":0.1982,"tipo_imovel":"IRU"}},{"type":"Feature","id":"sicar_imoveis_rs.3737260","geometry":{"type":"MultiPolygon","coordinates":[[[[-50.92061877,-29.50952978],[-50.92060966,-29.5099529],[-50.91136324,-29.5100268],[-50.91135369,-29.50960397],[-50.92061877,-29.50952978]]]]},"geometry_name":"geo_area_imovel","properties":{"cod_imovel":"RS-4316956-0EDD2AFB8B2E40A7822374C0858F12F5","status_imovel":"AT","dat_criacao":"2016-09-28T00:18:04.681Z","area":4.2041,"condicao":"Aguardando análise","uf":"RS","municipio":"Santa Maria do Herval","cod_municipio_ibge":4316956,"m_fiscal":0.2336,"tipo_imovel":"IRU"}},{"type":"Feature","id":"sicar_imoveis_rs.4152817","geometry":{"type":"MultiPolygon","coordinates":[[[[-51.00444678,-29.49039465],[-51.01392792,-29.48937558],[-51.01395844,-29.48997262],[-51.0045746,-29.49096954],[-51.00444678,-29.49039465]]]]},"geometry_name":"geo_area_imovel","properties":{"cod_imovel":"RS-4316956-0EECA9EA7DB54E8B83CEE17687BB1857","status_imovel":"AT","dat_criacao":"2017-04-25T00:23:34.025Z","area":6.0221,"condicao":"Aguardando análise","uf":"RS","municipio":"Santa Maria do Herval","cod_municipio_ibge":4316956,"m_fiscal":0.3346,"tipo_imovel":"IRU"}},{"type":"Feature","id":"sicar_imoveis_rs.9665499","geometry":{"type":"MultiPolygon","coordinates":[[[[-50.97909139,-29.46764259],[-50.9788247,-29.46665888],[-50.98800577,-29.46572471],[-50.9882653,-29.46672261],[-50.97909139,-29.46764259]]]]},"geometry_name":"geo_area_imovel","properties":{"cod_imovel":"RS-4316956-0F5E7F28C0FF41BAB07106A448A4EDBF","status_imovel":"AT","dat_criacao":"2021-09-24T02:12:38.180Z","area":10.0307,"condicao":"Aguardando análise","uf":"RS","municipio":"Santa Maria do Herval","cod_municipio_ibge":4316956,"m_fiscal":0.5573,"tipo_imovel":"IRU"}},{"type":"Feature","id":"sicar_imoveis_rs.908324","geometry":{"type":"MultiPolygon","coordinates":[[[[-50.92652321,-29.52746283],[-50.92626572,-29.52682803],[-50.9232831,-29.52701473],[-50.92306852,-29.52647328],[-50.92210293,-29.52652929],[-50.92094421,-29.52714543],[-50.9209013,-29.52779891],[-50.92296124,-29.52774289],[-50.92296124,-29.52751885],[-50.92375517,-29.52742549],[-50.92377663,-29.52766821],[-50.92427015,-29.52766821],[-50.92427015,-29.52787359],[-50.92650175,-29.52757486],[-50.92652321,-29.52746283]]]]},"geometry_name":"geo_area_imovel","properties":{"cod_imovel":"RS-4316956-0F5ED7ED6B14468F8BC3B16A2B6D38D8","status_imovel":"AT","dat_criacao":"2015-05-07T14:08:27.887Z","area":5.1895,"condicao":"Aguardando análise","uf":"RS","municipio":"Santa Maria do Herval","cod_municipio_ibge":4316956,"m_fiscal":0.2883,"tipo_imovel":"IRU"}},{"type":"Feature","id":"sicar_imoveis_rs.15091733","geometry":{"type":"MultiPolygon","coordinates":[[[[-50.92891808,-29.47478412],[-50.92887354,-29.4740207],[-50.92866821,-29.47404093],[-50.92872131,-29.47367858],[-50.92881832,-29.47335256],[-50.9287214,-29.47327738],[-50.92765928,-29.47382325],[-50.9274959,-29.47290952],[-50.93053266,-29.47291549],[-50.93053615,-29.47467168],[-50.92891808,-29.47478412]]]]},"geometry_name":"geo_area_imovel","properties":{"cod_imovel":"RS-4316956-0F8FE32D1356404D8F94C597F1DC90A2","status_imovel":"AT","dat_criacao":"2025-12-09T20:37:53.879Z","area":4.2025,"condicao":"Aguardando análise","uf":"RS","municipio":"Santa Maria do Herval","cod_municipio_ibge":4316956,"m_fiscal":0.2335,"tipo_imovel":"IRU"}},{"type":"Feature","id":"sicar_imoveis_rs.4002772","geometry":{"type":"MultiPolygon","coordinates":[[[[-50.97005581,-29.49612009],[-50.96989574,-29.49515401],[-50.97519134,-29.49469227],[-50.97560086,-29.49522691],[-50.97601969,-29.49557523],[-50.97005581,-29.49612009]]]]},"geometry_name":"geo_area_imovel","properties":{"cod_imovel":"RS-4316956-0FB2C971C2B040DB976720D30C8A90D2","status_imovel":"AT","dat_criacao":"2017-02-16T23:14:53.229Z","area":5.8135,"condicao":"Aguardando análise","uf":"RS","municipio":"Santa Maria do Herval","cod_municipio_ibge":4316956,"m_fiscal":0.323,"tipo_imovel":"IRU"}},{"type":"Feature","id":"sicar_imoveis_rs.7284013","geometry":{"type":"MultiPolygon","coordinates":[[[[-50.97651016,-29.50775484],[-50.97766162,-29.50859831],[-50.9757016,-29.50981346],[-50.97491578,-29.50924189],[-50.97482479,-29.50788706],[-50.97651016,-29.50775484]]]]},"geometry_name":"geo_area_imovel","properties":{"cod_imovel":"RS-4316956-0FCEED0ECBEE4EA1BE6D1F6CA6346D1E","status_imovel":"AT","dat_criacao":"2019-08-17T04:40:32.566Z","area":3.9882,"condicao":"Aguardando análise","uf":"RS","municipio":"Santa Maria do Herval","cod_municipio_ibge":4316956,"m_fiscal":0.2216,"tipo_imovel":"IRU"}},{"type":"Feature","id":"sicar_imoveis_rs.2649399","geometry":{"type":"MultiPolygon","coordinates":[[[[-50.90794086,-29.46513939],[-50.91733932,-29.46543831],[-50.91742516,-29.46725046],[-50.90781212,-29.46695155],[-50.90794086,-29.46513939]]]]},"geometry_name":"geo_area_imovel","properties":{"cod_imovel":"RS-4316956-0FD113540150449BA264897366D50623","status_imovel":"AT","dat_criacao":"2016-04-24T00:20:01.754Z","area":18.5128,"condicao":"Aguardando análise","uf":"RS","municipio":"Santa Maria do Herval","cod_municipio_ibge":4316956,"m_fiscal":1.0285,"tipo_imovel":"IRU"}},{"type":"Feature","id":"sicar_imoveis_rs.4002762","geometry":{"type":"MultiPolygon","coordinates":[[[[-51.0385492,-29.48055599],[-51.03860002,-29.48105913],[-51.0134659,-29.48447527],[-51.01336898,-29.48397195],[-51.0385492,-29.48055599]]]]},"geometry_name":"geo_area_imovel","properties":{"cod_imovel":"RS-4316956-0FDFAD923BAD4D1CA83B4366DAF2DDAD","status_imovel":"AT","dat_criacao":"2017-02-16T23:14:23.654Z","area":13.8695,"condicao":"Aguardando análise","uf":"RS","municipio":"Santa Maria do Herval","cod_municipio_ibge":4316956,"m_fiscal":0.7705,"tipo_imovel":"IRU"}},{"type":"Feature","id":"sicar_imoveis_rs.4649051","geometry":{"type":"MultiPolygon","coordinates":[[[[-50.96461519,-29.45187718],[-50.96436975,-29.45214052],[-50.96419714,-29.45242961],[-50.96397443,-29.45263375],[-50.95924716,-29.45314391],[-50.95915501,-29.4524253],[-50.96461519,-29.45187718]]]]},"geometry_name":"geo_area_imovel","properties":{"cod_imovel":"RS-4316956-1004EAB279A24935AF6C343652191B34","status_imovel":"AT","dat_criacao":"2017-10-13T00:39:09.681Z","area":3.8873,"condicao":"Aguardando análise","uf":"RS","municipio":"Santa Maria do Herval","cod_municipio_ibge":4316956,"m_fiscal":0.216,"tipo_imovel":"IRU"}},{"type":"Feature","id":"sicar_imoveis_rs.2425205","geometry":{"type":"MultiPolygon","coordinates":[[[[-50.92888355,-29.44307328],[-50.92875481,-29.45073437],[-50.92952728,-29.45073437],[-50.92954874,-29.45071568],[-50.92969894,-29.44307328],[-50.92888355,-29.44307328]]]]},"geometry_name":"geo_area_imovel","properties":{"cod_imovel":"RS-4316956-10383E8F0A614D1B8FB865F6C26233F0","status_imovel":"AT","dat_criacao":"2016-04-09T04:09:04.186Z","area":6.6222,"condicao":"Aguardando análise","uf":"RS","municipio":"Santa Maria do Herval","cod_municipio_ibge":4316956,"m_fiscal":0.3679,"tipo_imovel":"IRU"}},{"type":"Feature","id":"sicar_imoveis_rs.15947304","geometry":{"type":"MultiPolygon","coordinates":[[[[-50.93210559,-29.53842025],[-50.93206095,-29.53832863],[-50.9319646,-29.53814687],[-50.93529537,-29.53748081],[-50.93515991,-29.53847059],[-50.9319618,-29.53908272],[-50.93210559,-29.53842025]]]]},"geometry_name":"geo_area_imovel","properties":{"cod_imovel":"RS-4316956-1048E2B1E86D4BAAB9F0ACDF7B2143AD","status_imovel":"AT","dat_criacao":"2026-06-22T15:37:51.317Z","area":3.2552,"condicao":"Aguardando análise","uf":"RS","municipio":"Santa Maria do Herval","cod_municipio_ibge":4316956,"m_fiscal":0.1808,"tipo_imovel":"IRU"}},{"type":"Feature","id":"sicar_imoveis_rs.13635649","geometry":{"type":"MultiPolygon","coordinates":[[[[-51.00547569,-29.45832574],[-51.00543843,-29.45789009],[-51.00982385,-29.45754591],[-51.00982382,-29.45796787],[-51.00547569,-29.45832574]]]]},"geometry_name":"geo_area_imovel","properties":{"cod_imovel":"RS-4316956-10CE09C29A804DA78C118CA67FC0FC68","status_imovel":"AT","dat_criacao":"2024-12-10T22:10:12.534Z","area":2.0188,"condicao":"Aguardando análise","uf":"RS","municipio":"Santa Maria do Herval","cod_municipio_ibge":4316956,"m_fiscal":0.1122,"tipo_imovel":"IRU"}},{"type":"Feature","id":"sicar_imoveis_rs.11263566","geometry":{"type":"MultiPolygon","coordinates":[[[[-50.94977251,-29.5203465],[-50.94945892,-29.51848584],[-50.95063752,-29.51832004],[-50.95171149,-29.52030075],[-50.94977251,-29.5203465]]]]},"geometry_name":"geo_area_imovel","properties":{"cod_imovel":"RS-4316956-11418FBBFE534067AF4FF1AA1A659D39","status_imovel":"AT","dat_criacao":"2023-02-02T19:58:24.378Z","area":3.2936,"condicao":"Aguardando análise","uf":"RS","municipio":"Santa Maria do Herval","cod_municipio_ibge":4316956,"m_fiscal":0.183,"tipo_imovel":"IRU"}},{"type":"Feature","id":"sicar_imoveis_rs.14192277","geometry":{"type":"MultiPolygon","coordinates":[[[[-51.043931,-29.49404573],[-51.04323929,-29.49399931],[-51.0426551,-29.49377829],[-51.04233662,-29.49350057],[-51.04227539,-29.49312696],[-51.04247424,-29.49260167],[-51.04606889,-29.49215613],[-51.0463262,-29.49257352],[-51.04646747,-29.49273488],[-51.0468401,-29.49291502],[-51.04730726,-29.4930227],[-51.04775815,-29.49310349],[-51.04809613,-29.49310261],[-51.04843124,-29.49305304],[-51.04858952,-29.4930267],[-51.04872175,-29.49301854],[-51.04869052,-29.49313842],[-51.04854293,-29.49324256],[-51.04838516,-29.49337258],[-51.04832095,-29.49342477],[-51.04834807,-29.49350712],[-51.043931,-29.49404573]]]]},"geometry_name":"geo_area_imovel","properties":{"cod_imovel":"RS-4316956-11438B02F76941A4A31E0D1066C84D4B","status_imovel":"AT","dat_criacao":"2025-05-21T22:21:05.129Z","area":7.9736,"condicao":"Aguardando análise","uf":"RS","municipio":"Santa Maria do Herval","cod_municipio_ibge":4316956,"m_fiscal":0.443,"tipo_imovel":"IRU"}},{"type":"Feature","id":"sicar_imoveis_rs.3759410","geometry":{"type":"MultiPolygon","coordinates":[[[[-50.92602968,-29.47449876],[-50.92593312,-29.47311639],[-50.92346549,-29.47294827],[-50.9243238,-29.47391966],[-50.92477441,-29.47403175],[-50.92546105,-29.47442404],[-50.92576146,-29.47453612],[-50.92602968,-29.47449876]]]]},"geometry_name":"geo_area_imovel","properties":{"cod_imovel":"RS-4316956-11615B13B49940D0B956E26D143DFBC8","status_imovel":"AT","dat_criacao":"2016-10-09T00:12:26.632Z","area":2.5235,"condicao":"Aguardando análise","uf":"RS","municipio":"Santa Maria do Herval","cod_municipio_ibge":4316956,"m_fiscal":0.1402,"tipo_imovel":"IRU"}},{"type":"Feature","id":"sicar_imoveis_rs.2812587","geometry":{"type":"MultiPolygon","coordinates":[[[[-50.9112273,-29.54198511],[-50.91836006,-29.54001889],[-50.91880345,-29.54099632],[-50.91128925,-29.54290567],[-50.9112273,-29.54198511]]]]},"geometry_name":"geo_area_imovel","properties":{"cod_imovel":"RS-4316956-11A44BF4E71C4FD0A46A3E98D0B025F4","status_imovel":"AT","dat_criacao":"2016-05-02T03:49:00.199Z","area":7.9866,"condicao":"Aguardando análise","uf":"RS","municipio":"Santa Maria do Herval","cod_municipio_ibge":4316956,"m_fiscal":0.4437,"tipo_imovel":"IRU"}},{"type":"Feature","id":"sicar_imoveis_rs.3449803","geometry":{"type":"MultiPolygon","coordinates":[[[[-50.92257215,-29.46231611],[-50.92233293,-29.46220394],[-50.92203084,-29.46200307],[-50.92181178,-29.46176949],[-50.92186639,-29.45791421],[-50.92412714,-29.45811296],[-50.92385685,-29.46170061],[-50.92292067,-29.46176087],[-50.92278733,-29.46232936],[-50.92257215,-29.46231611]]]]},"geometry_name":"geo_area_imovel","properties":{"cod_imovel":"RS-4316956-129105472BAA45888C2C862F4A6729B2","status_imovel":"AT","dat_criacao":"2016-07-06T00:02:02.564Z","area":9.0852,"condicao":"Aguardando análise","uf":"RS","municipio":"Santa Maria do Herval","cod_municipio_ibge":4316956,"m_fiscal":0.5047,"tipo_imovel":"IRU"}},{"type":"Feature","id":"sicar_imoveis_rs.3434234","geometry":{"type":"MultiPolygon","coordinates":[[[[-51.00976917,-29.47415718],[-51.00982259,-29.47431461],[-51.00990508,-29.47451215],[-51.01005412,-29.47471154],[-51.01038312,-29.47493492],[-51.00679103,-29.47534885],[-51.00675167,-29.47446363],[-51.00976917,-29.47415718]]]]},"geometry_name":"geo_area_imovel","properties":{"cod_imovel":"RS-4316956-12C5E1A51DFE44898DA5D9341AB03EEF","status_imovel":"AT","dat_criacao":"2016-06-29T14:41:21.454Z","area":2.9993,"condicao":"Aguardando análise","uf":"RS","municipio":"Santa Maria do Herval","cod_municipio_ibge":4316956,"m_fiscal":0.1666,"tipo_imovel":"IRU"}},{"type":"Feature","id":"sicar_imoveis_rs.6066036","geometry":{"type":"MultiPolygon","coordinates":[[[[-50.90785197,-29.47381552],[-50.90784416,-29.47322396],[-50.91446239,-29.47350212],[-50.91437838,-29.47409551],[-50.90785197,-29.47381552]]]]},"geometry_name":"geo_area_imovel","properties":{"cod_imovel":"RS-4316956-132D3C8BB565493381F4AC7D80175CAF","status_imovel":"AT","dat_criacao":"2018-11-05T23:28:23.608Z","area":4.1944,"condicao":"Aguardando análise","uf":"RS","municipio":"Santa Maria do Herval","cod_municipio_ibge":4316956,"m_fiscal":0.233,"tipo_imovel":"IRU"}},{"type":"Feature","id":"sicar_imoveis_rs.4203503","geometry":{"type":"MultiPolygon","coordinates":[[[[-50.92046423,-29.54288927],[-50.92069293,-29.54383248],[-50.91198576,-29.54530377],[-50.91179846,-29.54425663],[-50.92046423,-29.54288927]]]]},"geometry_name":"geo_area_imovel","properties":{"cod_imovel":"RS-4316956-1358E487D2FB48D9BF49128835344C07","status_imovel":"AT","dat_criacao":"2017-05-11T00:12:28.016Z","area":9.5969,"condicao":"Aguardando análise","uf":"RS","municipio":"Santa Maria do Herval","cod_municipio_ibge":4316956,"m_fiscal":0.5332,"tipo_imovel":"IRU"}},{"type":"Feature","id":"sicar_imoveis_rs.12624394","geometry":{"type":"MultiPolygon","coordinates":[[[[-50.94475254,-29.48077824],[-50.94491943,-29.48112316],[-50.94481348,-29.48119958],[-50.94454104,-29.48125649],[-50.94301155,-29.48123115],[-50.94299032,-29.48073168],[-50.94475254,-29.48077824]]]]},"geometry_name":"geo_area_imovel","properties":{"cod_imovel":"RS-4316956-1383EF3B37E646558EBCF3CF4CDFDD41","status_imovel":"AT","dat_criacao":"2024-03-21T08:11:54.863Z","area":0.9579,"condicao":"Aguardando análise","uf":"RS","municipio":"Santa Maria do Herval","cod_municipio_ibge":4316956,"m_fiscal":0.0532,"tipo_imovel":"IRU"}},{"type":"Feature","id":"sicar_imoveis_rs.5572459","geometry":{"type":"MultiPolygon","coordinates":[[[[-50.93549263,-29.43641245],[-50.93581469,-29.44188885],[-50.93462182,-29.44217154],[-50.93453174,-29.43977873],[-50.93437319,-29.43627724],[-50.93452951,-29.43631253],[-50.93471876,-29.43637779],[-50.9352021,-29.43646737],[-50.93549263,-29.43641245]]]]},"geometry_name":"geo_area_imovel","properties":{"cod_imovel":"RS-4316956-13BE8962336D4396898B4BD46818784F","status_imovel":"AT","dat_criacao":"2018-05-30T01:26:02.108Z","area":6.9899,"condicao":"Aguardando análise","uf":"RS","municipio":"Santa Maria do Herval","cod_municipio_ibge":4316956,"m_fiscal":0.3883,"tipo_imovel":"IRU"}},{"type":"Feature","id":"sicar_imoveis_rs.3834393","geometry":{"type":"MultiPolygon","coordinates":[[[[-50.94573302,-29.53120422],[-50.93275032,-29.53292599],[-50.93296248,-29.53236915],[-50.93310934,-29.53193496],[-50.93335477,-29.53164271],[-50.93393719,-29.5314257],[-50.93447237,-29.53127443],[-50.93474415,-29.53121315],[-50.93498767,-29.53106843],[-50.93542886,-29.53080374],[-50.93561558,-29.53066284],[-50.93577586,-29.5306278],[-50.9361093,-29.53056393],[-50.9365136,-29.53055286],[-50.93687579,-29.53053474],[-50.9370685,-29.53130499],[-50.94098014,-29.53076501],[-50.94128491,-29.53075686],[-50.94164246,-29.53069153],[-50.94198215,-29.53057716],[-50.94252946,-29.53033231],[-50.94297384,-29.53007352],[-50.9433577,-29.5298339],[-50.94338795,-29.53045722],[-50.94583726,-29.53016979],[-50.94581147,-29.5307567],[-50.94579835,-29.53100586],[-50.94573302,-29.53120422]]]]},"geometry_name":"geo_area_imovel","properties":{"cod_imovel":"RS-4316956-13CFFC3AC615492E94AC8CA53EF5591F","status_imovel":"AT","dat_criacao":"2016-11-15T23:01:40.668Z","area":17.2409,"condicao":"Aguardando análise","uf":"RS","municipio":"Santa Maria do Herval","cod_municipio_ibge":4316956,"m_fiscal":0.9578,"tipo_imovel":"IRU"}},{"type":"Feature","id":"sicar_imoveis_rs.4002767","geometry":{"type":"MultiPolygon","coordinates":[[[[-51.00657643,-29.49878247],[-51.00656048,-29.49860568],[-51.0073514,-29.49856822],[-51.00753325,-29.4986363],[-51.00742631,-29.49893627],[-51.00914274,-29.49942617],[-51.00925398,-29.49901341],[-51.00932885,-29.49902755],[-51.00918733,-29.49852288],[-51.01467852,-29.49807517],[-51.01500585,-29.50166262],[-51.01284672,-29.50194737],[-51.01275483,-29.50142671],[-51.00973203,-29.50155131],[-51.0090869,-29.49963878],[-51.00578665,-29.49953952],[-51.00540604,-29.49917934],[-51.00524284,-29.49884983],[-51.00657643,-29.49878247]]]]},"geometry_name":"geo_area_imovel","properties":{"cod_imovel":"RS-4316956-13F5E13A3F0C435FAFFA1BDA587EE2B4","status_imovel":"AT","dat_criacao":"2017-02-16T23:14:34.936Z","area":22.2866,"condicao":"Aguardando análise","uf":"RS","municipio":"Santa Maria do Herval","cod_municipio_ibge":4316956,"m_fiscal":1.2381,"tipo_imovel":"IRU"}},{"type":"Feature","id":"sicar_imoveis_rs.4997856","geometry":{"type":"MultiPolygon","coordinates":[[[[-50.95538035,-29.46479822],[-50.95527588,-29.46387043],[-50.96881524,-29.46251108],[-50.96887333,-29.46355611],[-50.95538035,-29.46479822]]]]},"geometry_name":"geo_area_imovel","properties":{"cod_imovel":"RS-4316956-14020CB74F5C4A9990FDDCE0896716D2","status_imovel":"AT","dat_criacao":"2017-12-26T23:58:08.632Z","area":14.437,"condicao":"Aguardando análise","uf":"RS","municipio":"Santa Maria do Herval","cod_municipio_ibge":4316956,"m_fiscal":0.8021,"tipo_imovel":"IRU"}},{"type":"Feature","id":"sicar_imoveis_rs.4273767","geometry":{"type":"MultiPolygon","coordinates":[[[[-50.93017101,-29.4820454],[-50.93023539,-29.48305407],[-50.93019247,-29.48385726],[-50.92581511,-29.48393198],[-50.923841,-29.4839133],[-50.92386246,-29.48368915],[-50.92360497,-29.48369849],[-50.92356205,-29.48357708],[-50.92336893,-29.48353972],[-50.92325091,-29.48337161],[-50.9231329,-29.4832035],[-50.92351913,-29.48202673],[-50.93017101,-29.4820454]]]]},"geometry_name":"geo_area_imovel","properties":{"cod_imovel":"RS-4316956-140EBEBE76264A0AACDA3D99F8B51B78","status_imovel":"AT","dat_criacao":"2017-06-03T00:10:06.154Z","area":13.6747,"condicao":"Aguardando análise","uf":"RS","municipio":"Santa Maria do Herval","cod_municipio_ibge":4316956,"m_fiscal":0.7597,"tipo_imovel":"IRU"}},{"type":"Feature","id":"sicar_imoveis_rs.12957840","geometry":{"type":"MultiPolygon","coordinates":[[[[-50.98149336,-29.42289967],[-50.98189604,-29.42377386],[-50.98006942,-29.42445016],[-50.97863311,-29.42412692],[-50.98149336,-29.42289967]]]]},"geometry_name":"geo_area_imovel","properties":{"cod_imovel":"RS-4316956-142DD233BD0944E583D39DBB1FA168B8","status_imovel":"AT","dat_criacao":"2024-06-22T07:23:45.978Z","area":2.4484,"condicao":"Aguardando análise","uf":"RS","municipio":"Santa Maria do Herval","cod_municipio_ibge":4316956,"m_fiscal":0.136,"tipo_imovel":"IRU"}},{"type":"Feature","id":"sicar_imoveis_rs.3386016","geometry":{"type":"MultiPolygon","coordinates":[[[[-50.93787156,-29.53333085],[-50.93787251,-29.53421856],[-50.92950959,-29.53553665],[-50.92932649,-29.53493799],[-50.93184079,-29.5347367],[-50.93191738,-29.53417819],[-50.93787156,-29.53333085]]]]},"geometry_name":"geo_area_imovel","properties":{"cod_imovel":"RS-4316956-14453B2EDD2C447EB4AF66BB15DF4176","status_imovel":"AT","dat_criacao":"2016-06-13T13:44:37.300Z","area":7.3945,"condicao":"Aguardando análise","uf":"RS","municipio":"Santa Maria do Herval","cod_municipio_ibge":4316956,"m_fiscal":0.4108,"tipo_imovel":"IRU"}},{"type":"Feature","id":"sicar_imoveis_rs.5574250","geometry":{"type":"MultiPolygon","coordinates":[[[[-50.9213173,-29.45675311],[-50.9220103,-29.4570386],[-50.9221163,-29.45910195],[-50.9218918,-29.46182684],[-50.92249121,-29.46367124],[-50.92235249,-29.46545722],[-50.91890187,-29.46353382],[-50.91946322,-29.46333036],[-50.91938848,-29.46287049],[-50.91932502,-29.46258845],[-50.91897481,-29.46111067],[-50.92028639,-29.46023009],[-50.92035301,-29.46009633],[-50.9206698,-29.46006171],[-50.92090991,-29.45968121],[-50.92107895,-29.45920488],[-50.9211532,-29.4582893],[-50.9213173,-29.45675311]]]]},"geometry_name":"geo_area_imovel","properties":{"cod_imovel":"RS-4316956-1450B3B27D174E13B0CCAE9DE6E87879","status_imovel":"AT","dat_criacao":"2018-05-30T03:37:25.840Z","area":16.9677,"condicao":"Aguardando análise","uf":"RS","municipio":"Santa Maria do Herval","cod_municipio_ibge":4316956,"m_fiscal":0.9427,"tipo_imovel":"IRU"}},{"type":"Feature","id":"sicar_imoveis_rs.5691538","geometry":{"type":"MultiPolygon","coordinates":[[[[-50.95496724,-29.43978245],[-50.95533632,-29.43928172],[-50.95611586,-29.43967914],[-50.96234715,-29.43927523],[-50.96246608,-29.44002113],[-50.95190757,-29.44054784],[-50.95179548,-29.43987409],[-50.95496724,-29.43978245]]]]},"geometry_name":"geo_area_imovel","properties":{"cod_imovel":"RS-4316956-147C1EBDA93E471E8E3EFCFBAD0C7AA0","status_imovel":"AT","dat_criacao":"2018-07-06T00:25:09.061Z","area":8.0056,"condicao":"Aguardando análise","uf":"RS","municipio":"Santa Maria do Herval","cod_municipio_ibge":4316956,"m_fiscal":0.4448,"tipo_imovel":"IRU"}},{"type":"Feature","id":"sicar_imoveis_rs.3434235","geometry":{"type":"MultiPolygon","coordinates":[[[[-50.98426625,-29.48213004],[-50.98414616,-29.48224327],[-50.98406215,-29.48237448],[-50.98387136,-29.48258207],[-50.97868783,-29.48318561],[-50.97863368,-29.48264177],[-50.9844089,-29.48203594],[-50.98426625,-29.48213004]]]]},"geometry_name":"geo_area_imovel","properties":{"cod_imovel":"RS-4316956-1493714820044701BBAD180C374BC295","status_imovel":"AT","dat_criacao":"2016-06-29T14:41:24.320Z","area":3.0348,"condicao":"Aguardando análise","uf":"RS","municipio":"Santa Maria do Herval","cod_municipio_ibge":4316956,"m_fiscal":0.1686,"tipo_imovel":"IRU"}},{"type":"Feature","id":"sicar_imoveis_rs.3737278","geometry":{"type":"MultiPolygon","coordinates":[[[[-51.05384327,-29.47552907],[-51.0538704,-29.47606184],[-51.03801874,-29.47784757],[-51.03799152,-29.47730911],[-51.05384327,-29.47552907]]]]},"geometry_name":"geo_area_imovel","properties":{"cod_imovel":"RS-4316956-14C91D9CA647405C9B5DBA710930B0A4","status_imovel":"AT","dat_criacao":"2016-09-28T00:19:07.715Z","area":9.1725,"condicao":"Aguardando análise","uf":"RS","municipio":"Santa Maria do Herval","cod_municipio_ibge":4316956,"m_fiscal":0.5096,"tipo_imovel":"IRU"}},{"type":"Feature","id":"sicar_imoveis_rs.3406157","geometry":{"type":"MultiPolygon","coordinates":[[[[-51.0066837,-29.47398384],[-51.00674141,-29.47442995],[-51.00427187,-29.474678],[-51.00413661,-29.47377472],[-51.01207131,-29.47283309],[-51.01209659,-29.47332906],[-51.0066837,-29.47398384]]]]},"geometry_name":"geo_area_imovel","properties":{"cod_imovel":"RS-4316956-14D3055F9F2F4CF1BF07CD49F659605F","status_imovel":"AT","dat_criacao":"2016-06-18T14:30:56.326Z","area":5.45,"condicao":"Aguardando análise","uf":"RS","municipio":"Santa Maria do Herval","cod_municipio_ibge":4316956,"m_fiscal":0.3028,"tipo_imovel":"IRU"}},{"type":"Feature","id":"sicar_imoveis_rs.3475431","geometry":{"type":"MultiPolygon","coordinates":[[[[-50.95368887,-29.51554714],[-50.96231625,-29.51432122],[-50.96236142,-29.51484897],[-50.95875301,-29.51540873],[-50.95870425,-29.51517696],[-50.9537973,-29.51588888],[-50.95368887,-29.51554714]]]]},"geometry_name":"geo_area_imovel","properties":{"cod_imovel":"RS-4316956-14D7BFBCC22F471E830E53AC69D47A75","status_imovel":"AT","dat_criacao":"2016-07-13T00:28:56.476Z","area":4.0358,"condicao":"Aguardando análise","uf":"RS","municipio":"Santa Maria do Herval","cod_municipio_ibge":4316956,"m_fiscal":0.2242,"tipo_imovel":"IRU"}},{"type":"Feature","id":"sicar_imoveis_rs.4074116","geometry":{"type":"MultiPolygon","coordinates":[[[[-50.95625495,-29.52457912],[-50.95358904,-29.52484279],[-50.95374151,-29.52346067],[-50.95636139,-29.52304475],[-50.95625495,-29.52457912]]]]},"geometry_name":"geo_area_imovel","properties":{"cod_imovel":"RS-4316956-14F6D2885BA34A3FA1A73966B2EC3771","status_imovel":"AT","dat_criacao":"2017-03-24T00:01:53.970Z","area":4.0908,"condicao":"Aguardando análise","uf":"RS","municipio":"Santa Maria do Herval","cod_municipio_ibge":4316956,"m_fiscal":0.2273,"tipo_imovel":"IRU"}},{"type":"Feature","id":"sicar_imoveis_rs.3924495","geometry":{"type":"MultiPolygon","coordinates":[[[[-50.97499082,-29.43555501],[-50.97470341,-29.43563468],[-50.97440087,-29.43568199],[-50.97418447,-29.43570812],[-50.9739826,-29.43569246],[-50.97383571,-29.43566627],[-50.97344356,-29.4357445],[-50.9730448,-29.43576519],[-50.97263852,-29.43571332],[-50.97245021,-29.43568198],[-50.97233215,-29.43564522],[-50.97185408,-29.435458],[-50.97214111,-29.43465376],[-50.97267821,-29.43481209],[-50.97403892,-29.43542535],[-50.97419084,-29.43549052],[-50.97433957,-29.43551209],[-50.97450342,-29.43549052],[-50.97468293,-29.43543625],[-50.97484456,-29.43531516],[-50.97514181,-29.43544169],[-50.97499082,-29.43555501]]]]},"geometry_name":"geo_area_imovel","properties":{"cod_imovel":"RS-4316956-14FB5621D7BF4AA881F610665857DB18","status_imovel":"AT","dat_criacao":"2017-01-06T23:17:27.936Z","area":1.7963,"condicao":"Aguardando análise","uf":"RS","municipio":"Santa Maria do Herval","cod_municipio_ibge":4316956,"m_fiscal":0.0998,"tipo_imovel":"IRU"}},{"type":"Feature","id":"sicar_imoveis_rs.11605294","geometry":{"type":"MultiPolygon","coordinates":[[[[-50.93716621,-29.53054346],[-50.93705893,-29.52959128],[-50.92796087,-29.53041277],[-50.92802525,-29.53102888],[-50.92669487,-29.53117824],[-50.92680216,-29.53254115],[-50.93326092,-29.53205573],[-50.93495607,-29.53119691],[-50.93568563,-29.53067415],[-50.93716621,-29.53054346]]]]},"geometry_name":"geo_area_imovel","properties":{"cod_imovel":"RS-4316956-157226764BE64BE3AA678CB55689AF76","status_imovel":"AT","dat_criacao":"2023-05-27T17:04:47.603Z","area":19.2585,"condicao":"Aguardando análise","uf":"RS","municipio":"Santa Maria do Herval","cod_municipio_ibge":4316956,"m_fiscal":1.0699,"tipo_imovel":"IRU"}},{"type":"Feature","id":"sicar_imoveis_rs.4705114","geometry":{"type":"MultiPolygon","coordinates":[[[[-50.95532524,-29.50701749],[-50.95562286,-29.5079005],[-50.95276811,-29.50843212],[-50.95241244,-29.50749707],[-50.95532524,-29.50701749]]]]},"geometry_name":"geo_area_imovel","properties":{"cod_imovel":"RS-4316956-158D94F6A3C04F28B8E531E930BEA58C","status_imovel":"AT","dat_criacao":"2017-11-01T00:52:32.255Z","area":2.9925,"condicao":"Aguardando análise","uf":"RS","municipio":"Santa Maria do Herval","cod_municipio_ibge":4316956,"m_fiscal":0.1662,"tipo_imovel":"IRU"}},{"type":"Feature","id":"sicar_imoveis_rs.7327921","geometry":{"type":"MultiPolygon","coordinates":[[[[-51.0049867,-29.49682996],[-51.00473322,-29.49478851],[-51.01417819,-29.49392417],[-51.01436774,-29.49512716],[-51.00625359,-29.49584057],[-51.00617437,-29.49596636],[-51.00613906,-29.49617321],[-51.00610953,-29.4964127],[-51.00602441,-29.49653342],[-51.00588674,-29.49668163],[-51.00562154,-29.4967837],[-51.0049867,-29.49682996]]]]},"geometry_name":"geo_area_imovel","properties":{"cod_imovel":"RS-4316956-15E3DD6B60204B37B2E42DF05784BEAB","status_imovel":"AT","dat_criacao":"2019-08-24T03:55:02.895Z","area":13.3189,"condicao":"Aguardando análise","uf":"RS","municipio":"Santa Maria do Herval","cod_municipio_ibge":4316956,"m_fiscal":0.7399,"tipo_imovel":"IRU"}},{"type":"Feature","id":"sicar_imoveis_rs.3806928","geometry":{"type":"MultiPolygon","coordinates":[[[[-50.91914496,-29.47794945],[-50.91909021,-29.47650865],[-50.92436088,-29.47667851],[-50.92423078,-29.47810736],[-50.91914496,-29.47794945]]]]},"geometry_name":"geo_area_imovel","properties":{"cod_imovel":"RS-4316956-15E70D89D24E4D7E95D9B4EAC0A2FFE3","status_imovel":"AT","dat_criacao":"2016-10-31T23:07:13.558Z","area":7.9877,"condicao":"Aguardando análise","uf":"RS","municipio":"Santa Maria do Herval","cod_municipio_ibge":4316956,"m_fiscal":0.4438,"tipo_imovel":"IRU"}},{"type":"Feature","id":"sicar_imoveis_rs.3434239","geometry":{"type":"MultiPolygon","coordinates":[[[[-50.99160664,-29.46084097],[-50.99156336,-29.46046226],[-51.01003611,-29.45938837],[-51.01011859,-29.45976101],[-50.99160664,-29.46084097]]]]},"geometry_name":"geo_area_imovel","properties":{"cod_imovel":"RS-4316956-15FED01BA1D444A89EF10F570DF30FD2","status_imovel":"AT","dat_criacao":"2016-06-29T14:42:30.076Z","area":7.5365,"condicao":"Aguardando análise","uf":"RS","municipio":"Santa Maria do Herval","cod_municipio_ibge":4316956,"m_fiscal":0.4187,"tipo_imovel":"IRU"}},{"type":"Feature","id":"sicar_imoveis_rs.4705106","geometry":{"type":"MultiPolygon","coordinates":[[[[-50.97657366,-29.47076056],[-50.97664461,-29.47132814],[-50.96958771,-29.47194253],[-50.96955232,-29.47137777],[-50.97657366,-29.47076056]]]]},"geometry_name":"geo_area_imovel","properties":{"cod_imovel":"RS-4316956-16160B1917D04BEDAB6EEA669A9597FD","status_imovel":"AT","dat_criacao":"2017-11-01T00:51:53.591Z","area":4.3164,"condicao":"Aguardando análise","uf":"RS","municipio":"Santa Maria do Herval","cod_municipio_ibge":4316956,"m_fiscal":0.2398,"tipo_imovel":"IRU"}},{"type":"Feature","id":"sicar_imoveis_rs.3581184","geometry":{"type":"MultiPolygon","coordinates":[[[[-50.92792814,-29.50036761],[-50.92787782,-29.50013087],[-50.92791885,-29.49989535],[-50.92788923,-29.49969199],[-50.92795145,-29.49955635],[-50.92808428,-29.49930931],[-50.92827122,-29.49890945],[-50.92835993,-29.49873705],[-50.92854389,-29.49820845],[-50.93017144,-29.49821734],[-50.93005773,-29.50038798],[-50.92792814,-29.50036761]]]]},"geometry_name":"geo_area_imovel","properties":{"cod_imovel":"RS-4316956-161972DF8A064C4388BFDC3EEB4566E7","status_imovel":"AT","dat_criacao":"2016-08-10T00:21:12.437Z","area":4.6076,"condicao":"Aguardando análise","uf":"RS","municipio":"Santa Maria do Herval","cod_municipio_ibge":4316956,"m_fiscal":0.256,"tipo_imovel":"IRU"}},{"type":"Feature","id":"sicar_imoveis_rs.3737266","geometry":{"type":"MultiPolygon","coordinates":[[[[-50.99256919,-29.47030373],[-50.99262104,-29.46987412],[-50.99513389,-29.46966284],[-50.99522196,-29.47048685],[-50.99226788,-29.47073828],[-50.99218498,-29.47029651],[-50.99256919,-29.47030373]]]]},"geometry_name":"geo_area_imovel","properties":{"cod_imovel":"RS-4316956-1637B2207CD14F22A5A23E9FEE245C84","status_imovel":"AT","dat_criacao":"2016-09-28T00:18:22.792Z","area":2.4791,"condicao":"Aguardando análise","uf":"RS","municipio":"Santa Maria do Herval","cod_municipio_ibge":4316956,"m_fiscal":0.1377,"tipo_imovel":"IRU"}},{"type":"Feature","id":"sicar_imoveis_rs.3394402","geometry":{"type":"MultiPolygon","coordinates":[[[[-50.96486267,-29.4476283],[-50.95813665,-29.44822134],[-50.95801805,-29.44754432],[-50.96474571,-29.44697102],[-50.96486267,-29.4476283]]]]},"geometry_name":"geo_area_imovel","properties":{"cod_imovel":"RS-4316956-1669C60201B443BCA6E8D54E01971556","status_imovel":"AT","dat_criacao":"2016-06-15T14:43:48.498Z","area":4.8959,"condicao":"Aguardando análise","uf":"RS","municipio":"Santa Maria do Herval","cod_municipio_ibge":4316956,"m_fiscal":0.272,"tipo_imovel":"IRU"}},{"type":"Feature","id":"sicar_imoveis_rs.16284837","geometry":{"type":"MultiPolygon","coordinates":[[[[-50.98881158,-29.4394518],[-50.99216698,-29.43905979],[-50.99222756,-29.44041297],[-50.98914337,-29.44068143],[-50.98896043,-29.44041675],[-50.98884763,-29.44007037],[-50.98881338,-29.4396914],[-50.98881158,-29.4394518]]]]},"geometry_name":"geo_area_imovel","properties":{"cod_imovel":"RS-4316956-174ABF3DC24E49458E7DF3166D6B87B1","status_imovel":"AT","dat_criacao":"2026-08-31T21:17:21.936Z","area":4.6463,"condicao":"Aguardando análise","uf":"RS","municipio":"Santa Maria do Herval","cod_municipio_ibge":4316956,"m_fiscal":0.2581,"tipo_imovel":"IRU"}},{"type":"Feature","id":"sicar_imoveis_rs.4843076","geometry":{"type":"MultiPolygon","coordinates":[[[[-50.93565599,-29.47965311],[-50.93572475,-29.47860227],[-50.94119364,-29.47880578],[-50.94122386,-29.47978837],[-50.93565599,-29.47965311]]]]},"geometry_name":"geo_area_imovel","properties":{"cod_imovel":"RS-4316956-176484B31F5A4345BC7E0FD73239E884","status_imovel":"AT","dat_criacao":"2017-12-09T00:44:30.374Z","area":6.0303,"condicao":"Aguardando análise","uf":"RS","municipio":"Santa Maria do Herval","cod_municipio_ibge":4316956,"m_fiscal":0.335,"tipo_imovel":"IRU"}},{"type":"Feature","id":"sicar_imoveis_rs.14779449","geometry":{"type":"MultiPolygon","coordinates":[[[[-50.93580262,-29.52488932],[-50.93587729,-29.52589466],[-50.93545087,-29.52668074],[-50.92688461,-29.52791295],[-50.9266801,-29.52746782],[-50.92648133,-29.52717995],[-50.92632625,-29.52693921],[-50.9262706,-29.52664069],[-50.92718628,-29.52649803],[-50.92718703,-29.52606758],[-50.93580262,-29.52488932]]]]},"geometry_name":"geo_area_imovel","properties":{"cod_imovel":"RS-4316956-176746E58A2B456BAC82F8C4336CDAE3","status_imovel":"AT","dat_criacao":"2025-09-25T20:48:23.082Z","area":17.2499,"condicao":"Aguardando análise","uf":"RS","municipio":"Santa Maria do Herval","cod_municipio_ibge":4316956,"m_fiscal":0.9583,"tipo_imovel":"IRU"}},{"type":"Feature","id":"sicar_imoveis_rs.5055285","geometry":{"type":"MultiPolygon","coordinates":[[[[-50.97067507,-29.51765831],[-50.97059465,-29.51675656],[-50.97095473,-29.5168345],[-50.97114619,-29.51686279],[-50.97132234,-29.51689902],[-50.9716493,-29.5169573],[-50.97199898,-29.51698386],[-50.97229882,-29.51702157],[-50.9726285,-29.51715389],[-50.97282409,-29.51717478],[-50.9731151,-29.51707736],[-50.97349178,-29.51688816],[-50.97376037,-29.51675463],[-50.9741177,-29.51667072],[-50.97433911,-29.51659605],[-50.97448434,-29.51660191],[-50.97467282,-29.51668779],[-50.9749531,-29.51683045],[-50.97529646,-29.51700353],[-50.9755407,-29.51723028],[-50.97067507,-29.51765831]]]]},"geometry_name":"geo_area_imovel","properties":{"cod_imovel":"RS-4316956-179DB173746F43D488051B05068874BD","status_imovel":"AT","dat_criacao":"2017-12-30T09:31:19.382Z","area":2.8651,"condicao":"Aguardando análise","uf":"RS","municipio":"Santa Maria do Herval","cod_municipio_ibge":4316956,"m_fiscal":0.1592,"tipo_imovel":"IRU"}},{"type":"Feature","id":"sicar_imoveis_rs.4672736","geometry":{"type":"MultiPolygon","coordinates":[[[[-50.99895908,-29.4636346],[-50.99872358,-29.4626157],[-51.00507289,-29.46194045],[-51.00520716,-29.46299796],[-50.99895908,-29.4636346]]]]},"geometry_name":"geo_area_imovel","properties":{"cod_imovel":"RS-4316956-1864F4FE7DAB4A80AB0FCAE11B7F8DB7","status_imovel":"AT","dat_criacao":"2017-10-22T23:44:08.916Z","area":7.1557,"condicao":"Aguardando análise","uf":"RS","municipio":"Santa Maria do Herval","cod_municipio_ibge":4316956,"m_fiscal":0.3975,"tipo_imovel":"IRU"}},{"type":"Feature","id":"sicar_imoveis_rs.4152803","geometry":{"type":"MultiPolygon","coordinates":[[[[-50.91752542,-29.51391202],[-50.91764938,-29.51270581],[-50.92578833,-29.51261406],[-50.92588125,-29.51389841],[-50.92537443,-29.51391294],[-50.92456867,-29.51374019],[-50.92346743,-29.51356614],[-50.922163,-29.51351213],[-50.91752542,-29.51391202]]]]},"geometry_name":"geo_area_imovel","properties":{"cod_imovel":"RS-4316956-18B09BA39ABE4E558A9D7CBA5DE08DEC","status_imovel":"AT","dat_criacao":"2017-04-25T00:22:28.789Z","area":9.1868,"condicao":"Aguardando análise","uf":"RS","municipio":"Santa Maria do Herval","cod_municipio_ibge":4316956,"m_fiscal":0.5104,"tipo_imovel":"IRU"}},{"type":"Feature","id":"sicar_imoveis_rs.4140358","geometry":{"type":"MultiPolygon","coordinates":[[[[-50.91398482,-29.4627614],[-50.91407826,-29.46438316],[-50.91405607,-29.46530022],[-50.91160073,-29.46517115],[-50.91159863,-29.46423065],[-50.91160191,-29.46325433],[-50.91153268,-29.46225362],[-50.91141701,-29.46063688],[-50.91240406,-29.46110395],[-50.91278747,-29.46117423],[-50.91393255,-29.46127473],[-50.91398482,-29.4627614]]]]},"geometry_name":"geo_area_imovel","properties":{"cod_imovel":"RS-4316956-18B653B5DD3546C2BF83F74D46D2CE84","status_imovel":"AT","dat_criacao":"2017-04-20T00:06:25.902Z","area":10.9378,"condicao":"Aguardando análise","uf":"RS","municipio":"Santa Maria do Herval","cod_municipio_ibge":4316956,"m_fiscal":0.6077,"tipo_imovel":"IRU"}},{"type":"Feature","id":"sicar_imoveis_rs.4843093","geometry":{"type":"MultiPolygon","coordinates":[[[[-50.94052348,-29.47204037],[-50.94061361,-29.47135816],[-50.95311141,-29.47153401],[-50.95313068,-29.47237382],[-50.94052348,-29.47204037]]]]},"geometry_name":"geo_area_imovel","properties":{"cod_imovel":"RS-4316956-18D830C1390844C8A69CBD4B802C9E07","status_imovel":"AT","dat_criacao":"2017-12-09T00:46:07.102Z","area":10.2716,"condicao":"Aguardando análise","uf":"RS","municipio":"Santa Maria do Herval","cod_municipio_ibge":4316956,"m_fiscal":0.5706,"tipo_imovel":"IRU"}},{"type":"Feature","id":"sicar_imoveis_rs.3533442","geometry":{"type":"MultiPolygon","coordinates":[[[[-50.96905755,-29.42133619],[-50.96841418,-29.4200535],[-50.97626453,-29.41642049],[-50.97696806,-29.41765046],[-50.96905755,-29.42133619]]]]},"geometry_name":"geo_area_imovel","properties":{"cod_imovel":"RS-4316956-18DD90CEB8A4487E9023A54B79A90474","status_imovel":"AT","dat_criacao":"2016-07-28T00:13:16.989Z","area":13.2897,"condicao":"Aguardando análise","uf":"RS","municipio":"Santa Maria do Herval","cod_municipio_ibge":4316956,"m_fiscal":0.7383,"tipo_imovel":"IRU"}},{"type":"Feature","id":"sicar_imoveis_rs.5055225","geometry":{"type":"MultiPolygon","coordinates":[[[[-50.9220279,-29.48805851],[-50.92219426,-29.48746241],[-50.92236075,-29.48705089],[-50.92231374,-29.48666718],[-50.9222272,-29.4864096],[-50.92226172,-29.48601241],[-50.93015759,-29.4862067],[-50.93003377,-29.48830335],[-50.9220279,-29.48805851]]]]},"geometry_name":"geo_area_imovel","properties":{"cod_imovel":"RS-4316956-19496E6553F84401ACEA32863118C259","status_imovel":"AT","dat_criacao":"2017-12-30T09:23:06.598Z","area":17.5379,"condicao":"Aguardando análise","uf":"RS","municipio":"Santa Maria do Herval","cod_municipio_ibge":4316956,"m_fiscal":0.9743,"tipo_imovel":"IRU"}},{"type":"Feature","id":"sicar_imoveis_rs.4619129","geometry":{"type":"MultiPolygon","coordinates":[[[[-50.92213466,-29.48991974],[-50.92216215,-29.48962726],[-50.92225828,-29.48908873],[-50.92992823,-29.48926912],[-50.92986339,-29.4901855],[-50.92213466,-29.48991974]]]]},"geometry_name":"geo_area_imovel","properties":{"cod_imovel":"RS-4316956-194CAD32F62147E0AA1B53DA34688DDA","status_imovel":"AT","dat_criacao":"2017-10-02T00:44:35.377Z","area":7.2548,"condicao":"Aguardando análise","uf":"RS","municipio":"Santa Maria do Herval","cod_municipio_ibge":4316956,"m_fiscal":0.403,"tipo_imovel":"IRU"}},{"type":"Feature","id":"sicar_imoveis_rs.3690817","geometry":{"type":"MultiPolygon","coordinates":[[[[-50.981699,-29.5046474],[-50.97992545,-29.50483816],[-50.97950984,-29.50230738],[-50.98134606,-29.50209374],[-50.981699,-29.5046474]]]]},"geometry_name":"geo_area_imovel","properties":{"cod_imovel":"RS-4316956-1955EC4076454ADDBCE6D274FED01E49","status_imovel":"AT","dat_criacao":"2016-09-06T00:20:56.722Z","area":5.011,"condicao":"Aguardando análise","uf":"RS","municipio":"Santa Maria do Herval","cod_municipio_ibge":4316956,"m_fiscal":0.2784,"tipo_imovel":"IRU"}},{"type":"Feature","id":"sicar_imoveis_rs.13380596","geometry":{"type":"MultiPolygon","coordinates":[[[[-50.96027467,-29.52551208],[-50.96331908,-29.5252471],[-50.96366116,-29.5276963],[-50.9605472,-29.52804361],[-50.96027467,-29.52551208]]]]},"geometry_name":"geo_area_imovel","properties":{"cod_imovel":"RS-4316956-19A737FC69E24B54B2E79A2FAB466D37","status_imovel":"AT","dat_criacao":"2024-10-10T15:44:28.799Z","area":8.3343,"condicao":"Aguardando análise","uf":"RS","municipio":"Santa Maria do Herval","cod_municipio_ibge":4316956,"m_fiscal":0.463,"tipo_imovel":"IRU"}},{"type":"Feature","id":"sicar_imoveis_rs.3806917","geometry":{"type":"MultiPolygon","coordinates":[[[[-50.92728448,-29.51259584],[-50.92771585,-29.51258259],[-50.92772597,-29.51361559],[-50.92754226,-29.51371388],[-50.92732512,-29.51376474],[-50.92728448,-29.51259584]]]]},"geometry_name":"geo_area_imovel","properties":{"cod_imovel":"RS-4316956-1A82FA9C903A475599633C0CC85FEA1F","status_imovel":"AT","dat_criacao":"2016-10-31T23:06:20.470Z","area":0.5006,"condicao":"Aguardando análise","uf":"RS","municipio":"Santa Maria do Herval","cod_municipio_ibge":4316956,"m_fiscal":0.0278,"tipo_imovel":"IRU"}},{"type":"Feature","id":"sicar_imoveis_rs.3924499","geometry":{"type":"MultiPolygon","coordinates":[[[[-50.94780961,-29.45536907],[-50.94196605,-29.45510772],[-50.94194719,-29.45409098],[-50.94782043,-29.45421422],[-50.94780961,-29.45536907]]]]},"geometry_name":"geo_area_imovel","properties":{"cod_imovel":"RS-4316956-1ABF000D20494F949284BBE9BD8FC4F3","status_imovel":"AT","dat_criacao":"2017-01-06T23:17:40.664Z","area":6.8336,"condicao":"Aguardando análise","uf":"RS","municipio":"Santa Maria do Herval","cod_municipio_ibge":4316956,"m_fiscal":0.3796,"tipo_imovel":"IRU"}},{"type":"Feature","id":"sicar_imoveis_rs.3759411","geometry":{"type":"MultiPolygon","coordinates":[[[[-50.92997789,-29.46521412],[-50.9286797,-29.4637569],[-50.93019247,-29.46340193],[-50.93167305,-29.46493389],[-50.92997789,-29.46521412]]]]},"geometry_name":"geo_area_imovel","properties":{"cod_imovel":"RS-4316956-1AE5DE535B284103B3F6363A1D94A25E","status_imovel":"AT","dat_criacao":"2016-10-09T00:12:32.722Z","area":3.0495,"condicao":"Aguardando análise","uf":"RS","municipio":"Santa Maria do Herval","cod_municipio_ibge":4316956,"m_fiscal":0.1694,"tipo_imovel":"IRU"}},{"type":"Feature","id":"sicar_imoveis_rs.15102555","geometry":{"type":"MultiPolygon","coordinates":[[[[-50.94952664,-29.44595208],[-50.94873133,-29.44597449],[-50.94764328,-29.44599683],[-50.94502598,-29.44609498],[-50.94501708,-29.44619209],[-50.94501326,-29.44627937],[-50.94502508,-29.44635368],[-50.94497952,-29.44640475],[-50.94491761,-29.44647718],[-50.94497293,-29.44674101],[-50.94501227,-29.44693507],[-50.94521111,-29.44719108],[-50.94533356,-29.44733733],[-50.94571966,-29.44768362],[-50.94579239,-29.44757149],[-50.94597517,-29.44742453],[-50.94620726,-29.44730968],[-50.94660746,-29.44714665],[-50.94690508,-29.44700736],[-50.9471143,-29.44693223],[-50.94733047,-29.44688795],[-50.94757975,-29.44686908],[-50.94784029,-29.4468743],[-50.94806433,-29.44689933],[-50.94838909,-29.4469355],[-50.94859218,-29.446955],[-50.9487199,-29.44697561],[-50.94921183,-29.44705631],[-50.94940128,-29.44710387],[-50.9495801,-29.44717115],[-50.94977069,-29.44726012],[-50.949917,-29.44731644],[-50.94999425,-29.4473319],[-50.9500502,-29.44733667],[-50.95001577,-29.4472465],[-50.94992515,-29.44703587],[-50.94981845,-29.44681584],[-50.94968025,-29.4464671],[-50.94956748,-29.44616559],[-50.9495278,-29.4459806],[-50.94952664,-29.44595208]]]]},"geometry_name":"geo_area_imovel","properties":{"cod_imovel":"RS-4316956-1AF2E1BC7C134D3699CDE58F07C387C1","status_imovel":"AT","dat_criacao":"2025-12-11T21:28:03.540Z","area":5.5959,"condicao":"Aguardando análise","uf":"RS","municipio":"Santa Maria do Herval","cod_municipio_ibge":4316956,"m_fiscal":0.3109,"tipo_imovel":"IRU"}},{"type":"Feature","id":"sicar_imoveis_rs.3587198","geometry":{"type":"MultiPolygon","coordinates":[[[[-50.93402444,-29.51886465],[-50.93435955,-29.51934434],[-50.93481943,-29.52019572],[-50.93509075,-29.5208487],[-50.93537766,-29.52161243],[-50.93123494,-29.5220051],[-50.93077235,-29.52019895],[-50.93270165,-29.51993388],[-50.93240636,-29.51906831],[-50.93402444,-29.51886465]]]]},"geometry_name":"geo_area_imovel","properties":{"cod_imovel":"RS-4316956-1AF38BFD880F41BA92078101FE5C8919","status_imovel":"AT","dat_criacao":"2016-08-12T00:25:24.932Z","area":9.9976,"condicao":"Aguardando análise","uf":"RS","municipio":"Santa Maria do Herval","cod_municipio_ibge":4316956,"m_fiscal":0.5554,"tipo_imovel":"IRU"}},{"type":"Feature","id":"sicar_imoveis_rs.4203510","geometry":{"type":"MultiPolygon","coordinates":[[[[-50.95333958,-29.4630836],[-50.9533139,-29.46385331],[-50.93053533,-29.46339393],[-50.93054183,-29.46280409],[-50.95333958,-29.4630836]]]]},"geometry_name":"geo_area_imovel","properties":{"cod_imovel":"RS-4316956-1B1FBFA64EF840C7939A3BF648AC22FA","status_imovel":"AT","dat_criacao":"2017-05-11T00:12:57.762Z","area":16.6488,"condicao":"Aguardando análise","uf":"RS","municipio":"Santa Maria do Herval","cod_municipio_ibge":4316956,"m_fiscal":0.9249,"tipo_imovel":"IRU"}},{"type":"Feature","id":"sicar_imoveis_rs.3137923","geometry":{"type":"MultiPolygon","coordinates":[[[[-50.93486798,-29.51034935],[-50.93404927,-29.51030747],[-50.93366693,-29.5104083],[-50.9341011,-29.5083127],[-50.93438753,-29.50831678],[-50.93460399,-29.50842866],[-50.93503928,-29.50870256],[-50.93583819,-29.50874425],[-50.93556737,-29.51048538],[-50.93486798,-29.51034935]]]]},"geometry_name":"geo_area_imovel","properties":{"cod_imovel":"RS-4316956-1B4FC97998194B06809EB4AEDCDB2378","status_imovel":"AT","dat_criacao":"2016-05-22T13:27:49.701Z","area":3.5976,"condicao":"Aguardando análise","uf":"RS","municipio":"Santa Maria do Herval","cod_municipio_ibge":4316956,"m_fiscal":0.1999,"tipo_imovel":"IRU"}},{"type":"Feature","id":"sicar_imoveis_rs.3590000","geometry":{"type":"MultiPolygon","coordinates":[[[[-50.98037124,-29.42892677],[-50.97966313,-29.42801101],[-50.98413706,-29.42586174],[-50.98490953,-29.42675883],[-50.98037124,-29.42892677]]]]},"geometry_name":"geo_area_imovel","properties":{"cod_imovel":"RS-4316956-1B636D37625B49EAAB1081443F5B1518","status_imovel":"AT","dat_criacao":"2016-08-13T00:10:55.269Z","area":6.107,"condicao":"Aguardando análise","uf":"RS","municipio":"Santa Maria do Herval","cod_municipio_ibge":4316956,"m_fiscal":0.3393,"tipo_imovel":"IRU"}},{"type":"Feature","id":"sicar_imoveis_rs.3587200","geometry":{"type":"MultiPolygon","coordinates":[[[[-50.94203719,-29.50707899],[-50.94177836,-29.50720518],[-50.9416747,-29.50728891],[-50.94159287,-29.50741032],[-50.94020431,-29.50759006],[-50.94052764,-29.50743175],[-50.94082188,-29.50729849],[-50.94116987,-29.50703346],[-50.94132305,-29.50679448],[-50.94132212,-29.50637793],[-50.94138679,-29.50601594],[-50.94141466,-29.50566544],[-50.9408513,-29.50574681],[-50.94048673,-29.50575496],[-50.94032191,-29.50567749],[-50.94019372,-29.50554688],[-50.94030207,-29.50528192],[-50.94026461,-29.50504441],[-50.94105995,-29.50499282],[-50.9410671,-29.50517952],[-50.94146211,-29.50521113],[-50.94515807,-29.50454921],[-50.94538713,-29.5054825],[-50.94186658,-29.50617527],[-50.94203719,-29.50707899]]]]},"geometry_name":"geo_area_imovel","properties":{"cod_imovel":"RS-4316956-1B688A24E03D41D8A05D52D1786C0BBC","status_imovel":"AT","dat_criacao":"2016-08-12T00:25:36.643Z","area":6.0286,"condicao":"Aguardando análise","uf":"RS","municipio":"Santa Maria do Herval","cod_municipio_ibge":4316956,"m_fiscal":0.3349,"tipo_imovel":"IRU"}},{"type":"Feature","id":"sicar_imoveis_rs.4106905","geometry":{"type":"MultiPolygon","coordinates":[[[[-50.92482868,-29.47189964],[-50.92475425,-29.47092313],[-50.93041779,-29.47094964],[-50.93044616,-29.4719538],[-50.92482868,-29.47189964]]]]},"geometry_name":"geo_area_imovel","properties":{"cod_imovel":"RS-4316956-1BCC73810F694B6C8444D7360F24F92A","status_imovel":"AT","dat_criacao":"2017-04-06T00:22:22.916Z","area":5.9986,"condicao":"Aguardando análise","uf":"RS","municipio":"Santa Maria do Herval","cod_municipio_ibge":4316956,"m_fiscal":0.3333,"tipo_imovel":"IRU"}},{"type":"Feature","id":"sicar_imoveis_rs.15576845","geometry":{"type":"MultiPolygon","coordinates":[[[[-51.0161198,-29.51312324],[-51.01588836,-29.51216917],[-51.02423235,-29.51095987],[-51.02424969,-29.51194215],[-51.02290155,-29.51213312],[-51.02192923,-29.51226605],[-51.01922388,-29.51267862],[-51.0161198,-29.51312324]]]]},"geometry_name":"geo_area_imovel","properties":{"cod_imovel":"RS-4316956-1BF90FFF917042479BC797B23BFDD995","status_imovel":"AT","dat_criacao":"2026-05-05T19:53:29.492Z","area":8.7104,"condicao":"Aguardando análise","uf":"RS","municipio":"Santa Maria do Herval","cod_municipio_ibge":4316956,"m_fiscal":0.4839,"tipo_imovel":"IRU"}},{"type":"Feature","id":"sicar_imoveis_rs.6071293","geometry":{"type":"MultiPolygon","coordinates":[[[[-50.98377434,-29.48679885],[-50.98394127,-29.48779071],[-50.97613943,-29.48852848],[-50.97596607,-29.48760261],[-50.98377434,-29.48679885]]]]},"geometry_name":"geo_area_imovel","properties":{"cod_imovel":"RS-4316956-1C1046847482451895307C60DF5B9DC1","status_imovel":"AT","dat_criacao":"2018-11-07T23:27:26.870Z","area":8.1793,"condicao":"Aguardando análise","uf":"RS","municipio":"Santa Maria do Herval","cod_municipio_ibge":4316956,"m_fiscal":0.4544,"tipo_imovel":"IRU"}},{"type":"Feature","id":"sicar_imoveis_rs.3970156","geometry":{"type":"MultiPolygon","coordinates":[[[[-50.95279305,-29.51568036],[-50.95310579,-29.51677973],[-50.95083019,-29.51713455],[-50.95104271,-29.51829189],[-50.9504743,-29.51837182],[-50.95058139,-29.51597393],[-50.9507745,-29.5159839],[-50.95089726,-29.51597364],[-50.95117847,-29.51594056],[-50.95140505,-29.5158969],[-50.95279305,-29.51568036]]]]},"geometry_name":"geo_area_imovel","properties":{"cod_imovel":"RS-4316956-1CB8A1C6F521462DB0C0A45DF8F22CEC","status_imovel":"AT","dat_criacao":"2017-02-01T23:03:26.080Z","area":3.5139,"condicao":"Aguardando análise","uf":"RS","municipio":"Santa Maria do Herval","cod_municipio_ibge":4316956,"m_fiscal":0.1952,"tipo_imovel":"IRU"}},{"type":"Feature","id":"sicar_imoveis_rs.12624396","geometry":{"type":"MultiPolygon","coordinates":[[[[-50.94489536,-29.48125895],[-50.94507001,-29.48101807],[-50.94515585,-29.4808197],[-50.95283376,-29.48091602],[-50.95281626,-29.48140989],[-50.94489536,-29.48125895]]]]},"geometry_name":"geo_area_imovel","properties":{"cod_imovel":"RS-4316956-1D5CE2793A6544269A0B1E812EA9ACE7","status_imovel":"AT","dat_criacao":"2024-03-21T08:12:30.286Z","area":3.9197,"condicao":"Aguardando análise","uf":"RS","municipio":"Santa Maria do Herval","cod_municipio_ibge":4316956,"m_fiscal":0.2178,"tipo_imovel":"IRU"}},{"type":"Feature","id":"sicar_imoveis_rs.3806915","geometry":{"type":"MultiPolygon","coordinates":[[[[-50.94671411,-29.53495987],[-50.94686745,-29.5360586],[-50.93354937,-29.53784913],[-50.93330949,-29.53690876],[-50.94671411,-29.53495987]]]]},"geometry_name":"geo_area_imovel","properties":{"cod_imovel":"RS-4316956-1D98204EBCCB4D3AA0FA4004340BCA01","status_imovel":"AT","dat_criacao":"2016-10-31T23:06:11.341Z","area":15.0194,"condicao":"Aguardando análise","uf":"RS","municipio":"Santa Maria do Herval","cod_municipio_ibge":4316956,"m_fiscal":0.8344,"tipo_imovel":"IRU"}},{"type":"Feature","id":"sicar_imoveis_rs.3924498","geometry":{"type":"MultiPolygon","coordinates":[[[[-50.94085576,-29.54170557],[-50.94063881,-29.54069513],[-50.94746279,-29.53978747],[-50.9476222,-29.54078326],[-50.94085576,-29.54170557]]]]},"geometry_name":"geo_area_imovel","properties":{"cod_imovel":"RS-4316956-1E21DEC5E768448FA4FE9CD8CC7B2F20","status_imovel":"AT","dat_criacao":"2017-01-06T23:17:37.162Z","area":7.5024,"condicao":"Aguardando análise","uf":"RS","municipio":"Santa Maria do Herval","cod_municipio_ibge":4316956,"m_fiscal":0.4168,"tipo_imovel":"IRU"}},{"type":"Feature","id":"sicar_imoveis_rs.4705104","geometry":{"type":"MultiPolygon","coordinates":[[[[-50.95211599,-29.49662245],[-50.95210367,-29.49726341],[-50.94771078,-29.49749575],[-50.93953188,-29.49866746],[-50.93959172,-29.49727119],[-50.95211599,-29.49662245]]]]},"geometry_name":"geo_area_imovel","properties":{"cod_imovel":"RS-4316956-1E436267E9624013A20F5A78509F8EBC","status_imovel":"AT","dat_criacao":"2017-11-01T00:51:44.640Z","area":11.943,"condicao":"Aguardando análise","uf":"RS","municipio":"Santa Maria do Herval","cod_municipio_ibge":4316956,"m_fiscal":0.6635,"tipo_imovel":"IRU"}},{"type":"Feature","id":"sicar_imoveis_rs.13434645","geometry":{"type":"MultiPolygon","coordinates":[[[[-50.91267747,-29.45793693],[-50.91238937,-29.45790226],[-50.91199261,-29.45776124],[-50.9117565,-29.45758579],[-50.911491,-29.45736307],[-50.9112373,-29.45424255],[-50.91248129,-29.45427379],[-50.91267747,-29.45793693]]]]},"geometry_name":"geo_area_imovel","properties":{"cod_imovel":"RS-4316956-1EAC8FCDADB14B8AADCF80F853AC301A","status_imovel":"AT","dat_criacao":"2024-10-24T21:13:15.702Z","area":4.4723,"condicao":"Aguardando análise","uf":"RS","municipio":"Santa Maria do Herval","cod_municipio_ibge":4316956,"m_fiscal":0.2485,"tipo_imovel":"IRU"}},{"type":"Feature","id":"sicar_imoveis_rs.3810975","geometry":{"type":"MultiPolygon","coordinates":[[[[-50.93250973,-29.45344808],[-50.93254141,-29.45310334],[-50.93277691,-29.45266405],[-50.93292532,-29.45206345],[-50.9330322,-29.45175412],[-50.93416704,-29.45178553],[-50.93461736,-29.45220903],[-50.93895842,-29.4523502],[-50.94027335,-29.45319714],[-50.94173238,-29.45347942],[-50.94184047,-29.45368331],[-50.93250973,-29.45344808]]]]},"geometry_name":"geo_area_imovel","properties":{"cod_imovel":"RS-4316956-1F11A35FD78E4D119E44EB681251E5D7","status_imovel":"AT","dat_criacao":"2016-11-02T23:03:48.893Z","area":10.9857,"condicao":"Aguardando análise","uf":"RS","municipio":"Santa Maria do Herval","cod_municipio_ibge":4316956,"m_fiscal":0.6103,"tipo_imovel":"IRU"}},{"type":"Feature","id":"sicar_imoveis_rs.3406149","geometry":{"type":"MultiPolygon","coordinates":[[[[-50.98931149,-29.4727134],[-50.98925212,-29.47242715],[-50.98932447,-29.47216818],[-50.98939635,-29.47178122],[-50.98944094,-29.47141205],[-50.99219055,-29.47124583],[-50.99236963,-29.47248362],[-50.98931149,-29.4727134]]]]},"geometry_name":"geo_area_imovel","properties":{"cod_imovel":"RS-4316956-1F6CAB67A9AA4693821FCDAFD63675CD","status_imovel":"AT","dat_criacao":"2016-06-18T14:30:43.889Z","area":4.0089,"condicao":"Aguardando análise","uf":"RS","municipio":"Santa Maria do Herval","cod_municipio_ibge":4316956,"m_fiscal":0.2227,"tipo_imovel":"IRU"}},{"type":"Feature","id":"sicar_imoveis_rs.4200473","geometry":{"type":"MultiPolygon","coordinates":[[[[-50.96394539,-29.54333172],[-50.96010447,-29.54370507],[-50.96008301,-29.54295836],[-50.96392393,-29.54260367],[-50.96394539,-29.54333172]]]]},"geometry_name":"geo_area_imovel","properties":{"cod_imovel":"RS-4316956-1F99120B0BCA4618B29A75EC55E05A2E","status_imovel":"AT","dat_criacao":"2017-05-10T00:14:11.676Z","area":3.0488,"condicao":"Aguardando análise","uf":"RS","municipio":"Santa Maria do Herval","cod_municipio_ibge":4316956,"m_fiscal":0.1694,"tipo_imovel":"IRU"}},{"type":"Feature","id":"sicar_imoveis_rs.3853853","geometry":{"type":"MultiPolygon","coordinates":[[[[-51.00821707,-29.43329594],[-51.00843272,-29.42851162],[-51.01337262,-29.42774634],[-51.01472576,-29.42938078],[-51.01307931,-29.43260263],[-51.00821707,-29.43329594]]]]},"geometry_name":"geo_area_imovel","properties":{"cod_imovel":"RS-4316956-1FE7DD1540F94AEBBA179F743870AF08","status_imovel":"AT","dat_criacao":"2016-11-24T23:06:44.490Z","area":28.978,"condicao":"Aguardando análise","uf":"RS","municipio":"Santa Maria do Herval","cod_municipio_ibge":4316956,"m_fiscal":1.6099,"tipo_imovel":"IRU"}},{"type":"Feature","id":"sicar_imoveis_rs.3814607","geometry":{"type":"MultiPolygon","coordinates":[[[[-50.93454838,-29.4465115],[-50.93047142,-29.44647413],[-50.93051434,-29.44540904],[-50.93899012,-29.44539035],[-50.93892574,-29.44621253],[-50.93933344,-29.44621253],[-50.93933344,-29.44778211],[-50.93890429,-29.44781949],[-50.93890429,-29.44653018],[-50.93454838,-29.4465115]]]]},"geometry_name":"geo_area_imovel","properties":{"cod_imovel":"RS-4316956-2000880D35B741A69999C3CE6BDA393A","status_imovel":"AT","dat_criacao":"2016-11-04T21:08:22.416Z","area":10.7898,"condicao":"Aguardando análise","uf":"RS","municipio":"Santa Maria do Herval","cod_municipio_ibge":4316956,"m_fiscal":0.5994,"tipo_imovel":"IRU"}},{"type":"Feature","id":"sicar_imoveis_rs.16287568","geometry":{"type":"MultiPolygon","coordinates":[[[[-50.92816375,-29.44866761],[-50.92576051,-29.44872558],[-50.92597933,-29.44840143],[-50.92627118,-29.44788693],[-50.92626661,-29.44763],[-50.92620415,-29.44738396],[-50.9264669,-29.44719574],[-50.92670909,-29.44713182],[-50.92817408,-29.4472043],[-50.92816375,-29.44866761]]]]},"geometry_name":"geo_area_imovel","properties":{"cod_imovel":"RS-4316956-2014E0EA7C3B4CC992808C9D771B3786","status_imovel":"AT","dat_criacao":"2026-09-01T13:59:09.866Z","area":3.3138,"condicao":"Aguardando análise","uf":"RS","municipio":"Santa Maria do Herval","cod_municipio_ibge":4316956,"m_fiscal":0.1841,"tipo_imovel":"IRU"}},{"type":"Feature","id":"sicar_imoveis_rs.3338776","geometry":{"type":"MultiPolygon","coordinates":[[[[-50.907619,-29.48845214],[-50.90757608,-29.49265459],[-50.91482878,-29.49276665],[-50.91478586,-29.4919075],[-50.91079473,-29.49175808],[-50.91088057,-29.48839611],[-50.907619,-29.48845214]]]]},"geometry_name":"geo_area_imovel","properties":{"cod_imovel":"RS-4316956-20186E4A94CD4D14BB8515135EBE6559","status_imovel":"AT","dat_criacao":"2016-06-06T21:06:47.615Z","area":18.653,"condicao":"Aguardando análise","uf":"RS","municipio":"Santa Maria do Herval","cod_municipio_ibge":4316956,"m_fiscal":1.0363,"tipo_imovel":"IRU"}},{"type":"Feature","id":"sicar_imoveis_rs.3907593","geometry":{"type":"MultiPolygon","coordinates":[[[[-50.93053676,-29.46246524],[-50.93054318,-29.46147054],[-50.93628503,-29.46154977],[-50.93627333,-29.46256026],[-50.93053676,-29.46246524]]]]},"geometry_name":"geo_area_imovel","properties":{"cod_imovel":"RS-4316956-202D8BB30CE2457A8C7EB1CBD2819713","status_imovel":"AT","dat_criacao":"2016-12-27T23:11:03.302Z","area":6.1828,"condicao":"Aguardando análise","uf":"RS","municipio":"Santa Maria do Herval","cod_municipio_ibge":4316956,"m_fiscal":0.3435,"tipo_imovel":"IRU"}},{"type":"Feature","id":"sicar_imoveis_rs.3737245","geometry":{"type":"MultiPolygon","coordinates":[[[[-50.96702618,-29.45046609],[-50.96737429,-29.45262847],[-50.9633688,-29.45461371],[-50.96325821,-29.45447535],[-50.9630743,-29.45457534],[-50.96316962,-29.4547164],[-50.96274977,-29.45494107],[-50.96270498,-29.45482017],[-50.96257597,-29.45470723],[-50.96702618,-29.45046609]]]]},"geometry_name":"geo_area_imovel","properties":{"cod_imovel":"RS-4316956-2030F00B817C4228A3F8EDE5DD0CD8EC","status_imovel":"AT","dat_criacao":"2016-09-28T00:17:11.519Z","area":6.6689,"condicao":"Aguardando análise","uf":"RS","municipio":"Santa Maria do Herval","cod_municipio_ibge":4316956,"m_fiscal":0.3705,"tipo_imovel":"IRU"}},{"type":"Feature","id":"sicar_imoveis_rs.14809573","geometry":{"type":"MultiPolygon","coordinates":[[[[-50.94081107,-29.49285483],[-50.94065579,-29.49186708],[-50.94958989,-29.49197413],[-50.95015788,-29.49243424],[-50.95027153,-29.49253381],[-50.95041875,-29.49269863],[-50.95062293,-29.4929959],[-50.94081107,-29.49285483]]]]},"geometry_name":"geo_area_imovel","properties":{"cod_imovel":"RS-4316956-2059E0E1EA214663ACFBDE9D025D3565","status_imovel":"AT","dat_criacao":"2025-10-02T14:40:07.697Z","area":10.1071,"condicao":"Aguardando análise","uf":"RS","municipio":"Santa Maria do Herval","cod_municipio_ibge":4316956,"m_fiscal":0.5615,"tipo_imovel":"IRU"}},{"type":"Feature","id":"sicar_imoveis_rs.15927108","geometry":{"type":"MultiPolygon","coordinates":[[[[-50.96262992,-29.50792047],[-50.96240431,-29.50704326],[-50.97016263,-29.50635193],[-50.96973571,-29.50673065],[-50.96951161,-29.50708204],[-50.96953074,-29.50731815],[-50.96262992,-29.50792047]]]]},"geometry_name":"geo_area_imovel","properties":{"cod_imovel":"RS-4316956-20C8D19C25294D2AB2281408C496174C","status_imovel":"AT","dat_criacao":"2026-06-16T15:56:23.253Z","area":6.9887,"condicao":"Aguardando análise","uf":"RS","municipio":"Santa Maria do Herval","cod_municipio_ibge":4316956,"m_fiscal":0.3883,"tipo_imovel":"IRU"}},{"type":"Feature","id":"sicar_imoveis_rs.3939191","geometry":{"type":"MultiPolygon","coordinates":[[[[-50.93434123,-29.50079774],[-50.93553578,-29.50073865],[-50.93561133,-29.50037907],[-50.93896759,-29.49984645],[-50.93923022,-29.50200912],[-50.93748852,-29.50263703],[-50.93637431,-29.50152375],[-50.93436991,-29.50200585],[-50.93434123,-29.50079774]]]]},"geometry_name":"geo_area_imovel","properties":{"cod_imovel":"RS-4316956-210593182ED748E79DE2DAD3D3BE5376","status_imovel":"AT","dat_criacao":"2017-01-16T23:01:46.976Z","area":8.9778,"condicao":"Aguardando análise","uf":"RS","municipio":"Santa Maria do Herval","cod_municipio_ibge":4316956,"m_fiscal":0.4988,"tipo_imovel":"IRU"}},{"type":"Feature","id":"sicar_imoveis_rs.5430524","geometry":{"type":"MultiPolygon","coordinates":[[[[-50.9442752,-29.52042324],[-50.94461821,-29.52178462],[-50.93562259,-29.52309301],[-50.93576669,-29.52253358],[-50.93571331,-29.52225244],[-50.93544875,-29.52161428],[-50.9442752,-29.52042324]]]]},"geometry_name":"geo_area_imovel","properties":{"cod_imovel":"RS-4316956-211A36CEF4954B4A8C82E19755D923F0","status_imovel":"AT","dat_criacao":"2018-05-05T02:47:54.163Z","area":13.7457,"condicao":"Aguardando análise","uf":"RS","municipio":"Santa Maria do Herval","cod_municipio_ibge":4316956,"m_fiscal":0.7637,"tipo_imovel":"IRU"}},{"type":"Feature","id":"sicar_imoveis_rs.3737259","geometry":{"type":"MultiPolygon","coordinates":[[[[-50.92588057,-29.50041743],[-50.92588524,-29.5013277],[-50.91825391,-29.50138256],[-50.91826298,-29.50034383],[-50.92588057,-29.50041743]]]]},"geometry_name":"geo_area_imovel","properties":{"cod_imovel":"RS-4316956-211B1C8C76124576AA5EBEA0B17C49E6","status_imovel":"AT","dat_criacao":"2016-09-28T00:18:01.454Z","area":7.9795,"condicao":"Aguardando análise","uf":"RS","municipio":"Santa Maria do Herval","cod_municipio_ibge":4316956,"m_fiscal":0.4433,"tipo_imovel":"IRU"}},{"type":"Feature","id":"sicar_imoveis_rs.14724332","geometry":{"type":"MultiPolygon","coordinates":[[[[-50.94462663,-29.52445281],[-50.94456565,-29.52406703],[-50.94497342,-29.52401288],[-50.94501905,-29.52438211],[-50.94462663,-29.52445281]]]]},"geometry_name":"geo_area_imovel","properties":{"cod_imovel":"RS-4316956-212D50B8755944F6A6AB5EFB6B6E1146","status_imovel":"AT","dat_criacao":"2025-09-15T17:47:59.544Z","area":0.1657,"condicao":"Aguardando análise","uf":"RS","municipio":"Santa Maria do Herval","cod_municipio_ibge":4316956,"m_fiscal":0.0092,"tipo_imovel":"IRU"}},{"type":"Feature","id":"sicar_imoveis_rs.5491537","geometry":{"type":"MultiPolygon","coordinates":[[[[-50.93438254,-29.43621733],[-50.93374559,-29.43670131],[-50.93321618,-29.43692927],[-50.93314312,-29.4357205],[-50.93362264,-29.4356878],[-50.93384058,-29.4357035],[-50.93395057,-29.43578162],[-50.9340458,-29.43590556],[-50.9341044,-29.4360148],[-50.93419088,-29.43609363],[-50.93438254,-29.43621733]]]]},"geometry_name":"geo_area_imovel","properties":{"cod_imovel":"RS-4316956-21714DB1FEF9444A8F1E3CBD5A98F2AE","status_imovel":"AT","dat_criacao":"2018-05-19T06:30:29.676Z","area":1.0393,"condicao":"Aguardando análise","uf":"RS","municipio":"Santa Maria do Herval","cod_municipio_ibge":4316956,"m_fiscal":0.0577,"tipo_imovel":"IRU"}},{"type":"Feature","id":"sicar_imoveis_rs.10480194","geometry":{"type":"MultiPolygon","coordinates":[[[[-51.01911601,-29.47828527],[-51.01902948,-29.47775266],[-51.02230463,-29.47735231],[-51.0227822,-29.47682802],[-51.02269494,-29.47642283],[-51.03788741,-29.47444217],[-51.03794936,-29.47585687],[-51.01911601,-29.47828527]]]]},"geometry_name":"geo_area_imovel","properties":{"cod_imovel":"RS-4316956-219018129B444B349EFAB9F6A374128A","status_imovel":"AT","dat_criacao":"2022-06-22T18:01:56.742Z","area":25.214,"condicao":"Aguardando análise","uf":"RS","municipio":"Santa Maria do Herval","cod_municipio_ibge":4316956,"m_fiscal":1.4009,"tipo_imovel":"IRU"}},{"type":"Feature","id":"sicar_imoveis_rs.3475436","geometry":{"type":"MultiPolygon","coordinates":[[[[-50.95881509,-29.51609838],[-50.95573234,-29.51647715],[-50.95560829,-29.51562032],[-50.95870063,-29.51518026],[-50.95881509,-29.51609838]]]]},"geometry_name":"geo_area_imovel","properties":{"cod_imovel":"RS-4316956-21A37FC11A964D9CB0A3B2B768842B94","status_imovel":"AT","dat_criacao":"2016-07-13T00:29:16.133Z","area":2.9947,"condicao":"Aguardando análise","uf":"RS","municipio":"Santa Maria do Herval","cod_municipio_ibge":4316956,"m_fiscal":0.1664,"tipo_imovel":"IRU"}},{"type":"Feature","id":"sicar_imoveis_rs.4705113","geometry":{"type":"MultiPolygon","coordinates":[[[[-50.93959001,-29.49870774],[-50.93633308,-29.49903128],[-50.93627928,-29.49726268],[-50.93966216,-29.49722692],[-50.93959001,-29.49870774]]]]},"geometry_name":"geo_area_imovel","properties":{"cod_imovel":"RS-4316956-21ABD654EB0F4E7CBDEE750F70DE0CB7","status_imovel":"AT","dat_criacao":"2017-11-01T00:52:28.206Z","area":5.7911,"condicao":"Aguardando análise","uf":"RS","municipio":"Santa Maria do Herval","cod_municipio_ibge":4316956,"m_fiscal":0.3217,"tipo_imovel":"IRU"}},{"type":"Feature","id":"sicar_imoveis_rs.7506255","geometry":{"type":"MultiPolygon","coordinates":[[[[-50.97345003,-29.40980552],[-50.97325961,-29.410155],[-50.97319365,-29.41046192],[-50.97046612,-29.41353644],[-50.9672738,-29.41288272],[-50.9725071,-29.41063014],[-50.97277071,-29.40959812],[-50.97345003,-29.40980552]]]]},"geometry_name":"geo_area_imovel","properties":{"cod_imovel":"RS-4316956-21B59213577B4460940117AF49D10BE3","status_imovel":"AT","dat_criacao":"2019-09-24T01:59:10.815Z","area":7.1972,"condicao":"Aguardando análise","uf":"RS","municipio":"Santa Maria do Herval","cod_municipio_ibge":4316956,"m_fiscal":0.3998,"tipo_imovel":"IRU"}},{"type":"Feature","id":"sicar_imoveis_rs.3587199","geometry":{"type":"MultiPolygon","coordinates":[[[[-51.02433477,-29.47623542],[-51.02432269,-29.47581911],[-51.03782458,-29.4739813],[-51.0378361,-29.47441967],[-51.02433477,-29.47623542]]]]},"geometry_name":"geo_area_imovel","properties":{"cod_imovel":"RS-4316956-21D69C4000D64669A91A35ED3C3787FD","status_imovel":"AT","dat_criacao":"2016-08-12T00:25:30.287Z","area":6.2212,"condicao":"Aguardando análise","uf":"RS","municipio":"Santa Maria do Herval","cod_municipio_ibge":4316956,"m_fiscal":0.3456,"tipo_imovel":"IRU"}},{"type":"Feature","id":"sicar_imoveis_rs.3690829","geometry":{"type":"MultiPolygon","coordinates":[[[[-50.93017545,-29.46132539],[-50.92974485,-29.46132292],[-50.92964287,-29.45859114],[-50.92929618,-29.45858873],[-50.9293419,-29.45406319],[-50.92990994,-29.45411107],[-50.92989154,-29.45857859],[-50.9300708,-29.45858108],[-50.93017545,-29.46132539]]]]},"geometry_name":"geo_area_imovel","properties":{"cod_imovel":"RS-4316956-21D7E7C1F9DE49B1ABC0146333A29485","status_imovel":"AT","dat_criacao":"2016-09-06T00:21:59.583Z","area":4.0783,"condicao":"Aguardando análise","uf":"RS","municipio":"Santa Maria do Herval","cod_municipio_ibge":4316956,"m_fiscal":0.2266,"tipo_imovel":"IRU"}},{"type":"Feature","id":"sicar_imoveis_rs.6955669","geometry":{"type":"MultiPolygon","coordinates":[[[[-50.97179201,-29.51284485],[-50.97010832,-29.51270557],[-50.97029331,-29.51109685],[-50.97221194,-29.51137116],[-50.97179201,-29.51284485]]]]},"geometry_name":"geo_area_imovel","properties":{"cod_imovel":"RS-4316956-21DFC3E9CF1945B8BBD11FA4A8C93692","status_imovel":"AT","dat_criacao":"2019-06-12T01:13:38.804Z","area":3.0481,"condicao":"Aguardando análise","uf":"RS","municipio":"Santa Maria do Herval","cod_municipio_ibge":4316956,"m_fiscal":0.1693,"tipo_imovel":"IRU"}},{"type":"Feature","id":"sicar_imoveis_rs.14001401","geometry":{"type":"MultiPolygon","coordinates":[[[[-50.97098582,-29.42413607],[-50.97426178,-29.42257732],[-50.97456794,-29.42281541],[-50.97497084,-29.42290606],[-50.97515585,-29.4228856],[-50.97571632,-29.42267424],[-50.97582399,-29.42264473],[-50.97596052,-29.42265],[-50.97601533,-29.42265645],[-50.97606316,-29.42266931],[-50.97375154,-29.4237685],[-50.97144069,-29.42486879],[-50.97098582,-29.42413607]]]]},"geometry_name":"geo_area_imovel","properties":{"cod_imovel":"RS-4316956-21FFB678A52C42FFAF1727588291E7B4","status_imovel":"AT","dat_criacao":"2025-04-02T01:41:11.142Z","area":3.7399,"condicao":"Aguardando análise","uf":"RS","municipio":"Santa Maria do Herval","cod_municipio_ibge":4316956,"m_fiscal":0.2078,"tipo_imovel":"IRU"}},{"type":"Feature","id":"sicar_imoveis_rs.8059573","geometry":{"type":"MultiPolygon","coordinates":[[[[-51.01749928,-29.48323896],[-51.01747996,-29.48275022],[-51.03851619,-29.4802114],[-51.03853932,-29.4805813],[-51.01749928,-29.48323896]]]]},"geometry_name":"geo_area_imovel","properties":{"cod_imovel":"RS-4316956-2242B488056F4276BBA600FB36B5D3A8","status_imovel":"AT","dat_criacao":"2020-03-13T02:16:43.230Z","area":9.761,"condicao":"Aguardando análise","uf":"RS","municipio":"Santa Maria do Herval","cod_municipio_ibge":4316956,"m_fiscal":0.5423,"tipo_imovel":"IRU"}},{"type":"Feature","id":"sicar_imoveis_rs.4619130","geometry":{"type":"MultiPolygon","coordinates":[[[[-51.02651865,-29.49296678],[-51.02668456,-29.49354127],[-51.02611756,-29.49379314],[-51.02535203,-29.49384155],[-51.02431459,-29.49382558],[-51.02265546,-29.49389598],[-51.02191406,-29.4939694],[-51.02110429,-29.49393075],[-51.02036275,-29.49385494],[-51.01867889,-29.49380623],[-51.02651865,-29.49296678]]]]},"geometry_name":"geo_area_imovel","properties":{"cod_imovel":"RS-4316956-224FB3EC91564197AC1A71BB417C7904","status_imovel":"AT","dat_criacao":"2017-10-02T00:44:41.899Z","area":4.0232,"condicao":"Aguardando análise","uf":"RS","municipio":"Santa Maria do Herval","cod_municipio_ibge":4316956,"m_fiscal":0.2235,"tipo_imovel":"IRU"}},{"type":"Feature","id":"sicar_imoveis_rs.4373397","geometry":{"type":"MultiPolygon","coordinates":[[[[-50.91623414,-29.45871042],[-50.91635058,-29.46099194],[-50.9155869,-29.46077583],[-50.91477924,-29.45978423],[-50.91476681,-29.45944881],[-50.91505001,-29.45915771],[-50.91516089,-29.45840784],[-50.91623414,-29.45871042]]]]},"geometry_name":"geo_area_imovel","properties":{"cod_imovel":"RS-4316956-225263F9E9D34FFAA906B0AC58AD559C","status_imovel":"AT","dat_criacao":"2017-07-08T00:21:28.886Z","area":3.0001,"condicao":"Aguardando análise","uf":"RS","municipio":"Santa Maria do Herval","cod_municipio_ibge":4316956,"m_fiscal":0.1667,"tipo_imovel":"IRU"}},{"type":"Feature","id":"sicar_imoveis_rs.11101506","geometry":{"type":"MultiPolygon","coordinates":[[[[-50.91888854,-29.43730354],[-50.91777291,-29.43733111],[-50.91766018,-29.44068947],[-50.91874233,-29.44029013],[-50.91888854,-29.43730354]]]]},"geometry_name":"geo_area_imovel","properties":{"cod_imovel":"RS-4316956-229113B70826493DB76D003848A15160","status_imovel":"AT","dat_criacao":"2022-12-15T02:02:56.946Z","area":3.7165,"condicao":"Aguardando análise","uf":"RS","municipio":"Santa Maria do Herval","cod_municipio_ibge":4316956,"m_fiscal":0.2065,"tipo_imovel":"IRU"}},{"type":"Feature","id":"sicar_imoveis_rs.4619124","geometry":{"type":"MultiPolygon","coordinates":[[[[-51.02714018,-29.48101289],[-51.02714521,-29.4815491],[-51.02064582,-29.48231167],[-51.02031469,-29.48142032],[-51.03831495,-29.47925429],[-51.03835382,-29.47967475],[-51.02714018,-29.48101289]]]]},"geometry_name":"geo_area_imovel","properties":{"cod_imovel":"RS-4316956-229EE644383C40F284EE76F125758B8C","status_imovel":"AT","dat_criacao":"2017-10-02T00:44:15.136Z","area":11.7724,"condicao":"Aguardando análise","uf":"RS","municipio":"Santa Maria do Herval","cod_municipio_ibge":4316956,"m_fiscal":0.654,"tipo_imovel":"IRU"}},{"type":"Feature","id":"sicar_imoveis_rs.7578718","geometry":{"type":"MultiPolygon","coordinates":[[[[-51.00062799,-29.48431438],[-50.99760198,-29.48430395],[-50.99757652,-29.48527272],[-51.00063301,-29.48517053],[-51.00062799,-29.48431438]]]]},"geometry_name":"geo_area_imovel","properties":{"cod_imovel":"RS-4316956-22A03327885748CB9BC0673694AA6C77","status_imovel":"AT","dat_criacao":"2019-10-10T02:25:16.753Z","area":2.9802,"condicao":"Aguardando análise","uf":"RS","municipio":"Santa Maria do Herval","cod_municipio_ibge":4316956,"m_fiscal":0.1656,"tipo_imovel":"IRU"}},{"type":"Feature","id":"sicar_imoveis_rs.7605321","geometry":{"type":"MultiPolygon","coordinates":[[[[-50.93706245,-29.52955034],[-50.93664745,-29.52850405],[-50.94022002,-29.52800746],[-50.94045349,-29.5289534],[-50.94045193,-29.5289593],[-50.93958899,-29.52912335],[-50.93991648,-29.53053356],[-50.93987491,-29.53054251],[-50.93953007,-29.52913573],[-50.93706245,-29.52955034]]]]},"geometry_name":"geo_area_imovel","properties":{"cod_imovel":"RS-4316956-233641DE3F494C54A29F8517C41E99BB","status_imovel":"AT","dat_criacao":"2019-10-17T02:48:44.282Z","area":4.0321,"condicao":"Aguardando análise","uf":"RS","municipio":"Santa Maria do Herval","cod_municipio_ibge":4316956,"m_fiscal":0.224,"tipo_imovel":"IRU"}},{"type":"Feature","id":"sicar_imoveis_rs.4843060","geometry":{"type":"MultiPolygon","coordinates":[[[[-50.96983271,-29.4931657],[-50.9700275,-29.49357564],[-50.96635381,-29.49389655],[-50.96643803,-29.49441031],[-50.96031112,-29.49490261],[-50.96026812,-29.49400418],[-50.96983271,-29.4931657]]]]},"geometry_name":"geo_area_imovel","properties":{"cod_imovel":"RS-4316956-233FD63415B945B181590233FCE5DCC9","status_imovel":"AT","dat_criacao":"2017-12-09T00:42:46.010Z","area":7.6806,"condicao":"Aguardando análise","uf":"RS","municipio":"Santa Maria do Herval","cod_municipio_ibge":4316956,"m_fiscal":0.4267,"tipo_imovel":"IRU"}},{"type":"Feature","id":"sicar_imoveis_rs.4544485","geometry":{"type":"MultiPolygon","coordinates":[[[[-51.01852972,-29.43599137],[-51.01896786,-29.43676792],[-51.00888929,-29.43835137],[-51.00864889,-29.43788459],[-51.00882853,-29.43759783],[-51.01852972,-29.43599137]]]]},"geometry_name":"geo_area_imovel","properties":{"cod_imovel":"RS-4316956-2348D8F89D6F47EFBE5991CE8DE57146","status_imovel":"AT","dat_criacao":"2017-09-09T00:38:44.078Z","area":8.6404,"condicao":"Aguardando análise","uf":"RS","municipio":"Santa Maria do Herval","cod_municipio_ibge":4316956,"m_fiscal":0.48,"tipo_imovel":"IRU"}},{"type":"Feature","id":"sicar_imoveis_rs.3345973","geometry":{"type":"MultiPolygon","coordinates":[[[[-50.94886065,-29.53765654],[-50.94883919,-29.53657374],[-50.95403194,-29.53614435],[-50.95409632,-29.53718982],[-50.94886065,-29.53765654]]]]},"geometry_name":"geo_area_imovel","properties":{"cod_imovel":"RS-4316956-234FEFC1036A45B9B008C344700E18FC","status_imovel":"AT","dat_criacao":"2016-06-07T07:01:44.555Z","area":5.9775,"condicao":"Aguardando análise","uf":"RS","municipio":"Santa Maria do Herval","cod_municipio_ibge":4316956,"m_fiscal":0.3321,"tipo_imovel":"IRU"}},{"type":"Feature","id":"sicar_imoveis_rs.12444709","geometry":{"type":"MultiPolygon","coordinates":[[[[-50.93376373,-29.47001231],[-50.93375659,-29.47057791],[-50.93902319,-29.4705752],[-50.93905168,-29.47005664],[-50.93376373,-29.47001231]]]]},"geometry_name":"geo_area_imovel","properties":{"cod_imovel":"RS-4316956-2357B39207E3436F948D38419010B345","status_imovel":"AT","dat_criacao":"2024-01-11T07:28:47.445Z","area":3.0735,"condicao":"Aguardando análise","uf":"RS","municipio":"Santa Maria do Herval","cod_municipio_ibge":4316956,"m_fiscal":0.1708,"tipo_imovel":"IRU"}},{"type":"Feature","id":"sicar_imoveis_rs.3806920","geometry":{"type":"MultiPolygon","coordinates":[[[[-50.92795225,-29.50484594],[-50.92801353,-29.50445945],[-50.929614,-29.50433191],[-50.92981286,-29.50623721],[-50.92849286,-29.50630313],[-50.9285634,-29.50616809],[-50.92868806,-29.50616479],[-50.92852661,-29.50539573],[-50.92638508,-29.50525802],[-50.92638144,-29.50540125],[-50.92600761,-29.50541144],[-50.92586729,-29.50517573],[-50.92556104,-29.50513059],[-50.92559246,-29.50445854],[-50.92795225,-29.50484594]]]]},"geometry_name":"geo_area_imovel","properties":{"cod_imovel":"RS-4316956-235E74B57D1A4D2A8BD547602735F468","status_imovel":"AT","dat_criacao":"2016-10-31T23:06:35.360Z","area":4.5858,"condicao":"Aguardando análise","uf":"RS","municipio":"Santa Maria do Herval","cod_municipio_ibge":4316956,"m_fiscal":0.2548,"tipo_imovel":"IRU"}},{"type":"Feature","id":"sicar_imoveis_rs.3406155","geometry":{"type":"MultiPolygon","coordinates":[[[[-51.00181309,-29.47394116],[-51.00160677,-29.47298119],[-51.00722864,-29.47237947],[-51.00728009,-29.47341466],[-51.00181309,-29.47394116]]]]},"geometry_name":"geo_area_imovel","properties":{"cod_imovel":"RS-4316956-23794A8990A741EB80BE5D688ABF8C2A","status_imovel":"AT","dat_criacao":"2016-06-18T14:30:51.068Z","area":6.0197,"condicao":"Aguardando análise","uf":"RS","municipio":"Santa Maria do Herval","cod_municipio_ibge":4316956,"m_fiscal":0.3344,"tipo_imovel":"IRU"}},{"type":"Feature","id":"sicar_imoveis_rs.5686177","geometry":{"type":"MultiPolygon","coordinates":[[[[-50.97554533,-29.43549398],[-50.97569209,-29.43504256],[-50.97570938,-29.43452516],[-50.97596448,-29.43439557],[-50.97625993,-29.43442741],[-50.97645454,-29.43457677],[-50.97652616,-29.43508146],[-50.97625714,-29.4355252],[-50.97611116,-29.43551113],[-50.97593562,-29.4355362],[-50.97568033,-29.43552163],[-50.97554533,-29.43549398]]]]},"geometry_name":"geo_area_imovel","properties":{"cod_imovel":"RS-4316956-23D41D8AB5554ED983079140958E1727","status_imovel":"AT","dat_criacao":"2018-07-05T00:31:23.209Z","area":0.9003,"condicao":"Aguardando análise","uf":"RS","municipio":"Santa Maria do Herval","cod_municipio_ibge":4316956,"m_fiscal":0.05,"tipo_imovel":"IRU"}},{"type":"Feature","id":"sicar_imoveis_rs.12978042","geometry":{"type":"MultiPolygon","coordinates":[[[[-50.93196288,-29.51566008],[-50.93236479,-29.51655959],[-50.92837979,-29.51719811],[-50.92791901,-29.51660609],[-50.92812679,-29.5164649],[-50.92823297,-29.51632345],[-50.93196288,-29.51566008]]]]},"geometry_name":"geo_area_imovel","properties":{"cod_imovel":"RS-4316956-23F73A8CEE294C1F9772E4C5EE251471","status_imovel":"AT","dat_criacao":"2024-06-29T07:48:19.646Z","area":4.0281,"condicao":"Aguardando análise","uf":"RS","municipio":"Santa Maria do Herval","cod_municipio_ibge":4316956,"m_fiscal":0.2238,"tipo_imovel":"IRU"}},{"type":"Feature","id":"sicar_imoveis_rs.4203506","geometry":{"type":"MultiPolygon","coordinates":[[[[-51.00234949,-29.48205958],[-51.00508523,-29.48173364],[-51.00501024,-29.48194234],[-51.00504117,-29.48215324],[-51.00514613,-29.48241808],[-51.00537894,-29.48277257],[-51.00563252,-29.48315313],[-51.00555639,-29.48375718],[-51.00636255,-29.48368044],[-51.00644545,-29.48402443],[-51.00652018,-29.48459039],[-51.00273219,-29.48491425],[-51.00234949,-29.48205958]]]]},"geometry_name":"geo_area_imovel","properties":{"cod_imovel":"RS-4316956-241BE9BD557449BA9044F2A629CA942F","status_imovel":"AT","dat_criacao":"2017-05-11T00:12:42.817Z","area":9.9361,"condicao":"Aguardando análise","uf":"RS","municipio":"Santa Maria do Herval","cod_municipio_ibge":4316956,"m_fiscal":0.552,"tipo_imovel":"IRU"}},{"type":"Feature","id":"sicar_imoveis_rs.3771120","geometry":{"type":"MultiPolygon","coordinates":[[[[-50.91800451,-29.49287871],[-50.9120822,-29.49291607],[-50.91199636,-29.4946717],[-50.92446327,-29.49497053],[-50.92452765,-29.49377521],[-50.9179616,-29.49366315],[-50.91800451,-29.49287871]]]]},"geometry_name":"geo_area_imovel","properties":{"cod_imovel":"RS-4316956-241C707AA4844550A4AA14B40006635A","status_imovel":"AT","dat_criacao":"2016-10-14T00:12:55.240Z","area":20.0003,"condicao":"Aguardando análise","uf":"RS","municipio":"Santa Maria do Herval","cod_municipio_ibge":4316956,"m_fiscal":1.1111,"tipo_imovel":"IRU"}},{"type":"Feature","id":"sicar_imoveis_rs.4203518","geometry":{"type":"MultiPolygon","coordinates":[[[[-50.97020269,-29.45738751],[-50.97010798,-29.45688827],[-50.97321092,-29.45651412],[-50.97328263,-29.45691166],[-50.9720709,-29.45707376],[-50.97139787,-29.4571768],[-50.97105078,-29.45726568],[-50.9706765,-29.45734835],[-50.97020269,-29.45738751]]]]},"geometry_name":"geo_area_imovel","properties":{"cod_imovel":"RS-4316956-247A25877ECA411F9C59290EE4F89C5A","status_imovel":"AT","dat_criacao":"2017-05-11T00:13:38.337Z","area":1.5067,"condicao":"Aguardando análise","uf":"RS","municipio":"Santa Maria do Herval","cod_municipio_ibge":4316956,"m_fiscal":0.0837,"tipo_imovel":"IRU"}},{"type":"Feature","id":"sicar_imoveis_rs.13806993","geometry":{"type":"MultiPolygon","coordinates":[[[[-50.9609519,-29.50302889],[-50.9585796,-29.50343717],[-50.95853405,-29.50328594],[-50.95870857,-29.50330304],[-50.95887117,-29.50331011],[-50.95908035,-29.50328313],[-50.95929583,-29.50322072],[-50.9596995,-29.50306507],[-50.96025518,-29.50287032],[-50.96043197,-29.50277511],[-50.96061991,-29.50265668],[-50.9608151,-29.50258526],[-50.9609519,-29.50302889]]]]},"geometry_name":"geo_area_imovel","properties":{"cod_imovel":"RS-4316956-24834480D9344307A5E866A3AC2B81FE","status_imovel":"AT","dat_criacao":"2025-02-05T20:02:14.377Z","area":0.5339,"condicao":"Aguardando análise","uf":"RS","municipio":"Santa Maria do Herval","cod_municipio_ibge":4316956,"m_fiscal":0.0297,"tipo_imovel":"IRU"}},{"type":"Feature","id":"sicar_imoveis_rs.4387203","geometry":{"type":"MultiPolygon","coordinates":[[[[-51.00305148,-29.48705349],[-51.00309051,-29.4879621],[-50.99764561,-29.48850152],[-50.99755694,-29.48758965],[-51.00305148,-29.48705349]]]]},"geometry_name":"geo_area_imovel","properties":{"cod_imovel":"RS-4316956-24B88BDB4C074728854A5E64AD8EDB81","status_imovel":"AT","dat_criacao":"2017-07-15T01:16:20.398Z","area":5.3844,"condicao":"Aguardando análise","uf":"RS","municipio":"Santa Maria do Herval","cod_municipio_ibge":4316956,"m_fiscal":0.2991,"tipo_imovel":"IRU"}},{"type":"Feature","id":"sicar_imoveis_rs.3810973","geometry":{"type":"MultiPolygon","coordinates":[[[[-50.93551741,-29.45954517],[-50.93202086,-29.45941778],[-50.93241945,-29.453414],[-50.93576809,-29.45356711],[-50.93551741,-29.45954517]]]]},"geometry_name":"geo_area_imovel","properties":{"cod_imovel":"RS-4316956-24F19EF662994E3C81B6AC20CF2DBDF7","status_imovel":"AT","dat_criacao":"2016-11-02T23:03:38.072Z","area":22.0791,"condicao":"Aguardando análise","uf":"RS","municipio":"Santa Maria do Herval","cod_municipio_ibge":4316956,"m_fiscal":1.2266,"tipo_imovel":"IRU"}},{"type":"Feature","id":"sicar_imoveis_rs.16017435","geometry":{"type":"MultiPolygon","coordinates":[[[[-50.98414164,-29.4270786],[-50.98371689,-29.42602167],[-50.99057725,-29.42288265],[-50.99072491,-29.42316702],[-50.99027355,-29.4235223],[-50.9901033,-29.423891],[-50.99055461,-29.42420181],[-50.98414164,-29.4270786]]]]},"geometry_name":"geo_area_imovel","properties":{"cod_imovel":"RS-4316956-250F822BC37340FF82DA8E4AAA4918EB","status_imovel":"AT","dat_criacao":"2026-07-13T20:41:56.265Z","area":8.8956,"condicao":"Aguardando análise","uf":"RS","municipio":"Santa Maria do Herval","cod_municipio_ibge":4316956,"m_fiscal":0.4942,"tipo_imovel":"IRU"}},{"type":"Feature","id":"sicar_imoveis_rs.3980235","geometry":{"type":"MultiPolygon","coordinates":[[[[-50.92954513,-29.51056152],[-50.92953827,-29.51093232],[-50.91378106,-29.51086929],[-50.91380818,-29.51043505],[-50.92912391,-29.51048949],[-50.92954513,-29.51056152]]]]},"geometry_name":"geo_area_imovel","properties":{"cod_imovel":"RS-4316956-253398F6188B490C98F78785A1F1D563","status_imovel":"AT","dat_criacao":"2017-02-06T23:16:21.628Z","area":7.3885,"condicao":"Aguardando análise","uf":"RS","municipio":"Santa Maria do Herval","cod_municipio_ibge":4316956,"m_fiscal":0.4105,"tipo_imovel":"IRU"}},{"type":"Feature","id":"sicar_imoveis_rs.4985120","geometry":{"type":"MultiPolygon","coordinates":[[[[-50.93981197,-29.4325226],[-50.93996632,-29.43944602],[-50.93909056,-29.43964173],[-50.93915537,-29.43863261],[-50.93933799,-29.43677045],[-50.93973585,-29.43675148],[-50.93974713,-29.43540312],[-50.93958778,-29.43260781],[-50.93974296,-29.43251682],[-50.93981197,-29.4325226]]]]},"geometry_name":"geo_area_imovel","properties":{"cod_imovel":"RS-4316956-257795C719D2481DAFA4494BB99CB348","status_imovel":"AT","dat_criacao":"2017-12-23T23:44:25.208Z","area":2.9488,"condicao":"Aguardando análise","uf":"RS","municipio":"Santa Maria do Herval","cod_municipio_ibge":4316956,"m_fiscal":0.1638,"tipo_imovel":"IRU"}},{"type":"Feature","id":"sicar_imoveis_rs.15281301","geometry":{"type":"MultiPolygon","coordinates":[[[[-50.91417194,-29.47408557],[-50.91416903,-29.47529469],[-50.90809912,-29.47500249],[-50.90810572,-29.47471719],[-50.9078324,-29.47468498],[-50.90785363,-29.47381151],[-50.90816282,-29.47382424],[-50.90826705,-29.47441273],[-50.90891739,-29.47443354],[-50.90879938,-29.47386493],[-50.91417194,-29.47408557]]]]},"geometry_name":"geo_area_imovel","properties":{"cod_imovel":"RS-4316956-25810C19C1524F938F4132BFF00F158F","status_imovel":"AT","dat_criacao":"2026-02-12T20:38:33.237Z","area":7.599,"condicao":"Aguardando análise","uf":"RS","municipio":"Santa Maria do Herval","cod_municipio_ibge":4316956,"m_fiscal":0.4222,"tipo_imovel":"IRU"}},{"type":"Feature","id":"sicar_imoveis_rs.16212010","geometry":{"type":"MultiPolygon","coordinates":[[[[-50.92109902,-29.52378158],[-50.92144057,-29.52421226],[-50.92161875,-29.52448917],[-50.92152055,-29.52482479],[-50.92147728,-29.52514993],[-50.90959218,-29.5269196],[-50.91040485,-29.52557341],[-50.92109902,-29.52378158]]]]},"geometry_name":"geo_area_imovel","properties":{"cod_imovel":"RS-4316956-25B27D6048E64552AD9962ACB24EC375","status_imovel":"AT","dat_criacao":"2026-08-14T14:48:03.949Z","area":16.2757,"condicao":"Aguardando análise","uf":"RS","municipio":"Santa Maria do Herval","cod_municipio_ibge":4316956,"m_fiscal":0.9042,"tipo_imovel":"IRU"}},{"type":"Feature","id":"sicar_imoveis_rs.2543581","geometry":{"type":"MultiPolygon","coordinates":[[[[-50.91227531,-29.49172073],[-50.91216803,-29.48684582],[-50.91343403,-29.48656565],[-50.91356277,-29.4919075],[-50.91227531,-29.49172073]]]]},"geometry_name":"geo_area_imovel","properties":{"cod_imovel":"RS-4316956-25C1888407F14EF699758AE3A50500A8","status_imovel":"AT","dat_criacao":"2016-04-18T03:04:05.230Z","area":7.011,"condicao":"Aguardando análise","uf":"RS","municipio":"Santa Maria do Herval","cod_municipio_ibge":4316956,"m_fiscal":0.3895,"tipo_imovel":"IRU"}},{"type":"Feature","id":"sicar_imoveis_rs.4672726","geometry":{"type":"MultiPolygon","coordinates":[[[[-51.02211971,-29.47952618],[-51.02190905,-29.47838802],[-51.02602248,-29.4778366],[-51.02605868,-29.47795621],[-51.02880978,-29.47758356],[-51.0289492,-29.47859465],[-51.02211971,-29.47952618]]]]},"geometry_name":"geo_area_imovel","properties":{"cod_imovel":"RS-4316956-25F4212052D54C4A9EE78F03F0AD2BE1","status_imovel":"AT","dat_criacao":"2017-10-22T23:43:24.969Z","area":8.1705,"condicao":"Aguardando análise","uf":"RS","municipio":"Santa Maria do Herval","cod_municipio_ibge":4316956,"m_fiscal":0.4539,"tipo_imovel":"IRU"}},{"type":"Feature","id":"sicar_imoveis_rs.14944410","geometry":{"type":"MultiPolygon","coordinates":[[[[-51.01020297,-29.48017937],[-51.01033103,-29.48112639],[-51.00212389,-29.48207338],[-51.00208209,-29.48104683],[-51.01020297,-29.48017937]]]]},"geometry_name":"geo_area_imovel","properties":{"cod_imovel":"RS-4316956-2620774A6B8A44C2943503EF809ADF41","status_imovel":"AT","dat_criacao":"2025-10-31T11:48:53.766Z","area":8.7363,"condicao":"Aguardando análise","uf":"RS","municipio":"Santa Maria do Herval","cod_municipio_ibge":4316956,"m_fiscal":0.4854,"tipo_imovel":"IRU"}},{"type":"Feature","id":"sicar_imoveis_rs.16001475","geometry":{"type":"MultiPolygon","coordinates":[[[[-50.9491681,-29.44019506],[-50.94885085,-29.44017594],[-50.94788752,-29.44076955],[-50.94785076,-29.43763171],[-50.94778423,-29.43559822],[-50.94732604,-29.42544805],[-50.94843667,-29.42529628],[-50.9486078,-29.42526687],[-50.9491681,-29.44019506]]]]},"geometry_name":"geo_area_imovel","properties":{"cod_imovel":"RS-4316956-26A404A888314D5BBDF3A860FE561C2A","status_imovel":"AT","dat_criacao":"2026-07-08T13:51:08.342Z","area":20.1551,"condicao":"Aguardando análise","uf":"RS","municipio":"Santa Maria do Herval","cod_municipio_ibge":4316956,"m_fiscal":1.1197,"tipo_imovel":"IRU"}},{"type":"Feature","id":"sicar_imoveis_rs.3386008","geometry":{"type":"MultiPolygon","coordinates":[[[[-50.99052569,-29.42263258],[-50.99039426,-29.42242359],[-50.99016833,-29.4223276],[-50.98986012,-29.42208255],[-50.98973188,-29.4218416],[-50.98981259,-29.4215497],[-50.98976722,-29.42123418],[-50.98956564,-29.42103198],[-50.98928116,-29.42085675],[-50.9935002,-29.41852309],[-50.99513347,-29.42049989],[-50.99053775,-29.42285074],[-50.99052569,-29.42263258]]]]},"geometry_name":"geo_area_imovel","properties":{"cod_imovel":"RS-4316956-26AF3489827547879D9FC2BD47C991BD","status_imovel":"AT","dat_criacao":"2016-06-13T13:42:01.186Z","area":12.964,"condicao":"Aguardando análise","uf":"RS","municipio":"Santa Maria do Herval","cod_municipio_ibge":4316956,"m_fiscal":0.7202,"tipo_imovel":"IRU"}},{"type":"Feature","id":"sicar_imoveis_rs.3690830","geometry":{"type":"MultiPolygon","coordinates":[[[[-50.9908099,-29.50949954],[-50.99325796,-29.51150569],[-50.98928361,-29.51247023],[-50.98811444,-29.51354779],[-50.98449765,-29.5139023],[-50.98413109,-29.51194008],[-50.98706437,-29.51167267],[-50.9908099,-29.50949954]]]]},"geometry_name":"geo_area_imovel","properties":{"cod_imovel":"RS-4316956-26C53CCEC4EC4FD883F7DAA30701E068","status_imovel":"AT","dat_criacao":"2016-09-06T00:22:02.776Z","area":18.5108,"condicao":"Aguardando análise","uf":"RS","municipio":"Santa Maria do Herval","cod_municipio_ibge":4316956,"m_fiscal":1.0284,"tipo_imovel":"IRU"}},{"type":"Feature","id":"sicar_imoveis_rs.4705107","geometry":{"type":"MultiPolygon","coordinates":[[[[-50.94580897,-29.45804874],[-50.94191631,-29.457918],[-50.94194186,-29.45682083],[-50.9458662,-29.4570217],[-50.94580897,-29.45804874]]]]},"geometry_name":"geo_area_imovel","properties":{"cod_imovel":"RS-4316956-26DA39A895AC498088316FEADA06BE63","status_imovel":"AT","dat_criacao":"2017-11-01T00:52:14.964Z","area":4.4674,"condicao":"Aguardando análise","uf":"RS","municipio":"Santa Maria do Herval","cod_municipio_ibge":4316956,"m_fiscal":0.2482,"tipo_imovel":"IRU"}},{"type":"Feature","id":"sicar_imoveis_rs.11707356","geometry":{"type":"MultiPolygon","coordinates":[[[[-50.95991329,-29.45784967],[-50.95969218,-29.456843],[-50.96197019,-29.45665748],[-50.96201682,-29.45708544],[-50.96395653,-29.45691588],[-50.96413815,-29.45749804],[-50.95991329,-29.45784967]]]]},"geometry_name":"geo_area_imovel","properties":{"cod_imovel":"RS-4316956-26E8D2E96A654D95AF4A303DD63FC52C","status_imovel":"AT","dat_criacao":"2023-06-23T00:08:24.237Z","area":3.717,"condicao":"Aguardando análise","uf":"RS","municipio":"Santa Maria do Herval","cod_municipio_ibge":4316956,"m_fiscal":0.2065,"tipo_imovel":"IRU"}},{"type":"Feature","id":"sicar_imoveis_rs.3587197","geometry":{"type":"MultiPolygon","coordinates":[[[[-50.94204854,-29.50701968],[-50.94187316,-29.5061793],[-50.94307317,-29.50593185],[-50.94300174,-29.50638861],[-50.94283838,-29.50667523],[-50.94266362,-29.50685941],[-50.94240072,-29.50695281],[-50.94204854,-29.50701968]]]]},"geometry_name":"geo_area_imovel","properties":{"cod_imovel":"RS-4316956-2797E8E7D70F4BFAAA4037A74FFCFFD0","status_imovel":"AT","dat_criacao":"2016-08-12T00:25:21.636Z","area":0.9197,"condicao":"Aguardando análise","uf":"RS","municipio":"Santa Maria do Herval","cod_municipio_ibge":4316956,"m_fiscal":0.0511,"tipo_imovel":"IRU"}},{"type":"Feature","id":"sicar_imoveis_rs.3340485","geometry":{"type":"MultiPolygon","coordinates":[[[[-50.96431017,-29.53013271],[-50.96482515,-29.53237312],[-50.95789433,-29.53354931],[-50.95737934,-29.53078617],[-50.9625721,-29.52974064],[-50.96431017,-29.53013271]]]]},"geometry_name":"geo_area_imovel","properties":{"cod_imovel":"RS-4316956-27CBA5D3DFAA40ECA25188427357A4C9","status_imovel":"AT","dat_criacao":"2016-06-06T23:30:35.975Z","area":21.1904,"condicao":"Aguardando análise","uf":"RS","municipio":"Santa Maria do Herval","cod_municipio_ibge":4316956,"m_fiscal":1.1772,"tipo_imovel":"IRU"}},{"type":"Feature","id":"sicar_imoveis_rs.4947545","geometry":{"type":"MultiPolygon","coordinates":[[[[-50.96643607,-29.51189704],[-50.96627998,-29.51047472],[-50.96903375,-29.51033057],[-50.96912259,-29.51121748],[-50.96867294,-29.51172437],[-50.96643607,-29.51189704]]]]},"geometry_name":"geo_area_imovel","properties":{"cod_imovel":"RS-4316956-27D05BC4ED7F4661A4B3C1B703727203","status_imovel":"AT","dat_criacao":"2017-12-20T02:39:02.184Z","area":3.9939,"condicao":"Aguardando análise","uf":"RS","municipio":"Santa Maria do Herval","cod_municipio_ibge":4316956,"m_fiscal":0.2219,"tipo_imovel":"IRU"}},{"type":"Feature","id":"sicar_imoveis_rs.3603194","geometry":{"type":"MultiPolygon","coordinates":[[[[-50.93043718,-29.47163128],[-50.9304308,-29.47091065],[-50.94060831,-29.47118815],[-50.94051629,-29.47200199],[-50.93043718,-29.47163128]]]]},"geometry_name":"geo_area_imovel","properties":{"cod_imovel":"RS-4316956-27E182E0438346D5A054C79B8CE039FA","status_imovel":"AT","dat_criacao":"2016-08-18T00:15:33.471Z","area":8.3627,"condicao":"Aguardando análise","uf":"RS","municipio":"Santa Maria do Herval","cod_municipio_ibge":4316956,"m_fiscal":0.4646,"tipo_imovel":"IRU"}},{"type":"Feature","id":"sicar_imoveis_rs.5055261","geometry":{"type":"MultiPolygon","coordinates":[[[[-50.95017218,-29.51355905],[-50.94988494,-29.51148888],[-50.95261593,-29.51105996],[-50.95295633,-29.5131105],[-50.95017218,-29.51355905]]]]},"geometry_name":"geo_area_imovel","properties":{"cod_imovel":"RS-4316956-27F3474FA92D4234935FFC5F1D98931D","status_imovel":"AT","dat_criacao":"2017-12-30T09:28:44.885Z","area":6.2489,"condicao":"Aguardando análise","uf":"RS","municipio":"Santa Maria do Herval","cod_municipio_ibge":4316956,"m_fiscal":0.3472,"tipo_imovel":"IRU"}},{"type":"Feature","id":"sicar_imoveis_rs.14971272","geometry":{"type":"MultiPolygon","coordinates":[[[[-50.9313363,-29.5221086],[-50.92769337,-29.5225656],[-50.92706512,-29.52063329],[-50.93083515,-29.52016839],[-50.9313363,-29.5221086]]]]},"geometry_name":"geo_area_imovel","properties":{"cod_imovel":"RS-4316956-284B3F8A6214456DB411601E2DCF4153","status_imovel":"AT","dat_criacao":"2025-11-07T12:27:34.894Z","area":7.9853,"condicao":"Aguardando análise","uf":"RS","municipio":"Santa Maria do Herval","cod_municipio_ibge":4316956,"m_fiscal":0.4436,"tipo_imovel":"IRU"}},{"type":"Feature","id":"sicar_imoveis_rs.4387201","geometry":{"type":"MultiPolygon","coordinates":[[[[-50.98258533,-29.44921339],[-50.98267392,-29.44942873],[-50.9822322,-29.44948221],[-50.98227252,-29.44974312],[-50.97617721,-29.45027566],[-50.97620495,-29.45074804],[-50.96956259,-29.45133304],[-50.97017213,-29.45077707],[-50.97130283,-29.45018625],[-50.98258533,-29.44921339]]]]},"geometry_name":"geo_area_imovel","properties":{"cod_imovel":"RS-4316956-28A30CFA153D4A0182C141B208CAAF8F","status_imovel":"AT","dat_criacao":"2017-07-15T01:16:01.011Z","area":9.6578,"condicao":"Aguardando análise","uf":"RS","municipio":"Santa Maria do Herval","cod_municipio_ibge":4316956,"m_fiscal":0.5365,"tipo_imovel":"IRU"}},{"type":"Feature","id":"sicar_imoveis_rs.4649055","geometry":{"type":"MultiPolygon","coordinates":[[[[-50.97901055,-29.43395398],[-50.97937697,-29.43351391],[-50.97953366,-29.43279419],[-50.97955519,-29.4315698],[-50.97980485,-29.43069843],[-50.98007755,-29.4301878],[-50.98041314,-29.43000783],[-50.98086363,-29.42994157],[-50.98136338,-29.43009115],[-50.98166837,-29.43034727],[-50.98183506,-29.43061302],[-50.98268971,-29.43098505],[-50.98341481,-29.43093111],[-50.98375215,-29.43244557],[-50.98591052,-29.4321852],[-50.98589693,-29.43200557],[-50.9876782,-29.4318035],[-50.98772915,-29.43198339],[-50.98871166,-29.43186427],[-50.9887683,-29.43206384],[-50.9890709,-29.43199744],[-50.98906789,-29.43179115],[-50.99603838,-29.43112893],[-50.99601635,-29.43178739],[-50.97901055,-29.43395398]]]]},"geometry_name":"geo_area_imovel","properties":{"cod_imovel":"RS-4316956-28D2583E8F394C7CBD04B175B73FBB2A","status_imovel":"AT","dat_criacao":"2017-10-13T00:39:10.086Z","area":24.901,"condicao":"Aguardando análise","uf":"RS","municipio":"Santa Maria do Herval","cod_municipio_ibge":4316956,"m_fiscal":1.3834,"tipo_imovel":"IRU"}},{"type":"Feature","id":"sicar_imoveis_rs.5055221","geometry":{"type":"MultiPolygon","coordinates":[[[[-50.94100253,-29.49942413],[-50.94561599,-29.49861749],[-50.94591267,-29.50061059],[-50.94125108,-29.50136994],[-50.94100253,-29.49942413]]]]},"geometry_name":"geo_area_imovel","properties":{"cod_imovel":"RS-4316956-28D55900CE6A49F5B30455FBDB98134D","status_imovel":"AT","dat_criacao":"2017-12-30T09:22:08.266Z","area":10.0381,"condicao":"Aguardando análise","uf":"RS","municipio":"Santa Maria do Herval","cod_municipio_ibge":4316956,"m_fiscal":0.5577,"tipo_imovel":"IRU"}},{"type":"Feature","id":"sicar_imoveis_rs.4373402","geometry":{"type":"MultiPolygon","coordinates":[[[[-50.91277845,-29.50311642],[-50.9128133,-29.50187724],[-50.91825573,-29.50184718],[-50.91822526,-29.50310172],[-50.91277845,-29.50311642]]]]},"geometry_name":"geo_area_imovel","properties":{"cod_imovel":"RS-4316956-28E535EFBEAE44568F0A0826119C726E","status_imovel":"AT","dat_criacao":"2017-07-08T00:21:56.945Z","area":7.2898,"condicao":"Aguardando análise","uf":"RS","municipio":"Santa Maria do Herval","cod_municipio_ibge":4316956,"m_fiscal":0.405,"tipo_imovel":"IRU"}},{"type":"Feature","id":"sicar_imoveis_rs.3717206","geometry":{"type":"MultiPolygon","coordinates":[[[[-50.97844005,-29.39782368],[-50.97800016,-29.39862754],[-50.98327875,-29.39623462],[-50.98298907,-29.39578594],[-50.97844005,-29.39782368]]]]},"geometry_name":"geo_area_imovel","properties":{"cod_imovel":"RS-4316956-28EB18B51A674114B9BA9D782D856598","status_imovel":"AT","dat_criacao":"2016-09-18T00:07:42.449Z","area":3.1294,"condicao":"Aguardando análise","uf":"RS","municipio":"Santa Maria do Herval","cod_municipio_ibge":4316956,"m_fiscal":0.1739,"tipo_imovel":"IRU"}},{"type":"Feature","id":"sicar_imoveis_rs.15217884","geometry":{"type":"MultiPolygon","coordinates":[[[[-50.94779791,-29.54076023],[-50.94789185,-29.54126244],[-50.93934822,-29.54240243],[-50.93913063,-29.54198498],[-50.94779791,-29.54076023]]]]},"geometry_name":"geo_area_imovel","properties":{"cod_imovel":"RS-4316956-28F8A552A820469DAA316B840C0BFDB5","status_imovel":"AT","dat_criacao":"2026-01-22T18:24:03.287Z","area":4.4457,"condicao":"Aguardando análise","uf":"RS","municipio":"Santa Maria do Herval","cod_municipio_ibge":4316956,"m_fiscal":0.247,"tipo_imovel":"IRU"}},{"type":"Feature","id":"sicar_imoveis_rs.10339484","geometry":{"type":"MultiPolygon","coordinates":[[[[-50.98206639,-29.46035663],[-50.98198056,-29.45942247],[-50.98376155,-29.459273],[-50.98397613,-29.46015111],[-50.98206639,-29.46035663]]]]},"geometry_name":"geo_area_imovel","properties":{"cod_imovel":"RS-4316956-292AEFF077524C19BA7FCB262A9E8F92","status_imovel":"AT","dat_criacao":"2022-05-05T22:22:48.731Z","area":1.8251,"condicao":"Aguardando análise","uf":"RS","municipio":"Santa Maria do Herval","cod_municipio_ibge":4316956,"m_fiscal":0.1014,"tipo_imovel":"IRU"}},{"type":"Feature","id":"sicar_imoveis_rs.14481569","geometry":{"type":"MultiPolygon","coordinates":[[[[-50.95226146,-29.48638664],[-50.949771,-29.48634609],[-50.94545348,-29.48633264],[-50.94558057,-29.48653778],[-50.94590639,-29.48721614],[-50.94601093,-29.48737851],[-50.95225328,-29.48759231],[-50.95226146,-29.48638664]]]]},"geometry_name":"geo_area_imovel","properties":{"cod_imovel":"RS-4316956-292BCE73A2BE47D99B33EF874C0B8CD1","status_imovel":"AT","dat_criacao":"2025-07-24T16:09:34.464Z","area":7.9264,"condicao":"Aguardando análise","uf":"RS","municipio":"Santa Maria do Herval","cod_municipio_ibge":4316956,"m_fiscal":0.4404,"tipo_imovel":"IRU"}},{"type":"Feature","id":"sicar_imoveis_rs.15417811","geometry":{"type":"MultiPolygon","coordinates":[[[[-50.98331995,-29.45135266],[-50.98324602,-29.45122578],[-50.98315891,-29.45088088],[-50.99028509,-29.45025773],[-50.99035604,-29.4507703],[-50.98331995,-29.45135266]]]]},"geometry_name":"geo_area_imovel","properties":{"cod_imovel":"RS-4316956-29444B6B48C54AEBA6E640C82621E65F","status_imovel":"AT","dat_criacao":"2026-03-30T12:26:39.246Z","area":3.8276,"condicao":"Aguardando análise","uf":"RS","municipio":"Santa Maria do Herval","cod_municipio_ibge":4316956,"m_fiscal":0.2126,"tipo_imovel":"IRU"}},{"type":"Feature","id":"sicar_imoveis_rs.9252243","geometry":{"type":"MultiPolygon","coordinates":[[[[-50.95791301,-29.48740351],[-50.96080244,-29.48705022],[-50.96274185,-29.48764002],[-50.96051217,-29.4876461],[-50.96063702,-29.48789862],[-50.95796833,-29.48817689],[-50.95785991,-29.48785904],[-50.95806617,-29.48782403],[-50.95791301,-29.48740351]]]]},"geometry_name":"geo_area_imovel","properties":{"cod_imovel":"RS-4316956-2962185D0E964B95803F79EDC9D57D0D","status_imovel":"AT","dat_criacao":"2021-05-21T21:46:28.396Z","area":3.0212,"condicao":"Aguardando análise","uf":"RS","municipio":"Santa Maria do Herval","cod_municipio_ibge":4316956,"m_fiscal":0.1678,"tipo_imovel":"IRU"}},{"type":"Feature","id":"sicar_imoveis_rs.11041209","geometry":{"type":"MultiPolygon","coordinates":[[[[-50.92853203,-29.5120357],[-50.92847105,-29.51220137],[-50.92867421,-29.51226467],[-50.9286584,-29.512325],[-50.92813416,-29.51233832],[-50.92809482,-29.5125735],[-50.927048,-29.51259338],[-50.92650003,-29.51260144],[-50.92491261,-29.51262672],[-50.92380751,-29.51265208],[-50.92352789,-29.51265382],[-50.92278009,-29.51264406],[-50.92277334,-29.51220822],[-50.9247852,-29.51214986],[-50.92542772,-29.51212288],[-50.92583409,-29.51210586],[-50.92612919,-29.51211612],[-50.92629791,-29.51209658],[-50.9265248,-29.51210754],[-50.92670914,-29.51197666],[-50.927101,-29.51208173],[-50.92731305,-29.51208692],[-50.92758578,-29.51200965],[-50.92770461,-29.51205351],[-50.92853203,-29.5120357]]]]},"geometry_name":"geo_area_imovel","properties":{"cod_imovel":"RS-4316956-2A0E525019214833AA48FEB374A637D7","status_imovel":"AT","dat_criacao":"2022-11-28T19:31:33.251Z","area":2.9934,"condicao":"Aguardando análise","uf":"RS","municipio":"Santa Maria do Herval","cod_municipio_ibge":4316956,"m_fiscal":0.1663,"tipo_imovel":"IRU"}},{"type":"Feature","id":"sicar_imoveis_rs.4203507","geometry":{"type":"MultiPolygon","coordinates":[[[[-50.94491024,-29.49448793],[-50.94499628,-29.49291763],[-50.95222184,-29.49296091],[-50.95219089,-29.4944713],[-50.94491024,-29.49448793]]]]},"geometry_name":"geo_area_imovel","properties":{"cod_imovel":"RS-4316956-2A72E4AA005C4122823AF2A51F299A61","status_imovel":"AT","dat_criacao":"2017-05-11T00:12:46.458Z","area":12.0001,"condicao":"Aguardando análise","uf":"RS","municipio":"Santa Maria do Herval","cod_municipio_ibge":4316956,"m_fiscal":0.6667,"tipo_imovel":"IRU"}},{"type":"Feature","id":"sicar_imoveis_rs.4843069","geometry":{"type":"MultiPolygon","coordinates":[[[[-50.91075028,-29.48644133],[-50.91062558,-29.48356266],[-50.91728231,-29.48372392],[-50.91728361,-29.4848114],[-50.91630883,-29.48478986],[-50.91519023,-29.48502178],[-50.91396761,-29.48574785],[-50.91400957,-29.48651466],[-50.91075028,-29.48644133]]]]},"geometry_name":"geo_area_imovel","properties":{"cod_imovel":"RS-4316956-2A7CB389E82242F2B5F4ED9CA72C5959","status_imovel":"AT","dat_criacao":"2017-12-09T00:43:44.307Z","area":15.0084,"condicao":"Aguardando análise","uf":"RS","municipio":"Santa Maria do Herval","cod_municipio_ibge":4316956,"m_fiscal":0.8338,"tipo_imovel":"IRU"}},{"type":"Feature","id":"sicar_imoveis_rs.7568090","geometry":{"type":"MultiPolygon","coordinates":[[[[-50.96971988,-29.47300508],[-50.959814,-29.47370395],[-50.95967196,-29.47202137],[-50.95987453,-29.47202138],[-50.95980496,-29.47152185],[-50.96954903,-29.47084934],[-50.96971988,-29.47300508]]]]},"geometry_name":"geo_area_imovel","properties":{"cod_imovel":"RS-4316956-2A872A09D795429684611465AEFEDF0B","status_imovel":"AT","dat_criacao":"2019-10-08T01:28:50.891Z","area":23.0619,"condicao":"Aguardando análise","uf":"RS","municipio":"Santa Maria do Herval","cod_municipio_ibge":4316956,"m_fiscal":1.2812,"tipo_imovel":"IRU"}},{"type":"Feature","id":"sicar_imoveis_rs.3737252","geometry":{"type":"MultiPolygon","coordinates":[[[[-51.01672625,-29.51377092],[-51.01690947,-29.51509136],[-51.01149403,-29.51554683],[-51.01133705,-29.51424917],[-51.01672625,-29.51377092]]]]},"geometry_name":"geo_area_imovel","properties":{"cod_imovel":"RS-4316956-2B16B38CFFAC4F548FC77823C60BB2F3","status_imovel":"AT","dat_criacao":"2016-09-28T00:17:32.551Z","area":7.6791,"condicao":"Aguardando análise","uf":"RS","municipio":"Santa Maria do Herval","cod_municipio_ibge":4316956,"m_fiscal":0.4266,"tipo_imovel":"IRU"}},{"type":"Feature","id":"sicar_imoveis_rs.4118922","geometry":{"type":"MultiPolygon","coordinates":[[[[-50.96137783,-29.44908203],[-50.96147621,-29.45037752],[-50.95642875,-29.45074281],[-50.95563358,-29.45089107],[-50.95544497,-29.45092955],[-50.95508625,-29.45101719],[-50.95468634,-29.45115433],[-50.95455871,-29.45120035],[-50.95437379,-29.45119926],[-50.95423301,-29.4511299],[-50.95414442,-29.45105398],[-50.95400323,-29.45082667],[-50.95386712,-29.45051797],[-50.95381167,-29.45043455],[-50.95371179,-29.45023492],[-50.95358499,-29.45011352],[-50.95395481,-29.45025714],[-50.95400355,-29.45029722],[-50.95410911,-29.45021341],[-50.95412235,-29.44998622],[-50.95426206,-29.44989472],[-50.96137783,-29.44908203]]]]},"geometry_name":"geo_area_imovel","properties":{"cod_imovel":"RS-4316956-2B24C2EAF639462BA8ADF3661D76D9B2","status_imovel":"AT","dat_criacao":"2017-04-11T00:07:10.675Z","area":9.6016,"condicao":"Aguardando análise","uf":"RS","municipio":"Santa Maria do Herval","cod_municipio_ibge":4316956,"m_fiscal":0.5334,"tipo_imovel":"IRU"}},{"type":"Feature","id":"sicar_imoveis_rs.3980248","geometry":{"type":"MultiPolygon","coordinates":[[[[-51.04381162,-29.47850851],[-51.04373255,-29.47900851],[-51.04288097,-29.4790949],[-51.04290062,-29.47857768],[-51.03830598,-29.47911307],[-51.03812754,-29.47832001],[-51.05395125,-29.47666102],[-51.05401098,-29.47747135],[-51.04381162,-29.47850851]]]]},"geometry_name":"geo_area_imovel","properties":{"cod_imovel":"RS-4316956-2B27869392E941FD8DAE92E3B0620155","status_imovel":"AT","dat_criacao":"2017-02-06T23:17:07.259Z","area":13.9261,"condicao":"Aguardando análise","uf":"RS","municipio":"Santa Maria do Herval","cod_municipio_ibge":4316956,"m_fiscal":0.7737,"tipo_imovel":"IRU"}},{"type":"Feature","id":"sicar_imoveis_rs.4152811","geometry":{"type":"MultiPolygon","coordinates":[[[[-50.95064595,-29.51598964],[-50.95048053,-29.5183774],[-50.94885874,-29.51859879],[-50.94905904,-29.51626854],[-50.95064595,-29.51598964]]]]},"geometry_name":"geo_area_imovel","properties":{"cod_imovel":"RS-4316956-2C73633F30464F0ABE9841787778E9B7","status_imovel":"AT","dat_criacao":"2017-04-25T00:23:05.291Z","area":4.0148,"condicao":"Aguardando análise","uf":"RS","municipio":"Santa Maria do Herval","cod_municipio_ibge":4316956,"m_fiscal":0.223,"tipo_imovel":"IRU"}},{"type":"Feature","id":"sicar_imoveis_rs.2491741","geometry":{"type":"MultiPolygon","coordinates":[[[[-50.96100134,-29.42704364],[-50.9606546,-29.42719742],[-50.96040888,-29.42733112],[-50.9602883,-29.42759926],[-50.96019369,-29.42781285],[-50.96002265,-29.4280224],[-50.95973085,-29.42819797],[-50.95952937,-29.42819544],[-50.95932703,-29.4282134],[-50.95906802,-29.42820272],[-50.95879742,-29.42817233],[-50.95862872,-29.42803516],[-50.95857275,-29.4278392],[-50.95855043,-29.42755449],[-50.95849528,-29.42733111],[-50.95839762,-29.42702575],[-50.958142,-29.42682487],[-50.95797512,-29.42669973],[-50.95745458,-29.42658014],[-50.95737078,-29.43073824],[-50.96091357,-29.43065463],[-50.96100134,-29.42704364]]]]},"geometry_name":"geo_area_imovel","properties":{"cod_imovel":"RS-4316956-2C80E4B27F314B2E93A55F709DCC0ED8","status_imovel":"AT","dat_criacao":"2016-04-14T09:34:04.011Z","area":12.079,"condicao":"Aguardando análise","uf":"RS","municipio":"Santa Maria do Herval","cod_municipio_ibge":4316956,"m_fiscal":0.6711,"tipo_imovel":"IRU"}},{"type":"Feature","id":"sicar_imoveis_rs.5315455","geometry":{"type":"MultiPolygon","coordinates":[[[[-50.91573821,-29.47539945],[-50.91944682,-29.4757445],[-50.9191947,-29.4765693],[-50.91576316,-29.47647213],[-50.91573821,-29.47539945]]]]},"geometry_name":"geo_area_imovel","properties":{"cod_imovel":"RS-4316956-2CC9652215D84AECAC50268F4791DF8F","status_imovel":"AT","dat_criacao":"2018-03-29T01:53:34.237Z","area":3.6654,"condicao":"Aguardando análise","uf":"RS","municipio":"Santa Maria do Herval","cod_municipio_ibge":4316956,"m_fiscal":0.2036,"tipo_imovel":"IRU"}},{"type":"Feature","id":"sicar_imoveis_rs.3310117","geometry":{"type":"MultiPolygon","coordinates":[[[[-50.97784988,-29.42408774],[-50.97832546,-29.42457959],[-50.97586164,-29.42539676],[-50.97548022,-29.42457472],[-50.97784988,-29.42408774]]]]},"geometry_name":"geo_area_imovel","properties":{"cod_imovel":"RS-4316956-2D12585954CF49D388971A18ED3FDDA0","status_imovel":"AT","dat_criacao":"2016-06-03T15:38:59.250Z","area":2.0066,"condicao":"Aguardando análise","uf":"RS","municipio":"Santa Maria do Herval","cod_municipio_ibge":4316956,"m_fiscal":0.1115,"tipo_imovel":"IRU"}},{"type":"Feature","id":"sicar_imoveis_rs.4619119","geometry":{"type":"MultiPolygon","coordinates":[[[[-50.93297343,-29.51794998],[-50.93094248,-29.51828425],[-50.93052782,-29.51684061],[-50.93228115,-29.51658686],[-50.93297343,-29.51794998]]]]},"geometry_name":"geo_area_imovel","properties":{"cod_imovel":"RS-4316956-2D419CBE56EE4DFAACC85D67A9B53A79","status_imovel":"AT","dat_criacao":"2017-10-02T00:43:46.254Z","area":3.026,"condicao":"Aguardando análise","uf":"RS","municipio":"Santa Maria do Herval","cod_municipio_ibge":4316956,"m_fiscal":0.1681,"tipo_imovel":"IRU"}},{"type":"Feature","id":"sicar_imoveis_rs.4152791","geometry":{"type":"MultiPolygon","coordinates":[[[[-51.01354687,-29.4849962],[-51.01341021,-29.48423994],[-51.02425763,-29.48293238],[-51.02444748,-29.48383121],[-51.01354687,-29.4849962]]]]},"geometry_name":"geo_area_imovel","properties":{"cod_imovel":"RS-4316956-2D5BF067CE3D4511864F49770046E3F6","status_imovel":"AT","dat_criacao":"2017-04-25T00:21:40.756Z","area":9.8825,"condicao":"Aguardando análise","uf":"RS","municipio":"Santa Maria do Herval","cod_municipio_ibge":4316956,"m_fiscal":0.549,"tipo_imovel":"IRU"}},{"type":"Feature","id":"sicar_imoveis_rs.3446850","geometry":{"type":"MultiPolygon","coordinates":[[[[-50.98877913,-29.38901413],[-50.98893276,-29.38878995],[-50.99110174,-29.38764758],[-50.99158234,-29.38838287],[-50.99153225,-29.3890286],[-50.99173761,-29.38930487],[-50.99177683,-29.38956867],[-50.99047784,-29.39015434],[-50.98877913,-29.38901413]]]]},"geometry_name":"geo_area_imovel","properties":{"cod_imovel":"RS-4316956-2D63702CCCF642338F0B97453438F511","status_imovel":"AT","dat_criacao":"2016-07-05T00:18:49.293Z","area":4.5458,"condicao":"Aguardando análise","uf":"RS","municipio":"Santa Maria do Herval","cod_municipio_ibge":4316956,"m_fiscal":0.2525,"tipo_imovel":"IRU"}},{"type":"Feature","id":"sicar_imoveis_rs.4018320","geometry":{"type":"MultiPolygon","coordinates":[[[[-50.97312927,-29.50806207],[-50.97325802,-29.51000418],[-50.97471714,-29.50992949],[-50.97458839,-29.5080434],[-50.97312927,-29.50806207]]]]},"geometry_name":"geo_area_imovel","properties":{"cod_imovel":"RS-4316956-2D746A21A28C48F4BCFEDE5878286E52","status_imovel":"AT","dat_criacao":"2017-02-24T00:07:22.513Z","area":3.0056,"condicao":"Aguardando análise","uf":"RS","municipio":"Santa Maria do Herval","cod_municipio_ibge":4316956,"m_fiscal":0.167,"tipo_imovel":"IRU"}},{"type":"Feature","id":"sicar_imoveis_rs.5598393","geometry":{"type":"MultiPolygon","coordinates":[[[[-50.93557233,-29.46883154],[-50.93438796,-29.46878587],[-50.93313734,-29.4687378],[-50.93213695,-29.46869551],[-50.93130011,-29.46866974],[-50.93124318,-29.46853807],[-50.9324158,-29.4685737],[-50.93358961,-29.46861296],[-50.93467713,-29.4686482],[-50.93557554,-29.46866371],[-50.93557233,-29.46883154]]]]},"geometry_name":"geo_area_imovel","properties":{"cod_imovel":"RS-4316956-2D77A09D9BB24C3BA046888E09924979","status_imovel":"AT","dat_criacao":"2018-05-31T07:16:55.631Z","area":0.6576,"condicao":"Aguardando análise","uf":"RS","municipio":"Santa Maria do Herval","cod_municipio_ibge":4316956,"m_fiscal":0.0365,"tipo_imovel":"IRU"}},{"type":"Feature","id":"sicar_imoveis_rs.4997809","geometry":{"type":"MultiPolygon","coordinates":[[[[-50.9222717,-29.48608646],[-50.92215495,-29.48550961],[-50.92215933,-29.48492631],[-50.92288614,-29.48492045],[-50.92304506,-29.48389011],[-50.93020912,-29.48407434],[-50.93014355,-29.48624331],[-50.9222717,-29.48608646]]]]},"geometry_name":"geo_area_imovel","properties":{"cod_imovel":"RS-4316956-2D817FD2318D4108A8498CC80C930089","status_imovel":"AT","dat_criacao":"2017-12-26T23:55:23.747Z","area":17.9528,"condicao":"Aguardando análise","uf":"RS","municipio":"Santa Maria do Herval","cod_municipio_ibge":4316956,"m_fiscal":0.9974,"tipo_imovel":"IRU"}},{"type":"Feature","id":"sicar_imoveis_rs.4985113","geometry":{"type":"MultiPolygon","coordinates":[[[[-50.94051573,-29.43869467],[-50.94242437,-29.43846316],[-50.94041127,-29.44355462],[-50.93965062,-29.44247663],[-50.94051573,-29.43869467]]]]},"geometry_name":"geo_area_imovel","properties":{"cod_imovel":"RS-4316956-2DC19FCFE53F477CAE9EBBAFF9A6350C","status_imovel":"AT","dat_criacao":"2017-12-23T23:43:00.616Z","area":7.0176,"condicao":"Aguardando análise","uf":"RS","municipio":"Santa Maria do Herval","cod_municipio_ibge":4316956,"m_fiscal":0.3899,"tipo_imovel":"IRU"}},{"type":"Feature","id":"sicar_imoveis_rs.14619745","geometry":{"type":"MultiPolygon","coordinates":[[[[-50.93459794,-29.46341081],[-50.93456297,-29.4648477],[-50.93266001,-29.46476063],[-50.93269052,-29.46337229],[-50.93459794,-29.46341081]]]]},"geometry_name":"geo_area_imovel","properties":{"cod_imovel":"RS-4316956-2DF69F15DF724F31A895F68DB3217D40","status_imovel":"AT","dat_criacao":"2025-08-22T20:41:04.122Z","area":2.8936,"condicao":"Aguardando análise","uf":"RS","municipio":"Santa Maria do Herval","cod_municipio_ibge":4316956,"m_fiscal":0.1608,"tipo_imovel":"IRU"}},{"type":"Feature","id":"sicar_imoveis_rs.11473858","geometry":{"type":"MultiPolygon","coordinates":[[[[-50.93014096,-29.48605671],[-50.93018602,-29.4850566],[-50.93905786,-29.48525472],[-50.93883906,-29.48627608],[-50.93014096,-29.48605671]]]]},"geometry_name":"geo_area_imovel","properties":{"cod_imovel":"RS-4316956-2E0EE6EB47AE4338900ECE1DE489ADC9","status_imovel":"AT","dat_criacao":"2023-04-11T01:10:02.709Z","area":9.5668,"condicao":"Aguardando análise","uf":"RS","municipio":"Santa Maria do Herval","cod_municipio_ibge":4316956,"m_fiscal":0.5315,"tipo_imovel":"IRU"}},{"type":"Feature","id":"sicar_imoveis_rs.4152815","geometry":{"type":"MultiPolygon","coordinates":[[[[-50.96259001,-29.51987117],[-50.96426484,-29.51977398],[-50.96410649,-29.52001086],[-50.96399872,-29.52037119],[-50.96395546,-29.5207247],[-50.96392105,-29.52092377],[-50.96375788,-29.52111744],[-50.96356852,-29.52125159],[-50.96321795,-29.52138619],[-50.96286,-29.52143118],[-50.96259001,-29.51987117]]]]},"geometry_name":"geo_area_imovel","properties":{"cod_imovel":"RS-4316956-2E2B6E8F65A3411EA5BF25EB2DCFF1BF","status_imovel":"AT","dat_criacao":"2017-04-25T00:23:24.743Z","area":2.0251,"condicao":"Aguardando análise","uf":"RS","municipio":"Santa Maria do Herval","cod_municipio_ibge":4316956,"m_fiscal":0.1125,"tipo_imovel":"IRU"}},{"type":"Feature","id":"sicar_imoveis_rs.14038112","geometry":{"type":"MultiPolygon","coordinates":[[[[-50.99057746,-29.42273064],[-50.99050024,-29.42260077],[-50.99013259,-29.42239776],[-50.9898135,-29.42202258],[-50.98966365,-29.42177816],[-50.9898248,-29.42134961],[-50.98933777,-29.42077484],[-50.9932814,-29.41878282],[-50.99561246,-29.42037649],[-50.99057746,-29.42273064]]]]},"geometry_name":"geo_area_imovel","properties":{"cod_imovel":"RS-4316956-2E3D2181D3F7433F8AAF81EE41E641DE","status_imovel":"AT","dat_criacao":"2025-04-10T20:14:41.400Z","area":12.9557,"condicao":"Aguardando análise","uf":"RS","municipio":"Santa Maria do Herval","cod_municipio_ibge":4316956,"m_fiscal":0.7198,"tipo_imovel":"IRU"}},{"type":"Feature","id":"sicar_imoveis_rs.4737536","geometry":{"type":"MultiPolygon","coordinates":[[[[-50.96835755,-29.43911788],[-50.97083727,-29.43895819],[-50.97081881,-29.4409067],[-50.96839591,-29.44101616],[-50.96835755,-29.43911788]]]]},"geometry_name":"geo_area_imovel","properties":{"cod_imovel":"RS-4316956-2E55CC0623BB4FF1B22E5BDAA7F76ADA","status_imovel":"AT","dat_criacao":"2017-11-12T23:42:36.140Z","area":5.0679,"condicao":"Aguardando análise","uf":"RS","municipio":"Santa Maria do Herval","cod_municipio_ibge":4316956,"m_fiscal":0.2815,"tipo_imovel":"IRU"}},{"type":"Feature","id":"sicar_imoveis_rs.4947468","geometry":{"type":"MultiPolygon","coordinates":[[[[-51.00492722,-29.45517998],[-51.00391878,-29.45528832],[-51.00359988,-29.45115192],[-51.00459974,-29.45105129],[-51.00492722,-29.45517998]]]]},"geometry_name":"geo_area_imovel","properties":{"cod_imovel":"RS-4316956-2E56BBB6F3174B6C9B14F1CBADC92659","status_imovel":"AT","dat_criacao":"2017-12-20T02:29:04.354Z","area":4.4949,"condicao":"Aguardando análise","uf":"RS","municipio":"Santa Maria do Herval","cod_municipio_ibge":4316956,"m_fiscal":0.2497,"tipo_imovel":"IRU"}},{"type":"Feature","id":"sicar_imoveis_rs.4947511","geometry":{"type":"MultiPolygon","coordinates":[[[[-50.96711969,-29.51617471],[-50.96458733,-29.5163585],[-50.96435098,-29.51468606],[-50.96696106,-29.51447437],[-50.96711969,-29.51617471]]]]},"geometry_name":"geo_area_imovel","properties":{"cod_imovel":"RS-4316956-2E5BA659C2E64AD7BFDF56B6B46C1D58","status_imovel":"AT","dat_criacao":"2017-12-20T02:33:36.394Z","area":4.698,"condicao":"Aguardando análise","uf":"RS","municipio":"Santa Maria do Herval","cod_municipio_ibge":4316956,"m_fiscal":0.261,"tipo_imovel":"IRU"}},{"type":"Feature","id":"sicar_imoveis_rs.4672740","geometry":{"type":"MultiPolygon","coordinates":[[[[-50.94721924,-29.51396721],[-50.94696378,-29.51210786],[-50.94987414,-29.51151764],[-50.95015132,-29.51355],[-50.94721924,-29.51396721]]]]},"geometry_name":"geo_area_imovel","properties":{"cod_imovel":"RS-4316956-2E8748B22F8A4D3A8179718D1F3F63A8","status_imovel":"AT","dat_criacao":"2017-10-22T23:44:47.814Z","area":6.2479,"condicao":"Aguardando análise","uf":"RS","municipio":"Santa Maria do Herval","cod_municipio_ibge":4316956,"m_fiscal":0.3471,"tipo_imovel":"IRU"}},{"type":"Feature","id":"sicar_imoveis_rs.4152814","geometry":{"type":"MultiPolygon","coordinates":[[[[-51.01409385,-29.49234755],[-51.00450449,-29.49330878],[-51.00446007,-29.49244119],[-51.01402425,-29.49137795],[-51.01409385,-29.49234755]]]]},"geometry_name":"geo_area_imovel","properties":{"cod_imovel":"RS-4316956-2EAF7AD4672B44C9AF89E23BC4959D7C","status_imovel":"AT","dat_criacao":"2017-04-25T00:23:25.320Z","area":9.5104,"condicao":"Aguardando análise","uf":"RS","municipio":"Santa Maria do Herval","cod_municipio_ibge":4316956,"m_fiscal":0.5284,"tipo_imovel":"IRU"}},{"type":"Feature","id":"sicar_imoveis_rs.4737526","geometry":{"type":"MultiPolygon","coordinates":[[[[-50.91889424,-29.47369478],[-50.91886728,-29.474294],[-50.91408703,-29.47406783],[-50.91411805,-29.4734951],[-50.91889424,-29.47369478]]]]},"geometry_name":"geo_area_imovel","properties":{"cod_imovel":"RS-4316956-2F4004B2253348FCA27B4DB6E4CD2A16","status_imovel":"AT","dat_criacao":"2017-11-12T23:41:02.940Z","area":3.0144,"condicao":"Aguardando análise","uf":"RS","municipio":"Santa Maria do Herval","cod_municipio_ibge":4316956,"m_fiscal":0.1675,"tipo_imovel":"IRU"}},{"type":"Feature","id":"sicar_imoveis_rs.3109552","geometry":{"type":"MultiPolygon","coordinates":[[[[-50.97713113,-29.40404879],[-50.97809672,-29.40522648],[-50.982517,-29.40346929],[-50.98068237,-29.40249722],[-50.97713113,-29.40404879]]]]},"geometry_name":"geo_area_imovel","properties":{"cod_imovel":"RS-4316956-2F50714D26A849369F42616FCD0E8F73","status_imovel":"AT","dat_criacao":"2016-05-21T12:19:03.722Z","area":7.0953,"condicao":"Aguardando análise","uf":"RS","municipio":"Santa Maria do Herval","cod_municipio_ibge":4316956,"m_fiscal":0.3942,"tipo_imovel":"IRU"}},{"type":"Feature","id":"sicar_imoveis_rs.4577262","geometry":{"type":"MultiPolygon","coordinates":[[[[-50.97142071,-29.51014673],[-50.9700501,-29.51025759],[-50.96978065,-29.5082982],[-50.97126012,-29.50819344],[-50.97142071,-29.51014673]]]]},"geometry_name":"geo_area_imovel","properties":{"cod_imovel":"RS-4316956-2F63A15F8C43417F9BF1B0E2F855D289","status_imovel":"AT","dat_criacao":"2017-09-21T00:24:15.779Z","area":3.0187,"condicao":"Aguardando análise","uf":"RS","municipio":"Santa Maria do Herval","cod_municipio_ibge":4316956,"m_fiscal":0.1677,"tipo_imovel":"IRU"}},{"type":"Feature","id":"sicar_imoveis_rs.4947466","geometry":{"type":"MultiPolygon","coordinates":[[[[-50.97063362,-29.50547103],[-50.97040249,-29.50597671],[-50.97014037,-29.50635894],[-50.96267268,-29.50698156],[-50.9624532,-29.5060703],[-50.97063362,-29.50547103]]]]},"geometry_name":"geo_area_imovel","properties":{"cod_imovel":"RS-4316956-2F8C95715F6240688E0D79B02CF344D8","status_imovel":"AT","dat_criacao":"2017-12-20T02:28:54.353Z","area":7.4923,"condicao":"Aguardando análise","uf":"RS","municipio":"Santa Maria do Herval","cod_municipio_ibge":4316956,"m_fiscal":0.4162,"tipo_imovel":"IRU"}},{"type":"Feature","id":"sicar_imoveis_rs.3475442","geometry":{"type":"MultiPolygon","coordinates":[[[[-50.95330463,-29.45758017],[-50.95325222,-29.45824197],[-50.94581009,-29.45805821],[-50.94587767,-29.45721781],[-50.95330463,-29.45758017]]]]},"geometry_name":"geo_area_imovel","properties":{"cod_imovel":"RS-4316956-2FA97F0EF6F342AFBF0D5225BD2F42AF","status_imovel":"AT","dat_criacao":"2016-07-13T00:29:34.482Z","area":6.0171,"condicao":"Aguardando análise","uf":"RS","municipio":"Santa Maria do Herval","cod_municipio_ibge":4316956,"m_fiscal":0.3343,"tipo_imovel":"IRU"}},{"type":"Feature","id":"sicar_imoveis_rs.4261331","geometry":{"type":"MultiPolygon","coordinates":[[[[-50.99524347,-29.43540423],[-50.99526529,-29.43740443],[-50.99289792,-29.4376695],[-50.99280148,-29.43710796],[-50.99319898,-29.43706152],[-50.99297026,-29.43571526],[-50.99524347,-29.43540423]]]]},"geometry_name":"geo_area_imovel","properties":{"cod_imovel":"RS-4316956-2FACF3E17220422CAB80CEFB5E2F0553","status_imovel":"AT","dat_criacao":"2017-05-31T00:46:19.655Z","area":4.7521,"condicao":"Aguardando análise","uf":"RS","municipio":"Santa Maria do Herval","cod_municipio_ibge":4316956,"m_fiscal":0.264,"tipo_imovel":"IRU"}},{"type":"Feature","id":"sicar_imoveis_rs.7872187","geometry":{"type":"MultiPolygon","coordinates":[[[[-50.92651108,-29.51901377],[-50.92646812,-29.51871375],[-50.92660965,-29.51809709],[-50.92640256,-29.51754819],[-50.93053686,-29.51683379],[-50.93096142,-29.51828783],[-50.92651108,-29.51901377]]]]},"geometry_name":"geo_area_imovel","properties":{"cod_imovel":"RS-4316956-2FBBCF320BC5444DABDF52110AA2F455","status_imovel":"AT","dat_criacao":"2020-01-09T01:37:06.467Z","area":6.8404,"condicao":"Aguardando análise","uf":"RS","municipio":"Santa Maria do Herval","cod_municipio_ibge":4316956,"m_fiscal":0.38,"tipo_imovel":"IRU"}},{"type":"Feature","id":"sicar_imoveis_rs.3737291","geometry":{"type":"MultiPolygon","coordinates":[[[[-50.91848671,-29.51780582],[-50.91863266,-29.51880773],[-50.91587586,-29.51923811],[-50.91580292,-29.51820797],[-50.91848671,-29.51780582]]]]},"geometry_name":"geo_area_imovel","properties":{"cod_imovel":"RS-4316956-2FBF579177194B3C83556B063954D967","status_imovel":"AT","dat_criacao":"2016-09-28T00:19:55.872Z","area":3.0167,"condicao":"Aguardando análise","uf":"RS","municipio":"Santa Maria do Herval","cod_municipio_ibge":4316956,"m_fiscal":0.1676,"tipo_imovel":"IRU"}},{"type":"Feature","id":"sicar_imoveis_rs.4059827","geometry":{"type":"MultiPolygon","coordinates":[[[[-51.01009079,-29.44854562],[-51.01021399,-29.44954891],[-51.00538182,-29.45016153],[-51.00545265,-29.45059158],[-51.00498358,-29.45038697],[-51.00459173,-29.45019953],[-51.00469436,-29.45001051],[-51.00499741,-29.44982003],[-51.0050607,-29.44960899],[-51.00509986,-29.44933793],[-51.00513793,-29.44904437],[-51.00539916,-29.44872751],[-51.00554732,-29.44850747],[-51.00565825,-29.44832608],[-51.00585864,-29.44824501],[-51.00613064,-29.44832589],[-51.00648891,-29.44850709],[-51.00692467,-29.4486471],[-51.00751486,-29.44858685],[-51.00810917,-29.44866656],[-51.00843734,-29.4487859],[-51.00886494,-29.44878571],[-51.00925206,-29.44862609],[-51.00976308,-29.44858585],[-51.01009079,-29.44854562]]]]},"geometry_name":"geo_area_imovel","properties":{"cod_imovel":"RS-4316956-2FE531BA962E46C9AA94C9245D5CDF82","status_imovel":"AT","dat_criacao":"2017-03-17T00:13:51.256Z","area":7.2439,"condicao":"Aguardando análise","uf":"RS","municipio":"Santa Maria do Herval","cod_municipio_ibge":4316956,"m_fiscal":0.4024,"tipo_imovel":"IRU"}},{"type":"Feature","id":"sicar_imoveis_rs.11079865","geometry":{"type":"MultiPolygon","coordinates":[[[[-50.98127395,-29.50633892],[-50.98130075,-29.50735238],[-50.97151347,-29.50815276],[-50.97123375,-29.50718633],[-50.98127395,-29.50633892]]]]},"geometry_name":"geo_area_imovel","properties":{"cod_imovel":"RS-4316956-301BDEC959C44292BA2735FE1F1B5476","status_imovel":"AT","dat_criacao":"2022-12-08T19:22:20.035Z","area":10.6747,"condicao":"Aguardando análise","uf":"RS","municipio":"Santa Maria do Herval","cod_municipio_ibge":4316956,"m_fiscal":0.593,"tipo_imovel":"IRU"}},{"type":"Feature","id":"sicar_imoveis_rs.7594573","geometry":{"type":"MultiPolygon","coordinates":[[[[-50.92788824,-29.53575626],[-50.92767331,-29.53516932],[-50.92705179,-29.53539914],[-50.926289,-29.53554482],[-50.92535061,-29.53565737],[-50.9251678,-29.53560945],[-50.92505454,-29.53544574],[-50.92466375,-29.53550089],[-50.92463512,-29.53479466],[-50.92307849,-29.53506871],[-50.92298035,-29.53432198],[-50.92797308,-29.53340294],[-50.92813947,-29.5337134],[-50.92605449,-29.5340802],[-50.92616485,-29.53501056],[-50.92910594,-29.53456286],[-50.92950143,-29.53540888],[-50.92788824,-29.53575626]]]]},"geometry_name":"geo_area_imovel","properties":{"cod_imovel":"RS-4316956-303798ED3AEC4D28A8CD2C1F89428617","status_imovel":"AT","dat_criacao":"2019-10-15T01:56:52.236Z","area":7.1616,"condicao":"Aguardando análise","uf":"RS","municipio":"Santa Maria do Herval","cod_municipio_ibge":4316956,"m_fiscal":0.3979,"tipo_imovel":"IRU"}},{"type":"Feature","id":"sicar_imoveis_rs.11605295","geometry":{"type":"MultiPolygon","coordinates":[[[[-50.92714548,-29.53390403],[-50.92680216,-29.53315725],[-50.93296427,-29.53205087],[-50.932559,-29.53295074],[-50.92714548,-29.53390403]]]]},"geometry_name":"geo_area_imovel","properties":{"cod_imovel":"RS-4316956-304EE3CB83314C3B98ECCCB042E67CFB","status_imovel":"AT","dat_criacao":"2023-05-27T17:05:15.603Z","area":5.0818,"condicao":"Aguardando análise","uf":"RS","municipio":"Santa Maria do Herval","cod_municipio_ibge":4316956,"m_fiscal":0.2823,"tipo_imovel":"IRU"}},{"type":"Feature","id":"sicar_imoveis_rs.5055254","geometry":{"type":"MultiPolygon","coordinates":[[[[-50.97291894,-29.40959736],[-50.97247627,-29.41069724],[-50.97019208,-29.41162794],[-50.96887139,-29.41078675],[-50.97066459,-29.40877818],[-50.97291894,-29.40959736]]]]},"geometry_name":"geo_area_imovel","properties":{"cod_imovel":"RS-4316956-3056A957063548F4862CF279197FB48F","status_imovel":"AT","dat_criacao":"2017-12-30T09:27:42.810Z","area":7.0259,"condicao":"Aguardando análise","uf":"RS","municipio":"Santa Maria do Herval","cod_municipio_ibge":4316956,"m_fiscal":0.3903,"tipo_imovel":"IRU"}},{"type":"Feature","id":"sicar_imoveis_rs.4544480","geometry":{"type":"MultiPolygon","coordinates":[[[[-50.95786672,-29.44693068],[-50.95772624,-29.44629324],[-50.96489152,-29.44565689],[-50.96471679,-29.44634591],[-50.95786672,-29.44693068]]]]},"geometry_name":"geo_area_imovel","properties":{"cod_imovel":"RS-4316956-30778E5952FD448290BD0F9EBCCCBF98","status_imovel":"AT","dat_criacao":"2017-09-09T00:38:32.856Z","area":4.9827,"condicao":"Aguardando análise","uf":"RS","municipio":"Santa Maria do Herval","cod_municipio_ibge":4316956,"m_fiscal":0.2768,"tipo_imovel":"IRU"}},{"type":"Feature","id":"sicar_imoveis_rs.16306278","geometry":{"type":"MultiPolygon","coordinates":[[[[-50.98659698,-29.47749392],[-50.98643994,-29.4777841],[-50.98606896,-29.47817785],[-50.98554306,-29.47884442],[-50.98543407,-29.47929207],[-50.98543113,-29.48027577],[-50.98246019,-29.48055658],[-50.98286182,-29.47920456],[-50.98341666,-29.47900575],[-50.98375409,-29.47897374],[-50.98399658,-29.47897974],[-50.98413062,-29.47888562],[-50.98436506,-29.47866192],[-50.98469126,-29.47837393],[-50.98498966,-29.47820228],[-50.98539213,-29.47803364],[-50.98606677,-29.4776989],[-50.98661351,-29.47739916],[-50.98659698,-29.47749392]]]]},"geometry_name":"geo_area_imovel","properties":{"cod_imovel":"RS-4316956-30B218C4783641BE9BF163927DF820E8","status_imovel":"AT","dat_criacao":"2026-09-04T20:23:15.865Z","area":5.6765,"condicao":"Aguardando análise","uf":"RS","municipio":"Santa Maria do Herval","cod_municipio_ibge":4316956,"m_fiscal":0.3154,"tipo_imovel":"IRU"}},{"type":"Feature","id":"sicar_imoveis_rs.7810778","geometry":{"type":"MultiPolygon","coordinates":[[[[-50.94920233,-29.44706195],[-50.9480695,-29.4469641],[-50.94723148,-29.44696923],[-50.94656652,-29.44716412],[-50.94599311,-29.44741251],[-50.94579197,-29.44758981],[-50.94550318,-29.44719215],[-50.94512164,-29.4466425],[-50.94510024,-29.44653503],[-50.9452267,-29.44640165],[-50.94518333,-29.44605394],[-50.94954473,-29.44594185],[-50.95004601,-29.44733756],[-50.94920233,-29.44706195]]]]},"geometry_name":"geo_area_imovel","properties":{"cod_imovel":"RS-4316956-30E834D40FB74E5DB41184A4B17D350F","status_imovel":"AT","dat_criacao":"2019-12-13T02:23:57.551Z","area":5.505,"condicao":"Aguardando análise","uf":"RS","municipio":"Santa Maria do Herval","cod_municipio_ibge":4316956,"m_fiscal":0.3058,"tipo_imovel":"IRU"}},{"type":"Feature","id":"sicar_imoveis_rs.3810978","geometry":{"type":"MultiPolygon","coordinates":[[[[-50.9595218,-29.47491327],[-50.95951508,-29.47542526],[-50.95953186,-29.47571479],[-50.95961882,-29.47583377],[-50.95971139,-29.47593399],[-50.95986152,-29.47591741],[-50.96008769,-29.47587575],[-50.96029241,-29.47584222],[-50.96051459,-29.47578311],[-50.96062101,-29.47578312],[-50.96072636,-29.47580007],[-50.96079875,-29.47585065],[-50.96088118,-29.47595886],[-50.96097499,-29.4760895],[-50.96110002,-29.47617774],[-50.96119493,-29.47618571],[-50.96134582,-29.47615381],[-50.96149852,-29.47611371],[-50.96163288,-29.47610567],[-50.96172564,-29.4761298],[-50.96179966,-29.47622537],[-50.96186565,-29.4764958],[-50.96187132,-29.47670286],[-50.95640904,-29.47711367],[-50.9564843,-29.47518689],[-50.9595218,-29.47491327]]]]},"geometry_name":"geo_area_imovel","properties":{"cod_imovel":"RS-4316956-311C0FCC51FB47828C48E8C513DE2BA4","status_imovel":"AT","dat_criacao":"2016-11-02T21:06:18.513Z","area":8.4751,"condicao":"Aguardando análise","uf":"RS","municipio":"Santa Maria do Herval","cod_municipio_ibge":4316956,"m_fiscal":0.4708,"tipo_imovel":"IRU"}},{"type":"Feature","id":"sicar_imoveis_rs.5055276","geometry":{"type":"MultiPolygon","coordinates":[[[[-50.93584197,-29.4603331],[-50.93585088,-29.45961677],[-50.94181859,-29.45959097],[-50.9418393,-29.46045365],[-50.93584197,-29.4603331]]]]},"geometry_name":"geo_area_imovel","properties":{"cod_imovel":"RS-4316956-316D2FDD54AF41E3AE6F4708E6A40617","status_imovel":"AT","dat_criacao":"2017-12-30T09:30:25.946Z","area":5.0742,"condicao":"Aguardando análise","uf":"RS","municipio":"Santa Maria do Herval","cod_municipio_ibge":4316956,"m_fiscal":0.2819,"tipo_imovel":"IRU"}},{"type":"Feature","id":"sicar_imoveis_rs.11306916","geometry":{"type":"MultiPolygon","coordinates":[[[[-51.00062046,-29.46911058],[-51.00071597,-29.46902762],[-51.00076366,-29.46896773],[-51.00083896,-29.46880423],[-51.00094119,-29.46860888],[-51.00111359,-29.46840138],[-51.00126244,-29.46832811],[-51.00148329,-29.4682806],[-51.00183429,-29.4682533],[-51.00204179,-29.46826734],[-51.00224218,-29.46829894],[-51.00247494,-29.46831224],[-51.00266757,-29.46831751],[-51.00303836,-29.46823339],[-51.00314803,-29.46887923],[-51.00053169,-29.46915763],[-51.00062046,-29.46911058]]]]},"geometry_name":"geo_area_imovel","properties":{"cod_imovel":"RS-4316956-319DE5A5930545578EAA9D083CA655E3","status_imovel":"AT","dat_criacao":"2023-02-15T07:58:46.285Z","area":1.6837,"condicao":"Aguardando análise","uf":"RS","municipio":"Santa Maria do Herval","cod_municipio_ibge":4316956,"m_fiscal":0.0935,"tipo_imovel":"IRU"}},{"type":"Feature","id":"sicar_imoveis_rs.3771121","geometry":{"type":"MultiPolygon","coordinates":[[[[-50.93244553,-29.45398549],[-50.93259573,-29.46015111],[-50.9312439,-29.46071161],[-50.93090057,-29.45406022],[-50.93244553,-29.45398549]]]]},"geometry_name":"geo_area_imovel","properties":{"cod_imovel":"RS-4316956-31DC1AFF29BF4A6DBAEE58AAA65CDEF5","status_imovel":"AT","dat_criacao":"2016-10-14T00:13:00.776Z","area":10.0568,"condicao":"Aguardando análise","uf":"RS","municipio":"Santa Maria do Herval","cod_municipio_ibge":4316956,"m_fiscal":0.5587,"tipo_imovel":"IRU"}},{"type":"Feature","id":"sicar_imoveis_rs.4106895","geometry":{"type":"MultiPolygon","coordinates":[[[[-50.94827331,-29.44334237],[-50.94854486,-29.44379214],[-50.94870995,-29.44398554],[-50.9490202,-29.44416117],[-50.94706434,-29.4441946],[-50.94709319,-29.44352132],[-50.94334337,-29.44354686],[-50.94335348,-29.44433605],[-50.94207066,-29.44436094],[-50.94206789,-29.4434022],[-50.94827331,-29.44334237]]]]},"geometry_name":"geo_area_imovel","properties":{"cod_imovel":"RS-4316956-31E268FEB26448C0BB74E7BF66E8C5BC","status_imovel":"AT","dat_criacao":"2017-04-06T00:21:44.974Z","area":3.2886,"condicao":"Aguardando análise","uf":"RS","municipio":"Santa Maria do Herval","cod_municipio_ibge":4316956,"m_fiscal":0.1827,"tipo_imovel":"IRU"}},{"type":"Feature","id":"sicar_imoveis_rs.13353433","geometry":{"type":"MultiPolygon","coordinates":[[[[-50.94426547,-29.51439],[-50.94430822,-29.51416851],[-50.94431949,-29.5140196],[-50.94428708,-29.51390124],[-50.94418002,-29.5138524],[-50.94401578,-29.51382945],[-50.94382504,-29.51388476],[-50.94357796,-29.51397449],[-50.94331219,-29.51410851],[-50.94326134,-29.51387401],[-50.94606389,-29.51222472],[-50.94695275,-29.51211161],[-50.94718473,-29.51396584],[-50.94426547,-29.51439]]]]},"geometry_name":"geo_area_imovel","properties":{"cod_imovel":"RS-4316956-31F74FCA0C454468B794C24F268C9A5E","status_imovel":"AT","dat_criacao":"2024-10-04T19:15:48.153Z","area":5.3124,"condicao":"Aguardando análise","uf":"RS","municipio":"Santa Maria do Herval","cod_municipio_ibge":4316956,"m_fiscal":0.2951,"tipo_imovel":"IRU"}},{"type":"Feature","id":"sicar_imoveis_rs.3533447","geometry":{"type":"MultiPolygon","coordinates":[[[[-50.92416984,-29.46504076],[-50.92241631,-29.46500025],[-50.92219597,-29.46219624],[-50.92239141,-29.46232124],[-50.92260781,-29.46237177],[-50.92290731,-29.46238956],[-50.92311719,-29.46241931],[-50.92337637,-29.46246506],[-50.92365309,-29.46249035],[-50.92407828,-29.46246841],[-50.92416984,-29.46504076]]]]},"geometry_name":"geo_area_imovel","properties":{"cod_imovel":"RS-4316956-31FC12A87BD141A999FE95691AF33CF9","status_imovel":"AT","dat_criacao":"2016-07-28T00:13:33.571Z","area":5.0633,"condicao":"Aguardando análise","uf":"RS","municipio":"Santa Maria do Herval","cod_municipio_ibge":4316956,"m_fiscal":0.2813,"tipo_imovel":"IRU"}},{"type":"Feature","id":"sicar_imoveis_rs.10056205","geometry":{"type":"MultiPolygon","coordinates":[[[[-50.9916687,-29.46153366],[-50.99902868,-29.46164576],[-50.99909306,-29.4624678],[-50.99156141,-29.46233702],[-50.9916687,-29.46153366]]]]},"geometry_name":"geo_area_imovel","properties":{"cod_imovel":"RS-4316956-321D833E6CA245F4A4F7E890D1E3C4F0","status_imovel":"AT","dat_criacao":"2022-01-26T05:13:29.287Z","area":6.5039,"condicao":"Aguardando análise","uf":"RS","municipio":"Santa Maria do Herval","cod_municipio_ibge":4316956,"m_fiscal":0.3613,"tipo_imovel":"IRU"}},{"type":"Feature","id":"sicar_imoveis_rs.4787696","geometry":{"type":"MultiPolygon","coordinates":[[[[-51.00124455,-29.42280277],[-51.00114916,-29.42398851],[-50.99528661,-29.42682163],[-50.99499181,-29.42687046],[-50.99417208,-29.42651103],[-50.99378632,-29.42634262],[-51.00124455,-29.42280277]]]]},"geometry_name":"geo_area_imovel","properties":{"cod_imovel":"RS-4316956-3226A5ECDE92401098D7A2F3F97F8449","status_imovel":"AT","dat_criacao":"2017-11-27T01:37:32.244Z","area":8.4786,"condicao":"Aguardando análise","uf":"RS","municipio":"Santa Maria do Herval","cod_municipio_ibge":4316956,"m_fiscal":0.471,"tipo_imovel":"IRU"}},{"type":"Feature","id":"sicar_imoveis_rs.2045759","geometry":{"type":"MultiPolygon","coordinates":[[[[-50.94347477,-29.54581451],[-50.9439683,-29.54710254],[-50.9323597,-29.54796123],[-50.93197346,-29.5467292],[-50.94347477,-29.54581451]]]]},"geometry_name":"geo_area_imovel","properties":{"cod_imovel":"RS-4316956-325A2F4B579F4D07A48D327DE40149DC","status_imovel":"AT","dat_criacao":"2016-02-18T01:28:08.751Z","area":16.048,"condicao":"Aguardando análise","uf":"RS","municipio":"Santa Maria do Herval","cod_municipio_ibge":4316956,"m_fiscal":0.8916,"tipo_imovel":"IRU"}},{"type":"Feature","id":"sicar_imoveis_rs.5597011","geometry":{"type":"MultiPolygon","coordinates":[[[[-50.9745644,-29.44130861],[-50.97450294,-29.4420268],[-50.96877511,-29.44309778],[-50.96495672,-29.44397201],[-50.96481883,-29.44371079],[-50.96476186,-29.44347581],[-50.96474425,-29.44323748],[-50.9745644,-29.44130861]]]]},"geometry_name":"geo_area_imovel","properties":{"cod_imovel":"RS-4316956-326781CB4A7B4D83A5D4F04054527647","status_imovel":"AT","dat_criacao":"2018-05-31T06:02:23.069Z","area":7.2509,"condicao":"Aguardando análise","uf":"RS","municipio":"Santa Maria do Herval","cod_municipio_ibge":4316956,"m_fiscal":0.4028,"tipo_imovel":"IRU"}},{"type":"Feature","id":"sicar_imoveis_rs.3416684","geometry":{"type":"MultiPolygon","coordinates":[[[[-50.98245193,-29.44503759],[-50.97851354,-29.44529673],[-50.97835353,-29.44447036],[-50.9824113,-29.44429038],[-50.98245193,-29.44503759]]]]},"geometry_name":"geo_area_imovel","properties":{"cod_imovel":"RS-4316956-3273C3513FA141CE970924230BE1E84D","status_imovel":"AT","dat_criacao":"2016-06-22T14:43:25.528Z","area":3.4038,"condicao":"Aguardando análise","uf":"RS","municipio":"Santa Maria do Herval","cod_municipio_ibge":4316956,"m_fiscal":0.1891,"tipo_imovel":"IRU"}},{"type":"Feature","id":"sicar_imoveis_rs.11987168","geometry":{"type":"MultiPolygon","coordinates":[[[[-50.92584146,-29.4443542],[-50.92597004,-29.44410451],[-50.92636663,-29.44325339],[-50.92698537,-29.44352016],[-50.92635155,-29.44497926],[-50.92589437,-29.44465386],[-50.92587788,-29.44462221],[-50.92584146,-29.4443542]]]]},"geometry_name":"geo_area_imovel","properties":{"cod_imovel":"RS-4316956-328F5F0240A64B85B891626335E09435","status_imovel":"AT","dat_criacao":"2023-08-27T08:53:16.556Z","area":1.1145,"condicao":"Aguardando análise","uf":"RS","municipio":"Santa Maria do Herval","cod_municipio_ibge":4316956,"m_fiscal":0.0619,"tipo_imovel":"IRU"}},{"type":"Feature","id":"sicar_imoveis_rs.3737248","geometry":{"type":"MultiPolygon","coordinates":[[[[-50.94636189,-29.53194012],[-50.9474806,-29.53178036],[-50.94759153,-29.53232498],[-50.95035802,-29.53197636],[-50.95025715,-29.53141192],[-50.95778238,-29.53035659],[-50.95788262,-29.53138804],[-50.94648134,-29.53303888],[-50.94636189,-29.53194012]]]]},"geometry_name":"geo_area_imovel","properties":{"cod_imovel":"RS-4316956-3295D7470E3E49EE9E3970CC4EB0FC83","status_imovel":"AT","dat_criacao":"2016-09-28T00:17:20.710Z","area":11.4931,"condicao":"Aguardando análise","uf":"RS","municipio":"Santa Maria do Herval","cod_municipio_ibge":4316956,"m_fiscal":0.6385,"tipo_imovel":"IRU"}},{"type":"Feature","id":"sicar_imoveis_rs.3806907","geometry":{"type":"MultiPolygon","coordinates":[[[[-50.91241082,-29.50728407],[-50.91264823,-29.50632491],[-50.91820026,-29.50625458],[-50.91820615,-29.50726188],[-50.91241082,-29.50728407]]]]},"geometry_name":"geo_area_imovel","properties":{"cod_imovel":"RS-4316956-335C387C7A7D4E8B9ED26ECFDB09F9AB","status_imovel":"AT","dat_criacao":"2016-10-31T23:05:44.276Z","area":5.9849,"condicao":"Aguardando análise","uf":"RS","municipio":"Santa Maria do Herval","cod_municipio_ibge":4316956,"m_fiscal":0.3325,"tipo_imovel":"IRU"}},{"type":"Feature","id":"sicar_imoveis_rs.13916585","geometry":{"type":"MultiPolygon","coordinates":[[[[-50.9273386,-29.49709965],[-50.9371233,-29.49730509],[-50.93708038,-29.49932211],[-50.92729568,-29.49907933],[-50.9273386,-29.49709965]]]]},"geometry_name":"geo_area_imovel","properties":{"cod_imovel":"RS-4316956-336180A019CC4D1A87985E0A48A1E687","status_imovel":"AT","dat_criacao":"2025-03-09T22:20:32.093Z","area":21.01,"condicao":"Aguardando análise","uf":"RS","municipio":"Santa Maria do Herval","cod_municipio_ibge":4316956,"m_fiscal":1.1672,"tipo_imovel":"IRU"}},{"type":"Feature","id":"sicar_imoveis_rs.5278359","geometry":{"type":"MultiPolygon","coordinates":[[[[-50.94446292,-29.51639192],[-50.94440655,-29.51696424],[-50.94434719,-29.51728431],[-50.94427233,-29.51759139],[-50.93376301,-29.51890731],[-50.93295197,-29.51781852],[-50.94446292,-29.51639192]]]]},"geometry_name":"geo_area_imovel","properties":{"cod_imovel":"RS-4316956-336F636CAD224E0E8667DB6EF8D1BA68","status_imovel":"AT","dat_criacao":"2018-03-20T06:49:20.769Z","area":14.0082,"condicao":"Aguardando análise","uf":"RS","municipio":"Santa Maria do Herval","cod_municipio_ibge":4316956,"m_fiscal":0.7782,"tipo_imovel":"IRU"}},{"type":"Feature","id":"sicar_imoveis_rs.3434230","geometry":{"type":"MultiPolygon","coordinates":[[[[-50.93200446,-29.50057723],[-50.93436016,-29.5003898],[-50.93458151,-29.50515449],[-50.93224966,-29.50533794],[-50.93200446,-29.50057723]]]]},"geometry_name":"geo_area_imovel","properties":{"cod_imovel":"RS-4316956-3377D6E7734A435CBEA0233404BA9909","status_imovel":"AT","dat_criacao":"2016-06-29T14:41:09.910Z","area":12.0344,"condicao":"Aguardando análise","uf":"RS","municipio":"Santa Maria do Herval","cod_municipio_ibge":4316956,"m_fiscal":0.6686,"tipo_imovel":"IRU"}},{"type":"Feature","id":"sicar_imoveis_rs.4472308","geometry":{"type":"MultiPolygon","coordinates":[[[[-50.97874163,-29.43969483],[-50.97880661,-29.44152614],[-50.97693121,-29.44174473],[-50.97701561,-29.44133748],[-50.97694328,-29.44089995],[-50.9769919,-29.44071285],[-50.9770265,-29.44041667],[-50.97701893,-29.43983739],[-50.97874163,-29.43969483]]]]},"geometry_name":"geo_area_imovel","properties":{"cod_imovel":"RS-4316956-33976AC8521945168F4C582395E1BC23","status_imovel":"AT","dat_criacao":"2017-08-14T00:01:32.318Z","area":3.5712,"condicao":"Aguardando análise","uf":"RS","municipio":"Santa Maria do Herval","cod_municipio_ibge":4316956,"m_fiscal":0.1984,"tipo_imovel":"IRU"}},{"type":"Feature","id":"sicar_imoveis_rs.13448300","geometry":{"type":"MultiPolygon","coordinates":[[[[-50.91516099,-29.4834851],[-50.91171295,-29.48338457],[-50.91177508,-29.48315966],[-50.91189426,-29.48284619],[-50.91206648,-29.48275125],[-50.91243932,-29.4827395],[-50.91275894,-29.48287861],[-50.91305066,-29.48296422],[-50.91359228,-29.48286517],[-50.91409018,-29.48261857],[-50.91477674,-29.48260908],[-50.91495269,-29.48274283],[-50.91516771,-29.48279787],[-50.91516099,-29.4834851]]]]},"geometry_name":"geo_area_imovel","properties":{"cod_imovel":"RS-4316956-33A70E24249044E2A94A1AC97358A90A","status_imovel":"AT","dat_criacao":"2024-10-30T16:48:49.122Z","area":2.4091,"condicao":"Aguardando análise","uf":"RS","municipio":"Santa Maria do Herval","cod_municipio_ibge":4316956,"m_fiscal":0.1338,"tipo_imovel":"IRU"}},{"type":"Feature","id":"sicar_imoveis_rs.4649056","geometry":{"type":"MultiPolygon","coordinates":[[[[-50.96306564,-29.53929097],[-50.95720976,-29.53998669],[-50.9568935,-29.53814107],[-50.9625861,-29.53742566],[-50.96306564,-29.53929097]]]]},"geometry_name":"geo_area_imovel","properties":{"cod_imovel":"RS-4316956-33E5CC5206CB48C88A2D3A64BFFBBECF","status_imovel":"AT","dat_criacao":"2017-10-13T00:39:14.989Z","area":11.8033,"condicao":"Aguardando análise","uf":"RS","municipio":"Santa Maria do Herval","cod_municipio_ibge":4316956,"m_fiscal":0.6557,"tipo_imovel":"IRU"}},{"type":"Feature","id":"sicar_imoveis_rs.3690826","geometry":{"type":"MultiPolygon","coordinates":[[[[-50.93297792,-29.50528873],[-50.93304389,-29.50593027],[-50.93233148,-29.50599136],[-50.93226266,-29.5053447],[-50.93297792,-29.50528873]]]]},"geometry_name":"geo_area_imovel","properties":{"cod_imovel":"RS-4316956-33E62E4CAE964767B0FF9FB638A9CE50","status_imovel":"AT","dat_criacao":"2016-09-06T00:21:30.324Z","area":0.498,"condicao":"Aguardando análise","uf":"RS","municipio":"Santa Maria do Herval","cod_municipio_ibge":4316956,"m_fiscal":0.0277,"tipo_imovel":"IRU"}},{"type":"Feature","id":"sicar_imoveis_rs.12452848","geometry":{"type":"MultiPolygon","coordinates":[[[[-50.91874825,-29.53235202],[-50.92797906,-29.53073878],[-50.92772112,-29.52979347],[-50.91859917,-29.53132871],[-50.91874825,-29.53235202]]]]},"geometry_name":"geo_area_imovel","properties":{"cod_imovel":"RS-4316956-33E70F9C7DF54E6285CA593EF001DD36","status_imovel":"AT","dat_criacao":"2024-01-13T08:01:19.530Z","area":10.0414,"condicao":"Aguardando análise","uf":"RS","municipio":"Santa Maria do Herval","cod_municipio_ibge":4316956,"m_fiscal":0.5579,"tipo_imovel":"IRU"}}],"totalFeatures":5917,"numberMatched":5917,"numberReturned":300,"timeStamp":"2026-09-29T11:11:21.187Z","crs":{"type":"name","properties":{"name":"urn:ogc:def:crs:EPSG::4674"}}}