{
  "type": "FeatureCollection",
  "name": "sigef_RS_CRUZ_ALTA",
  "total_features": 50,
  "updated_at": "2026-10-06T14:34:57.706Z",
  "features": [
    {
      "type": "Feature",
      "id": "e387491e-2e02-424b-ba34-8eab0a26a261",
      "geometry": {
        "type": "Polygon",
        "coordinates": [
          [
            [
              -53.600339,
              -28.562296
            ],
            [
              -53.597451,
              -28.564908
            ],
            [
              -53.598352,
              -28.565183
            ],
            [
              -53.598558,
              -28.565245
            ],
            [
              -53.598593,
              -28.565223
            ],
            [
              -53.59882,
              -28.564976
            ],
            [
              -53.599019,
              -28.564995
            ],
            [
              -53.599255,
              -28.5649
            ],
            [
              -53.599448,
              -28.564972
            ],
            [
              -53.599574,
              -28.565101
            ],
            [
              -53.599905,
              -28.564996
            ],
            [
              -53.600216,
              -28.565036
            ],
            [
              -53.60059,
              -28.565005
            ],
            [
              -53.600688,
              -28.565132
            ],
            [
              -53.600989,
              -28.56511
            ],
            [
              -53.601186,
              -28.565135
            ],
            [
              -53.601324,
              -28.565076
            ],
            [
              -53.601438,
              -28.564913
            ],
            [
              -53.601626,
              -28.564753
            ],
            [
              -53.601759,
              -28.564631
            ],
            [
              -53.601843,
              -28.564532
            ],
            [
              -53.601657,
              -28.564469
            ],
            [
              -53.601443,
              -28.564226
            ],
            [
              -53.601393,
              -28.564117
            ],
            [
              -53.601562,
              -28.563983
            ],
            [
              -53.601631,
              -28.564005
            ],
            [
              -53.601861,
              -28.564041
            ],
            [
              -53.6019,
              -28.563946
            ],
            [
              -53.601799,
              -28.563845
            ],
            [
              -53.601766,
              -28.563645
            ],
            [
              -53.600339,
              -28.562296
            ]
          ]
        ]
      },
      "properties": {
        "id": "e387491e-2e02-424b-ba34-8eab0a26a261",
        "id_sigef": "e387491e-2e02-424b-ba34-8eab0a26a261",
        "codigo_imovel": "8671520297937",
        "nome_imovel": "Granja Alvorada - Parte 2",
        "nome_titular": "Titularidade sob sigilo (Cartório CRI / SNCR)",
        "cpf_cnpj_titular": null,
        "registro_matricula": "Matrícula 51123 - CRI",
        "municipio": "CRUZ ALTA",
        "uf": "RS",
        "area_hectares": 7.57,
        "status_geo": "CERTIFICADO",
        "tag_fonte": "SIGEF",
        "centroide_lat": -28.56461316666666,
        "centroide_lng": -53.60053283333334
      }
    },
    {
      "type": "Feature",
      "id": "f0625832-280d-4b0e-a678-06fc70803080",
      "geometry": {
        "type": "Polygon",
        "coordinates": [
          [
            [
              -53.522693,
              -28.666079
            ],
            [
              -53.522206,
              -28.666109
            ],
            [
              -53.521428,
              -28.666119
            ],
            [
              -53.520917,
              -28.666117
            ],
            [
              -53.521729,
              -28.673579
            ],
            [
              -53.522998,
              -28.67379
            ],
            [
              -53.523457,
              -28.672916
            ],
            [
              -53.522702,
              -28.666163
            ],
            [
              -53.522693,
              -28.666079
            ]
          ]
        ]
      },
      "properties": {
        "id": "f0625832-280d-4b0e-a678-06fc70803080",
        "id_sigef": "f0625832-280d-4b0e-a678-06fc70803080",
        "codigo_imovel": "8650100360563",
        "nome_imovel": "SDE - Parte 1",
        "nome_titular": "Titularidade sob sigilo (Cartório CRI / SNCR)",
        "cpf_cnpj_titular": null,
        "registro_matricula": "Matrícula 52608 - CRI",
        "municipio": "CRUZ ALTA",
        "uf": "RS",
        "area_hectares": 14.54,
        "status_geo": "CERTIFICADO",
        "tag_fonte": "SIGEF",
        "centroide_lat": -28.668859,
        "centroide_lng": -53.52226625
      }
    },
    {
      "type": "Feature",
      "id": "354df038-a0e9-4d39-8d10-3b7da586dc6f",
      "geometry": {
        "type": "Polygon",
        "coordinates": [
          [
            [
              -53.584898,
              -28.559537
            ],
            [
              -53.583833,
              -28.560219
            ],
            [
              -53.583131,
              -28.560695
            ],
            [
              -53.582854,
              -28.560815
            ],
            [
              -53.582232,
              -28.560963
            ],
            [
              -53.582347,
              -28.561842
            ],
            [
              -53.58123,
              -28.562696
            ],
            [
              -53.580826,
              -28.563087
            ],
            [
              -53.581832,
              -28.563922
            ],
            [
              -53.584301,
              -28.562799
            ],
            [
              -53.585198,
              -28.561211
            ],
            [
              -53.585239,
              -28.560072
            ],
            [
              -53.584898,
              -28.559537
            ]
          ]
        ]
      },
      "properties": {
        "id": "354df038-a0e9-4d39-8d10-3b7da586dc6f",
        "id_sigef": "354df038-a0e9-4d39-8d10-3b7da586dc6f",
        "codigo_imovel": "8671520297937",
        "nome_imovel": "Granja Alvorada - Parte 3",
        "nome_titular": "Titularidade sob sigilo (Cartório CRI / SNCR)",
        "cpf_cnpj_titular": null,
        "registro_matricula": "Matrícula 51120 - CRI",
        "municipio": "CRUZ ALTA",
        "uf": "RS",
        "area_hectares": 10.03,
        "status_geo": "CERTIFICADO",
        "tag_fonte": "SIGEF",
        "centroide_lat": -28.561488166666667,
        "centroide_lng": -53.58316008333333
      }
    },
    {
      "type": "Feature",
      "id": "e5c1e68f-2a62-45dd-95d3-cea93ff97d0a",
      "geometry": {
        "type": "Polygon",
        "coordinates": [
          [
            [
              -53.58786,
              -28.747998
            ],
            [
              -53.587779,
              -28.748071
            ],
            [
              -53.587862,
              -28.748136
            ],
            [
              -53.587727,
              -28.748137
            ],
            [
              -53.587676,
              -28.748209
            ],
            [
              -53.587685,
              -28.7483
            ],
            [
              -53.587674,
              -28.748348
            ],
            [
              -53.58761,
              -28.748338
            ],
            [
              -53.588244,
              -28.756446
            ],
            [
              -53.588456,
              -28.759154
            ],
            [
              -53.588529,
              -28.760082
            ],
            [
              -53.591693,
              -28.759676
            ],
            [
              -53.593136,
              -28.760289
            ],
            [
              -53.594698,
              -28.760721
            ],
            [
              -53.594822,
              -28.760728
            ],
            [
              -53.596933,
              -28.760443
            ],
            [
              -53.596443,
              -28.756816
            ],
            [
              -53.595909,
              -28.752766
            ],
            [
              -53.595472,
              -28.749592
            ],
            [
              -53.595451,
              -28.749548
            ],
            [
              -53.595434,
              -28.74945
            ],
            [
              -53.595309,
              -28.749395
            ],
            [
              -53.595246,
              -28.749427
            ],
            [
              -53.595069,
              -28.749434
            ],
            [
              -53.595039,
              -28.749389
            ],
            [
              -53.595036,
              -28.749321
            ],
            [
              -53.594983,
              -28.749286
            ],
            [
              -53.59496,
              -28.749186
            ],
            [
              -53.594921,
              -28.749129
            ],
            [
              -53.594857,
              -28.749062
            ],
            [
              -53.594673,
              -28.749021
            ],
            [
              -53.594481,
              -28.749038
            ],
            [
              -53.594425,
              -28.748995
            ],
            [
              -53.594296,
              -28.749026
            ],
            [
              -53.594144,
              -28.749097
            ],
            [
              -53.59399,
              -28.749093
            ],
            [
              -53.593849,
              -28.749183
            ],
            [
              -53.593717,
              -28.749245
            ],
            [
              -53.593511,
              -28.74927
            ],
            [
              -53.5934,
              -28.749246
            ],
            [
              -53.593244,
              -28.749188
            ],
            [
              -53.593135,
              -28.748998
            ],
            [
              -53.593097,
              -28.748985
            ],
            [
              -53.593047,
              -28.749166
            ],
            [
              -53.592846,
              -28.749198
            ],
            [
              -53.592645,
              -28.749157
            ],
            [
              -53.592545,
              -28.749149
            ],
            [
              -53.59246,
              -28.749164
            ],
            [
              -53.592374,
              -28.749196
            ],
            [
              -53.592154,
              -28.749182
            ],
            [
              -53.592049,
              -28.749013
            ],
            [
              -53.592055,
              -28.74898
            ],
            [
              -53.591896,
              -28.748881
            ],
            [
              -53.591837,
              -28.748954
            ],
            [
              -53.591649,
              -28.748957
            ],
            [
              -53.591618,
              -28.748898
            ],
            [
              -53.591551,
              -28.748915
            ],
            [
              -53.591469,
              -28.748989
            ],
            [
              -53.591328,
              -28.748908
            ],
            [
              -53.591229,
              -28.74878
            ],
            [
              -53.591161,
              -28.748691
            ],
            [
              -53.591073,
              -28.748619
            ],
            [
              -53.590967,
              -28.748571
            ],
            [
              -53.590936,
              -28.748584
            ],
            [
              -53.590791,
              -28.748519
            ],
            [
              -53.590501,
              -28.748509
            ],
            [
              -53.590313,
              -28.748531
            ],
            [
              -53.590265,
              -28.748464
            ],
            [
              -53.590088,
              -28.748478
            ],
            [
              -53.590039,
              -28.74843
            ],
            [
              -53.59015,
              -28.748287
            ],
            [
              -53.589969,
              -28.748253
            ],
            [
              -53.589918,
              -28.748374
            ],
            [
              -53.589768,
              -28.748523
            ],
            [
              -53.589659,
              -28.74851
            ],
            [
              -53.589671,
              -28.748374
            ],
            [
              -53.589576,
              -28.748335
            ],
            [
              -53.58951,
              -28.748421
            ],
            [
              -53.58958,
              -28.748541
            ],
            [
              -53.589515,
              -28.748598
            ],
            [
              -53.589267,
              -28.74859
            ],
            [
              -53.589173,
              -28.748538
            ],
            [
              -53.589086,
              -28.748523
            ],
            [
              -53.588834,
              -28.748412
            ],
            [
              -53.588744,
              -28.748438
            ],
            [
              -53.588459,
              -28.7483
            ],
            [
              -53.588279,
              -28.748305
            ],
            [
              -53.588258,
              -28.74818
            ],
            [
              -53.588075,
              -28.748114
            ],
            [
              -53.588015,
              -28.748019
            ],
            [
              -53.58786,
              -28.747998
            ]
          ]
        ]
      },
      "properties": {
        "id": "e5c1e68f-2a62-45dd-95d3-cea93ff97d0a",
        "id_sigef": "e5c1e68f-2a62-45dd-95d3-cea93ff97d0a",
        "codigo_imovel": "9500330990312",
        "nome_imovel": "Imóvel rural sem denominação - Matrícula 43220",
        "nome_titular": "Titularidade sob sigilo (Cartório CRI / SNCR)",
        "cpf_cnpj_titular": null,
        "registro_matricula": "Matrícula 52449 - CRI",
        "municipio": "CRUZ ALTA",
        "uf": "RS",
        "area_hectares": 99.6,
        "status_geo": "CERTIFICADO",
        "tag_fonte": "SIGEF",
        "centroide_lat": -28.74988644444445,
        "centroide_lng": -53.59163185555554
      }
    },
    {
      "type": "Feature",
      "id": "ad9a1907-d67b-45e3-b385-8473c6b7bd2b",
      "geometry": {
        "type": "Polygon",
        "coordinates": [
          [
            [
              -53.688272,
              -28.504163
            ],
            [
              -53.687112,
              -28.506494
            ],
            [
              -53.687506,
              -28.506172
            ],
            [
              -53.690311,
              -28.506141
            ],
            [
              -53.691028,
              -28.50647
            ],
            [
              -53.691926,
              -28.507069
            ],
            [
              -53.692475,
              -28.507649
            ],
            [
              -53.692708,
              -28.507999
            ],
            [
              -53.693153,
              -28.508298
            ],
            [
              -53.693501,
              -28.508586
            ],
            [
              -53.693818,
              -28.509113
            ],
            [
              -53.693809,
              -28.509505
            ],
            [
              -53.694047,
              -28.509691
            ],
            [
              -53.694363,
              -28.509818
            ],
            [
              -53.694653,
              -28.50955
            ],
            [
              -53.694612,
              -28.509356
            ],
            [
              -53.694986,
              -28.509126
            ],
            [
              -53.695497,
              -28.509161
            ],
            [
              -53.695836,
              -28.509481
            ],
            [
              -53.696166,
              -28.509094
            ],
            [
              -53.696326,
              -28.508696
            ],
            [
              -53.696683,
              -28.508449
            ],
            [
              -53.697,
              -28.508604
            ],
            [
              -53.697458,
              -28.508553
            ],
            [
              -53.697676,
              -28.508309
            ],
            [
              -53.697475,
              -28.50821
            ],
            [
              -53.697869,
              -28.507707
            ],
            [
              -53.697642,
              -28.507413
            ],
            [
              -53.697194,
              -28.507102
            ],
            [
              -53.697362,
              -28.506816
            ],
            [
              -53.697539,
              -28.50648
            ],
            [
              -53.69777,
              -28.505993
            ],
            [
              -53.688272,
              -28.504163
            ]
          ]
        ]
      },
      "properties": {
        "id": "ad9a1907-d67b-45e3-b385-8473c6b7bd2b",
        "id_sigef": "ad9a1907-d67b-45e3-b385-8473c6b7bd2b",
        "codigo_imovel": "9999622614596",
        "nome_imovel": "Sem denominação - Parte 1",
        "nome_titular": "Titularidade sob sigilo (Cartório CRI / SNCR)",
        "cpf_cnpj_titular": null,
        "registro_matricula": "Matrícula 47659 - CRI",
        "municipio": "CRUZ ALTA",
        "uf": "RS",
        "area_hectares": 28.82,
        "status_geo": "CERTIFICADO",
        "tag_fonte": "SIGEF",
        "centroide_lat": -28.507977125,
        "centroide_lng": -53.694492906250005
      }
    },
    {
      "type": "Feature",
      "id": "00e9faea-2386-45be-9bea-ff15a33239a5",
      "geometry": {
        "type": "Polygon",
        "coordinates": [
          [
            [
              -53.486997,
              -28.625097
            ],
            [
              -53.486743,
              -28.625448
            ],
            [
              -53.487028,
              -28.625566
            ],
            [
              -53.487404,
              -28.625702
            ],
            [
              -53.487366,
              -28.625854
            ],
            [
              -53.487122,
              -28.626086
            ],
            [
              -53.487004,
              -28.62609
            ],
            [
              -53.487214,
              -28.62634
            ],
            [
              -53.486974,
              -28.626578
            ],
            [
              -53.486564,
              -28.626693
            ],
            [
              -53.486156,
              -28.626683
            ],
            [
              -53.486117,
              -28.626743
            ],
            [
              -53.486343,
              -28.626906
            ],
            [
              -53.486263,
              -28.627013
            ],
            [
              -53.486058,
              -28.627084
            ],
            [
              -53.485953,
              -28.627253
            ],
            [
              -53.485951,
              -28.627488
            ],
            [
              -53.485817,
              -28.627517
            ],
            [
              -53.485598,
              -28.627395
            ],
            [
              -53.485517,
              -28.627494
            ],
            [
              -53.485696,
              -28.627639
            ],
            [
              -53.485606,
              -28.62774
            ],
            [
              -53.485303,
              -28.6277
            ],
            [
              -53.48508,
              -28.62755
            ],
            [
              -53.485035,
              -28.627583
            ],
            [
              -53.485189,
              -28.62775
            ],
            [
              -53.485054,
              -28.627873
            ],
            [
              -53.484835,
              -28.627822
            ],
            [
              -53.484654,
              -28.627841
            ],
            [
              -53.484425,
              -28.627582
            ],
            [
              -53.484266,
              -28.627521
            ],
            [
              -53.484043,
              -28.627645
            ],
            [
              -53.484021,
              -28.627777
            ],
            [
              -53.483606,
              -28.627778
            ],
            [
              -53.483555,
              -28.627661
            ],
            [
              -53.483528,
              -28.627935
            ],
            [
              -53.483386,
              -28.628081
            ],
            [
              -53.482889,
              -28.628021
            ],
            [
              -53.482628,
              -28.627802
            ],
            [
              -53.482674,
              -28.627992
            ],
            [
              -53.483044,
              -28.62827
            ],
            [
              -53.482755,
              -28.628519
            ],
            [
              -53.482595,
              -28.628773
            ],
            [
              -53.482781,
              -28.629237
            ],
            [
              -53.48222,
              -28.629291
            ],
            [
              -53.481819,
              -28.629374
            ],
            [
              -53.481685,
              -28.629478
            ],
            [
              -53.481299,
              -28.629446
            ],
            [
              -53.481187,
              -28.629532
            ],
            [
              -53.481309,
              -28.629726
            ],
            [
              -53.481428,
              -28.630017
            ],
            [
              -53.481407,
              -28.630063
            ],
            [
              -53.4812,
              -28.630089
            ],
            [
              -53.481031,
              -28.630178
            ],
            [
              -53.480941,
              -28.63062
            ],
            [
              -53.480719,
              -28.630894
            ],
            [
              -53.48061,
              -28.630953
            ],
            [
              -53.480554,
              -28.630871
            ],
            [
              -53.480557,
              -28.631286
            ],
            [
              -53.480671,
              -28.631357
            ],
            [
              -53.480793,
              -28.631299
            ],
            [
              -53.480928,
              -28.631356
            ],
            [
              -53.480943,
              -28.631484
            ],
            [
              -53.481048,
              -28.631303
            ],
            [
              -53.481467,
              -28.631228
            ],
            [
              -53.481736,
              -28.631091
            ],
            [
              -53.482047,
              -28.631372
            ],
            [
              -53.481773,
              -28.631806
            ],
            [
              -53.482254,
              -28.631814
            ],
            [
              -53.482308,
              -28.631967
            ],
            [
              -53.482041,
              -28.632416
            ],
            [
              -53.482215,
              -28.632613
            ],
            [
              -53.48193,
              -28.63285
            ],
            [
              -53.481517,
              -28.63288
            ],
            [
              -53.481478,
              -28.632707
            ],
            [
              -53.480944,
              -28.632882
            ],
            [
              -53.480853,
              -28.632856
            ],
            [
              -53.480831,
              -28.633119
            ],
            [
              -53.48045,
              -28.633196
            ],
            [
              -53.480112,
              -28.633222
            ],
            [
              -53.479924,
              -28.633642
            ],
            [
              -53.480029,
              -28.633582
            ],
            [
              -53.480266,
              -28.633731
            ],
            [
              -53.487909,
              -28.634494
            ],
            [
              -53.489146,
              -28.634623
            ],
            [
              -53.492856,
              -28.634995
            ],
            [
              -53.496612,
              -28.63538
            ],
            [
              -53.495539,
              -28.62991
            ],
            [
              -53.487231,
              -28.62523
            ],
            [
              -53.486997,
              -28.625097
            ]
          ]
        ]
      },
      "properties": {
        "id": "00e9faea-2386-45be-9bea-ff15a33239a5",
        "id_sigef": "00e9faea-2386-45be-9bea-ff15a33239a5",
        "codigo_imovel": "8650103083315",
        "nome_imovel": "Durigon Lemes Agropecuaria Ltda. - Parcela 3",
        "nome_titular": "Titularidade sob sigilo (Cartório CRI / SNCR)",
        "cpf_cnpj_titular": null,
        "registro_matricula": "Matrícula 48831 - CRI",
        "municipio": "CRUZ ALTA",
        "uf": "RS",
        "area_hectares": 109.2,
        "status_geo": "CERTIFICADO",
        "tag_fonte": "SIGEF",
        "centroide_lat": -28.62947578651686,
        "centroide_lng": -53.48385004494382
      }
    },
    {
      "type": "Feature",
      "id": "c0d5582b-2490-48f4-bbb6-b058283cd233",
      "geometry": {
        "type": "Polygon",
        "coordinates": [
          [
            [
              -53.452877,
              -28.640304
            ],
            [
              -53.452251,
              -28.645066
            ],
            [
              -53.451508,
              -28.650725
            ],
            [
              -53.463431,
              -28.651598
            ],
            [
              -53.463431,
              -28.646093
            ],
            [
              -53.463446,
              -28.641078
            ],
            [
              -53.452877,
              -28.640304
            ]
          ]
        ]
      },
      "properties": {
        "id": "c0d5582b-2490-48f4-bbb6-b058283cd233",
        "id_sigef": "c0d5582b-2490-48f4-bbb6-b058283cd233",
        "codigo_imovel": "8650100165515",
        "nome_imovel": "- Matrícula 41.482",
        "nome_titular": "Titularidade sob sigilo (Cartório CRI / SNCR)",
        "cpf_cnpj_titular": null,
        "registro_matricula": "Matrícula 48772 - CRI",
        "municipio": "CRUZ ALTA",
        "uf": "RS",
        "area_hectares": 128.53,
        "status_geo": "CERTIFICADO",
        "tag_fonte": "SIGEF",
        "centroide_lat": -28.645810666666666,
        "centroide_lng": -53.457823999999995
      }
    },
    {
      "type": "Feature",
      "id": "389713de-a60b-4683-9a78-37646c829130",
      "geometry": {
        "type": "Polygon",
        "coordinates": [
          [
            [
              -53.751989,
              -28.58454
            ],
            [
              -53.75192,
              -28.584632
            ],
            [
              -53.751771,
              -28.584888
            ],
            [
              -53.751412,
              -28.585188
            ],
            [
              -53.751364,
              -28.585378
            ],
            [
              -53.75113,
              -28.585531
            ],
            [
              -53.750965,
              -28.585597
            ],
            [
              -53.750961,
              -28.585607
            ],
            [
              -53.750968,
              -28.585757
            ],
            [
              -53.750738,
              -28.586155
            ],
            [
              -53.750203,
              -28.586154
            ],
            [
              -53.749981,
              -28.586172
            ],
            [
              -53.74961,
              -28.586651
            ],
            [
              -53.749639,
              -28.58678
            ],
            [
              -53.749346,
              -28.586936
            ],
            [
              -53.749178,
              -28.58695
            ],
            [
              -53.749031,
              -28.587038
            ],
            [
              -53.749009,
              -28.587154
            ],
            [
              -53.749015,
              -28.58722
            ],
            [
              -53.748881,
              -28.587473
            ],
            [
              -53.748868,
              -28.587568
            ],
            [
              -53.748855,
              -28.587627
            ],
            [
              -53.748813,
              -28.587722
            ],
            [
              -53.748841,
              -28.587837
            ],
            [
              -53.748822,
              -28.58801
            ],
            [
              -53.74882,
              -28.58808
            ],
            [
              -53.748934,
              -28.588261
            ],
            [
              -53.748912,
              -28.588482
            ],
            [
              -53.748767,
              -28.588669
            ],
            [
              -53.748718,
              -28.588746
            ],
            [
              -53.748618,
              -28.588889
            ],
            [
              -53.748519,
              -28.589541
            ],
            [
              -53.748179,
              -28.590078
            ],
            [
              -53.748015,
              -28.590129
            ],
            [
              -53.747951,
              -28.590486
            ],
            [
              -53.747961,
              -28.590788
            ],
            [
              -53.747925,
              -28.590889
            ],
            [
              -53.747688,
              -28.590899
            ],
            [
              -53.747493,
              -28.590842
            ],
            [
              -53.747464,
              -28.590899
            ],
            [
              -53.747471,
              -28.591089
            ],
            [
              -53.747539,
              -28.591542
            ],
            [
              -53.747205,
              -28.591644
            ],
            [
              -53.746734,
              -28.591859
            ],
            [
              -53.746699,
              -28.592365
            ],
            [
              -53.746592,
              -28.592604
            ],
            [
              -53.746289,
              -28.593094
            ],
            [
              -53.745985,
              -28.593312
            ],
            [
              -53.745875,
              -28.593409
            ],
            [
              -53.745792,
              -28.593463
            ],
            [
              -53.745756,
              -28.593506
            ],
            [
              -53.745736,
              -28.593554
            ],
            [
              -53.745705,
              -28.593634
            ],
            [
              -53.745647,
              -28.593667
            ],
            [
              -53.745519,
              -28.59365
            ],
            [
              -53.745437,
              -28.593613
            ],
            [
              -53.745359,
              -28.593594
            ],
            [
              -53.745235,
              -28.593583
            ],
            [
              -53.745158,
              -28.593632
            ],
            [
              -53.745077,
              -28.593753
            ],
            [
              -53.745071,
              -28.593758
            ],
            [
              -53.745148,
              -28.593812
            ],
            [
              -53.745219,
              -28.593789
            ],
            [
              -53.745374,
              -28.593803
            ],
            [
              -53.745584,
              -28.593978
            ],
            [
              -53.745645,
              -28.594038
            ],
            [
              -53.745769,
              -28.594148
            ],
            [
              -53.745863,
              -28.594157
            ],
            [
              -53.745948,
              -28.594091
            ],
            [
              -53.746277,
              -28.594181
            ],
            [
              -53.746269,
              -28.594254
            ],
            [
              -53.746288,
              -28.594386
            ],
            [
              -53.746403,
              -28.594469
            ],
            [
              -53.746534,
              -28.594451
            ],
            [
              -53.746915,
              -28.594585
            ],
            [
              -53.746994,
              -28.594652
            ],
            [
              -53.747037,
              -28.594706
            ],
            [
              -53.747521,
              -28.594849
            ],
            [
              -53.747589,
              -28.594786
            ],
            [
              -53.747712,
              -28.594831
            ],
            [
              -53.747757,
              -28.594872
            ],
            [
              -53.748078,
              -28.595097
            ],
            [
              -53.748393,
              -28.595519
            ],
            [
              -53.748365,
              -28.595605
            ],
            [
              -53.748365,
              -28.595758
            ],
            [
              -53.748374,
              -28.59586
            ],
            [
              -53.748233,
              -28.596085
            ],
            [
              -53.748282,
              -28.596205
            ],
            [
              -53.748251,
              -28.596384
            ],
            [
              -53.747884,
              -28.596717
            ],
            [
              -53.747736,
              -28.596751
            ],
            [
              -53.747568,
              -28.596806
            ],
            [
              -53.747459,
              -28.597038
            ],
            [
              -53.747018,
              -28.597403
            ],
            [
              -53.746994,
              -28.597498
            ],
            [
              -53.746515,
              -28.597796
            ],
            [
              -53.746351,
              -28.597688
            ],
            [
              -53.746293,
              -28.597617
            ],
            [
              -53.746004,
              -28.597538
            ],
            [
              -53.745811,
              -28.597646
            ],
            [
              -53.745711,
              -28.597648
            ],
            [
              -53.745656,
              -28.597633
            ],
            [
              -53.745347,
              -28.597733
            ],
            [
              -53.745323,
              -28.597792
            ],
            [
              -53.745476,
              -28.598049
            ],
            [
              -53.745519,
              -28.598077
            ],
            [
              -53.745646,
              -28.598149
            ],
            [
              -53.745668,
              -28.598163
            ],
            [
              -53.745655,
              -28.598355
            ],
            [
              -53.745755,
              -28.598647
            ],
            [
              -53.745697,
              -28.598827
            ],
            [
              -53.745631,
              -28.598914
            ],
            [
              -53.745592,
              -28.599016
            ],
            [
              -53.745493,
              -28.599226
            ],
            [
              -53.745246,
              -28.599294
            ],
            [
              -53.744923,
              -28.599461
            ],
            [
              -53.744824,
              -28.599595
            ],
            [
              -53.744715,
              -28.599712
            ],
            [
              -53.744676,
              -28.599926
            ],
            [
              -53.744642,
              -28.600095
            ],
            [
              -53.744603,
              -28.600273
            ],
            [
              -53.744464,
              -28.60038
            ],
            [
              -53.744324,
              -28.600531
            ],
            [
              -53.744262,
              -28.600846
            ],
            [
              -53.743894,
              -28.601526
            ],
            [
              -53.743608,
              -28.601536
            ],
            [
              -53.743002,
              -28.602318
            ],
            [
              -53.743068,
              -28.60255
            ],
            [
              -53.743371,
              -28.602591
            ],
            [
              -53.743485,
              -28.602639
            ],
            [
              -53.743534,
              -28.602661
            ],
            [
              -53.743967,
              -28.602549
            ],
            [
              -53.744197,
              -28.602558
            ],
            [
              -53.744347,
              -28.602499
            ],
            [
              -53.744425,
              -28.602194
            ],
            [
              -53.744564,
              -28.602112
            ],
            [
              -53.744639,
              -28.601908
            ],
            [
              -53.744791,
              -28.601877
            ],
            [
              -53.744993,
              -28.601958
            ],
            [
              -53.745333,
              -28.602098
            ],
            [
              -53.745604,
              -28.60259
            ],
            [
              -53.745718,
              -28.602641
            ],
            [
              -53.745858,
              -28.602919
            ],
            [
              -53.746038,
              -28.603274
            ],
            [
              -53.746078,
              -28.60343
            ],
            [
              -53.746107,
              -28.604038
            ],
            [
              -53.746123,
              -28.604339
            ],
            [
              -53.746369,
              -28.604455
            ],
            [
              -53.746442,
              -28.604625
            ],
            [
              -53.74609,
              -28.604841
            ],
            [
              -53.745899,
              -28.605145
            ],
            [
              -53.745655,
              -28.605227
            ],
            [
              -53.745124,
              -28.605047
            ],
            [
              -53.745009,
              -28.605102
            ],
            [
              -53.745025,
              -28.605151
            ],
            [
              -53.745377,
              -28.605282
            ],
            [
              -53.745699,
              -28.605604
            ],
            [
              -53.745659,
              -28.605708
            ],
            [
              -53.74568,
              -28.605826
            ],
            [
              -53.745814,
              -28.605935
            ],
            [
              -53.746014,
              -28.606306
            ],
            [
              -53.746409,
              -28.606614
            ],
            [
              -53.746884,
              -28.606978
            ],
            [
              -53.746781,
              -28.607121
            ],
            [
              -53.746841,
              -28.607393
            ],
            [
              -53.746869,
              -28.607653
            ],
            [
              -53.74695,
              -28.607968
            ],
            [
              -53.747012,
              -28.608097
            ],
            [
              -53.747164,
              -28.608362
            ],
            [
              -53.747505,
              -28.608666
            ],
            [
              -53.747366,
              -28.608817
            ],
            [
              -53.747196,
              -28.608957
            ],
            [
              -53.746821,
              -28.609097
            ],
            [
              -53.746702,
              -28.609318
            ],
            [
              -53.74622,
              -28.609517
            ],
            [
              -53.746152,
              -28.609568
            ],
            [
              -53.746344,
              -28.609942
            ],
            [
              -53.746357,
              -28.610348
            ],
            [
              -53.746468,
              -28.610673
            ],
            [
              -53.746479,
              -28.611088
            ],
            [
              -53.746586,
              -28.611407
            ],
            [
              -53.746786,
              -28.611889
            ],
            [
              -53.746981,
              -28.612426
            ],
            [
              -53.747125,
              -28.612609
            ],
            [
              -53.747068,
              -28.613025
            ],
            [
              -53.746898,
              -28.613203
            ],
            [
              -53.74684,
              -28.613341
            ],
            [
              -53.746943,
              -28.61348
            ],
            [
              -53.747022,
              -28.613694
            ],
            [
              -53.747115,
              -28.613853
            ],
            [
              -53.747196,
              -28.613876
            ],
            [
              -53.747562,
              -28.613698
            ],
            [
              -53.747724,
              -28.613578
            ],
            [
              -53.748006,
              -28.613609
            ],
            [
              -53.748154,
              -28.613814
            ],
            [
              -53.748066,
              -28.614095
            ],
            [
              -53.748098,
              -28.614148
            ],
            [
              -53.748071,
              -28.614249
            ],
            [
              -53.748202,
              -28.614184
            ],
            [
              -53.74835,
              -28.614106
            ],
            [
              -53.748388,
              -28.614016
            ],
            [
              -53.748498,
              -28.613915
            ],
            [
              -53.748653,
              -28.613903
            ],
            [
              -53.748681,
              -28.613841
            ],
            [
              -53.748903,
              -28.613694
            ],
            [
              -53.749227,
              -28.613583
            ],
            [
              -53.749416,
              -28.613551
            ],
            [
              -53.749693,
              -28.61353
            ],
            [
              -53.750287,
              -28.613695
            ],
            [
              -53.751072,
              -28.613291
            ],
            [
              -53.751993,
              -28.613814
            ],
            [
              -53.752129,
              -28.613599
            ],
            [
              -53.749779,
              -28.611024
            ],
            [
              -53.751271,
              -28.610264
            ],
            [
              -53.751416,
              -28.610208
            ],
            [
              -53.75165,
              -28.610116
            ],
            [
              -53.751965,
              -28.610165
            ],
            [
              -53.752116,
              -28.610225
            ],
            [
              -53.752199,
              -28.610248
            ],
            [
              -53.752348,
              -28.610218
            ],
            [
              -53.752462,
              -28.610201
            ],
            [
              -53.752566,
              -28.610131
            ],
            [
              -53.752745,
              -28.610164
            ],
            [
              -53.752862,
              -28.610276
            ],
            [
              -53.752896,
              -28.610311
            ],
            [
              -53.752947,
              -28.610261
            ],
            [
              -53.753685,
              -28.610345
            ],
            [
              -53.753809,
              -28.610386
            ],
            [
              -53.753799,
              -28.610531
            ],
            [
              -53.753949,
              -28.610782
            ],
            [
              -53.753984,
              -28.610769
            ],
            [
              -53.754245,
              -28.610734
            ],
            [
              -53.754429,
              -28.610688
            ],
            [
              -53.754635,
              -28.610656
            ],
            [
              -53.754914,
              -28.610634
            ],
            [
              -53.755171,
              -28.610661
            ],
            [
              -53.755679,
              -28.610784
            ],
            [
              -53.755773,
              -28.610848
            ],
            [
              -53.755823,
              -28.610841
            ],
            [
              -53.756042,
              -28.61089
            ],
            [
              -53.756209,
              -28.610872
            ],
            [
              -53.756044,
              -28.610792
            ],
            [
              -53.756253,
              -28.610682
            ],
            [
              -53.756321,
              -28.610648
            ],
            [
              -53.756313,
              -28.610845
            ],
            [
              -53.756438,
              -28.610881
            ],
            [
              -53.756457,
              -28.610731
            ],
            [
              -53.756512,
              -28.610748
            ],
            [
              -53.756706,
              -28.610721
            ],
            [
              -53.756651,
              -28.610662
            ],
            [
              -53.756697,
              -28.610636
            ],
            [
              -53.756778,
              -28.61066
            ],
            [
              -53.75677,
              -28.610521
            ],
            [
              -53.756973,
              -28.610669
            ],
            [
              -53.756988,
              -28.610663
            ],
            [
              -53.756994,
              -28.610599
            ],
            [
              -53.757067,
              -28.610608
            ],
            [
              -53.757182,
              -28.610582
            ],
            [
              -53.757382,
              -28.610479
            ],
            [
              -53.757551,
              -28.61047
            ],
            [
              -53.757636,
              -28.61042
            ],
            [
              -53.757668,
              -28.610451
            ],
            [
              -53.757789,
              -28.610409
            ],
            [
              -53.757954,
              -28.610453
            ],
            [
              -53.758134,
              -28.610567
            ],
            [
              -53.758246,
              -28.610585
            ],
            [
              -53.758387,
              -28.610627
            ],
            [
              -53.758279,
              -28.608726
            ],
            [
              -53.760993,
              -28.608638
            ],
            [
              -53.7609,
              -28.606726
            ],
            [
              -53.760804,
              -28.606683
            ],
            [
              -53.760523,
              -28.602387
            ],
            [
              -53.760444,
              -28.602368
            ],
            [
              -53.760316,
              -28.602375
            ],
            [
              -53.760181,
              -28.602307
            ],
            [
              -53.759941,
              -28.602223
            ],
            [
              -53.759441,
              -28.601806
            ],
            [
              -53.759046,
              -28.601545
            ],
            [
              -53.758908,
              -28.601536
            ],
            [
              -53.758873,
              -28.60151
            ],
            [
              -53.758841,
              -28.601434
            ],
            [
              -53.75869,
              -28.601293
            ],
            [
              -53.758616,
              -28.601214
            ],
            [
              -53.758658,
              -28.601094
            ],
            [
              -53.758308,
              -28.60068
            ],
            [
              -53.758255,
              -28.600666
            ],
            [
              -53.758052,
              -28.600621
            ],
            [
              -53.757953,
              -28.600472
            ],
            [
              -53.758029,
              -28.600436
            ],
            [
              -53.758065,
              -28.600296
            ],
            [
              -53.757771,
              -28.600051
            ],
            [
              -53.757683,
              -28.600015
            ],
            [
              -53.757744,
              -28.599884
            ],
            [
              -53.75735,
              -28.59934
            ],
            [
              -53.757319,
              -28.599231
            ],
            [
              -53.75733,
              -28.599136
            ],
            [
              -53.757268,
              -28.598814
            ],
            [
              -53.757295,
              -28.598416
            ],
            [
              -53.757184,
              -28.598375
            ],
            [
              -53.757013,
              -28.598378
            ],
            [
              -53.756544,
              -28.598003
            ],
            [
              -53.756385,
              -28.5979
            ],
            [
              -53.756332,
              -28.597756
            ],
            [
              -53.756406,
              -28.59768
            ],
            [
              -53.756288,
              -28.597546
            ],
            [
              -53.756298,
              -28.597394
            ],
            [
              -53.756143,
              -28.597101
            ],
            [
              -53.755971,
              -28.597042
            ],
            [
              -53.755686,
              -28.596888
            ],
            [
              -53.755614,
              -28.596614
            ],
            [
              -53.755456,
              -28.596461
            ],
            [
              -53.755405,
              -28.596289
            ],
            [
              -53.755141,
              -28.596159
            ],
            [
              -53.755027,
              -28.59595
            ],
            [
              -53.754879,
              -28.595741
            ],
            [
              -53.754822,
              -28.595672
            ],
            [
              -53.754834,
              -28.5956
            ],
            [
              -53.754904,
              -28.595303
            ],
            [
              -53.754823,
              -28.595157
            ],
            [
              -53.754609,
              -28.594824
            ],
            [
              -53.754196,
              -28.594531
            ],
            [
              -53.753825,
              -28.594364
            ],
            [
              -53.753833,
              -28.594326
            ],
            [
              -53.753857,
              -28.594246
            ],
            [
              -53.753781,
              -28.594141
            ],
            [
              -53.753808,
              -28.594033
            ],
            [
              -53.753703,
              -28.593993
            ],
            [
              -53.753652,
              -28.593824
            ],
            [
              -53.753632,
              -28.593612
            ],
            [
              -53.753533,
              -28.593539
            ],
            [
              -53.753557,
              -28.593312
            ],
            [
              -53.753468,
              -28.593192
            ],
            [
              -53.753338,
              -28.593052
            ],
            [
              -53.753359,
              -28.593011
            ],
            [
              -53.753417,
              -28.592972
            ],
            [
              -53.753032,
              -28.592594
            ],
            [
              -53.75292,
              -28.592331
            ],
            [
              -53.752984,
              -28.592249
            ],
            [
              -53.752973,
              -28.592206
            ],
            [
              -53.752701,
              -28.592039
            ],
            [
              -53.75249,
              -28.592083
            ],
            [
              -53.752414,
              -28.592025
            ],
            [
              -53.752394,
              -28.591941
            ],
            [
              -53.752278,
              -28.59186
            ],
            [
              -53.752231,
              -28.591656
            ],
            [
              -53.752118,
              -28.591488
            ],
            [
              -53.752171,
              -28.591416
            ],
            [
              -53.752082,
              -28.591264
            ],
            [
              -53.752095,
              -28.591171
            ],
            [
              -53.751975,
              -28.591115
            ],
            [
              -53.75192,
              -28.591053
            ],
            [
              -53.7519,
              -28.590963
            ],
            [
              -53.751925,
              -28.590754
            ],
            [
              -53.751899,
              -28.590614
            ],
            [
              -53.751887,
              -28.590536
            ],
            [
              -53.752015,
              -28.590257
            ],
            [
              -53.752008,
              -28.590137
            ],
            [
              -53.752043,
              -28.589868
            ],
            [
              -53.752135,
              -28.589584
            ],
            [
              -53.752095,
              -28.589457
            ],
            [
              -53.752102,
              -28.589414
            ],
            [
              -53.752064,
              -28.589319
            ],
            [
              -53.752161,
              -28.589025
            ],
            [
              -53.752123,
              -28.5889
            ],
            [
              -53.752083,
              -28.5886
            ],
            [
              -53.752044,
              -28.588579
            ],
            [
              -53.752023,
              -28.58837
            ],
            [
              -53.752041,
              -28.588207
            ],
            [
              -53.752123,
              -28.588087
            ],
            [
              -53.752384,
              -28.5879
            ],
            [
              -53.752297,
              -28.587784
            ],
            [
              -53.752331,
              -28.587705
            ],
            [
              -53.752348,
              -28.587563
            ],
            [
              -53.752452,
              -28.587484
            ],
            [
              -53.752422,
              -28.587411
            ],
            [
              -53.752503,
              -28.587352
            ],
            [
              -53.752506,
              -28.587308
            ],
            [
              -53.752486,
              -28.587138
            ],
            [
              -53.752484,
              -28.587085
            ],
            [
              -53.7524,
              -28.586696
            ],
            [
              -53.752395,
              -28.586581
            ],
            [
              -53.752373,
              -28.586469
            ],
            [
              -53.752339,
              -28.586424
            ],
            [
              -53.752211,
              -28.586397
            ],
            [
              -53.752247,
              -28.58624
            ],
            [
              -53.752246,
              -28.586118
            ],
            [
              -53.752281,
              -28.585893
            ],
            [
              -53.752211,
              -28.585807
            ],
            [
              -53.752204,
              -28.585794
            ],
            [
              -53.752262,
              -28.585736
            ],
            [
              -53.75225,
              -28.585647
            ],
            [
              -53.752272,
              -28.585599
            ],
            [
              -53.752281,
              -28.585484
            ],
            [
              -53.75239,
              -28.58533
            ],
            [
              -53.75234,
              -28.585181
            ],
            [
              -53.752371,
              -28.585157
            ],
            [
              -53.752452,
              -28.585127
            ],
            [
              -53.752406,
              -28.58511
            ],
            [
              -53.752354,
              -28.585107
            ],
            [
              -53.752332,
              -28.58503
            ],
            [
              -53.752433,
              -28.585034
            ],
            [
              -53.752429,
              -28.585005
            ],
            [
              -53.752418,
              -28.584948
            ],
            [
              -53.752473,
              -28.584769
            ],
            [
              -53.752191,
              -28.584732
            ],
            [
              -53.752006,
              -28.584547
            ],
            [
              -53.751989,
              -28.58454
            ]
          ]
        ]
      },
      "properties": {
        "id": "389713de-a60b-4683-9a78-37646c829130",
        "id_sigef": "389713de-a60b-4683-9a78-37646c829130",
        "codigo_imovel": "8650100042782",
        "nome_imovel": "SDE - Parcela 1",
        "nome_titular": "Titularidade sob sigilo (Cartório CRI / SNCR)",
        "cpf_cnpj_titular": null,
        "registro_matricula": "Matrícula 50491 - CRI",
        "municipio": "CRUZ ALTA",
        "uf": "RS",
        "area_hectares": 275.38,
        "status_geo": "CERTIFICADO",
        "tag_fonte": "SIGEF",
        "centroide_lat": -28.598824657635475,
        "centroide_lng": -53.750632421182225
      }
    },
    {
      "type": "Feature",
      "id": "31233a10-60ce-4ec8-add6-7b4cae5b8fe3",
      "geometry": {
        "type": "Polygon",
        "coordinates": [
          [
            [
              -53.510056,
              -28.746058
            ],
            [
              -53.507077,
              -28.746189
            ],
            [
              -53.506458,
              -28.746216
            ],
            [
              -53.505946,
              -28.746249
            ],
            [
              -53.505848,
              -28.74626
            ],
            [
              -53.508755,
              -28.755207
            ],
            [
              -53.508783,
              -28.755091
            ],
            [
              -53.50885,
              -28.755071
            ],
            [
              -53.508884,
              -28.755004
            ],
            [
              -53.508903,
              -28.754939
            ],
            [
              -53.508954,
              -28.754903
            ],
            [
              -53.508984,
              -28.754908
            ],
            [
              -53.509036,
              -28.754903
            ],
            [
              -53.509051,
              -28.754886
            ],
            [
              -53.509074,
              -28.754896
            ],
            [
              -53.509094,
              -28.754883
            ],
            [
              -53.509128,
              -28.754907
            ],
            [
              -53.50915,
              -28.75489
            ],
            [
              -53.509177,
              -28.754891
            ],
            [
              -53.509192,
              -28.754731
            ],
            [
              -53.509113,
              -28.754687
            ],
            [
              -53.50911,
              -28.754566
            ],
            [
              -53.509149,
              -28.754504
            ],
            [
              -53.509141,
              -28.754466
            ],
            [
              -53.509159,
              -28.754462
            ],
            [
              -53.509203,
              -28.754444
            ],
            [
              -53.509244,
              -28.754392
            ],
            [
              -53.509234,
              -28.754364
            ],
            [
              -53.509282,
              -28.75434
            ],
            [
              -53.509277,
              -28.75432
            ],
            [
              -53.509319,
              -28.754283
            ],
            [
              -53.509372,
              -28.75429
            ],
            [
              -53.509389,
              -28.754269
            ],
            [
              -53.509416,
              -28.754274
            ],
            [
              -53.509423,
              -28.75426
            ],
            [
              -53.509456,
              -28.754256
            ],
            [
              -53.509573,
              -28.754156
            ],
            [
              -53.51207,
              -28.753149
            ],
            [
              -53.51424,
              -28.752473
            ],
            [
              -53.514115,
              -28.750691
            ],
            [
              -53.513968,
              -28.74867
            ],
            [
              -53.513886,
              -28.7476
            ],
            [
              -53.513527,
              -28.747458
            ],
            [
              -53.512967,
              -28.747228
            ],
            [
              -53.511946,
              -28.746807
            ],
            [
              -53.511855,
              -28.746772
            ],
            [
              -53.511146,
              -28.74649
            ],
            [
              -53.510663,
              -28.746297
            ],
            [
              -53.510072,
              -28.74606
            ],
            [
              -53.510056,
              -28.746058
            ]
          ]
        ]
      },
      "properties": {
        "id": "31233a10-60ce-4ec8-add6-7b4cae5b8fe3",
        "id_sigef": "31233a10-60ce-4ec8-add6-7b4cae5b8fe3",
        "codigo_imovel": "9510803926507",
        "nome_imovel": "Gleba 03 - Mat. 3.659; 11.482; 42.174 - Gleba 03",
        "nome_titular": "Titularidade sob sigilo (Cartório CRI / SNCR)",
        "cpf_cnpj_titular": null,
        "registro_matricula": "Matrícula 3659 - CRI",
        "municipio": "CRUZ ALTA",
        "uf": "RS",
        "area_hectares": 53.73,
        "status_geo": "CERTIFICADO",
        "tag_fonte": "SIGEF",
        "centroide_lat": -28.752226734693867,
        "centroide_lng": -53.50976969387757
      }
    },
    {
      "type": "Feature",
      "id": "aa01356e-6b38-4978-b609-64b4da25dac5",
      "geometry": {
        "type": "Polygon",
        "coordinates": [
          [
            [
              -53.486238,
              -28.73682
            ],
            [
              -53.486034,
              -28.736975
            ],
            [
              -53.48563,
              -28.736968
            ],
            [
              -53.485197,
              -28.736853
            ],
            [
              -53.484849,
              -28.736975
            ],
            [
              -53.484594,
              -28.737401
            ],
            [
              -53.484533,
              -28.737738
            ],
            [
              -53.484545,
              -28.738048
            ],
            [
              -53.484749,
              -28.738386
            ],
            [
              -53.484689,
              -28.73859
            ],
            [
              -53.484499,
              -28.738733
            ],
            [
              -53.484172,
              -28.73884
            ],
            [
              -53.48591,
              -28.741093
            ],
            [
              -53.485706,
              -28.741461
            ],
            [
              -53.485313,
              -28.742154
            ],
            [
              -53.485108,
              -28.742516
            ],
            [
              -53.484448,
              -28.743677
            ],
            [
              -53.485459,
              -28.744792
            ],
            [
              -53.485641,
              -28.744729
            ],
            [
              -53.485809,
              -28.744679
            ],
            [
              -53.486007,
              -28.74465
            ],
            [
              -53.487257,
              -28.744546
            ],
            [
              -53.486238,
              -28.73682
            ]
          ]
        ]
      },
      "properties": {
        "id": "aa01356e-6b38-4978-b609-64b4da25dac5",
        "id_sigef": "aa01356e-6b38-4978-b609-64b4da25dac5",
        "codigo_imovel": "8130440356966",
        "nome_imovel": "Matrícula 24.387 - Única",
        "nome_titular": "Titularidade sob sigilo (Cartório CRI / SNCR)",
        "cpf_cnpj_titular": null,
        "registro_matricula": "Matrícula 51866 - CRI",
        "municipio": "CRUZ ALTA",
        "uf": "RS",
        "area_hectares": 15.03,
        "status_geo": "CERTIFICADO",
        "tag_fonte": "SIGEF",
        "centroide_lat": -28.740301090909096,
        "centroide_lng": -53.48529031818182
      }
    },
    {
      "type": "Feature",
      "id": "ad7b457a-c7a1-4f93-a7a0-82de3f2c35c3",
      "geometry": {
        "type": "Polygon",
        "coordinates": [
          [
            [
              -53.562671,
              -28.607965
            ],
            [
              -53.56237,
              -28.608263
            ],
            [
              -53.561654,
              -28.609193
            ],
            [
              -53.560842,
              -28.609462
            ],
            [
              -53.560025,
              -28.609243
            ],
            [
              -53.560107,
              -28.611818
            ],
            [
              -53.560134,
              -28.612257
            ],
            [
              -53.56003,
              -28.612435
            ],
            [
              -53.559758,
              -28.612849
            ],
            [
              -53.559352,
              -28.613693
            ],
            [
              -53.55934,
              -28.613902
            ],
            [
              -53.559479,
              -28.61418
            ],
            [
              -53.559695,
              -28.614473
            ],
            [
              -53.559876,
              -28.61459
            ],
            [
              -53.560223,
              -28.614558
            ],
            [
              -53.560703,
              -28.614608
            ],
            [
              -53.560605,
              -28.610776
            ],
            [
              -53.563288,
              -28.610722
            ],
            [
              -53.56336,
              -28.613528
            ],
            [
              -53.564094,
              -28.613949
            ],
            [
              -53.564148,
              -28.614722
            ],
            [
              -53.56455,
              -28.614886
            ],
            [
              -53.56478,
              -28.615015
            ],
            [
              -53.565016,
              -28.615192
            ],
            [
              -53.565499,
              -28.615637
            ],
            [
              -53.565976,
              -28.616048
            ],
            [
              -53.566874,
              -28.616479
            ],
            [
              -53.5671,
              -28.616516
            ],
            [
              -53.567876,
              -28.616511
            ],
            [
              -53.568951,
              -28.616491
            ],
            [
              -53.569841,
              -28.616338
            ],
            [
              -53.570697,
              -28.61619
            ],
            [
              -53.571224,
              -28.616155
            ],
            [
              -53.571751,
              -28.616165
            ],
            [
              -53.572207,
              -28.616272
            ],
            [
              -53.575895,
              -28.6099
            ],
            [
              -53.576374,
              -28.608792
            ],
            [
              -53.576507,
              -28.608164
            ],
            [
              -53.562671,
              -28.607965
            ]
          ]
        ]
      },
      "properties": {
        "id": "ad7b457a-c7a1-4f93-a7a0-82de3f2c35c3",
        "id_sigef": "ad7b457a-c7a1-4f93-a7a0-82de3f2c35c3",
        "codigo_imovel": "8650100347702",
        "nome_imovel": "Santa Isabel II - Matrícula 38.475 Área 2",
        "nome_titular": "Titularidade sob sigilo (Cartório CRI / SNCR)",
        "cpf_cnpj_titular": null,
        "registro_matricula": "Matrícula 49121 - CRI",
        "municipio": "CRUZ ALTA",
        "uf": "RS",
        "area_hectares": 106.69,
        "status_geo": "CERTIFICADO",
        "tag_fonte": "SIGEF",
        "centroide_lat": -28.613366763157888,
        "centroide_lng": -53.564812421052636
      }
    },
    {
      "type": "Feature",
      "id": "9c69af49-2b3e-46c4-ae80-9eb810cb47fe",
      "geometry": {
        "type": "Polygon",
        "coordinates": [
          [
            [
              -53.556057,
              -28.570576
            ],
            [
              -53.555877,
              -28.570828
            ],
            [
              -53.55562,
              -28.571012
            ],
            [
              -53.555052,
              -28.571364
            ],
            [
              -53.554502,
              -28.571838
            ],
            [
              -53.553903,
              -28.572425
            ],
            [
              -53.552683,
              -28.57334
            ],
            [
              -53.552281,
              -28.573521
            ],
            [
              -53.551751,
              -28.573595
            ],
            [
              -53.55128,
              -28.573655
            ],
            [
              -53.55333,
              -28.575158
            ],
            [
              -53.557386,
              -28.572332
            ],
            [
              -53.556057,
              -28.570576
            ]
          ]
        ]
      },
      "properties": {
        "id": "9c69af49-2b3e-46c4-ae80-9eb810cb47fe",
        "id_sigef": "9c69af49-2b3e-46c4-ae80-9eb810cb47fe",
        "codigo_imovel": "8650100226751",
        "nome_imovel": "SDE - Parte 4",
        "nome_titular": "Titularidade sob sigilo (Cartório CRI / SNCR)",
        "cpf_cnpj_titular": null,
        "registro_matricula": "Matrícula 51202 - CRI",
        "municipio": "CRUZ ALTA",
        "uf": "RS",
        "area_hectares": 11.53,
        "status_geo": "CERTIFICADO",
        "tag_fonte": "SIGEF",
        "centroide_lat": -28.57247033333333,
        "centroide_lng": -53.55414349999999
      }
    },
    {
      "type": "Feature",
      "id": "272b1a63-4492-4c76-b5df-9b4127694ef1",
      "geometry": {
        "type": "Polygon",
        "coordinates": [
          [
            [
              -53.608875,
              -28.731214
            ],
            [
              -53.597619,
              -28.733249
            ],
            [
              -53.597215,
              -28.736996
            ],
            [
              -53.598739,
              -28.737065
            ],
            [
              -53.598628,
              -28.738167
            ],
            [
              -53.60281,
              -28.73832
            ],
            [
              -53.609547,
              -28.736532
            ],
            [
              -53.612253,
              -28.735355
            ],
            [
              -53.611903,
              -28.73423
            ],
            [
              -53.611581,
              -28.733093
            ],
            [
              -53.611087,
              -28.731718
            ],
            [
              -53.608911,
              -28.731968
            ],
            [
              -53.608875,
              -28.731214
            ]
          ]
        ]
      },
      "properties": {
        "id": "272b1a63-4492-4c76-b5df-9b4127694ef1",
        "id_sigef": "272b1a63-4492-4c76-b5df-9b4127694ef1",
        "codigo_imovel": "9501903000122",
        "nome_imovel": "SDE - GLEBA A",
        "nome_titular": "Titularidade sob sigilo (Cartório CRI / SNCR)",
        "cpf_cnpj_titular": null,
        "registro_matricula": "Matrícula 53677 - CRI",
        "municipio": "CRUZ ALTA",
        "uf": "RS",
        "area_hectares": 81.6,
        "status_geo": "CERTIFICADO",
        "tag_fonte": "SIGEF",
        "centroide_lat": -28.734825583333333,
        "centroide_lng": -53.605764
      }
    },
    {
      "type": "Feature",
      "id": "f4dfac83-9f69-43fb-bc90-c8ca07fb5578",
      "geometry": {
        "type": "Polygon",
        "coordinates": [
          [
            [
              -53.655386,
              -28.52936
            ],
            [
              -53.655265,
              -28.530238
            ],
            [
              -53.655088,
              -28.530834
            ],
            [
              -53.654298,
              -28.532412
            ],
            [
              -53.654098,
              -28.532937
            ],
            [
              -53.65398,
              -28.533702
            ],
            [
              -53.653933,
              -28.534682
            ],
            [
              -53.653984,
              -28.535193
            ],
            [
              -53.654124,
              -28.536073
            ],
            [
              -53.654932,
              -28.536019
            ],
            [
              -53.656123,
              -28.53782
            ],
            [
              -53.656006,
              -28.53972
            ],
            [
              -53.656754,
              -28.539727
            ],
            [
              -53.658161,
              -28.539761
            ],
            [
              -53.658354,
              -28.539714
            ],
            [
              -53.660099,
              -28.539062
            ],
            [
              -53.661839,
              -28.537991
            ],
            [
              -53.662392,
              -28.537639
            ],
            [
              -53.66253,
              -28.53751
            ],
            [
              -53.663304,
              -28.536539
            ],
            [
              -53.666693,
              -28.532298
            ],
            [
              -53.667223,
              -28.531646
            ],
            [
              -53.655386,
              -28.52936
            ]
          ]
        ]
      },
      "properties": {
        "id": "f4dfac83-9f69-43fb-bc90-c8ca07fb5578",
        "id_sigef": "f4dfac83-9f69-43fb-bc90-c8ca07fb5578",
        "codigo_imovel": "8650100355640",
        "nome_imovel": "Casa Branca Cereais - Parcela 2",
        "nome_titular": "Titularidade sob sigilo (Cartório CRI / SNCR)",
        "cpf_cnpj_titular": null,
        "registro_matricula": "Matrícula 48833 - CRI",
        "municipio": "CRUZ ALTA",
        "uf": "RS",
        "area_hectares": 93.13,
        "status_geo": "CERTIFICADO",
        "tag_fonte": "SIGEF",
        "centroide_lat": -28.535494409090905,
        "centroide_lng": -53.6579348181818
      }
    },
    {
      "type": "Feature",
      "id": "b63e6981-894b-4db9-b682-0268c4bf751e",
      "geometry": {
        "type": "Polygon",
        "coordinates": [
          [
            [
              -53.615234,
              -28.67724
            ],
            [
              -53.613711,
              -28.678019
            ],
            [
              -53.613502,
              -28.678125
            ],
            [
              -53.613761,
              -28.678512
            ],
            [
              -53.61402,
              -28.67891
            ],
            [
              -53.614237,
              -28.6788
            ],
            [
              -53.615836,
              -28.677985
            ],
            [
              -53.615234,
              -28.67724
            ]
          ]
        ]
      },
      "properties": {
        "id": "b63e6981-894b-4db9-b682-0268c4bf751e",
        "id_sigef": "b63e6981-894b-4db9-b682-0268c4bf751e",
        "codigo_imovel": "8560960224978",
        "nome_imovel": "Matrícula 44.322 - Matrícula 44.322",
        "nome_titular": "Titularidade sob sigilo (Cartório CRI / SNCR)",
        "cpf_cnpj_titular": null,
        "registro_matricula": "Matrícula 53975 - CRI",
        "municipio": "CRUZ ALTA",
        "uf": "RS",
        "area_hectares": 2.02,
        "status_geo": "CERTIFICADO",
        "tag_fonte": "SIGEF",
        "centroide_lat": -28.678227285714286,
        "centroide_lng": -53.61432871428571
      }
    },
    {
      "type": "Feature",
      "id": "c02728bb-d62a-4e78-86d6-6ccbbee361c9",
      "geometry": {
        "type": "Polygon",
        "coordinates": [
          [
            [
              -53.666053,
              -28.635991
            ],
            [
              -53.665505,
              -28.636037
            ],
            [
              -53.664688,
              -28.636364
            ],
            [
              -53.664556,
              -28.636394
            ],
            [
              -53.664013,
              -28.636647
            ],
            [
              -53.662775,
              -28.638543
            ],
            [
              -53.663125,
              -28.639999
            ],
            [
              -53.663194,
              -28.640043
            ],
            [
              -53.66301,
              -28.641333
            ],
            [
              -53.662474,
              -28.641967
            ],
            [
              -53.661893,
              -28.642556
            ],
            [
              -53.661821,
              -28.64342
            ],
            [
              -53.662044,
              -28.643757
            ],
            [
              -53.661342,
              -28.644324
            ],
            [
              -53.661616,
              -28.64463
            ],
            [
              -53.661232,
              -28.644911
            ],
            [
              -53.661804,
              -28.645051
            ],
            [
              -53.661583,
              -28.645228
            ],
            [
              -53.66242,
              -28.645852
            ],
            [
              -53.662389,
              -28.645956
            ],
            [
              -53.661767,
              -28.646133
            ],
            [
              -53.661429,
              -28.646568
            ],
            [
              -53.661169,
              -28.647051
            ],
            [
              -53.660996,
              -28.647384
            ],
            [
              -53.660236,
              -28.647419
            ],
            [
              -53.659992,
              -28.647507
            ],
            [
              -53.660084,
              -28.647933
            ],
            [
              -53.661014,
              -28.650546
            ],
            [
              -53.666773,
              -28.646791
            ],
            [
              -53.666745,
              -28.641125
            ],
            [
              -53.666736,
              -28.639107
            ],
            [
              -53.666734,
              -28.636394
            ],
            [
              -53.666053,
              -28.635991
            ]
          ]
        ]
      },
      "properties": {
        "id": "c02728bb-d62a-4e78-86d6-6ccbbee361c9",
        "id_sigef": "c02728bb-d62a-4e78-86d6-6ccbbee361c9",
        "codigo_imovel": "8650440297424",
        "nome_imovel": "Matrícula 30.902 - Matrícula 30.902",
        "nome_titular": "Titularidade sob sigilo (Cartório CRI / SNCR)",
        "cpf_cnpj_titular": null,
        "registro_matricula": "Matrícula 54116 - CRI",
        "municipio": "CRUZ ALTA",
        "uf": "RS",
        "area_hectares": 61.62,
        "status_geo": "CERTIFICADO",
        "tag_fonte": "SIGEF",
        "centroide_lat": -28.642905031249995,
        "centroide_lng": -53.662850375
      }
    },
    {
      "type": "Feature",
      "id": "a72f3371-f10f-4926-9932-b7fd53d77239",
      "geometry": {
        "type": "Polygon",
        "coordinates": [
          [
            [
              -53.685176,
              -28.551261
            ],
            [
              -53.684724,
              -28.551274
            ],
            [
              -53.684302,
              -28.551319
            ],
            [
              -53.683898,
              -28.551531
            ],
            [
              -53.683565,
              -28.552004
            ],
            [
              -53.68319,
              -28.552567
            ],
            [
              -53.68297,
              -28.553085
            ],
            [
              -53.682875,
              -28.553528
            ],
            [
              -53.682643,
              -28.555193
            ],
            [
              -53.682344,
              -28.557594
            ],
            [
              -53.682307,
              -28.557764
            ],
            [
              -53.682228,
              -28.55795
            ],
            [
              -53.68207,
              -28.558239
            ],
            [
              -53.681575,
              -28.558904
            ],
            [
              -53.680914,
              -28.560004
            ],
            [
              -53.680444,
              -28.560647
            ],
            [
              -53.679482,
              -28.562285
            ],
            [
              -53.682528,
              -28.563662
            ],
            [
              -53.683298,
              -28.564083
            ],
            [
              -53.683363,
              -28.564002
            ],
            [
              -53.686026,
              -28.56071
            ],
            [
              -53.686404,
              -28.560136
            ],
            [
              -53.687342,
              -28.558113
            ],
            [
              -53.687442,
              -28.558039
            ],
            [
              -53.68761,
              -28.558079
            ],
            [
              -53.687708,
              -28.558117
            ],
            [
              -53.688001,
              -28.558101
            ],
            [
              -53.688167,
              -28.558088
            ],
            [
              -53.688367,
              -28.558008
            ],
            [
              -53.688705,
              -28.557839
            ],
            [
              -53.68887,
              -28.557744
            ],
            [
              -53.689039,
              -28.557699
            ],
            [
              -53.688985,
              -28.557524
            ],
            [
              -53.688921,
              -28.557494
            ],
            [
              -53.688905,
              -28.557364
            ],
            [
              -53.688762,
              -28.557107
            ],
            [
              -53.688791,
              -28.557017
            ],
            [
              -53.688583,
              -28.556969
            ],
            [
              -53.688438,
              -28.556902
            ],
            [
              -53.688433,
              -28.556719
            ],
            [
              -53.688255,
              -28.556544
            ],
            [
              -53.688114,
              -28.55636
            ],
            [
              -53.68785,
              -28.556325
            ],
            [
              -53.687613,
              -28.556247
            ],
            [
              -53.687551,
              -28.556296
            ],
            [
              -53.687467,
              -28.556066
            ],
            [
              -53.687249,
              -28.555958
            ],
            [
              -53.687934,
              -28.554748
            ],
            [
              -53.68936,
              -28.552233
            ],
            [
              -53.688839,
              -28.552152
            ],
            [
              -53.68856,
              -28.5521
            ],
            [
              -53.688254,
              -28.552008
            ],
            [
              -53.687974,
              -28.551893
            ],
            [
              -53.686857,
              -28.551409
            ],
            [
              -53.686662,
              -28.551455
            ],
            [
              -53.685994,
              -28.551457
            ],
            [
              -53.685692,
              -28.551397
            ],
            [
              -53.685176,
              -28.551261
            ]
          ]
        ]
      },
      "properties": {
        "id": "a72f3371-f10f-4926-9932-b7fd53d77239",
        "id_sigef": "a72f3371-f10f-4926-9932-b7fd53d77239",
        "codigo_imovel": "9500176664245",
        "nome_imovel": "SDE - Parte 1",
        "nome_titular": "Titularidade sob sigilo (Cartório CRI / SNCR)",
        "cpf_cnpj_titular": null,
        "registro_matricula": "Matrícula 48759 - CRI",
        "municipio": "CRUZ ALTA",
        "uf": "RS",
        "area_hectares": 69.84,
        "status_geo": "CERTIFICADO",
        "tag_fonte": "SIGEF",
        "centroide_lat": -28.55630373684211,
        "centroide_lng": -53.686098596491235
      }
    },
    {
      "type": "Feature",
      "id": "271470c5-58d5-4872-9e52-f766c7462cbe",
      "geometry": {
        "type": "Polygon",
        "coordinates": [
          [
            [
              -53.639115,
              -28.612227
            ],
            [
              -53.631325,
              -28.618994
            ],
            [
              -53.632753,
              -28.619235
            ],
            [
              -53.633688,
              -28.619454
            ],
            [
              -53.634358,
              -28.619659
            ],
            [
              -53.635157,
              -28.619876
            ],
            [
              -53.635658,
              -28.619962
            ],
            [
              -53.64135,
              -28.620568
            ],
            [
              -53.643001,
              -28.620032
            ],
            [
              -53.643452,
              -28.618765
            ],
            [
              -53.643675,
              -28.618426
            ],
            [
              -53.636676,
              -28.618003
            ],
            [
              -53.642414,
              -28.613011
            ],
            [
              -53.639115,
              -28.612227
            ]
          ]
        ]
      },
      "properties": {
        "id": "271470c5-58d5-4872-9e52-f766c7462cbe",
        "id_sigef": "271470c5-58d5-4872-9e52-f766c7462cbe",
        "codigo_imovel": "8650100186350",
        "nome_imovel": "Sem Denominação - Parcela 1",
        "nome_titular": "Titularidade sob sigilo (Cartório CRI / SNCR)",
        "cpf_cnpj_titular": null,
        "registro_matricula": "Matrícula 15212,15213 - CRI",
        "municipio": "CRUZ ALTA",
        "uf": "RS",
        "area_hectares": 48.13,
        "status_geo": "CERTIFICADO",
        "tag_fonte": "SIGEF",
        "centroide_lat": -28.618323999999994,
        "centroide_lng": -53.637894
      }
    },
    {
      "type": "Feature",
      "id": "8d791750-4f60-44ae-9367-f6276cc05cbb",
      "geometry": {
        "type": "Polygon",
        "coordinates": [
          [
            [
              -53.466279,
              -28.601887
            ],
            [
              -53.46372,
              -28.604891
            ],
            [
              -53.463059,
              -28.605685
            ],
            [
              -53.462463,
              -28.607153
            ],
            [
              -53.462454,
              -28.60725
            ],
            [
              -53.462573,
              -28.608465
            ],
            [
              -53.469314,
              -28.610518
            ],
            [
              -53.471716,
              -28.604359
            ],
            [
              -53.469524,
              -28.603338
            ],
            [
              -53.466279,
              -28.601887
            ]
          ]
        ]
      },
      "properties": {
        "id": "8d791750-4f60-44ae-9367-f6276cc05cbb",
        "id_sigef": "8d791750-4f60-44ae-9367-f6276cc05cbb",
        "codigo_imovel": "8650100184064",
        "nome_imovel": "Imóvel rural sem denominação - Gleba “A”",
        "nome_titular": "Titularidade sob sigilo (Cartório CRI / SNCR)",
        "cpf_cnpj_titular": null,
        "registro_matricula": "Matrícula 7176 - CRI",
        "municipio": "CRUZ ALTA",
        "uf": "RS",
        "area_hectares": 54.15,
        "status_geo": "CERTIFICADO",
        "tag_fonte": "SIGEF",
        "centroide_lat": -28.605949555555558,
        "centroide_lng": -53.465678
      }
    },
    {
      "type": "Feature",
      "id": "a3f5781f-0a1e-42b0-a3de-061766d999f9",
      "geometry": {
        "type": "Polygon",
        "coordinates": [
          [
            [
              -53.712928,
              -28.660855
            ],
            [
              -53.712755,
              -28.661255
            ],
            [
              -53.726443,
              -28.662382
            ],
            [
              -53.725981,
              -28.661929
            ],
            [
              -53.712928,
              -28.660855
            ]
          ]
        ]
      },
      "properties": {
        "id": "a3f5781f-0a1e-42b0-a3de-061766d999f9",
        "id_sigef": "a3f5781f-0a1e-42b0-a3de-061766d999f9",
        "codigo_imovel": "9999548462100",
        "nome_imovel": "SED - Parte 1",
        "nome_titular": "Titularidade sob sigilo (Cartório CRI / SNCR)",
        "cpf_cnpj_titular": null,
        "registro_matricula": "Matrícula 42.012 - CRI",
        "municipio": "CRUZ ALTA",
        "uf": "RS",
        "area_hectares": 6.02,
        "status_geo": "CERTIFICADO",
        "tag_fonte": "SIGEF",
        "centroide_lat": -28.66160525,
        "centroide_lng": -53.71952675
      }
    },
    {
      "type": "Feature",
      "id": "6476acf3-5f36-4f83-9379-123149c276d4",
      "geometry": {
        "type": "Polygon",
        "coordinates": [
          [
            [
              -53.474797,
              -28.703569
            ],
            [
              -53.474184,
              -28.703764
            ],
            [
              -53.474496,
              -28.713116
            ],
            [
              -53.487159,
              -28.718275
            ],
            [
              -53.485047,
              -28.707114
            ],
            [
              -53.484711,
              -28.705335
            ],
            [
              -53.480566,
              -28.706041
            ],
            [
              -53.478211,
              -28.705032
            ],
            [
              -53.474797,
              -28.703569
            ]
          ]
        ]
      },
      "properties": {
        "id": "6476acf3-5f36-4f83-9379-123149c276d4",
        "id_sigef": "6476acf3-5f36-4f83-9379-123149c276d4",
        "codigo_imovel": "8650100360482",
        "nome_imovel": "Fazenda São Juvenal - Fazenda São Juvenal G",
        "nome_titular": "Titularidade sob sigilo (Cartório CRI / SNCR)",
        "cpf_cnpj_titular": null,
        "registro_matricula": "Matrícula 48549 - CRI",
        "municipio": "CRUZ ALTA",
        "uf": "RS",
        "area_hectares": 129.16,
        "status_geo": "CERTIFICADO",
        "tag_fonte": "SIGEF",
        "centroide_lat": -28.707780749999998,
        "centroide_lng": -53.479896374999996
      }
    },
    {
      "type": "Feature",
      "id": "6129da46-bd93-4584-b345-9c391972273c",
      "geometry": {
        "type": "Polygon",
        "coordinates": [
          [
            [
              -53.45178,
              -28.691313
            ],
            [
              -53.447289,
              -28.697442
            ],
            [
              -53.45033,
              -28.700446
            ],
            [
              -53.454819,
              -28.694322
            ],
            [
              -53.453579,
              -28.693093
            ],
            [
              -53.45178,
              -28.691313
            ]
          ]
        ]
      },
      "properties": {
        "id": "6129da46-bd93-4584-b345-9c391972273c",
        "id_sigef": "6129da46-bd93-4584-b345-9c391972273c",
        "codigo_imovel": "8650100360482",
        "nome_imovel": "Fazenda São Juvenal - Fazenda São Juvenal D",
        "nome_titular": "Titularidade sob sigilo (Cartório CRI / SNCR)",
        "cpf_cnpj_titular": null,
        "registro_matricula": "Matrícula 48559 - CRI",
        "municipio": "CRUZ ALTA",
        "uf": "RS",
        "area_hectares": 34.89,
        "status_geo": "CERTIFICADO",
        "tag_fonte": "SIGEF",
        "centroide_lat": -28.6953232,
        "centroide_lng": -53.451559399999994
      }
    },
    {
      "type": "Feature",
      "id": "84e18658-bc75-4a27-87f7-13720ed21ecc",
      "geometry": {
        "type": "Polygon",
        "coordinates": [
          [
            [
              -53.504278,
              -28.656775
            ],
            [
              -53.49996,
              -28.65804
            ],
            [
              -53.496574,
              -28.659015
            ],
            [
              -53.496514,
              -28.674559
            ],
            [
              -53.509654,
              -28.693687
            ],
            [
              -53.509885,
              -28.693579
            ],
            [
              -53.510545,
              -28.693617
            ],
            [
              -53.510892,
              -28.693726
            ],
            [
              -53.511241,
              -28.693846
            ],
            [
              -53.511534,
              -28.693871
            ],
            [
              -53.511875,
              -28.694069
            ],
            [
              -53.512031,
              -28.694262
            ],
            [
              -53.512307,
              -28.694392
            ],
            [
              -53.512799,
              -28.69453
            ],
            [
              -53.513279,
              -28.694599
            ],
            [
              -53.513785,
              -28.694736
            ],
            [
              -53.514215,
              -28.694779
            ],
            [
              -53.514702,
              -28.694833
            ],
            [
              -53.515127,
              -28.694871
            ],
            [
              -53.515404,
              -28.695008
            ],
            [
              -53.515706,
              -28.695099
            ],
            [
              -53.51589,
              -28.694919
            ],
            [
              -53.516382,
              -28.694605
            ],
            [
              -53.516538,
              -28.694292
            ],
            [
              -53.516714,
              -28.694196
            ],
            [
              -53.517055,
              -28.694405
            ],
            [
              -53.517285,
              -28.69489
            ],
            [
              -53.517365,
              -28.695177
            ],
            [
              -53.517431,
              -28.6955
            ],
            [
              -53.51742,
              -28.695945
            ],
            [
              -53.517429,
              -28.696423
            ],
            [
              -53.517454,
              -28.696666
            ],
            [
              -53.517535,
              -28.696833
            ],
            [
              -53.517825,
              -28.696958
            ],
            [
              -53.518177,
              -28.696648
            ],
            [
              -53.518374,
              -28.696351
            ],
            [
              -53.51826,
              -28.695861
            ],
            [
              -53.51815,
              -28.695638
            ],
            [
              -53.518179,
              -28.695511
            ],
            [
              -53.518598,
              -28.695126
            ],
            [
              -53.518508,
              -28.694833
            ],
            [
              -53.518276,
              -28.694479
            ],
            [
              -53.518003,
              -28.694087
            ],
            [
              -53.517642,
              -28.693795
            ],
            [
              -53.51735,
              -28.693499
            ],
            [
              -53.516801,
              -28.693542
            ],
            [
              -53.516207,
              -28.693565
            ],
            [
              -53.515795,
              -28.693561
            ],
            [
              -53.515337,
              -28.693646
            ],
            [
              -53.514986,
              -28.693673
            ],
            [
              -53.514568,
              -28.693626
            ],
            [
              -53.514097,
              -28.693473
            ],
            [
              -53.513754,
              -28.693406
            ],
            [
              -53.513457,
              -28.693279
            ],
            [
              -53.513206,
              -28.693042
            ],
            [
              -53.513155,
              -28.692756
            ],
            [
              -53.513339,
              -28.692509
            ],
            [
              -53.513595,
              -28.692273
            ],
            [
              -53.513776,
              -28.692022
            ],
            [
              -53.514044,
              -28.691722
            ],
            [
              -53.514291,
              -28.691632
            ],
            [
              -53.514622,
              -28.691408
            ],
            [
              -53.514947,
              -28.69115
            ],
            [
              -53.515198,
              -28.690969
            ],
            [
              -53.515343,
              -28.690916
            ],
            [
              -53.515475,
              -28.690614
            ],
            [
              -53.515694,
              -28.690344
            ],
            [
              -53.515949,
              -28.690017
            ],
            [
              -53.516038,
              -28.689908
            ],
            [
              -53.515847,
              -28.689797
            ],
            [
              -53.515751,
              -28.689743
            ],
            [
              -53.515714,
              -28.689572
            ],
            [
              -53.515596,
              -28.689536
            ],
            [
              -53.515378,
              -28.689634
            ],
            [
              -53.515205,
              -28.689672
            ],
            [
              -53.514896,
              -28.689418
            ],
            [
              -53.514865,
              -28.689197
            ],
            [
              -53.514992,
              -28.688967
            ],
            [
              -53.515056,
              -28.688826
            ],
            [
              -53.514932,
              -28.688716
            ],
            [
              -53.514782,
              -28.688723
            ],
            [
              -53.514482,
              -28.688778
            ],
            [
              -53.514123,
              -28.688996
            ],
            [
              -53.51377,
              -28.689193
            ],
            [
              -53.51363,
              -28.689133
            ],
            [
              -53.513539,
              -28.688887
            ],
            [
              -53.513633,
              -28.68863
            ],
            [
              -53.513874,
              -28.688341
            ],
            [
              -53.513991,
              -28.687847
            ],
            [
              -53.513976,
              -28.687502
            ],
            [
              -53.513981,
              -28.687262
            ],
            [
              -53.514041,
              -28.68698
            ],
            [
              -53.514223,
              -28.686594
            ],
            [
              -53.514365,
              -28.686294
            ],
            [
              -53.514411,
              -28.686044
            ],
            [
              -53.514451,
              -28.685695
            ],
            [
              -53.514649,
              -28.685296
            ],
            [
              -53.514648,
              -28.685049
            ],
            [
              -53.514658,
              -28.684718
            ],
            [
              -53.514672,
              -28.684475
            ],
            [
              -53.514706,
              -28.684212
            ],
            [
              -53.514728,
              -28.684059
            ],
            [
              -53.51479,
              -28.683921
            ],
            [
              -53.515028,
              -28.683877
            ],
            [
              -53.515434,
              -28.683827
            ],
            [
              -53.515618,
              -28.683772
            ],
            [
              -53.51589,
              -28.683599
            ],
            [
              -53.515851,
              -28.683553
            ],
            [
              -53.515514,
              -28.683562
            ],
            [
              -53.515011,
              -28.683672
            ],
            [
              -53.514633,
              -28.683851
            ],
            [
              -53.514203,
              -28.684087
            ],
            [
              -53.513776,
              -28.684249
            ],
            [
              -53.513518,
              -28.684217
            ],
            [
              -53.513322,
              -28.684071
            ],
            [
              -53.513216,
              -28.683958
            ],
            [
              -53.512951,
              -28.683661
            ],
            [
              -53.512711,
              -28.683474
            ],
            [
              -53.512543,
              -28.683307
            ],
            [
              -53.512563,
              -28.683118
            ],
            [
              -53.512567,
              -28.682923
            ],
            [
              -53.512511,
              -28.682725
            ],
            [
              -53.51233,
              -28.682421
            ],
            [
              -53.512169,
              -28.682158
            ],
            [
              -53.51188,
              -28.682039
            ],
            [
              -53.511522,
              -28.682009
            ],
            [
              -53.511334,
              -28.681947
            ],
            [
              -53.511092,
              -28.681883
            ],
            [
              -53.510316,
              -28.681881
            ],
            [
              -53.510033,
              -28.681989
            ],
            [
              -53.509723,
              -28.682087
            ],
            [
              -53.509557,
              -28.682212
            ],
            [
              -53.509336,
              -28.682325
            ],
            [
              -53.509103,
              -28.682149
            ],
            [
              -53.508926,
              -28.681589
            ],
            [
              -53.508944,
              -28.681231
            ],
            [
              -53.508957,
              -28.680933
            ],
            [
              -53.508895,
              -28.68081
            ],
            [
              -53.508756,
              -28.680556
            ],
            [
              -53.508594,
              -28.680437
            ],
            [
              -53.508562,
              -28.680456
            ],
            [
              -53.508427,
              -28.680469
            ],
            [
              -53.508423,
              -28.680541
            ],
            [
              -53.50796,
              -28.680683
            ],
            [
              -53.50725,
              -28.680767
            ],
            [
              -53.506741,
              -28.680815
            ],
            [
              -53.506294,
              -28.680722
            ],
            [
              -53.505794,
              -28.680546
            ],
            [
              -53.505734,
              -28.680502
            ],
            [
              -53.505698,
              -28.680347
            ],
            [
              -53.50578,
              -28.680215
            ],
            [
              -53.506115,
              -28.679919
            ],
            [
              -53.50649,
              -28.679821
            ],
            [
              -53.506873,
              -28.679704
            ],
            [
              -53.506968,
              -28.679648
            ],
            [
              -53.507233,
              -28.679446
            ],
            [
              -53.507462,
              -28.679183
            ],
            [
              -53.507566,
              -28.679054
            ],
            [
              -53.507672,
              -28.678842
            ],
            [
              -53.507718,
              -28.678682
            ],
            [
              -53.507738,
              -28.678265
            ],
            [
              -53.50773,
              -28.677999
            ],
            [
              -53.507595,
              -28.677603
            ],
            [
              -53.507532,
              -28.677464
            ],
            [
              -53.507461,
              -28.677376
            ],
            [
              -53.507265,
              -28.677171
            ],
            [
              -53.507118,
              -28.677129
            ],
            [
              -53.506765,
              -28.677118
            ],
            [
              -53.50656,
              -28.677099
            ],
            [
              -53.506305,
              -28.677065
            ],
            [
              -53.50622,
              -28.677031
            ],
            [
              -53.506103,
              -28.677025
            ],
            [
              -53.505997,
              -28.676968
            ],
            [
              -53.505983,
              -28.676892
            ],
            [
              -53.506112,
              -28.676632
            ],
            [
              -53.506173,
              -28.676316
            ],
            [
              -53.50619,
              -28.67609
            ],
            [
              -53.506206,
              -28.675874
            ],
            [
              -53.506312,
              -28.675686
            ],
            [
              -53.506572,
              -28.675554
            ],
            [
              -53.506798,
              -28.675441
            ],
            [
              -53.50701,
              -28.675391
            ],
            [
              -53.507303,
              -28.675364
            ],
            [
              -53.50749,
              -28.675338
            ],
            [
              -53.507831,
              -28.675254
            ],
            [
              -53.508028,
              -28.675147
            ],
            [
              -53.508156,
              -28.67506
            ],
            [
              -53.5083,
              -28.674918
            ],
            [
              -53.508233,
              -28.674679
            ],
            [
              -53.508034,
              -28.674505
            ],
            [
              -53.507922,
              -28.674358
            ],
            [
              -53.507862,
              -28.674212
            ],
            [
              -53.507714,
              -28.673919
            ],
            [
              -53.507685,
              -28.673673
            ],
            [
              -53.507774,
              -28.673579
            ],
            [
              -53.507823,
              -28.673524
            ],
            [
              -53.508027,
              -28.673478
            ],
            [
              -53.508216,
              -28.673356
            ],
            [
              -53.508337,
              -28.673076
            ],
            [
              -53.508396,
              -28.672903
            ],
            [
              -53.508032,
              -28.672758
            ],
            [
              -53.5077,
              -28.672646
            ],
            [
              -53.507182,
              -28.672653
            ],
            [
              -53.506925,
              -28.672755
            ],
            [
              -53.506692,
              -28.672847
            ],
            [
              -53.506262,
              -28.673001
            ],
            [
              -53.506093,
              -28.673109
            ],
            [
              -53.505886,
              -28.673137
            ],
            [
              -53.505699,
              -28.673108
            ],
            [
              -53.505389,
              -28.673095
            ],
            [
              -53.505171,
              -28.673101
            ],
            [
              -53.50472,
              -28.673044
            ],
            [
              -53.504327,
              -28.673032
            ],
            [
              -53.503961,
              -28.673026
            ],
            [
              -53.503508,
              -28.672964
            ],
            [
              -53.503315,
              -28.672923
            ],
            [
              -53.503014,
              -28.67284
            ],
            [
              -53.502722,
              -28.672689
            ],
            [
              -53.50241,
              -28.672643
            ],
            [
              -53.502118,
              -28.672778
            ],
            [
              -53.501707,
              -28.672796
            ],
            [
              -53.5014,
              -28.672738
            ],
            [
              -53.501107,
              -28.672674
            ],
            [
              -53.500818,
              -28.672636
            ],
            [
              -53.500661,
              -28.672718
            ],
            [
              -53.500609,
              -28.672804
            ],
            [
              -53.500694,
              -28.673135
            ],
            [
              -53.500816,
              -28.673562
            ],
            [
              -53.500889,
              -28.673879
            ],
            [
              -53.501034,
              -28.674105
            ],
            [
              -53.501113,
              -28.674381
            ],
            [
              -53.501394,
              -28.674636
            ],
            [
              -53.501609,
              -28.674758
            ],
            [
              -53.501912,
              -28.674929
            ],
            [
              -53.502291,
              -28.675121
            ],
            [
              -53.502553,
              -28.675375
            ],
            [
              -53.502681,
              -28.675633
            ],
            [
              -53.502585,
              -28.67599
            ],
            [
              -53.502399,
              -28.676248
            ],
            [
              -53.502144,
              -28.676328
            ],
            [
              -53.501894,
              -28.676328
            ],
            [
              -53.501481,
              -28.676336
            ],
            [
              -53.501304,
              -28.676289
            ],
            [
              -53.501177,
              -28.676112
            ],
            [
              -53.501187,
              -28.675925
            ],
            [
              -53.501013,
              -28.675833
            ],
            [
              -53.50072,
              -28.67573
            ],
            [
              -53.500415,
              -28.675564
            ],
            [
              -53.500172,
              -28.675491
            ],
            [
              -53.500006,
              -28.675442
            ],
            [
              -53.499762,
              -28.675356
            ],
            [
              -53.499495,
              -28.67527
            ],
            [
              -53.499233,
              -28.675075
            ],
            [
              -53.498902,
              -28.674902
            ],
            [
              -53.498764,
              -28.674691
            ],
            [
              -53.499047,
              -28.674183
            ],
            [
              -53.499164,
              -28.673964
            ],
            [
              -53.499152,
              -28.673735
            ],
            [
              -53.499062,
              -28.673481
            ],
            [
              -53.498916,
              -28.673151
            ],
            [
              -53.498854,
              -28.672776
            ],
            [
              -53.498849,
              -28.672576
            ],
            [
              -53.498971,
              -28.672245
            ],
            [
              -53.499022,
              -28.671933
            ],
            [
              -53.499088,
              -28.671536
            ],
            [
              -53.499079,
              -28.671345
            ],
            [
              -53.498923,
              -28.671099
            ],
            [
              -53.499087,
              -28.670886
            ],
            [
              -53.49952,
              -28.670678
            ],
            [
              -53.499461,
              -28.670542
            ],
            [
              -53.499205,
              -28.67026
            ],
            [
              -53.499226,
              -28.670119
            ],
            [
              -53.499472,
              -28.669884
            ],
            [
              -53.499864,
              -28.669814
            ],
            [
              -53.500122,
              -28.669848
            ],
            [
              -53.500274,
              -28.669913
            ],
            [
              -53.500328,
              -28.670103
            ],
            [
              -53.500729,
              -28.670279
            ],
            [
              -53.500813,
              -28.670158
            ],
            [
              -53.500689,
              -28.669967
            ],
            [
              -53.500685,
              -28.669813
            ],
            [
              -53.500694,
              -28.669628
            ],
            [
              -53.500694,
              -28.669386
            ],
            [
              -53.500629,
              -28.669172
            ],
            [
              -53.500605,
              -28.668919
            ],
            [
              -53.500632,
              -28.668861
            ],
            [
              -53.500591,
              -28.668674
            ],
            [
              -53.500532,
              -28.668506
            ],
            [
              -53.500582,
              -28.668258
            ],
            [
              -53.500694,
              -28.668104
            ],
            [
              -53.500794,
              -28.667959
            ],
            [
              -53.500811,
              -28.667814
            ],
            [
              -53.50067,
              -28.66765
            ],
            [
              -53.500465,
              -28.667451
            ],
            [
              -53.50037,
              -28.667142
            ],
            [
              -53.500383,
              -28.666985
            ],
            [
              -53.50042,
              -28.6668
            ],
            [
              -53.500605,
              -28.666627
            ],
            [
              -53.500762,
              -28.6665
            ],
            [
              -53.500954,
              -28.66644
            ],
            [
              -53.500995,
              -28.666326
            ],
            [
              -53.500905,
              -28.666208
            ],
            [
              -53.500865,
              -28.666019
            ],
            [
              -53.500832,
              -28.665796
            ],
            [
              -53.500566,
              -28.665518
            ],
            [
              -53.500481,
              -28.665442
            ],
            [
              -53.500204,
              -28.665284
            ],
            [
              -53.500098,
              -28.665057
            ],
            [
              -53.500174,
              -28.664928
            ],
            [
              -53.500321,
              -28.664889
            ],
            [
              -53.500389,
              -28.664958
            ],
            [
              -53.500483,
              -28.664874
            ],
            [
              -53.500504,
              -28.664769
            ],
            [
              -53.500454,
              -28.664639
            ],
            [
              -53.500356,
              -28.66452
            ],
            [
              -53.500168,
              -28.664414
            ],
            [
              -53.499899,
              -28.664235
            ],
            [
              -53.500042,
              -28.663893
            ],
            [
              -53.499855,
              -28.663591
            ],
            [
              -53.499805,
              -28.663414
            ],
            [
              -53.500024,
              -28.663215
            ],
            [
              -53.500181,
              -28.66328
            ],
            [
              -53.500464,
              -28.66302
            ],
            [
              -53.500252,
              -28.662736
            ],
            [
              -53.500138,
              -28.662352
            ],
            [
              -53.50057,
              -28.662258
            ],
            [
              -53.501068,
              -28.662038
            ],
            [
              -53.501276,
              -28.66204
            ],
            [
              -53.501396,
              -28.661942
            ],
            [
              -53.501291,
              -28.661876
            ],
            [
              -53.501252,
              -28.661702
            ],
            [
              -53.501566,
              -28.661492
            ],
            [
              -53.501766,
              -28.661329
            ],
            [
              -53.501835,
              -28.661134
            ],
            [
              -53.502009,
              -28.66109
            ],
            [
              -53.502018,
              -28.660958
            ],
            [
              -53.501951,
              -28.660941
            ],
            [
              -53.501806,
              -28.660733
            ],
            [
              -53.501717,
              -28.660577
            ],
            [
              -53.501692,
              -28.660407
            ],
            [
              -53.50183,
              -28.660306
            ],
            [
              -53.501987,
              -28.660241
            ],
            [
              -53.502063,
              -28.66021
            ],
            [
              -53.502369,
              -28.660243
            ],
            [
              -53.502606,
              -28.660218
            ],
            [
              -53.502787,
              -28.660185
            ],
            [
              -53.503015,
              -28.660127
            ],
            [
              -53.503073,
              -28.660006
            ],
            [
              -53.503108,
              -28.659877
            ],
            [
              -53.503107,
              -28.65972
            ],
            [
              -53.503248,
              -28.659652
            ],
            [
              -53.50324,
              -28.65953
            ],
            [
              -53.503112,
              -28.659346
            ],
            [
              -53.503228,
              -28.659238
            ],
            [
              -53.503328,
              -28.65907
            ],
            [
              -53.50331,
              -28.658746
            ],
            [
              -53.503513,
              -28.658619
            ],
            [
              -53.503528,
              -28.658509
            ],
            [
              -53.503685,
              -28.658476
            ],
            [
              -53.503723,
              -28.658607
            ],
            [
              -53.503861,
              -28.658671
            ],
            [
              -53.503827,
              -28.658759
            ],
            [
              -53.503926,
              -28.658832
            ],
            [
              -53.504065,
              -28.658659
            ],
            [
              -53.503812,
              -28.658378
            ],
            [
              -53.504034,
              -28.658144
            ],
            [
              -53.504153,
              -28.657975
            ],
            [
              -53.504102,
              -28.657824
            ],
            [
              -53.503962,
              -28.657795
            ],
            [
              -53.503796,
              -28.657511
            ],
            [
              -53.5038,
              -28.657338
            ],
            [
              -53.504079,
              -28.656892
            ],
            [
              -53.504195,
              -28.656928
            ],
            [
              -53.504251,
              -28.656906
            ],
            [
              -53.504278,
              -28.656775
            ]
          ]
        ]
      },
      "properties": {
        "id": "84e18658-bc75-4a27-87f7-13720ed21ecc",
        "id_sigef": "84e18658-bc75-4a27-87f7-13720ed21ecc",
        "codigo_imovel": "9501140910904",
        "nome_imovel": "Santa Isabel - Única",
        "nome_titular": "Titularidade sob sigilo (Cartório CRI / SNCR)",
        "cpf_cnpj_titular": null,
        "registro_matricula": "Matrícula 48908 - CRI",
        "municipio": "CRUZ ALTA",
        "uf": "RS",
        "area_hectares": 265.46,
        "status_geo": "CERTIFICADO",
        "tag_fonte": "SIGEF",
        "centroide_lat": -28.676938176470596,
        "centroide_lng": -53.50708044385026
      }
    },
    {
      "type": "Feature",
      "id": "3145938d-49c5-4a60-a282-9233406dceed",
      "geometry": {
        "type": "Polygon",
        "coordinates": [
          [
            [
              -53.524397,
              -28.582538
            ],
            [
              -53.497711,
              -28.606728
            ],
            [
              -53.509923,
              -28.609753
            ],
            [
              -53.532578,
              -28.593602
            ],
            [
              -53.531531,
              -28.588304
            ],
            [
              -53.531735,
              -28.587535
            ],
            [
              -53.531462,
              -28.586945
            ],
            [
              -53.531325,
              -28.586661
            ],
            [
              -53.531076,
              -28.586019
            ],
            [
              -53.530769,
              -28.58552
            ],
            [
              -53.529323,
              -28.585323
            ],
            [
              -53.528085,
              -28.584656
            ],
            [
              -53.526226,
              -28.583301
            ],
            [
              -53.525199,
              -28.583015
            ],
            [
              -53.524397,
              -28.582538
            ]
          ]
        ]
      },
      "properties": {
        "id": "3145938d-49c5-4a60-a282-9233406dceed",
        "id_sigef": "3145938d-49c5-4a60-a282-9233406dceed",
        "codigo_imovel": "8650100323447",
        "nome_imovel": "Fazenda Bela Vista - Parte 1",
        "nome_titular": "Titularidade sob sigilo (Cartório CRI / SNCR)",
        "cpf_cnpj_titular": null,
        "registro_matricula": "Matrícula 47052 - CRI",
        "municipio": "CRUZ ALTA",
        "uf": "RS",
        "area_hectares": 437.58,
        "status_geo": "CERTIFICADO",
        "tag_fonte": "SIGEF",
        "centroide_lat": -28.589278571428572,
        "centroide_lng": -53.52580999999999
      }
    },
    {
      "type": "Feature",
      "id": "b6ef3238-9d15-4085-a94f-d518d6e864a7",
      "geometry": {
        "type": "Polygon",
        "coordinates": [
          [
            [
              -53.687224,
              -28.569974
            ],
            [
              -53.686329,
              -28.570631
            ],
            [
              -53.686402,
              -28.570684
            ],
            [
              -53.68745,
              -28.571474
            ],
            [
              -53.688258,
              -28.57217
            ],
            [
              -53.689348,
              -28.572904
            ],
            [
              -53.689644,
              -28.573061
            ],
            [
              -53.689906,
              -28.573158
            ],
            [
              -53.690617,
              -28.573351
            ],
            [
              -53.691559,
              -28.573642
            ],
            [
              -53.692439,
              -28.572261
            ],
            [
              -53.687224,
              -28.569974
            ]
          ]
        ]
      },
      "properties": {
        "id": "b6ef3238-9d15-4085-a94f-d518d6e864a7",
        "id_sigef": "b6ef3238-9d15-4085-a94f-d518d6e864a7",
        "codigo_imovel": "9501146064134",
        "nome_imovel": "Granja Trés Coqueiros - Parcela 2",
        "nome_titular": "Titularidade sob sigilo (Cartório CRI / SNCR)",
        "cpf_cnpj_titular": null,
        "registro_matricula": "Matrícula 48805 - CRI",
        "municipio": "CRUZ ALTA",
        "uf": "RS",
        "area_hectares": 10.03,
        "status_geo": "CERTIFICADO",
        "tag_fonte": "SIGEF",
        "centroide_lat": -28.572119090909094,
        "centroide_lng": -53.68901600000001
      }
    },
    {
      "type": "Feature",
      "id": "0b0aa5cb-e0bf-44ae-8d08-2a83e51f3ff9",
      "geometry": {
        "type": "Polygon",
        "coordinates": [
          [
            [
              -53.442105,
              -28.648284
            ],
            [
              -53.441677,
              -28.651443
            ],
            [
              -53.443498,
              -28.651551
            ],
            [
              -53.444068,
              -28.655424
            ],
            [
              -53.441157,
              -28.655276
            ],
            [
              -53.440218,
              -28.662197
            ],
            [
              -53.449914,
              -28.662857
            ],
            [
              -53.451741,
              -28.648947
            ],
            [
              -53.442105,
              -28.648284
            ]
          ]
        ]
      },
      "properties": {
        "id": "0b0aa5cb-e0bf-44ae-8d08-2a83e51f3ff9",
        "id_sigef": "0b0aa5cb-e0bf-44ae-8d08-2a83e51f3ff9",
        "codigo_imovel": "8650103092900",
        "nome_imovel": "Agropecuária Thomaz Fanfa - Parcela 03",
        "nome_titular": "Titularidade sob sigilo (Cartório CRI / SNCR)",
        "cpf_cnpj_titular": null,
        "registro_matricula": "Matrícula 52317 - CRI",
        "municipio": "CRUZ ALTA",
        "uf": "RS",
        "area_hectares": 137.53,
        "status_geo": "CERTIFICADO",
        "tag_fonte": "SIGEF",
        "centroide_lat": -28.654497375,
        "centroide_lng": -53.44429724999999
      }
    },
    {
      "type": "Feature",
      "id": "0e913463-a0e2-4fcc-89f7-b4b267cacbd2",
      "geometry": {
        "type": "Polygon",
        "coordinates": [
          [
            [
              -53.71287,
              -28.533821
            ],
            [
              -53.712527,
              -28.533926
            ],
            [
              -53.712289,
              -28.534003
            ],
            [
              -53.711913,
              -28.534008
            ],
            [
              -53.71163,
              -28.534099
            ],
            [
              -53.711401,
              -28.534147
            ],
            [
              -53.711108,
              -28.534061
            ],
            [
              -53.710608,
              -28.534008
            ],
            [
              -53.710269,
              -28.534166
            ],
            [
              -53.710109,
              -28.534264
            ],
            [
              -53.709944,
              -28.534186
            ],
            [
              -53.709841,
              -28.534056
            ],
            [
              -53.709606,
              -28.534081
            ],
            [
              -53.709365,
              -28.534065
            ],
            [
              -53.70916,
              -28.534152
            ],
            [
              -53.708884,
              -28.534132
            ],
            [
              -53.709417,
              -28.534367
            ],
            [
              -53.709467,
              -28.53443
            ],
            [
              -53.709581,
              -28.535205
            ],
            [
              -53.709625,
              -28.535553
            ],
            [
              -53.709562,
              -28.535863
            ],
            [
              -53.709629,
              -28.53588
            ],
            [
              -53.709506,
              -28.537049
            ],
            [
              -53.709089,
              -28.539158
            ],
            [
              -53.710043,
              -28.541577
            ],
            [
              -53.710112,
              -28.541754
            ],
            [
              -53.711247,
              -28.541538
            ],
            [
              -53.712851,
              -28.533912
            ],
            [
              -53.71287,
              -28.533821
            ]
          ]
        ]
      },
      "properties": {
        "id": "0e913463-a0e2-4fcc-89f7-b4b267cacbd2",
        "id_sigef": "0e913463-a0e2-4fcc-89f7-b4b267cacbd2",
        "codigo_imovel": "8650100222500",
        "nome_imovel": "SDE - Parte 02",
        "nome_titular": "Titularidade sob sigilo (Cartório CRI / SNCR)",
        "cpf_cnpj_titular": null,
        "registro_matricula": "Matrícula Reg 47.160 Liv. 3-AJ - CRI",
        "municipio": "CRUZ ALTA",
        "uf": "RS",
        "area_hectares": 21.01,
        "status_geo": "CERTIFICADO",
        "tag_fonte": "SIGEF",
        "centroide_lat": -28.53540932142857,
        "centroide_lng": -53.71041617857143
      }
    },
    {
      "type": "Feature",
      "id": "80da6995-3330-4b54-82f4-e694c1da5e4c",
      "geometry": {
        "type": "Polygon",
        "coordinates": [
          [
            [
              -53.487909,
              -28.634494
            ],
            [
              -53.486711,
              -28.641739
            ],
            [
              -53.487976,
              -28.641878
            ],
            [
              -53.489146,
              -28.634623
            ],
            [
              -53.487909,
              -28.634494
            ]
          ]
        ]
      },
      "properties": {
        "id": "80da6995-3330-4b54-82f4-e694c1da5e4c",
        "id_sigef": "80da6995-3330-4b54-82f4-e694c1da5e4c",
        "codigo_imovel": "9501148962920",
        "nome_imovel": "- Matrícula 34.771",
        "nome_titular": "Titularidade sob sigilo (Cartório CRI / SNCR)",
        "cpf_cnpj_titular": null,
        "registro_matricula": "Matrícula 51391 - CRI",
        "municipio": "CRUZ ALTA",
        "uf": "RS",
        "area_hectares": 10.03,
        "status_geo": "CERTIFICADO",
        "tag_fonte": "SIGEF",
        "centroide_lat": -28.638183500000004,
        "centroide_lng": -53.487935500000006
      }
    },
    {
      "type": "Feature",
      "id": "e151e5fa-c55f-4131-8c18-04c2b68d04d1",
      "geometry": {
        "type": "Polygon",
        "coordinates": [
          [
            [
              -53.593241,
              -28.621566
            ],
            [
              -53.591727,
              -28.623424
            ],
            [
              -53.591978,
              -28.626301
            ],
            [
              -53.592741,
              -28.628228
            ],
            [
              -53.594028,
              -28.631248
            ],
            [
              -53.598973,
              -28.629241
            ],
            [
              -53.598744,
              -28.629027
            ],
            [
              -53.59852,
              -28.628783
            ],
            [
              -53.59842,
              -28.628485
            ],
            [
              -53.598322,
              -28.628217
            ],
            [
              -53.598146,
              -28.627852
            ],
            [
              -53.59798,
              -28.627325
            ],
            [
              -53.598001,
              -28.627112
            ],
            [
              -53.597897,
              -28.626888
            ],
            [
              -53.597876,
              -28.626757
            ],
            [
              -53.597891,
              -28.626202
            ],
            [
              -53.597981,
              -28.626002
            ],
            [
              -53.59809,
              -28.625869
            ],
            [
              -53.597897,
              -28.625598
            ],
            [
              -53.597802,
              -28.625287
            ],
            [
              -53.597916,
              -28.625021
            ],
            [
              -53.598034,
              -28.624764
            ],
            [
              -53.598148,
              -28.624664
            ],
            [
              -53.598365,
              -28.624208
            ],
            [
              -53.59844,
              -28.623878
            ],
            [
              -53.59853,
              -28.623401
            ],
            [
              -53.598573,
              -28.62316
            ],
            [
              -53.593241,
              -28.621566
            ]
          ]
        ]
      },
      "properties": {
        "id": "e151e5fa-c55f-4131-8c18-04c2b68d04d1",
        "id_sigef": "e151e5fa-c55f-4131-8c18-04c2b68d04d1",
        "codigo_imovel": "9500928045507",
        "nome_imovel": "Granja Alberto Rosa - Parcela 02",
        "nome_titular": "Titularidade sob sigilo (Cartório CRI / SNCR)",
        "cpf_cnpj_titular": null,
        "registro_matricula": "Matrícula 52063 - CRI",
        "municipio": "CRUZ ALTA",
        "uf": "RS",
        "area_hectares": 51.65,
        "status_geo": "CERTIFICADO",
        "tag_fonte": "SIGEF",
        "centroide_lat": -28.626241037037033,
        "centroide_lng": -53.59719485185186
      }
    },
    {
      "type": "Feature",
      "id": "88abaf2d-8c16-44e1-87b8-08d36c0a7722",
      "geometry": {
        "type": "Polygon",
        "coordinates": [
          [
            [
              -53.639211,
              -28.596304
            ],
            [
              -53.638305,
              -28.597469
            ],
            [
              -53.63519,
              -28.601183
            ],
            [
              -53.634871,
              -28.601566
            ],
            [
              -53.634921,
              -28.601586
            ],
            [
              -53.634998,
              -28.601706
            ],
            [
              -53.635129,
              -28.601795
            ],
            [
              -53.63535,
              -28.601803
            ],
            [
              -53.635574,
              -28.601985
            ],
            [
              -53.636084,
              -28.602125
            ],
            [
              -53.636151,
              -28.602302
            ],
            [
              -53.63663,
              -28.60242
            ],
            [
              -53.636772,
              -28.60248
            ],
            [
              -53.637162,
              -28.602669
            ],
            [
              -53.637598,
              -28.602873
            ],
            [
              -53.638147,
              -28.602931
            ],
            [
              -53.642504,
              -28.597826
            ],
            [
              -53.639211,
              -28.596304
            ]
          ]
        ]
      },
      "properties": {
        "id": "88abaf2d-8c16-44e1-87b8-08d36c0a7722",
        "id_sigef": "88abaf2d-8c16-44e1-87b8-08d36c0a7722",
        "codigo_imovel": "8650100023800",
        "nome_imovel": "Matricula 14474 - Parcela 1",
        "nome_titular": "Titularidade sob sigilo (Cartório CRI / SNCR)",
        "cpf_cnpj_titular": null,
        "registro_matricula": "Matrícula 14474 - CRI",
        "municipio": "CRUZ ALTA",
        "uf": "RS",
        "area_hectares": 25.58,
        "status_geo": "CERTIFICADO",
        "tag_fonte": "SIGEF",
        "centroide_lat": -28.601236647058823,
        "centroide_lng": -53.636741
      }
    },
    {
      "type": "Feature",
      "id": "50395290-cf2a-4451-89a8-eaf9dba8b72b",
      "geometry": {
        "type": "Polygon",
        "coordinates": [
          [
            [
              -53.72866,
              -28.66455
            ],
            [
              -53.718652,
              -28.665215
            ],
            [
              -53.706705,
              -28.666135
            ],
            [
              -53.710377,
              -28.670298
            ],
            [
              -53.728592,
              -28.665993
            ],
            [
              -53.72888,
              -28.665469
            ],
            [
              -53.729025,
              -28.664899
            ],
            [
              -53.72866,
              -28.66455
            ]
          ]
        ]
      },
      "properties": {
        "id": "50395290-cf2a-4451-89a8-eaf9dba8b72b",
        "id_sigef": "50395290-cf2a-4451-89a8-eaf9dba8b72b",
        "codigo_imovel": "0000355237125",
        "nome_imovel": "Taboão Agropecuária - Parte 1",
        "nome_titular": "Titularidade sob sigilo (Cartório CRI / SNCR)",
        "cpf_cnpj_titular": null,
        "registro_matricula": "Matrícula 31.411 e 44.333 - CRI",
        "municipio": "CRUZ ALTA",
        "uf": "RS",
        "area_hectares": 67.96,
        "status_geo": "CERTIFICADO",
        "tag_fonte": "SIGEF",
        "centroide_lat": -28.666079857142854,
        "centroide_lng": -53.72155585714285
      }
    },
    {
      "type": "Feature",
      "id": "263bd49a-f651-4063-a9c4-a248cef40bac",
      "geometry": {
        "type": "Polygon",
        "coordinates": [
          [
            [
              -53.487002,
              -28.691198
            ],
            [
              -53.486909,
              -28.692855
            ],
            [
              -53.493556,
              -28.693658
            ],
            [
              -53.493647,
              -28.692001
            ],
            [
              -53.487002,
              -28.691198
            ]
          ]
        ]
      },
      "properties": {
        "id": "263bd49a-f651-4063-a9c4-a248cef40bac",
        "id_sigef": "263bd49a-f651-4063-a9c4-a248cef40bac",
        "codigo_imovel": "8680270133401",
        "nome_imovel": "Imóvel rural sem denominação - Matrícula 47.711",
        "nome_titular": "Titularidade sob sigilo (Cartório CRI / SNCR)",
        "cpf_cnpj_titular": null,
        "registro_matricula": "Matrícula 47954 - CRI",
        "municipio": "CRUZ ALTA",
        "uf": "RS",
        "area_hectares": 12.04,
        "status_geo": "CERTIFICADO",
        "tag_fonte": "SIGEF",
        "centroide_lat": -28.692428,
        "centroide_lng": -53.4902785
      }
    },
    {
      "type": "Feature",
      "id": "2cc9b60f-511c-4763-989b-28916f421a71",
      "geometry": {
        "type": "Polygon",
        "coordinates": [
          [
            [
              -53.620618,
              -28.732996
            ],
            [
              -53.620508,
              -28.733437
            ],
            [
              -53.621308,
              -28.733591
            ],
            [
              -53.621418,
              -28.733151
            ],
            [
              -53.620618,
              -28.732996
            ]
          ]
        ]
      },
      "properties": {
        "id": "2cc9b60f-511c-4763-989b-28916f421a71",
        "id_sigef": "2cc9b60f-511c-4763-989b-28916f421a71",
        "codigo_imovel": "9510647983120",
        "nome_imovel": "sem denominação - Parcela 1",
        "nome_titular": "Titularidade sob sigilo (Cartório CRI / SNCR)",
        "cpf_cnpj_titular": null,
        "registro_matricula": "Matrícula 8679 - CRI",
        "municipio": "CRUZ ALTA",
        "uf": "RS",
        "area_hectares": 0.4,
        "status_geo": "CERTIFICADO",
        "tag_fonte": "SIGEF",
        "centroide_lat": -28.73329375,
        "centroide_lng": -53.620963
      }
    },
    {
      "type": "Feature",
      "id": "bdb3efbd-6375-49b6-93e6-e569692cfcb4",
      "geometry": {
        "type": "Polygon",
        "coordinates": [
          [
            [
              -53.589451,
              -28.697411
            ],
            [
              -53.589029,
              -28.697442
            ],
            [
              -53.588696,
              -28.703432
            ],
            [
              -53.588732,
              -28.703428
            ],
            [
              -53.588846,
              -28.703531
            ],
            [
              -53.589031,
              -28.703486
            ],
            [
              -53.588967,
              -28.703321
            ],
            [
              -53.589172,
              -28.703193
            ],
            [
              -53.58921,
              -28.703317
            ],
            [
              -53.589228,
              -28.702866
            ],
            [
              -53.58936,
              -28.699643
            ],
            [
              -53.589379,
              -28.699191
            ],
            [
              -53.589451,
              -28.697411
            ]
          ]
        ]
      },
      "properties": {
        "id": "bdb3efbd-6375-49b6-93e6-e569692cfcb4",
        "id_sigef": "bdb3efbd-6375-49b6-93e6-e569692cfcb4",
        "codigo_imovel": "9510480074476",
        "nome_imovel": "Imóvel rural sem denominação - Gleba Legal",
        "nome_titular": "Titularidade sob sigilo (Cartório CRI / SNCR)",
        "cpf_cnpj_titular": null,
        "registro_matricula": "Matrícula 22753 - CRI",
        "municipio": "CRUZ ALTA",
        "uf": "RS",
        "area_hectares": 3.01,
        "status_geo": "CERTIFICADO",
        "tag_fonte": "SIGEF",
        "centroide_lat": -28.701688416666666,
        "centroide_lng": -53.58909175
      }
    },
    {
      "type": "Feature",
      "id": "9eea703c-3296-4d83-91b8-04e43cf46604",
      "geometry": {
        "type": "Polygon",
        "coordinates": [
          [
            [
              -53.650482,
              -28.649603
            ],
            [
              -53.650075,
              -28.649695
            ],
            [
              -53.649163,
              -28.649941
            ],
            [
              -53.649036,
              -28.650096
            ],
            [
              -53.648778,
              -28.650195
            ],
            [
              -53.648444,
              -28.650014
            ],
            [
              -53.648252,
              -28.650312
            ],
            [
              -53.64844,
              -28.650411
            ],
            [
              -53.648026,
              -28.650603
            ],
            [
              -53.647559,
              -28.650629
            ],
            [
              -53.64771,
              -28.650813
            ],
            [
              -53.647694,
              -28.650976
            ],
            [
              -53.647027,
              -28.650884
            ],
            [
              -53.646572,
              -28.651344
            ],
            [
              -53.645659,
              -28.651748
            ],
            [
              -53.645234,
              -28.652068
            ],
            [
              -53.644671,
              -28.65219
            ],
            [
              -53.644661,
              -28.652569
            ],
            [
              -53.644526,
              -28.652762
            ],
            [
              -53.64461,
              -28.653403
            ],
            [
              -53.644754,
              -28.653821
            ],
            [
              -53.644939,
              -28.654383
            ],
            [
              -53.645201,
              -28.655165
            ],
            [
              -53.645729,
              -28.656759
            ],
            [
              -53.645942,
              -28.657392
            ],
            [
              -53.64799,
              -28.656824
            ],
            [
              -53.648706,
              -28.658754
            ],
            [
              -53.649202,
              -28.658608
            ],
            [
              -53.649387,
              -28.658523
            ],
            [
              -53.649886,
              -28.658248
            ],
            [
              -53.650409,
              -28.657937
            ],
            [
              -53.651049,
              -28.657708
            ],
            [
              -53.651355,
              -28.657647
            ],
            [
              -53.652269,
              -28.657447
            ],
            [
              -53.652488,
              -28.657394
            ],
            [
              -53.652251,
              -28.650302
            ],
            [
              -53.650482,
              -28.649603
            ]
          ]
        ]
      },
      "properties": {
        "id": "9eea703c-3296-4d83-91b8-04e43cf46604",
        "id_sigef": "9eea703c-3296-4d83-91b8-04e43cf46604",
        "codigo_imovel": "8650100364712",
        "nome_imovel": "Matrícula 5.947 - Matrícula 5.947",
        "nome_titular": "Titularidade sob sigilo (Cartório CRI / SNCR)",
        "cpf_cnpj_titular": null,
        "registro_matricula": "Matrícula 54059 - CRI",
        "municipio": "CRUZ ALTA",
        "uf": "RS",
        "area_hectares": 56.36,
        "status_geo": "CERTIFICADO",
        "tag_fonte": "SIGEF",
        "centroide_lat": -28.65353244444444,
        "centroide_lng": -53.64800488888889
      }
    },
    {
      "type": "Feature",
      "id": "bb07e6bd-176b-4c23-90ae-45b3f668315c",
      "geometry": {
        "type": "Polygon",
        "coordinates": [
          [
            [
              -53.529575,
              -28.523157
            ],
            [
              -53.527327,
              -28.52505
            ],
            [
              -53.527559,
              -28.525327
            ],
            [
              -53.527659,
              -28.525513
            ],
            [
              -53.527907,
              -28.52584
            ],
            [
              -53.528406,
              -28.526488
            ],
            [
              -53.528815,
              -28.527028
            ],
            [
              -53.529153,
              -28.527489
            ],
            [
              -53.529559,
              -28.528124
            ],
            [
              -53.529582,
              -28.528197
            ],
            [
              -53.529827,
              -28.529064
            ],
            [
              -53.530202,
              -28.530371
            ],
            [
              -53.530986,
              -28.531836
            ],
            [
              -53.531317,
              -28.531994
            ],
            [
              -53.531741,
              -28.532217
            ],
            [
              -53.531824,
              -28.532274
            ],
            [
              -53.531889,
              -28.532284
            ],
            [
              -53.533345,
              -28.529334
            ],
            [
              -53.531779,
              -28.527899
            ],
            [
              -53.530945,
              -28.525366
            ],
            [
              -53.529575,
              -28.523157
            ]
          ]
        ]
      },
      "properties": {
        "id": "bb07e6bd-176b-4c23-90ae-45b3f668315c",
        "id_sigef": "bb07e6bd-176b-4c23-90ae-45b3f668315c",
        "codigo_imovel": "8700720037514",
        "nome_imovel": "Sem Denominação - Parte 1",
        "nome_titular": "Titularidade sob sigilo (Cartório CRI / SNCR)",
        "cpf_cnpj_titular": null,
        "registro_matricula": "Matrícula 28076 - CRI",
        "municipio": "CRUZ ALTA",
        "uf": "RS",
        "area_hectares": 23.72,
        "status_geo": "CERTIFICADO",
        "tag_fonte": "SIGEF",
        "centroide_lat": -28.5282426,
        "centroide_lng": -53.52996985000001
      }
    },
    {
      "type": "Feature",
      "id": "a2e64ed8-3bf9-4186-bf64-7a32e85b1454",
      "geometry": {
        "type": "Polygon",
        "coordinates": [
          [
            [
              -53.497984,
              -28.713499
            ],
            [
              -53.497881,
              -28.713546
            ],
            [
              -53.497774,
              -28.713571
            ],
            [
              -53.497634,
              -28.713662
            ],
            [
              -53.497267,
              -28.713932
            ],
            [
              -53.496967,
              -28.714111
            ],
            [
              -53.496687,
              -28.714347
            ],
            [
              -53.496618,
              -28.714673
            ],
            [
              -53.496707,
              -28.715177
            ],
            [
              -53.496812,
              -28.715476
            ],
            [
              -53.497014,
              -28.715704
            ],
            [
              -53.497134,
              -28.715978
            ],
            [
              -53.497085,
              -28.716241
            ],
            [
              -53.497344,
              -28.71696
            ],
            [
              -53.497501,
              -28.717233
            ],
            [
              -53.497446,
              -28.717386
            ],
            [
              -53.497333,
              -28.717545
            ],
            [
              -53.497075,
              -28.717748
            ],
            [
              -53.49685,
              -28.717816
            ],
            [
              -53.496584,
              -28.717843
            ],
            [
              -53.495602,
              -28.71765
            ],
            [
              -53.494964,
              -28.717435
            ],
            [
              -53.494802,
              -28.717368
            ],
            [
              -53.494686,
              -28.717396
            ],
            [
              -53.494551,
              -28.717455
            ],
            [
              -53.494507,
              -28.717606
            ],
            [
              -53.494452,
              -28.717984
            ],
            [
              -53.494566,
              -28.718425
            ],
            [
              -53.494709,
              -28.718632
            ],
            [
              -53.494899,
              -28.718757
            ],
            [
              -53.495525,
              -28.718998
            ],
            [
              -53.495813,
              -28.719096
            ],
            [
              -53.496013,
              -28.719229
            ],
            [
              -53.496157,
              -28.719479
            ],
            [
              -53.496177,
              -28.719629
            ],
            [
              -53.496108,
              -28.719751
            ],
            [
              -53.49583,
              -28.719824
            ],
            [
              -53.495543,
              -28.719928
            ],
            [
              -53.49774,
              -28.721621
            ],
            [
              -53.501293,
              -28.721067
            ],
            [
              -53.500716,
              -28.715168
            ],
            [
              -53.500712,
              -28.715126
            ],
            [
              -53.500695,
              -28.715142
            ],
            [
              -53.500351,
              -28.715472
            ],
            [
              -53.500063,
              -28.715621
            ],
            [
              -53.499439,
              -28.715646
            ],
            [
              -53.499324,
              -28.715479
            ],
            [
              -53.499236,
              -28.71523
            ],
            [
              -53.499169,
              -28.714714
            ],
            [
              -53.499045,
              -28.714264
            ],
            [
              -53.498933,
              -28.713976
            ],
            [
              -53.498739,
              -28.713849
            ],
            [
              -53.498518,
              -28.713731
            ],
            [
              -53.498295,
              -28.713573
            ],
            [
              -53.497984,
              -28.713499
            ]
          ]
        ]
      },
      "properties": {
        "id": "a2e64ed8-3bf9-4186-bf64-7a32e85b1454",
        "id_sigef": "a2e64ed8-3bf9-4186-bf64-7a32e85b1454",
        "codigo_imovel": "8650100377105",
        "nome_imovel": "Granja Magni - Parte 1",
        "nome_titular": "Titularidade sob sigilo (Cartório CRI / SNCR)",
        "cpf_cnpj_titular": null,
        "registro_matricula": "Matrícula 48464 - CRI",
        "municipio": "CRUZ ALTA",
        "uf": "RS",
        "area_hectares": 34.87,
        "status_geo": "CERTIFICADO",
        "tag_fonte": "SIGEF",
        "centroide_lat": -28.71660683333334,
        "centroide_lng": -53.49723831481482
      }
    },
    {
      "type": "Feature",
      "id": "f4029a50-6c48-42bf-bcec-20442e4502ca",
      "geometry": {
        "type": "Polygon",
        "coordinates": [
          [
            [
              -53.536549,
              -28.636936
            ],
            [
              -53.535694,
              -28.637173
            ],
            [
              -53.533502,
              -28.637782
            ],
            [
              -53.533814,
              -28.639972
            ],
            [
              -53.536433,
              -28.639603
            ],
            [
              -53.537323,
              -28.63948
            ],
            [
              -53.536549,
              -28.636936
            ]
          ]
        ]
      },
      "properties": {
        "id": "f4029a50-6c48-42bf-bcec-20442e4502ca",
        "id_sigef": "f4029a50-6c48-42bf-bcec-20442e4502ca",
        "codigo_imovel": "9501905431600",
        "nome_imovel": "Terraboa Agrícola Mat. 53.777; 53.779 - Perímetro Geral",
        "nome_titular": "Titularidade sob sigilo (Cartório CRI / SNCR)",
        "cpf_cnpj_titular": null,
        "registro_matricula": "Matrícula 53779; 53777 - CRI",
        "municipio": "CRUZ ALTA",
        "uf": "RS",
        "area_hectares": 8.82,
        "status_geo": "CERTIFICADO",
        "tag_fonte": "SIGEF",
        "centroide_lat": -28.638491,
        "centroide_lng": -53.5355525
      }
    },
    {
      "type": "Feature",
      "id": "21e43912-961f-4414-9cc2-d097bead09c0",
      "geometry": {
        "type": "Polygon",
        "coordinates": [
          [
            [
              -53.616,
              -28.73357
            ],
            [
              -53.615061,
              -28.734141
            ],
            [
              -53.615162,
              -28.735492
            ],
            [
              -53.612224,
              -28.736953
            ],
            [
              -53.61302,
              -28.738139
            ],
            [
              -53.61527,
              -28.736991
            ],
            [
              -53.61542,
              -28.739012
            ],
            [
              -53.614297,
              -28.74003
            ],
            [
              -53.614903,
              -28.740937
            ],
            [
              -53.614935,
              -28.740529
            ],
            [
              -53.616922,
              -28.740745
            ],
            [
              -53.617566,
              -28.739906
            ],
            [
              -53.617394,
              -28.739203
            ],
            [
              -53.616,
              -28.73357
            ]
          ]
        ]
      },
      "properties": {
        "id": "21e43912-961f-4414-9cc2-d097bead09c0",
        "id_sigef": "21e43912-961f-4414-9cc2-d097bead09c0",
        "codigo_imovel": "9500848384700",
        "nome_imovel": "Iria I E II - Parte 1",
        "nome_titular": "Titularidade sob sigilo (Cartório CRI / SNCR)",
        "cpf_cnpj_titular": null,
        "registro_matricula": "Matrícula 46715 - CRI",
        "municipio": "CRUZ ALTA",
        "uf": "RS",
        "area_hectares": 17.43,
        "status_geo": "CERTIFICADO",
        "tag_fonte": "SIGEF",
        "centroide_lat": -28.738126769230764,
        "centroide_lng": -53.61524415384615
      }
    },
    {
      "type": "Feature",
      "id": "e4a33ced-244f-48a6-85ac-8ca5f4ccf753",
      "geometry": {
        "type": "Polygon",
        "coordinates": [
          [
            [
              -53.559789,
              -28.64913
            ],
            [
              -53.559566,
              -28.64928
            ],
            [
              -53.559443,
              -28.649294
            ],
            [
              -53.559307,
              -28.649363
            ],
            [
              -53.559207,
              -28.649461
            ],
            [
              -53.55914,
              -28.649565
            ],
            [
              -53.559121,
              -28.649714
            ],
            [
              -53.559216,
              -28.649878
            ],
            [
              -53.559217,
              -28.650034
            ],
            [
              -53.559173,
              -28.650149
            ],
            [
              -53.559103,
              -28.650229
            ],
            [
              -53.558972,
              -28.650272
            ],
            [
              -53.558923,
              -28.650289
            ],
            [
              -53.558886,
              -28.650355
            ],
            [
              -53.558948,
              -28.650442
            ],
            [
              -53.559054,
              -28.650523
            ],
            [
              -53.559148,
              -28.650535
            ],
            [
              -53.559197,
              -28.650516
            ],
            [
              -53.559289,
              -28.650526
            ],
            [
              -53.559304,
              -28.650602
            ],
            [
              -53.559327,
              -28.65067
            ],
            [
              -53.55929,
              -28.650758
            ],
            [
              -53.559201,
              -28.650802
            ],
            [
              -53.559185,
              -28.650855
            ],
            [
              -53.559273,
              -28.650985
            ],
            [
              -53.559271,
              -28.651094
            ],
            [
              -53.559248,
              -28.651143
            ],
            [
              -53.559309,
              -28.651181
            ],
            [
              -53.559365,
              -28.651233
            ],
            [
              -53.559341,
              -28.651348
            ],
            [
              -53.559244,
              -28.651383
            ],
            [
              -53.559131,
              -28.651414
            ],
            [
              -53.558962,
              -28.651351
            ],
            [
              -53.558898,
              -28.651351
            ],
            [
              -53.558869,
              -28.651435
            ],
            [
              -53.558857,
              -28.651583
            ],
            [
              -53.558768,
              -28.651724
            ],
            [
              -53.558611,
              -28.651757
            ],
            [
              -53.558288,
              -28.651802
            ],
            [
              -53.558327,
              -28.651886
            ],
            [
              -53.558133,
              -28.651998
            ],
            [
              -53.558084,
              -28.651904
            ],
            [
              -53.558036,
              -28.651978
            ],
            [
              -53.558064,
              -28.652039
            ],
            [
              -53.558037,
              -28.652114
            ],
            [
              -53.557911,
              -28.652156
            ],
            [
              -53.557793,
              -28.652137
            ],
            [
              -53.557878,
              -28.652246
            ],
            [
              -53.557915,
              -28.652299
            ],
            [
              -53.557852,
              -28.652419
            ],
            [
              -53.557805,
              -28.65245
            ],
            [
              -53.557867,
              -28.65249
            ],
            [
              -53.557838,
              -28.652597
            ],
            [
              -53.557756,
              -28.652682
            ],
            [
              -53.557656,
              -28.652856
            ],
            [
              -53.557391,
              -28.652977
            ],
            [
              -53.557235,
              -28.652957
            ],
            [
              -53.55719,
              -28.6532
            ],
            [
              -53.557155,
              -28.653249
            ],
            [
              -53.55719,
              -28.653314
            ],
            [
              -53.557226,
              -28.653407
            ],
            [
              -53.557191,
              -28.653469
            ],
            [
              -53.557224,
              -28.653565
            ],
            [
              -53.557287,
              -28.653688
            ],
            [
              -53.557236,
              -28.653854
            ],
            [
              -53.557037,
              -28.654127
            ],
            [
              -53.556812,
              -28.654336
            ],
            [
              -53.556408,
              -28.654271
            ],
            [
              -53.55627,
              -28.654075
            ],
            [
              -53.556128,
              -28.654091
            ],
            [
              -53.555907,
              -28.654176
            ],
            [
              -53.555843,
              -28.654311
            ],
            [
              -53.555961,
              -28.65434
            ],
            [
              -53.555958,
              -28.654457
            ],
            [
              -53.55561,
              -28.654676
            ],
            [
              -53.555407,
              -28.654672
            ],
            [
              -53.555479,
              -28.65475
            ],
            [
              -53.55548,
              -28.654808
            ],
            [
              -53.555364,
              -28.654884
            ],
            [
              -53.565146,
              -28.667581
            ],
            [
              -53.565429,
              -28.667415
            ],
            [
              -53.56607,
              -28.666994
            ],
            [
              -53.566756,
              -28.666507
            ],
            [
              -53.567731,
              -28.665854
            ],
            [
              -53.568372,
              -28.665458
            ],
            [
              -53.570375,
              -28.66428
            ],
            [
              -53.571398,
              -28.663699
            ],
            [
              -53.571875,
              -28.663457
            ],
            [
              -53.573807,
              -28.662624
            ],
            [
              -53.574877,
              -28.662181
            ],
            [
              -53.575366,
              -28.661978
            ],
            [
              -53.57584,
              -28.661816
            ],
            [
              -53.57623,
              -28.661719
            ],
            [
              -53.576627,
              -28.66165
            ],
            [
              -53.576803,
              -28.661639
            ],
            [
              -53.578282,
              -28.661078
            ],
            [
              -53.57892,
              -28.661079
            ],
            [
              -53.579005,
              -28.659935
            ],
            [
              -53.579751,
              -28.659924
            ],
            [
              -53.579558,
              -28.658532
            ],
            [
              -53.579344,
              -28.657896
            ],
            [
              -53.57925,
              -28.65753
            ],
            [
              -53.578748,
              -28.656266
            ],
            [
              -53.57873,
              -28.656184
            ],
            [
              -53.578639,
              -28.656097
            ],
            [
              -53.578561,
              -28.656078
            ],
            [
              -53.578507,
              -28.656011
            ],
            [
              -53.578411,
              -28.655963
            ],
            [
              -53.578356,
              -28.655903
            ],
            [
              -53.578118,
              -28.655845
            ],
            [
              -53.578039,
              -28.655798
            ],
            [
              -53.577976,
              -28.6558
            ],
            [
              -53.577923,
              -28.655779
            ],
            [
              -53.57788,
              -28.655744
            ],
            [
              -53.577846,
              -28.655682
            ],
            [
              -53.577848,
              -28.655635
            ],
            [
              -53.577854,
              -28.65555
            ],
            [
              -53.577806,
              -28.655509
            ],
            [
              -53.577697,
              -28.655413
            ],
            [
              -53.577624,
              -28.655315
            ],
            [
              -53.57757,
              -28.655248
            ],
            [
              -53.577555,
              -28.655182
            ],
            [
              -53.577425,
              -28.655117
            ],
            [
              -53.577381,
              -28.655125
            ],
            [
              -53.577312,
              -28.655105
            ],
            [
              -53.577208,
              -28.655026
            ],
            [
              -53.577099,
              -28.654884
            ],
            [
              -53.577006,
              -28.654879
            ],
            [
              -53.57696,
              -28.654841
            ],
            [
              -53.576957,
              -28.654734
            ],
            [
              -53.576815,
              -28.654659
            ],
            [
              -53.576743,
              -28.654599
            ],
            [
              -53.576646,
              -28.654587
            ],
            [
              -53.576502,
              -28.654484
            ],
            [
              -53.57646,
              -28.654473
            ],
            [
              -53.576384,
              -28.6544
            ],
            [
              -53.576166,
              -28.654337
            ],
            [
              -53.576106,
              -28.654358
            ],
            [
              -53.57599,
              -28.654315
            ],
            [
              -53.575931,
              -28.654259
            ],
            [
              -53.575859,
              -28.654251
            ],
            [
              -53.575775,
              -28.65418
            ],
            [
              -53.575717,
              -28.654145
            ],
            [
              -53.575672,
              -28.654198
            ],
            [
              -53.575576,
              -28.654189
            ],
            [
              -53.575511,
              -28.654103
            ],
            [
              -53.575365,
              -28.654086
            ],
            [
              -53.575303,
              -28.654098
            ],
            [
              -53.575149,
              -28.65407
            ],
            [
              -53.575047,
              -28.653985
            ],
            [
              -53.574842,
              -28.653937
            ],
            [
              -53.574723,
              -28.653902
            ],
            [
              -53.574644,
              -28.653776
            ],
            [
              -53.574544,
              -28.653695
            ],
            [
              -53.574491,
              -28.653627
            ],
            [
              -53.574405,
              -28.653512
            ],
            [
              -53.574362,
              -28.653432
            ],
            [
              -53.574268,
              -28.65342
            ],
            [
              -53.574139,
              -28.653304
            ],
            [
              -53.574108,
              -28.653251
            ],
            [
              -53.574006,
              -28.653236
            ],
            [
              -53.573867,
              -28.653201
            ],
            [
              -53.573754,
              -28.6532
            ],
            [
              -53.57365,
              -28.653167
            ],
            [
              -53.573546,
              -28.653194
            ],
            [
              -53.573395,
              -28.653096
            ],
            [
              -53.57328,
              -28.65307
            ],
            [
              -53.573218,
              -28.653006
            ],
            [
              -53.573079,
              -28.652932
            ],
            [
              -53.572931,
              -28.65286
            ],
            [
              -53.572849,
              -28.652812
            ],
            [
              -53.572793,
              -28.652764
            ],
            [
              -53.572715,
              -28.652678
            ],
            [
              -53.572741,
              -28.652565
            ],
            [
              -53.572689,
              -28.652545
            ],
            [
              -53.57256,
              -28.652429
            ],
            [
              -53.572403,
              -28.652385
            ],
            [
              -53.57232,
              -28.652314
            ],
            [
              -53.572251,
              -28.652292
            ],
            [
              -53.57217,
              -28.652347
            ],
            [
              -53.572034,
              -28.652396
            ],
            [
              -53.571993,
              -28.65246
            ],
            [
              -53.571961,
              -28.652514
            ],
            [
              -53.571843,
              -28.652531
            ],
            [
              -53.571717,
              -28.652572
            ],
            [
              -53.571628,
              -28.652542
            ],
            [
              -53.571526,
              -28.652459
            ],
            [
              -53.571472,
              -28.65243
            ],
            [
              -53.571416,
              -28.652457
            ],
            [
              -53.571278,
              -28.652474
            ],
            [
              -53.571133,
              -28.65248
            ],
            [
              -53.570998,
              -28.6524
            ],
            [
              -53.570878,
              -28.652399
            ],
            [
              -53.570832,
              -28.652355
            ],
            [
              -53.570808,
              -28.652309
            ],
            [
              -53.570732,
              -28.652337
            ],
            [
              -53.5706,
              -28.652359
            ],
            [
              -53.570567,
              -28.652295
            ],
            [
              -53.570521,
              -28.652257
            ],
            [
              -53.570465,
              -28.652135
            ],
            [
              -53.570404,
              -28.652067
            ],
            [
              -53.570375,
              -28.652124
            ],
            [
              -53.570291,
              -28.652048
            ],
            [
              -53.570267,
              -28.651976
            ],
            [
              -53.570264,
              -28.651873
            ],
            [
              -53.570241,
              -28.651807
            ],
            [
              -53.570271,
              -28.651736
            ],
            [
              -53.570183,
              -28.65171
            ],
            [
              -53.570142,
              -28.651651
            ],
            [
              -53.570128,
              -28.651613
            ],
            [
              -53.57004,
              -28.651574
            ],
            [
              -53.570004,
              -28.651502
            ],
            [
              -53.569952,
              -28.651503
            ],
            [
              -53.569905,
              -28.651551
            ],
            [
              -53.569826,
              -28.651531
            ],
            [
              -53.569744,
              -28.651499
            ],
            [
              -53.569705,
              -28.651571
            ],
            [
              -53.56963,
              -28.651598
            ],
            [
              -53.569423,
              -28.651646
            ],
            [
              -53.569354,
              -28.651623
            ],
            [
              -53.569319,
              -28.651567
            ],
            [
              -53.569306,
              -28.651497
            ],
            [
              -53.569146,
              -28.651405
            ],
            [
              -53.56911,
              -28.651355
            ],
            [
              -53.568949,
              -28.651321
            ],
            [
              -53.568843,
              -28.651308
            ],
            [
              -53.568812,
              -28.65122
            ],
            [
              -53.568821,
              -28.651143
            ],
            [
              -53.568722,
              -28.651082
            ],
            [
              -53.568633,
              -28.650931
            ],
            [
              -53.568556,
              -28.650883
            ],
            [
              -53.568543,
              -28.650811
            ],
            [
              -53.568518,
              -28.650769
            ],
            [
              -53.568378,
              -28.650773
            ],
            [
              -53.568305,
              -28.650745
            ],
            [
              -53.568252,
              -28.650647
            ],
            [
              -53.568291,
              -28.650585
            ],
            [
              -53.568181,
              -28.650536
            ],
            [
              -53.568098,
              -28.650563
            ],
            [
              -53.568014,
              -28.650573
            ],
            [
              -53.567924,
              -28.65049
            ],
            [
              -53.567859,
              -28.650461
            ],
            [
              -53.567724,
              -28.650376
            ],
            [
              -53.56766,
              -28.650367
            ],
            [
              -53.567593,
              -28.650324
            ],
            [
              -53.567577,
              -28.650221
            ],
            [
              -53.567549,
              -28.650171
            ],
            [
              -53.567473,
              -28.650165
            ],
            [
              -53.567374,
              -28.650154
            ],
            [
              -53.567285,
              -28.65019
            ],
            [
              -53.567197,
              -28.650183
            ],
            [
              -53.567147,
              -28.650242
            ],
            [
              -53.567064,
              -28.650259
            ],
            [
              -53.566921,
              -28.650206
            ],
            [
              -53.566891,
              -28.65015
            ],
            [
              -53.566786,
              -28.650123
            ],
            [
              -53.566699,
              -28.650115
            ],
            [
              -53.566559,
              -28.650091
            ],
            [
              -53.566472,
              -28.650049
            ],
            [
              -53.566319,
              -28.650001
            ],
            [
              -53.566212,
              -28.64994
            ],
            [
              -53.566167,
              -28.649854
            ],
            [
              -53.566102,
              -28.649839
            ],
            [
              -53.565944,
              -28.649789
            ],
            [
              -53.565857,
              -28.649737
            ],
            [
              -53.565841,
              -28.649697
            ],
            [
              -53.565763,
              -28.649719
            ],
            [
              -53.565672,
              -28.649664
            ],
            [
              -53.565598,
              -28.649609
            ],
            [
              -53.565531,
              -28.649659
            ],
            [
              -53.565407,
              -28.649618
            ],
            [
              -53.565371,
              -28.649654
            ],
            [
              -53.565304,
              -28.649671
            ],
            [
              -53.565234,
              -28.64966
            ],
            [
              -53.565171,
              -28.649601
            ],
            [
              -53.565179,
              -28.649555
            ],
            [
              -53.565066,
              -28.649487
            ],
            [
              -53.565007,
              -28.64941
            ],
            [
              -53.564933,
              -28.649388
            ],
            [
              -53.564827,
              -28.649319
            ],
            [
              -53.564749,
              -28.64941
            ],
            [
              -53.564648,
              -28.649433
            ],
            [
              -53.564577,
              -28.649425
            ],
            [
              -53.564482,
              -28.649363
            ],
            [
              -53.564319,
              -28.649345
            ],
            [
              -53.564269,
              -28.649414
            ],
            [
              -53.564218,
              -28.649441
            ],
            [
              -53.564088,
              -28.649458
            ],
            [
              -53.563924,
              -28.649442
            ],
            [
              -53.563765,
              -28.649465
            ],
            [
              -53.563654,
              -28.649439
            ],
            [
              -53.563614,
              -28.64942
            ],
            [
              -53.563589,
              -28.649438
            ],
            [
              -53.563571,
              -28.649493
            ],
            [
              -53.563486,
              -28.64954
            ],
            [
              -53.563433,
              -28.649525
            ],
            [
              -53.563271,
              -28.649559
            ],
            [
              -53.563193,
              -28.649519
            ],
            [
              -53.563156,
              -28.649555
            ],
            [
              -53.56305,
              -28.649577
            ],
            [
              -53.563038,
              -28.649629
            ],
            [
              -53.562944,
              -28.64973
            ],
            [
              -53.562879,
              -28.64975
            ],
            [
              -53.56279,
              -28.649727
            ],
            [
              -53.56259,
              -28.649667
            ],
            [
              -53.562501,
              -28.649651
            ],
            [
              -53.562435,
              -28.649572
            ],
            [
              -53.562361,
              -28.649576
            ],
            [
              -53.562239,
              -28.649603
            ],
            [
              -53.562175,
              -28.649595
            ],
            [
              -53.562079,
              -28.649592
            ],
            [
              -53.562032,
              -28.649525
            ],
            [
              -53.561983,
              -28.649557
            ],
            [
              -53.561905,
              -28.649583
            ],
            [
              -53.561876,
              -28.649668
            ],
            [
              -53.561841,
              -28.649737
            ],
            [
              -53.561736,
              -28.649817
            ],
            [
              -53.561649,
              -28.649826
            ],
            [
              -53.561525,
              -28.6499
            ],
            [
              -53.561436,
              -28.649898
            ],
            [
              -53.561341,
              -28.649969
            ],
            [
              -53.561253,
              -28.649942
            ],
            [
              -53.561212,
              -28.649908
            ],
            [
              -53.561149,
              -28.649908
            ],
            [
              -53.561117,
              -28.649866
            ],
            [
              -53.561025,
              -28.649924
            ],
            [
              -53.560871,
              -28.649875
            ],
            [
              -53.560783,
              -28.649826
            ],
            [
              -53.560725,
              -28.649873
            ],
            [
              -53.560571,
              -28.649846
            ],
            [
              -53.560475,
              -28.649781
            ],
            [
              -53.56031,
              -28.649641
            ],
            [
              -53.560243,
              -28.649592
            ],
            [
              -53.560129,
              -28.649569
            ],
            [
              -53.560113,
              -28.64949
            ],
            [
              -53.560061,
              -28.649451
            ],
            [
              -53.559999,
              -28.64933
            ],
            [
              -53.559892,
              -28.649225
            ],
            [
              -53.559871,
              -28.649159
            ],
            [
              -53.559789,
              -28.64913
            ]
          ]
        ]
      },
      "properties": {
        "id": "e4a33ced-244f-48a6-85ac-8ca5f4ccf753",
        "id_sigef": "e4a33ced-244f-48a6-85ac-8ca5f4ccf753",
        "codigo_imovel": "8650100370283",
        "nome_imovel": "Granja Bela Vista - Granja Bela Vista I",
        "nome_titular": "Titularidade sob sigilo (Cartório CRI / SNCR)",
        "cpf_cnpj_titular": null,
        "registro_matricula": "Matrícula 3.983, 4.362 e 4.363 - CRI",
        "municipio": "CRUZ ALTA",
        "uf": "RS",
        "area_hectares": 277.26,
        "status_geo": "CERTIFICADO",
        "tag_fonte": "SIGEF",
        "centroide_lat": -28.652523657817124,
        "centroide_lng": -53.566998545722704
      }
    },
    {
      "type": "Feature",
      "id": "65fecc14-0475-4c10-af3c-1740f1874969",
      "geometry": {
        "type": "Polygon",
        "coordinates": [
          [
            [
              -53.604887,
              -28.558843
            ],
            [
              -53.599704,
              -28.561696
            ],
            [
              -53.600339,
              -28.562296
            ],
            [
              -53.601766,
              -28.563645
            ],
            [
              -53.6019,
              -28.563384
            ],
            [
              -53.601929,
              -28.563182
            ],
            [
              -53.602177,
              -28.563055
            ],
            [
              -53.602377,
              -28.563101
            ],
            [
              -53.602387,
              -28.563168
            ],
            [
              -53.602485,
              -28.563168
            ],
            [
              -53.602665,
              -28.563058
            ],
            [
              -53.602772,
              -28.563163
            ],
            [
              -53.602874,
              -28.563011
            ],
            [
              -53.603076,
              -28.562891
            ],
            [
              -53.603206,
              -28.562696
            ],
            [
              -53.603325,
              -28.562405
            ],
            [
              -53.603553,
              -28.562165
            ],
            [
              -53.603723,
              -28.562152
            ],
            [
              -53.603926,
              -28.562126
            ],
            [
              -53.603914,
              -28.561942
            ],
            [
              -53.604106,
              -28.561816
            ],
            [
              -53.604574,
              -28.561447
            ],
            [
              -53.604963,
              -28.561304
            ],
            [
              -53.605133,
              -28.561378
            ],
            [
              -53.605134,
              -28.561504
            ],
            [
              -53.605424,
              -28.561436
            ],
            [
              -53.605763,
              -28.561338
            ],
            [
              -53.606042,
              -28.561237
            ],
            [
              -53.605848,
              -28.561034
            ],
            [
              -53.605999,
              -28.560643
            ],
            [
              -53.606059,
              -28.560428
            ],
            [
              -53.606269,
              -28.560198
            ],
            [
              -53.606364,
              -28.559863
            ],
            [
              -53.606366,
              -28.559789
            ],
            [
              -53.604887,
              -28.558843
            ]
          ]
        ]
      },
      "properties": {
        "id": "65fecc14-0475-4c10-af3c-1740f1874969",
        "id_sigef": "65fecc14-0475-4c10-af3c-1740f1874969",
        "codigo_imovel": "8671520297937",
        "nome_imovel": "Granja Alvorada - Parte 2",
        "nome_titular": "Titularidade sob sigilo (Cartório CRI / SNCR)",
        "cpf_cnpj_titular": null,
        "registro_matricula": "Matrícula 51124 - CRI",
        "municipio": "CRUZ ALTA",
        "uf": "RS",
        "area_hectares": 15.59,
        "status_geo": "CERTIFICADO",
        "tag_fonte": "SIGEF",
        "centroide_lat": -28.561898882352942,
        "centroide_lng": -53.60385379411765
      }
    },
    {
      "type": "Feature",
      "id": "df1ac94f-f842-40be-b29e-b50887b29312",
      "geometry": {
        "type": "Polygon",
        "coordinates": [
          [
            [
              -53.74199,
              -28.690794
            ],
            [
              -53.742067,
              -28.691104
            ],
            [
              -53.742638,
              -28.692865
            ],
            [
              -53.758212,
              -28.694107
            ],
            [
              -53.758849,
              -28.691623
            ],
            [
              -53.74199,
              -28.690794
            ]
          ]
        ]
      },
      "properties": {
        "id": "df1ac94f-f842-40be-b29e-b50887b29312",
        "id_sigef": "df1ac94f-f842-40be-b29e-b50887b29312",
        "codigo_imovel": "0000278500551",
        "nome_imovel": "Imóvel rural sem denominação - Matrícula 30.412",
        "nome_titular": "Titularidade sob sigilo (Cartório CRI / SNCR)",
        "cpf_cnpj_titular": null,
        "registro_matricula": "Matrícula 30412 - CRI",
        "municipio": "CRUZ ALTA",
        "uf": "RS",
        "area_hectares": 40.13,
        "status_geo": "CERTIFICADO",
        "tag_fonte": "SIGEF",
        "centroide_lat": -28.6920986,
        "centroide_lng": -53.7487512
      }
    },
    {
      "type": "Feature",
      "id": "c0fd9c46-b3a4-4337-8931-34fedd43fac4",
      "geometry": {
        "type": "Polygon",
        "coordinates": [
          [
            [
              -53.550777,
              -28.512273
            ],
            [
              -53.550514,
              -28.512336
            ],
            [
              -53.549959,
              -28.512471
            ],
            [
              -53.549699,
              -28.512534
            ],
            [
              -53.549668,
              -28.512709
            ],
            [
              -53.549567,
              -28.513579
            ],
            [
              -53.549707,
              -28.513601
            ],
            [
              -53.54978,
              -28.513605
            ],
            [
              -53.549664,
              -28.51381
            ],
            [
              -53.549639,
              -28.513892
            ],
            [
              -53.549629,
              -28.514008
            ],
            [
              -53.549556,
              -28.514123
            ],
            [
              -53.549518,
              -28.514158
            ],
            [
              -53.549455,
              -28.514271
            ],
            [
              -53.54936,
              -28.514442
            ],
            [
              -53.549264,
              -28.514561
            ],
            [
              -53.549179,
              -28.514744
            ],
            [
              -53.54915,
              -28.514803
            ],
            [
              -53.549894,
              -28.515548
            ],
            [
              -53.550777,
              -28.512273
            ]
          ]
        ]
      },
      "properties": {
        "id": "c0fd9c46-b3a4-4337-8931-34fedd43fac4",
        "id_sigef": "c0fd9c46-b3a4-4337-8931-34fedd43fac4",
        "codigo_imovel": "8700720039053",
        "nome_imovel": "Sem denominação - Parte 1",
        "nome_titular": "Titularidade sob sigilo (Cartório CRI / SNCR)",
        "cpf_cnpj_titular": null,
        "registro_matricula": "Matrícula 48203 - CRI",
        "municipio": "CRUZ ALTA",
        "uf": "RS",
        "area_hectares": 2.63,
        "status_geo": "CERTIFICADO",
        "tag_fonte": "SIGEF",
        "centroide_lat": -28.513761473684205,
        "centroide_lng": -53.54968310526316
      }
    },
    {
      "type": "Feature",
      "id": "b6b79584-ab2a-40fa-8470-90a36deb9a8b",
      "geometry": {
        "type": "Polygon",
        "coordinates": [
          [
            [
              -53.557386,
              -28.572332
            ],
            [
              -53.55333,
              -28.575158
            ],
            [
              -53.554209,
              -28.576093
            ],
            [
              -53.554276,
              -28.577594
            ],
            [
              -53.55485,
              -28.579657
            ],
            [
              -53.555801,
              -28.579745
            ],
            [
              -53.555598,
              -28.580421
            ],
            [
              -53.555169,
              -28.580793
            ],
            [
              -53.555541,
              -28.582124
            ],
            [
              -53.563846,
              -28.577071
            ],
            [
              -53.563994,
              -28.576717
            ],
            [
              -53.563772,
              -28.576606
            ],
            [
              -53.563653,
              -28.576514
            ],
            [
              -53.563474,
              -28.576485
            ],
            [
              -53.563348,
              -28.576525
            ],
            [
              -53.563057,
              -28.576311
            ],
            [
              -53.562719,
              -28.576272
            ],
            [
              -53.562292,
              -28.576194
            ],
            [
              -53.56208,
              -28.576053
            ],
            [
              -53.56161,
              -28.575895
            ],
            [
              -53.561342,
              -28.575623
            ],
            [
              -53.56101,
              -28.575434
            ],
            [
              -53.560959,
              -28.575427
            ],
            [
              -53.557386,
              -28.572332
            ]
          ]
        ]
      },
      "properties": {
        "id": "b6b79584-ab2a-40fa-8470-90a36deb9a8b",
        "id_sigef": "b6b79584-ab2a-40fa-8470-90a36deb9a8b",
        "codigo_imovel": "8650100226751",
        "nome_imovel": "SDE - Parte 6",
        "nome_titular": "Titularidade sob sigilo (Cartório CRI / SNCR)",
        "cpf_cnpj_titular": null,
        "registro_matricula": "Matrícula 51204 - CRI",
        "municipio": "CRUZ ALTA",
        "uf": "RS",
        "area_hectares": 54.65,
        "status_geo": "CERTIFICADO",
        "tag_fonte": "SIGEF",
        "centroide_lat": -28.57700191304347,
        "centroide_lng": -53.55970939130434
      }
    },
    {
      "type": "Feature",
      "id": "0ffecea9-d08b-41cd-8d1f-fd036dc5dd6f",
      "geometry": {
        "type": "Polygon",
        "coordinates": [
          [
            [
              -53.451397,
              -28.701496
            ],
            [
              -53.442937,
              -28.714154
            ],
            [
              -53.446254,
              -28.716964
            ],
            [
              -53.45449,
              -28.704542
            ],
            [
              -53.451397,
              -28.701496
            ]
          ]
        ]
      },
      "properties": {
        "id": "0ffecea9-d08b-41cd-8d1f-fd036dc5dd6f",
        "id_sigef": "0ffecea9-d08b-41cd-8d1f-fd036dc5dd6f",
        "codigo_imovel": "8650100339602",
        "nome_imovel": "Fazenda São Juvenal - Única",
        "nome_titular": "Titularidade sob sigilo (Cartório CRI / SNCR)",
        "cpf_cnpj_titular": null,
        "registro_matricula": "Matrícula 15534 - CRI",
        "municipio": "CRUZ ALTA",
        "uf": "RS",
        "area_hectares": 70.19,
        "status_geo": "CERTIFICADO",
        "tag_fonte": "SIGEF",
        "centroide_lat": -28.709289000000002,
        "centroide_lng": -53.4487695
      }
    },
    {
      "type": "Feature",
      "id": "3af27555-1b28-4897-a80c-760b14cc7cab",
      "geometry": {
        "type": "Polygon",
        "coordinates": [
          [
            [
              -53.550576,
              -28.561697
            ],
            [
              -53.540916,
              -28.564336
            ],
            [
              -53.541487,
              -28.565129
            ],
            [
              -53.550302,
              -28.562697
            ],
            [
              -53.550538,
              -28.562629
            ],
            [
              -53.55054,
              -28.562482
            ],
            [
              -53.550576,
              -28.561697
            ]
          ]
        ]
      },
      "properties": {
        "id": "3af27555-1b28-4897-a80c-760b14cc7cab",
        "id_sigef": "3af27555-1b28-4897-a80c-760b14cc7cab",
        "codigo_imovel": "9500508306666",
        "nome_imovel": "Sem Denominação - Parcela 1",
        "nome_titular": "Titularidade sob sigilo (Cartório CRI / SNCR)",
        "cpf_cnpj_titular": null,
        "registro_matricula": "Matrícula 35513 - CRI",
        "municipio": "CRUZ ALTA",
        "uf": "RS",
        "area_hectares": 9.53,
        "status_geo": "CERTIFICADO",
        "tag_fonte": "SIGEF",
        "centroide_lat": -28.563161666666662,
        "centroide_lng": -53.54739316666667
      }
    },
    {
      "type": "Feature",
      "id": "3ace2fad-57cd-473b-992c-168670de84ce",
      "geometry": {
        "type": "Polygon",
        "coordinates": [
          [
            [
              -53.625219,
              -28.695039
            ],
            [
              -53.625255,
              -28.695138
            ],
            [
              -53.625325,
              -28.695332
            ],
            [
              -53.625457,
              -28.695722
            ],
            [
              -53.625564,
              -28.696065
            ],
            [
              -53.625665,
              -28.696423
            ],
            [
              -53.625763,
              -28.696803
            ],
            [
              -53.625844,
              -28.69715
            ],
            [
              -53.62592,
              -28.697504
            ],
            [
              -53.625989,
              -28.697877
            ],
            [
              -53.62605,
              -28.698249
            ],
            [
              -53.626101,
              -28.698614
            ],
            [
              -53.626139,
              -28.698967
            ],
            [
              -53.626146,
              -28.699051
            ],
            [
              -53.626189,
              -28.699044
            ],
            [
              -53.628812,
              -28.698598
            ],
            [
              -53.628768,
              -28.698396
            ],
            [
              -53.628729,
              -28.698296
            ],
            [
              -53.628667,
              -28.698176
            ],
            [
              -53.628592,
              -28.69806
            ],
            [
              -53.628506,
              -28.697953
            ],
            [
              -53.628406,
              -28.697846
            ],
            [
              -53.628302,
              -28.697742
            ],
            [
              -53.628177,
              -28.69762
            ],
            [
              -53.628067,
              -28.697512
            ],
            [
              -53.62799,
              -28.697439
            ],
            [
              -53.627783,
              -28.69724
            ],
            [
              -53.627436,
              -28.696909
            ],
            [
              -53.627221,
              -28.696702
            ],
            [
              -53.626936,
              -28.696433
            ],
            [
              -53.626672,
              -28.696187
            ],
            [
              -53.626518,
              -28.696049
            ],
            [
              -53.626351,
              -28.695922
            ],
            [
              -53.626155,
              -28.695784
            ],
            [
              -53.625952,
              -28.695651
            ],
            [
              -53.625693,
              -28.69548
            ],
            [
              -53.625541,
              -28.695368
            ],
            [
              -53.625421,
              -28.695265
            ],
            [
              -53.625309,
              -28.695151
            ],
            [
              -53.625219,
              -28.695039
            ]
          ]
        ]
      },
      "properties": {
        "id": "3ace2fad-57cd-473b-992c-168670de84ce",
        "id_sigef": "3ace2fad-57cd-473b-992c-168670de84ce",
        "codigo_imovel": "194083874",
        "nome_imovel": "sem denominação - PARTE 1",
        "nome_titular": "Titularidade sob sigilo (Cartório CRI / SNCR)",
        "cpf_cnpj_titular": null,
        "registro_matricula": "Matrícula 5152; 5154 - CRI",
        "municipio": "CRUZ ALTA",
        "uf": "RS",
        "area_hectares": 6.56,
        "status_geo": "CERTIFICADO",
        "tag_fonte": "SIGEF",
        "centroide_lat": -28.696993769230765,
        "centroide_lng": -53.6267341025641
      }
    },
    {
      "type": "Feature",
      "id": "a27eab76-0afb-4c2c-a71a-11471d475dbb",
      "geometry": {
        "type": "Polygon",
        "coordinates": [
          [
            [
              -53.533311,
              -28.520144
            ],
            [
              -53.529044,
              -28.522611
            ],
            [
              -53.529575,
              -28.523157
            ],
            [
              -53.530945,
              -28.525366
            ],
            [
              -53.531779,
              -28.527899
            ],
            [
              -53.533345,
              -28.529334
            ],
            [
              -53.533374,
              -28.529274
            ],
            [
              -53.533703,
              -28.528356
            ],
            [
              -53.533203,
              -28.528183
            ],
            [
              -53.53219,
              -28.525385
            ],
            [
              -53.532082,
              -28.525084
            ],
            [
              -53.533814,
              -28.523159
            ],
            [
              -53.533311,
              -28.520144
            ]
          ]
        ]
      },
      "properties": {
        "id": "a27eab76-0afb-4c2c-a71a-11471d475dbb",
        "id_sigef": "a27eab76-0afb-4c2c-a71a-11471d475dbb",
        "codigo_imovel": "8700720069041",
        "nome_imovel": "Sem Denominação - Parte 1",
        "nome_titular": "Titularidade sob sigilo (Cartório CRI / SNCR)",
        "cpf_cnpj_titular": null,
        "registro_matricula": "Matrícula 20476 - CRI",
        "municipio": "CRUZ ALTA",
        "uf": "RS",
        "area_hectares": 20.04,
        "status_geo": "CERTIFICADO",
        "tag_fonte": "SIGEF",
        "centroide_lat": -28.525662666666673,
        "centroide_lng": -53.53219708333333
      }
    },
    {
      "type": "Feature",
      "id": "53df6100-57d1-4dfd-9a0b-1e5fcccb20e1",
      "geometry": {
        "type": "Polygon",
        "coordinates": [
          [
            [
              -53.726484,
              -28.633379
            ],
            [
              -53.725055,
              -28.634768
            ],
            [
              -53.723598,
              -28.636223
            ],
            [
              -53.721924,
              -28.637903
            ],
            [
              -53.729803,
              -28.644965
            ],
            [
              -53.733221,
              -28.648022
            ],
            [
              -53.73654,
              -28.651003
            ],
            [
              -53.740685,
              -28.650232
            ],
            [
              -53.739094,
              -28.645493
            ],
            [
              -53.736566,
              -28.645853
            ],
            [
              -53.739378,
              -28.636838
            ],
            [
              -53.739435,
              -28.636618
            ],
            [
              -53.726484,
              -28.633379
            ]
          ]
        ]
      },
      "properties": {
        "id": "53df6100-57d1-4dfd-9a0b-1e5fcccb20e1",
        "id_sigef": "53df6100-57d1-4dfd-9a0b-1e5fcccb20e1",
        "codigo_imovel": "9500508653382",
        "nome_imovel": "SDE - Parcela 01",
        "nome_titular": "Titularidade sob sigilo (Cartório CRI / SNCR)",
        "cpf_cnpj_titular": null,
        "registro_matricula": "Matrícula 13649 - CRI",
        "municipio": "CRUZ ALTA",
        "uf": "RS",
        "area_hectares": 185.32,
        "status_geo": "CERTIFICADO",
        "tag_fonte": "SIGEF",
        "centroide_lat": -28.641774749999996,
        "centroide_lng": -53.73264858333334
      }
    },
    {
      "type": "Feature",
      "id": "04ff49d7-d6bb-47f2-99ba-5a6241996dfa",
      "geometry": {
        "type": "Polygon",
        "coordinates": [
          [
            [
              -53.653031,
              -28.565723
            ],
            [
              -53.652914,
              -28.565871
            ],
            [
              -53.650908,
              -28.567887
            ],
            [
              -53.65041,
              -28.568385
            ],
            [
              -53.644853,
              -28.573954
            ],
            [
              -53.644355,
              -28.574601
            ],
            [
              -53.644296,
              -28.574678
            ],
            [
              -53.644407,
              -28.574653
            ],
            [
              -53.646549,
              -28.572509
            ],
            [
              -53.648416,
              -28.57064
            ],
            [
              -53.649215,
              -28.569839
            ],
            [
              -53.650228,
              -28.568821
            ],
            [
              -53.652871,
              -28.566166
            ],
            [
              -53.652991,
              -28.566047
            ],
            [
              -53.653053,
              -28.56601
            ],
            [
              -53.653058,
              -28.565895
            ],
            [
              -53.653083,
              -28.565797
            ],
            [
              -53.653031,
              -28.565723
            ]
          ]
        ]
      },
      "properties": {
        "id": "04ff49d7-d6bb-47f2-99ba-5a6241996dfa",
        "id_sigef": "04ff49d7-d6bb-47f2-99ba-5a6241996dfa",
        "codigo_imovel": "8650440296886",
        "nome_imovel": "Imóvel rural sem denominação - Matrícula 44404",
        "nome_titular": "Titularidade sob sigilo (Cartório CRI / SNCR)",
        "cpf_cnpj_titular": null,
        "registro_matricula": "Matrícula 53705 - CRI",
        "municipio": "CRUZ ALTA",
        "uf": "RS",
        "area_hectares": 2.37,
        "status_geo": "CERTIFICADO",
        "tag_fonte": "SIGEF",
        "centroide_lat": -28.56926329411765,
        "centroide_lng": -53.649684588235296
      }
    }
  ]
}