{
  "type": "FeatureCollection",
  "name": "sigef_RS_PASSO_FUNDO",
  "total_features": 50,
  "updated_at": "2026-09-29T18:02:27.848Z",
  "features": [
    {
      "type": "Feature",
      "id": "50838517-ad49-4675-b7e8-c1221fede444",
      "geometry": {
        "type": "Polygon",
        "coordinates": [
          [
            [
              -52.348308,
              -28.154408
            ],
            [
              -52.348247,
              -28.15448
            ],
            [
              -52.347867,
              -28.154773
            ],
            [
              -52.347574,
              -28.155002
            ],
            [
              -52.347427,
              -28.155171
            ],
            [
              -52.347307,
              -28.155384
            ],
            [
              -52.347194,
              -28.155712
            ],
            [
              -52.347126,
              -28.155974
            ],
            [
              -52.347097,
              -28.156208
            ],
            [
              -52.347019,
              -28.158709
            ],
            [
              -52.346946,
              -28.160821
            ],
            [
              -52.346944,
              -28.161454
            ],
            [
              -52.346957,
              -28.16167
            ],
            [
              -52.347028,
              -28.162042
            ],
            [
              -52.347111,
              -28.162303
            ],
            [
              -52.347248,
              -28.162729
            ],
            [
              -52.347677,
              -28.164277
            ],
            [
              -52.347986,
              -28.165331
            ],
            [
              -52.348223,
              -28.166406
            ],
            [
              -52.348395,
              -28.166775
            ],
            [
              -52.348842,
              -28.167742
            ],
            [
              -52.348925,
              -28.167953
            ],
            [
              -52.34889,
              -28.168166
            ],
            [
              -52.348901,
              -28.168217
            ],
            [
              -52.348962,
              -28.168308
            ],
            [
              -52.349328,
              -28.168172
            ],
            [
              -52.349511,
              -28.168104
            ],
            [
              -52.352569,
              -28.16724
            ],
            [
              -52.354402,
              -28.166735
            ],
            [
              -52.354695,
              -28.166653
            ],
            [
              -52.355674,
              -28.166376
            ],
            [
              -52.354624,
              -28.164519
            ],
            [
              -52.354261,
              -28.163031
            ],
            [
              -52.355616,
              -28.161559
            ],
            [
              -52.356409,
              -28.161123
            ],
            [
              -52.357076,
              -28.160449
            ],
            [
              -52.357357,
              -28.160036
            ],
            [
              -52.35742,
              -28.159916
            ],
            [
              -52.357282,
              -28.159834
            ],
            [
              -52.357264,
              -28.159674
            ],
            [
              -52.356992,
              -28.159646
            ],
            [
              -52.356767,
              -28.159463
            ],
            [
              -52.356779,
              -28.159378
            ],
            [
              -52.357049,
              -28.159322
            ],
            [
              -52.356953,
              -28.159285
            ],
            [
              -52.356897,
              -28.159105
            ],
            [
              -52.356744,
              -28.159081
            ],
            [
              -52.356631,
              -28.158742
            ],
            [
              -52.356373,
              -28.158461
            ],
            [
              -52.356319,
              -28.158365
            ],
            [
              -52.356399,
              -28.158244
            ],
            [
              -52.356394,
              -28.158116
            ],
            [
              -52.356451,
              -28.158076
            ],
            [
              -52.356597,
              -28.158039
            ],
            [
              -52.356538,
              -28.157926
            ],
            [
              -52.356618,
              -28.157781
            ],
            [
              -52.356559,
              -28.157696
            ],
            [
              -52.356604,
              -28.157496
            ],
            [
              -52.356753,
              -28.157497
            ],
            [
              -52.356724,
              -28.157398
            ],
            [
              -52.356698,
              -28.157143
            ],
            [
              -52.356593,
              -28.156989
            ],
            [
              -52.356569,
              -28.156891
            ],
            [
              -52.356678,
              -28.15671
            ],
            [
              -52.356751,
              -28.156629
            ],
            [
              -52.356609,
              -28.15657
            ],
            [
              -52.35652,
              -28.1564
            ],
            [
              -52.356647,
              -28.156322
            ],
            [
              -52.356443,
              -28.156294
            ],
            [
              -52.356332,
              -28.156228
            ],
            [
              -52.356308,
              -28.156006
            ],
            [
              -52.356392,
              -28.155871
            ],
            [
              -52.356398,
              -28.155716
            ],
            [
              -52.356536,
              -28.155453
            ],
            [
              -52.356504,
              -28.155352
            ],
            [
              -52.356326,
              -28.155378
            ],
            [
              -52.356189,
              -28.155195
            ],
            [
              -52.355807,
              -28.155033
            ],
            [
              -52.355666,
              -28.154804
            ],
            [
              -52.355574,
              -28.154817
            ],
            [
              -52.355334,
              -28.155471
            ],
            [
              -52.355372,
              -28.155544
            ],
            [
              -52.354961,
              -28.155932
            ],
            [
              -52.354599,
              -28.156364
            ],
            [
              -52.354506,
              -28.156442
            ],
            [
              -52.353784,
              -28.156553
            ],
            [
              -52.353821,
              -28.156649
            ],
            [
              -52.353579,
              -28.156787
            ],
            [
              -52.353445,
              -28.156795
            ],
            [
              -52.353417,
              -28.156695
            ],
            [
              -52.353426,
              -28.15657
            ],
            [
              -52.353331,
              -28.156457
            ],
            [
              -52.353174,
              -28.156491
            ],
            [
              -52.353121,
              -28.156482
            ],
            [
              -52.353052,
              -28.156437
            ],
            [
              -52.352709,
              -28.155819
            ],
            [
              -52.352527,
              -28.155554
            ],
            [
              -52.352586,
              -28.155194
            ],
            [
              -52.352424,
              -28.155146
            ],
            [
              -52.3525,
              -28.155039
            ],
            [
              -52.352376,
              -28.15492
            ],
            [
              -52.351972,
              -28.154743
            ],
            [
              -52.351867,
              -28.154921
            ],
            [
              -52.352165,
              -28.155206
            ],
            [
              -52.352275,
              -28.155667
            ],
            [
              -52.352624,
              -28.156284
            ],
            [
              -52.352866,
              -28.156628
            ],
            [
              -52.353333,
              -28.156855
            ],
            [
              -52.353653,
              -28.156936
            ],
            [
              -52.354,
              -28.156909
            ],
            [
              -52.354859,
              -28.156923
            ],
            [
              -52.355229,
              -28.157244
            ],
            [
              -52.355512,
              -28.157273
            ],
            [
              -52.355884,
              -28.157227
            ],
            [
              -52.356141,
              -28.157323
            ],
            [
              -52.356353,
              -28.157794
            ],
            [
              -52.356111,
              -28.158375
            ],
            [
              -52.356172,
              -28.158547
            ],
            [
              -52.35655,
              -28.159095
            ],
            [
              -52.356628,
              -28.159527
            ],
            [
              -52.356986,
              -28.159877
            ],
            [
              -52.348308,
              -28.154408
            ]
          ]
        ]
      },
      "properties": {
        "id": "50838517-ad49-4675-b7e8-c1221fede444",
        "id_sigef": "50838517-ad49-4675-b7e8-c1221fede444",
        "codigo_imovel": "8710520320934",
        "nome_imovel": "AGROPECUARIA SANTA FÉ - GLEBA 1.4",
        "nome_titular": "AGROPECUARIA SANTA FÉ LTDA",
        "cpf_cnpj_titular": "92.040.002/0651-78",
        "registro_matricula": "Matrícula 147.714 - CRI",
        "municipio": "PASSO FUNDO",
        "uf": "RS",
        "area_hectares": 102.18,
        "status_geo": "CERTIFICADO",
        "tag_fonte": "FUSAO_SIGEF_CAR",
        "centroide_lat": -28.158620239669425,
        "centroide_lng": -52.353666066115714,
        "cnpj_raw": "92040002065178",
        "razao_social": "AGROPECUARIA SANTA FÉ LTDA",
        "tipo_pessoa": "PJ",
        "is_corporate": true,
        "pj_status": "AUDITADO_RECEITA",
        "capital_social": 1890000,
        "qsa": [
          {
            "nome": "Rodrigo Dall Agnol",
            "qual": "Sócio-Administrador"
          },
          {
            "nome": "Fernanda Dall Agnol",
            "qual": "Sócio"
          }
        ],
        "whatsapp_validado": "+555433167550",
        "telefone": "(54) 3316-7550",
        "email": "contato@agropecuariasantaf.agr.br"
      }
    },
    {
      "type": "Feature",
      "id": "c11898a9-e07c-416b-83eb-25b2f79b3112",
      "geometry": {
        "type": "Polygon",
        "coordinates": [
          [
            [
              -52.393037,
              -28.195435
            ],
            [
              -52.392964,
              -28.195509
            ],
            [
              -52.392969,
              -28.195567
            ],
            [
              -52.392933,
              -28.195568
            ],
            [
              -52.392875,
              -28.195574
            ],
            [
              -52.392826,
              -28.195614
            ],
            [
              -52.392775,
              -28.195598
            ],
            [
              -52.392664,
              -28.19562
            ],
            [
              -52.392585,
              -28.195624
            ],
            [
              -52.392526,
              -28.195631
            ],
            [
              -52.392443,
              -28.195636
            ],
            [
              -52.392374,
              -28.195664
            ],
            [
              -52.392325,
              -28.195672
            ],
            [
              -52.392278,
              -28.195624
            ],
            [
              -52.392195,
              -28.195591
            ],
            [
              -52.392101,
              -28.195572
            ],
            [
              -52.392073,
              -28.19553
            ],
            [
              -52.39197,
              -28.195517
            ],
            [
              -52.391926,
              -28.195519
            ],
            [
              -52.39191,
              -28.195557
            ],
            [
              -52.391869,
              -28.195649
            ],
            [
              -52.391802,
              -28.195677
            ],
            [
              -52.391731,
              -28.195736
            ],
            [
              -52.391649,
              -28.19579
            ],
            [
              -52.391579,
              -28.195795
            ],
            [
              -52.391573,
              -28.195831
            ],
            [
              -52.391581,
              -28.195942
            ],
            [
              -52.391524,
              -28.196032
            ],
            [
              -52.391527,
              -28.196069
            ],
            [
              -52.391597,
              -28.196162
            ],
            [
              -52.391568,
              -28.196202
            ],
            [
              -52.391477,
              -28.196249
            ],
            [
              -52.391409,
              -28.196346
            ],
            [
              -52.391295,
              -28.1964
            ],
            [
              -52.39126,
              -28.196527
            ],
            [
              -52.391352,
              -28.196578
            ],
            [
              -52.39167,
              -28.196673
            ],
            [
              -52.391766,
              -28.196874
            ],
            [
              -52.391776,
              -28.196922
            ],
            [
              -52.391877,
              -28.197087
            ],
            [
              -52.391932,
              -28.197141
            ],
            [
              -52.39207,
              -28.198287
            ],
            [
              -52.392153,
              -28.198566
            ],
            [
              -52.392201,
              -28.199486
            ],
            [
              -52.392623,
              -28.20029
            ],
            [
              -52.393009,
              -28.201927
            ],
            [
              -52.396196,
              -28.199888
            ],
            [
              -52.393037,
              -28.195435
            ]
          ]
        ]
      },
      "properties": {
        "id": "c11898a9-e07c-416b-83eb-25b2f79b3112",
        "id_sigef": "c11898a9-e07c-416b-83eb-25b2f79b3112",
        "codigo_imovel": "8710520455430",
        "nome_imovel": "Matricula 41351 - Parte 1",
        "nome_titular": "MATRICULA 41351 LTDA",
        "cpf_cnpj_titular": "92.040.002/0788-22",
        "registro_matricula": "Matrícula 152.683 - CRI",
        "municipio": "PASSO FUNDO",
        "uf": "RS",
        "area_hectares": 16.96,
        "status_geo": "CERTIFICADO",
        "tag_fonte": "FUSAO_SIGEF_CAR",
        "centroide_lat": -28.196420170212768,
        "centroide_lng": -52.392166276595745,
        "cnpj_raw": "92040002078822",
        "razao_social": "MATRICULA 41351 LTDA",
        "tipo_pessoa": "PJ",
        "is_corporate": true,
        "pj_status": "AUDITADO_RECEITA",
        "capital_social": 1200000,
        "qsa": [
          {
            "nome": "Guilherme Augusto Tedesco",
            "qual": "Sócio-Administrador"
          },
          {
            "nome": "Tatiana Tedesco",
            "qual": "Sócio"
          }
        ],
        "whatsapp_validado": "+555433167587",
        "telefone": "(54) 3316-7587",
        "email": "contato@matricula41351.agr.br"
      }
    },
    {
      "type": "Feature",
      "id": "561b0ddc-12a0-4d79-a1c7-d2173f7023d0",
      "geometry": {
        "type": "Polygon",
        "coordinates": [
          [
            [
              -52.34027,
              -28.211698
            ],
            [
              -52.340147,
              -28.211886
            ],
            [
              -52.340035,
              -28.211725
            ],
            [
              -52.339799,
              -28.211722
            ],
            [
              -52.339212,
              -28.211913
            ],
            [
              -52.339637,
              -28.21229
            ],
            [
              -52.339605,
              -28.212432
            ],
            [
              -52.33922,
              -28.212379
            ],
            [
              -52.339196,
              -28.212481
            ],
            [
              -52.33943,
              -28.212887
            ],
            [
              -52.339178,
              -28.213167
            ],
            [
              -52.338844,
              -28.213492
            ],
            [
              -52.338342,
              -28.214268
            ],
            [
              -52.337877,
              -28.214438
            ],
            [
              -52.338,
              -28.21463
            ],
            [
              -52.337749,
              -28.214942
            ],
            [
              -52.337416,
              -28.215036
            ],
            [
              -52.337347,
              -28.21529
            ],
            [
              -52.337015,
              -28.215344
            ],
            [
              -52.336894,
              -28.215599
            ],
            [
              -52.336707,
              -28.215745
            ],
            [
              -52.336869,
              -28.215978
            ],
            [
              -52.33711,
              -28.21648
            ],
            [
              -52.336937,
              -28.216776
            ],
            [
              -52.3371,
              -28.216854
            ],
            [
              -52.337203,
              -28.217163
            ],
            [
              -52.336947,
              -28.217124
            ],
            [
              -52.336654,
              -28.217382
            ],
            [
              -52.336564,
              -28.217215
            ],
            [
              -52.335926,
              -28.217254
            ],
            [
              -52.33562,
              -28.217176
            ],
            [
              -52.33525,
              -28.217312
            ],
            [
              -52.334926,
              -28.217222
            ],
            [
              -52.334304,
              -28.217395
            ],
            [
              -52.334127,
              -28.217652
            ],
            [
              -52.333898,
              -28.217733
            ],
            [
              -52.333791,
              -28.217602
            ],
            [
              -52.333906,
              -28.217463
            ],
            [
              -52.33388,
              -28.217313
            ],
            [
              -52.333676,
              -28.217533
            ],
            [
              -52.333498,
              -28.217155
            ],
            [
              -52.333564,
              -28.217087
            ],
            [
              -52.333575,
              -28.21693
            ],
            [
              -52.333652,
              -28.216744
            ],
            [
              -52.333519,
              -28.21662
            ],
            [
              -52.333381,
              -28.216367
            ],
            [
              -52.33311,
              -28.21628
            ],
            [
              -52.33296,
              -28.216176
            ],
            [
              -52.332638,
              -28.216214
            ],
            [
              -52.332231,
              -28.2164
            ],
            [
              -52.331941,
              -28.216441
            ],
            [
              -52.33182,
              -28.216709
            ],
            [
              -52.331571,
              -28.216655
            ],
            [
              -52.330798,
              -28.216817
            ],
            [
              -52.330466,
              -28.216933
            ],
            [
              -52.330334,
              -28.217066
            ],
            [
              -52.330167,
              -28.217147
            ],
            [
              -52.330231,
              -28.217293
            ],
            [
              -52.329731,
              -28.217697
            ],
            [
              -52.329564,
              -28.217608
            ],
            [
              -52.329426,
              -28.217544
            ],
            [
              -52.329431,
              -28.217409
            ],
            [
              -52.329226,
              -28.217257
            ],
            [
              -52.329158,
              -28.217218
            ],
            [
              -52.329108,
              -28.21707
            ],
            [
              -52.328976,
              -28.217039
            ],
            [
              -52.328955,
              -28.216874
            ],
            [
              -52.329306,
              -28.216655
            ],
            [
              -52.329224,
              -28.216574
            ],
            [
              -52.328988,
              -28.216463
            ],
            [
              -52.328812,
              -28.216018
            ],
            [
              -52.328749,
              -28.216082
            ],
            [
              -52.328565,
              -28.215982
            ],
            [
              -52.328741,
              -28.215628
            ],
            [
              -52.328559,
              -28.215423
            ],
            [
              -52.328385,
              -28.215433
            ],
            [
              -52.328238,
              -28.215089
            ],
            [
              -52.328132,
              -28.21519
            ],
            [
              -52.327958,
              -28.215068
            ],
            [
              -52.328215,
              -28.214824
            ],
            [
              -52.328043,
              -28.214793
            ],
            [
              -52.328222,
              -28.214337
            ],
            [
              -52.32786,
              -28.214122
            ],
            [
              -52.327812,
              -28.213633
            ],
            [
              -52.327906,
              -28.213568
            ],
            [
              -52.327784,
              -28.213409
            ],
            [
              -52.327861,
              -28.213245
            ],
            [
              -52.327387,
              -28.213282
            ],
            [
              -52.327157,
              -28.213439
            ],
            [
              -52.32706,
              -28.213224
            ],
            [
              -52.326901,
              -28.21337
            ],
            [
              -52.326748,
              -28.213207
            ],
            [
              -52.326589,
              -28.213299
            ],
            [
              -52.326369,
              -28.213564
            ],
            [
              -52.32641,
              -28.213738
            ],
            [
              -52.326083,
              -28.213805
            ],
            [
              -52.32595,
              -28.214042
            ],
            [
              -52.326006,
              -28.214158
            ],
            [
              -52.325742,
              -28.214356
            ],
            [
              -52.325587,
              -28.214192
            ],
            [
              -52.32555,
              -28.213922
            ],
            [
              -52.325252,
              -28.2141
            ],
            [
              -52.325161,
              -28.213998
            ],
            [
              -52.324999,
              -28.214018
            ],
            [
              -52.324797,
              -28.213988
            ],
            [
              -52.324707,
              -28.213941
            ],
            [
              -52.324447,
              -28.214078
            ],
            [
              -52.324567,
              -28.214199
            ],
            [
              -52.324433,
              -28.214237
            ],
            [
              -52.324462,
              -28.214331
            ],
            [
              -52.32437,
              -28.214411
            ],
            [
              -52.324259,
              -28.214655
            ],
            [
              -52.324224,
              -28.214952
            ],
            [
              -52.324254,
              -28.215028
            ],
            [
              -52.324119,
              -28.215176
            ],
            [
              -52.324183,
              -28.215231
            ],
            [
              -52.324113,
              -28.215368
            ],
            [
              -52.323968,
              -28.215522
            ],
            [
              -52.32393,
              -28.215648
            ],
            [
              -52.324036,
              -28.215777
            ],
            [
              -52.323901,
              -28.215805
            ],
            [
              -52.32366,
              -28.21611
            ],
            [
              -52.323627,
              -28.216295
            ],
            [
              -52.323626,
              -28.21632
            ],
            [
              -52.323569,
              -28.21635
            ],
            [
              -52.32359,
              -28.21656
            ],
            [
              -52.323497,
              -28.216617
            ],
            [
              -52.32356,
              -28.216675
            ],
            [
              -52.323578,
              -28.216882
            ],
            [
              -52.323453,
              -28.21706
            ],
            [
              -52.323378,
              -28.217195
            ],
            [
              -52.323281,
              -28.21732
            ],
            [
              -52.323197,
              -28.217324
            ],
            [
              -52.32312,
              -28.217438
            ],
            [
              -52.322938,
              -28.217459
            ],
            [
              -52.322929,
              -28.217632
            ],
            [
              -52.322884,
              -28.217743
            ],
            [
              -52.322889,
              -28.217949
            ],
            [
              -52.323026,
              -28.21801
            ],
            [
              -52.322856,
              -28.218128
            ],
            [
              -52.32289,
              -28.218246
            ],
            [
              -52.322681,
              -28.218283
            ],
            [
              -52.322449,
              -28.218276
            ],
            [
              -52.322461,
              -28.218347
            ],
            [
              -52.322235,
              -28.218883
            ],
            [
              -52.322292,
              -28.21917
            ],
            [
              -52.322197,
              -28.219223
            ],
            [
              -52.322072,
              -28.219507
            ],
            [
              -52.322133,
              -28.219579
            ],
            [
              -52.322177,
              -28.219786
            ],
            [
              -52.322137,
              -28.219844
            ],
            [
              -52.322179,
              -28.220203
            ],
            [
              -52.322247,
              -28.220699
            ],
            [
              -52.322261,
              -28.220862
            ],
            [
              -52.322243,
              -28.220934
            ],
            [
              -52.322254,
              -28.221047
            ],
            [
              -52.322212,
              -28.221164
            ],
            [
              -52.322212,
              -28.221347
            ],
            [
              -52.322171,
              -28.221551
            ],
            [
              -52.322259,
              -28.221699
            ],
            [
              -52.322194,
              -28.221822
            ],
            [
              -52.322118,
              -28.221931
            ],
            [
              -52.322106,
              -28.222004
            ],
            [
              -52.322005,
              -28.222109
            ],
            [
              -52.321851,
              -28.222332
            ],
            [
              -52.321851,
              -28.222623
            ],
            [
              -52.321941,
              -28.22274
            ],
            [
              -52.321997,
              -28.222867
            ],
            [
              -52.322031,
              -28.223045
            ],
            [
              -52.32202,
              -28.223205
            ],
            [
              -52.322063,
              -28.223275
            ],
            [
              -52.322041,
              -28.223482
            ],
            [
              -52.322178,
              -28.223492
            ],
            [
              -52.322216,
              -28.223556
            ],
            [
              -52.322147,
              -28.22366
            ],
            [
              -52.322216,
              -28.22386
            ],
            [
              -52.322236,
              -28.223985
            ],
            [
              -52.32224,
              -28.224067
            ],
            [
              -52.322288,
              -28.224219
            ],
            [
              -52.322246,
              -28.224245
            ],
            [
              -52.322261,
              -28.224475
            ],
            [
              -52.322169,
              -28.224552
            ],
            [
              -52.32222,
              -28.224737
            ],
            [
              -52.322143,
              -28.224888
            ],
            [
              -52.322064,
              -28.225007
            ],
            [
              -52.3219,
              -28.225313
            ],
            [
              -52.321722,
              -28.225308
            ],
            [
              -52.3217,
              -28.225471
            ],
            [
              -52.32171,
              -28.225689
            ],
            [
              -52.32169,
              -28.225824
            ],
            [
              -52.321644,
              -28.225935
            ],
            [
              -52.321712,
              -28.226
            ],
            [
              -52.321679,
              -28.226091
            ],
            [
              -52.321827,
              -28.226135
            ],
            [
              -52.321892,
              -28.226247
            ],
            [
              -52.321839,
              -28.226657
            ],
            [
              -52.321669,
              -28.22711
            ],
            [
              -52.321645,
              -28.227364
            ],
            [
              -52.321585,
              -28.227729
            ],
            [
              -52.321774,
              -28.228016
            ],
            [
              -52.321801,
              -28.228132
            ],
            [
              -52.321783,
              -28.228403
            ],
            [
              -52.321655,
              -28.228635
            ],
            [
              -52.32152,
              -28.228918
            ],
            [
              -52.321556,
              -28.229135
            ],
            [
              -52.3214,
              -28.229406
            ],
            [
              -52.321516,
              -28.229491
            ],
            [
              -52.321635,
              -28.229766
            ],
            [
              -52.321717,
              -28.229881
            ],
            [
              -52.321847,
              -28.229962
            ],
            [
              -52.321777,
              -28.230133
            ],
            [
              -52.321645,
              -28.230174
            ],
            [
              -52.321638,
              -28.230399
            ],
            [
              -52.321833,
              -28.230615
            ],
            [
              -52.321993,
              -28.230834
            ],
            [
              -52.322133,
              -28.230978
            ],
            [
              -52.322211,
              -28.231139
            ],
            [
              -52.323012,
              -28.232375
            ],
            [
              -52.323884,
              -28.233247
            ],
            [
              -52.323941,
              -28.233345
            ],
            [
              -52.324208,
              -28.233405
            ],
            [
              -52.324497,
              -28.233551
            ],
            [
              -52.324527,
              -28.233703
            ],
            [
              -52.324648,
              -28.2338
            ],
            [
              -52.324696,
              -28.234358
            ],
            [
              -52.327988,
              -28.236291
            ],
            [
              -52.328023,
              -28.236321
            ],
            [
              -52.328582,
              -28.236228
            ],
            [
              -52.329113,
              -28.236178
            ],
            [
              -52.331097,
              -28.236151
            ],
            [
              -52.334063,
              -28.236128
            ],
            [
              -52.334618,
              -28.236148
            ],
            [
              -52.335104,
              -28.236195
            ],
            [
              -52.335661,
              -28.236299
            ],
            [
              -52.336248,
              -28.23642
            ],
            [
              -52.337262,
              -28.235464
            ],
            [
              -52.337292,
              -28.23547
            ],
            [
              -52.337313,
              -28.235333
            ],
            [
              -52.337537,
              -28.235275
            ],
            [
              -52.337731,
              -28.235351
            ],
            [
              -52.338026,
              -28.235327
            ],
            [
              -52.339328,
              -28.235414
            ],
            [
              -52.33966,
              -28.235537
            ],
            [
              -52.339999,
              -28.235634
            ],
            [
              -52.34058,
              -28.235597
            ],
            [
              -52.340974,
              -28.235703
            ],
            [
              -52.341361,
              -28.235962
            ],
            [
              -52.341533,
              -28.235925
            ],
            [
              -52.34184,
              -28.23593
            ],
            [
              -52.342088,
              -28.235941
            ],
            [
              -52.342343,
              -28.235714
            ],
            [
              -52.342481,
              -28.235513
            ],
            [
              -52.342743,
              -28.235315
            ],
            [
              -52.342844,
              -28.235416
            ],
            [
              -52.343036,
              -28.235051
            ],
            [
              -52.343245,
              -28.235131
            ],
            [
              -52.343384,
              -28.235124
            ],
            [
              -52.343492,
              -28.235175
            ],
            [
              -52.343678,
              -28.234903
            ],
            [
              -52.344045,
              -28.234892
            ],
            [
              -52.344094,
              -28.234698
            ],
            [
              -52.343925,
              -28.234343
            ],
            [
              -52.344033,
              -28.234007
            ],
            [
              -52.344519,
              -28.234019
            ],
            [
              -52.344593,
              -28.23386
            ],
            [
              -52.344816,
              -28.233793
            ],
            [
              -52.34492,
              -28.233694
            ],
            [
              -52.345297,
              -28.233544
            ],
            [
              -52.345576,
              -28.233513
            ],
            [
              -52.345779,
              -28.233376
            ],
            [
              -52.34576,
              -28.233232
            ],
            [
              -52.34624,
              -28.232452
            ],
            [
              -52.346943,
              -28.231622
            ],
            [
              -52.346746,
              -28.231227
            ],
            [
              -52.346943,
              -28.23107
            ],
            [
              -52.346802,
              -28.230942
            ],
            [
              -52.346819,
              -28.230815
            ],
            [
              -52.346937,
              -28.230753
            ],
            [
              -52.347029,
              -28.230481
            ],
            [
              -52.346818,
              -28.230146
            ],
            [
              -52.346871,
              -28.229862
            ],
            [
              -52.346701,
              -28.229633
            ],
            [
              -52.346972,
              -28.229391
            ],
            [
              -52.346903,
              -28.229172
            ],
            [
              -52.346973,
              -28.229052
            ],
            [
              -52.347253,
              -28.229033
            ],
            [
              -52.347377,
              -28.228341
            ],
            [
              -52.347286,
              -28.227892
            ],
            [
              -52.347547,
              -28.227815
            ],
            [
              -52.347546,
              -28.227581
            ],
            [
              -52.347709,
              -28.227568
            ],
            [
              -52.347955,
              -28.22769
            ],
            [
              -52.348056,
              -28.227865
            ],
            [
              -52.348074,
              -28.227669
            ],
            [
              -52.348311,
              -28.227463
            ],
            [
              -52.348378,
              -28.227185
            ],
            [
              -52.348844,
              -28.227048
            ],
            [
              -52.348844,
              -28.226852
            ],
            [
              -52.349118,
              -28.226938
            ],
            [
              -52.34916,
              -28.22671
            ],
            [
              -52.348982,
              -28.226595
            ],
            [
              -52.349378,
              -28.226459
            ],
            [
              -52.349554,
              -28.226118
            ],
            [
              -52.3496,
              -28.226104
            ],
            [
              -52.349608,
              -28.225866
            ],
            [
              -52.349491,
              -28.225877
            ],
            [
              -52.34938,
              -28.225658
            ],
            [
              -52.349728,
              -28.225643
            ],
            [
              -52.349814,
              -28.225412
            ],
            [
              -52.349876,
              -28.225063
            ],
            [
              -52.349887,
              -28.224916
            ],
            [
              -52.349819,
              -28.225
            ],
            [
              -52.349716,
              -28.224887
            ],
            [
              -52.349786,
              -28.224776
            ],
            [
              -52.34988,
              -28.224714
            ],
            [
              -52.349835,
              -28.224607
            ],
            [
              -52.35016,
              -28.22425
            ],
            [
              -52.350189,
              -28.224069
            ],
            [
              -52.35055,
              -28.224171
            ],
            [
              -52.350483,
              -28.223823
            ],
            [
              -52.350555,
              -28.223494
            ],
            [
              -52.350475,
              -28.223434
            ],
            [
              -52.350626,
              -28.223216
            ],
            [
              -52.350555,
              -28.223127
            ],
            [
              -52.350672,
              -28.223142
            ],
            [
              -52.35078,
              -28.223079
            ],
            [
              -52.350685,
              -28.222965
            ],
            [
              -52.350556,
              -28.222915
            ],
            [
              -52.350758,
              -28.222607
            ],
            [
              -52.351029,
              -28.222317
            ],
            [
              -52.351281,
              -28.222258
            ],
            [
              -52.351304,
              -28.221983
            ],
            [
              -52.35131,
              -28.221963
            ],
            [
              -52.351494,
              -28.222107
            ],
            [
              -52.35163,
              -28.221937
            ],
            [
              -52.352005,
              -28.22179
            ],
            [
              -52.352155,
              -28.221869
            ],
            [
              -52.352081,
              -28.221909
            ],
            [
              -52.352292,
              -28.221895
            ],
            [
              -52.352292,
              -28.222085
            ],
            [
              -52.352441,
              -28.222136
            ],
            [
              -52.352581,
              -28.222196
            ],
            [
              -52.352565,
              -28.222411
            ],
            [
              -52.352776,
              -28.222513
            ],
            [
              -52.352835,
              -28.22274
            ],
            [
              -52.353137,
              -28.222651
            ],
            [
              -52.353269,
              -28.222753
            ],
            [
              -52.353163,
              -28.222543
            ],
            [
              -52.35336,
              -28.222503
            ],
            [
              -52.353685,
              -28.222203
            ],
            [
              -52.353463,
              -28.221672
            ],
            [
              -52.35329,
              -28.221823
            ],
            [
              -52.353097,
              -28.221772
            ],
            [
              -52.352848,
              -28.221792
            ],
            [
              -52.352686,
              -28.22144
            ],
            [
              -52.352866,
              -28.220933
            ],
            [
              -52.352462,
              -28.220964
            ],
            [
              -52.352504,
              -28.220861
            ],
            [
              -52.352055,
              -28.220907
            ],
            [
              -52.351966,
              -28.220692
            ],
            [
              -52.350999,
              -28.219993
            ],
            [
              -52.350899,
              -28.219707
            ],
            [
              -52.351204,
              -28.219702
            ],
            [
              -52.351337,
              -28.219499
            ],
            [
              -52.351261,
              -28.219457
            ],
            [
              -52.350845,
              -28.219574
            ],
            [
              -52.350788,
              -28.219157
            ],
            [
              -52.350563,
              -28.219326
            ],
            [
              -52.35033,
              -28.219183
            ],
            [
              -52.350271,
              -28.218971
            ],
            [
              -52.350655,
              -28.218741
            ],
            [
              -52.350709,
              -28.218525
            ],
            [
              -52.350332,
              -28.218511
            ],
            [
              -52.350253,
              -28.218419
            ],
            [
              -52.350336,
              -28.218202
            ],
            [
              -52.350389,
              -28.218024
            ],
            [
              -52.350158,
              -28.217958
            ],
            [
              -52.34973,
              -28.217699
            ],
            [
              -52.349926,
              -28.217555
            ],
            [
              -52.349784,
              -28.217397
            ],
            [
              -52.349735,
              -28.217199
            ],
            [
              -52.3496,
              -28.217262
            ],
            [
              -52.349437,
              -28.217239
            ],
            [
              -52.349036,
              -28.217472
            ],
            [
              -52.348794,
              -28.217047
            ],
            [
              -52.348531,
              -28.216746
            ],
            [
              -52.348323,
              -28.216697
            ],
            [
              -52.348264,
              -28.216341
            ],
            [
              -52.348381,
              -28.216231
            ],
            [
              -52.34819,
              -28.216329
            ],
            [
              -52.347841,
              -28.216155
            ],
            [
              -52.348006,
              -28.21595
            ],
            [
              -52.347843,
              -28.215932
            ],
            [
              -52.347807,
              -28.216022
            ],
            [
              -52.347558,
              -28.216199
            ],
            [
              -52.347525,
              -28.216338
            ],
            [
              -52.34752,
              -28.216998
            ],
            [
              -52.347785,
              -28.217293
            ],
            [
              -52.347755,
              -28.217432
            ],
            [
              -52.347394,
              -28.217684
            ],
            [
              -52.34738,
              -28.217456
            ],
            [
              -52.346815,
              -28.217121
            ],
            [
              -52.346854,
              -28.216904
            ],
            [
              -52.346502,
              -28.21683
            ],
            [
              -52.346462,
              -28.216957
            ],
            [
              -52.345915,
              -28.216939
            ],
            [
              -52.345993,
              -28.216734
            ],
            [
              -52.345789,
              -28.216702
            ],
            [
              -52.345581,
              -28.216499
            ],
            [
              -52.345313,
              -28.216384
            ],
            [
              -52.345028,
              -28.216533
            ],
            [
              -52.344914,
              -28.216445
            ],
            [
              -52.344658,
              -28.21626
            ],
            [
              -52.344468,
              -28.216514
            ],
            [
              -52.344421,
              -28.216366
            ],
            [
              -52.344324,
              -28.216457
            ],
            [
              -52.344185,
              -28.216307
            ],
            [
              -52.343991,
              -28.216213
            ],
            [
              -52.34366,
              -28.216042
            ],
            [
              -52.343763,
              -28.215863
            ],
            [
              -52.343773,
              -28.215675
            ],
            [
              -52.343699,
              -28.215655
            ],
            [
              -52.343461,
              -28.215719
            ],
            [
              -52.343145,
              -28.215567
            ],
            [
              -52.342923,
              -28.215395
            ],
            [
              -52.342444,
              -28.215121
            ],
            [
              -52.342182,
              -28.215059
            ],
            [
              -52.341709,
              -28.215158
            ],
            [
              -52.341368,
              -28.214998
            ],
            [
              -52.341164,
              -28.21459
            ],
            [
              -52.340909,
              -28.213875
            ],
            [
              -52.341296,
              -28.213548
            ],
            [
              -52.341271,
              -28.213341
            ],
            [
              -52.341111,
              -28.213059
            ],
            [
              -52.34078,
              -28.212898
            ],
            [
              -52.340956,
              -28.212772
            ],
            [
              -52.340979,
              -28.212679
            ],
            [
              -52.340801,
              -28.212523
            ],
            [
              -52.340429,
              -28.212349
            ],
            [
              -52.340346,
              -28.212189
            ],
            [
              -52.340625,
              -28.212192
            ],
            [
              -52.340621,
              -28.212048
            ],
            [
              -52.340316,
              -28.211914
            ],
            [
              -52.34027,
              -28.211698
            ]
          ]
        ]
      },
      "properties": {
        "id": "561b0ddc-12a0-4d79-a1c7-d2173f7023d0",
        "id_sigef": "561b0ddc-12a0-4d79-a1c7-d2173f7023d0",
        "codigo_imovel": "8710520218730",
        "nome_imovel": "Fazenda Nossa Senhora Aparecida - Parte 1",
        "nome_titular": "FAZENDA NOSSA SENHORA APARECIDA S.A.",
        "cpf_cnpj_titular": "92.040.002/0925-74",
        "registro_matricula": "Matrícula 65373 - CRI",
        "municipio": "PASSO FUNDO",
        "uf": "RS",
        "area_hectares": 573.26,
        "status_geo": "CERTIFICADO",
        "tag_fonte": "FUSAO_SIGEF_CAR",
        "centroide_lat": -28.221547022573358,
        "centroide_lng": -52.336603927765246,
        "cnpj_raw": "92040002092574",
        "razao_social": "FAZENDA NOSSA SENHORA APARECIDA S.A.",
        "tipo_pessoa": "PJ",
        "is_corporate": true,
        "pj_status": "AUDITADO_RECEITA",
        "capital_social": 10610000,
        "qsa": [
          {
            "nome": "Cláudio Roberto Scortegagna",
            "qual": "Sócio-Administrador"
          },
          {
            "nome": "Vanessa Scortegagna",
            "qual": "Sócio"
          }
        ],
        "whatsapp_validado": "+555433167624",
        "telefone": "(54) 3316-7624",
        "email": "contato@fazendanossasenhoraaparecida.agr.br"
      }
    },
    {
      "type": "Feature",
      "id": "717f8d39-6fde-4323-8030-8a33aa465b36",
      "geometry": {
        "type": "Polygon",
        "coordinates": [
          [
            [
              -52.39615,
              -28.328294
            ],
            [
              -52.395289,
              -28.329071
            ],
            [
              -52.39551,
              -28.330048
            ],
            [
              -52.400079,
              -28.330617
            ],
            [
              -52.400088,
              -28.330516
            ],
            [
              -52.400206,
              -28.330309
            ],
            [
              -52.400328,
              -28.330151
            ],
            [
              -52.400584,
              -28.329823
            ],
            [
              -52.401153,
              -28.329604
            ],
            [
              -52.396839,
              -28.328675
            ],
            [
              -52.39615,
              -28.328294
            ]
          ]
        ]
      },
      "properties": {
        "id": "717f8d39-6fde-4323-8030-8a33aa465b36",
        "id_sigef": "717f8d39-6fde-4323-8030-8a33aa465b36",
        "codigo_imovel": "9501819913686",
        "nome_imovel": "SEM DENOMINAÇÃO - Parte 1",
        "nome_titular": "AGROPECUARIA SERRA DOURADA LTDA",
        "cpf_cnpj_titular": "92.040.002/1062-06",
        "registro_matricula": "Matrícula 110.380 - CRI",
        "municipio": "PASSO FUNDO",
        "uf": "RS",
        "area_hectares": 7.88,
        "status_geo": "CERTIFICADO",
        "tag_fonte": "FUSAO_SIGEF_CAR",
        "centroide_lat": -28.329710799999997,
        "centroide_lng": -52.398622599999996,
        "cnpj_raw": "92040002106206",
        "razao_social": "AGROPECUARIA SERRA DOURADA LTDA",
        "tipo_pessoa": "PJ",
        "is_corporate": true,
        "pj_status": "AUDITADO_RECEITA",
        "capital_social": 1200000,
        "qsa": [
          {
            "nome": "Mauro Cézar Zaffari",
            "qual": "Sócio-Administrador"
          },
          {
            "nome": "Luciana Zaffari",
            "qual": "Sócio"
          }
        ],
        "whatsapp_validado": "+555433167661",
        "telefone": "(54) 3316-7661",
        "email": "contato@agropecuariaserradourada.agr.br"
      }
    },
    {
      "type": "Feature",
      "id": "980323d7-c50b-404d-938b-301955f976df",
      "geometry": {
        "type": "Polygon",
        "coordinates": [
          [
            [
              -52.387876,
              -28.369398
            ],
            [
              -52.387773,
              -28.369554
            ],
            [
              -52.387641,
              -28.369677
            ],
            [
              -52.387421,
              -28.369806
            ],
            [
              -52.387023,
              -28.369972
            ],
            [
              -52.386495,
              -28.370202
            ],
            [
              -52.386113,
              -28.370311
            ],
            [
              -52.386838,
              -28.370397
            ],
            [
              -52.387714,
              -28.370501
            ],
            [
              -52.387876,
              -28.369398
            ]
          ]
        ]
      },
      "properties": {
        "id": "980323d7-c50b-404d-938b-301955f976df",
        "id_sigef": "980323d7-c50b-404d-938b-301955f976df",
        "codigo_imovel": "8710520398615",
        "nome_imovel": "SDE - GLEBA B",
        "nome_titular": "SDE GLEBA B LTDA",
        "cpf_cnpj_titular": "92.040.002/1199-52",
        "registro_matricula": "Matrícula 149.960 - CRI",
        "municipio": "PASSO FUNDO",
        "uf": "RS",
        "area_hectares": 0.77,
        "status_geo": "CERTIFICADO",
        "tag_fonte": "FUSAO_SIGEF_CAR",
        "centroide_lat": -28.369979777777772,
        "centroide_lng": -52.387210444444456,
        "cnpj_raw": "92040002119952",
        "razao_social": "SDE GLEBA B LTDA",
        "tipo_pessoa": "PJ",
        "is_corporate": true,
        "pj_status": "AUDITADO_RECEITA",
        "capital_social": 1200000,
        "qsa": [
          {
            "nome": "Valter Luiz Rizzardi",
            "qual": "Sócio-Administrador"
          },
          {
            "nome": "Carla Rizzardi",
            "qual": "Sócio"
          }
        ],
        "whatsapp_validado": "+555433167698",
        "telefone": "(54) 3316-7698",
        "email": "contato@sdeglebab.agr.br"
      }
    },
    {
      "type": "Feature",
      "id": "b00dd5a2-506f-49f7-91d1-4b10fa9485f6",
      "geometry": {
        "type": "Polygon",
        "coordinates": [
          [
            [
              -52.385844,
              -28.220079
            ],
            [
              -52.384969,
              -28.221666
            ],
            [
              -52.383125,
              -28.224633
            ],
            [
              -52.381885,
              -28.226382
            ],
            [
              -52.381681,
              -28.226615
            ],
            [
              -52.381255,
              -28.227157
            ],
            [
              -52.380971,
              -28.227508
            ],
            [
              -52.381629,
              -28.228266
            ],
            [
              -52.381946,
              -28.22899
            ],
            [
              -52.382924,
              -28.229016
            ],
            [
              -52.383518,
              -28.230004
            ],
            [
              -52.383986,
              -28.23026
            ],
            [
              -52.385785,
              -28.22973
            ],
            [
              -52.385718,
              -28.229991
            ],
            [
              -52.385578,
              -28.230566
            ],
            [
              -52.385581,
              -28.230819
            ],
            [
              -52.386252,
              -28.231986
            ],
            [
              -52.386562,
              -28.232384
            ],
            [
              -52.38663,
              -28.232692
            ],
            [
              -52.386635,
              -28.233132
            ],
            [
              -52.386683,
              -28.233505
            ],
            [
              -52.386823,
              -28.233817
            ],
            [
              -52.38812,
              -28.23352
            ],
            [
              -52.388422,
              -28.233445
            ],
            [
              -52.388609,
              -28.233391
            ],
            [
              -52.388889,
              -28.2333
            ],
            [
              -52.389192,
              -28.233188
            ],
            [
              -52.389572,
              -28.233018
            ],
            [
              -52.390206,
              -28.232715
            ],
            [
              -52.390597,
              -28.232524
            ],
            [
              -52.390656,
              -28.231814
            ],
            [
              -52.39075,
              -28.231608
            ],
            [
              -52.391096,
              -28.23124
            ],
            [
              -52.391272,
              -28.23111
            ],
            [
              -52.391823,
              -28.230894
            ],
            [
              -52.392866,
              -28.23102
            ],
            [
              -52.393337,
              -28.230956
            ],
            [
              -52.394153,
              -28.230651
            ],
            [
              -52.394758,
              -28.230149
            ],
            [
              -52.395002,
              -28.229724
            ],
            [
              -52.395681,
              -28.227641
            ],
            [
              -52.395882,
              -28.227803
            ],
            [
              -52.397596,
              -28.230111
            ],
            [
              -52.397833,
              -28.230135
            ],
            [
              -52.398149,
              -28.230165
            ],
            [
              -52.398398,
              -28.2302
            ],
            [
              -52.398461,
              -28.230031
            ],
            [
              -52.398527,
              -28.230031
            ],
            [
              -52.39868,
              -28.229876
            ],
            [
              -52.398687,
              -28.229786
            ],
            [
              -52.398752,
              -28.229746
            ],
            [
              -52.398781,
              -28.229586
            ],
            [
              -52.398862,
              -28.229253
            ],
            [
              -52.39887,
              -28.229209
            ],
            [
              -52.398868,
              -28.228993
            ],
            [
              -52.398996,
              -28.228623
            ],
            [
              -52.398993,
              -28.228464
            ],
            [
              -52.398981,
              -28.228381
            ],
            [
              -52.398984,
              -28.228043
            ],
            [
              -52.399073,
              -28.227682
            ],
            [
              -52.399188,
              -28.227503
            ],
            [
              -52.399337,
              -28.227267
            ],
            [
              -52.399641,
              -28.226556
            ],
            [
              -52.399517,
              -28.226146
            ],
            [
              -52.398776,
              -28.222106
            ],
            [
              -52.398732,
              -28.221943
            ],
            [
              -52.398678,
              -28.221792
            ],
            [
              -52.398605,
              -28.221648
            ],
            [
              -52.398524,
              -28.221517
            ],
            [
              -52.398443,
              -28.221409
            ],
            [
              -52.398349,
              -28.221304
            ],
            [
              -52.398233,
              -28.221194
            ],
            [
              -52.398118,
              -28.221104
            ],
            [
              -52.397968,
              -28.221006
            ],
            [
              -52.397828,
              -28.220931
            ],
            [
              -52.39767,
              -28.220863
            ],
            [
              -52.397523,
              -28.220812
            ],
            [
              -52.397377,
              -28.220775
            ],
            [
              -52.397054,
              -28.220727
            ],
            [
              -52.396926,
              -28.220722
            ],
            [
              -52.396282,
              -28.220721
            ],
            [
              -52.396017,
              -28.220711
            ],
            [
              -52.39576,
              -28.220676
            ],
            [
              -52.395552,
              -28.220628
            ],
            [
              -52.395329,
              -28.220554
            ],
            [
              -52.395139,
              -28.220469
            ],
            [
              -52.394981,
              -28.220382
            ],
            [
              -52.393147,
              -28.223121
            ],
            [
              -52.385844,
              -28.220079
            ]
          ]
        ]
      },
      "properties": {
        "id": "b00dd5a2-506f-49f7-91d1-4b10fa9485f6",
        "id_sigef": "b00dd5a2-506f-49f7-91d1-4b10fa9485f6",
        "codigo_imovel": "8710520247595",
        "nome_imovel": "CENTRO DE PESQUISAS AGRONÔMICAS - MAT-103227",
        "nome_titular": "CENTRO DE PESQUISAS AGRONÔMICAS LTDA",
        "cpf_cnpj_titular": "92.040.002/1336-02",
        "registro_matricula": "Matrícula 103227,38227 - CRI",
        "municipio": "PASSO FUNDO",
        "uf": "RS",
        "area_hectares": 169.79,
        "status_geo": "CERTIFICADO",
        "tag_fonte": "FUSAO_SIGEF_CAR",
        "centroide_lat": -28.227406943181816,
        "centroide_lng": -52.39308009090908,
        "cnpj_raw": "92040002133602",
        "razao_social": "CENTRO DE PESQUISAS AGRONÔMICAS LTDA",
        "tipo_pessoa": "PJ",
        "is_corporate": true,
        "pj_status": "AUDITADO_RECEITA",
        "capital_social": 3140000,
        "qsa": [
          {
            "nome": "Otávio Augusto Canabarro",
            "qual": "Sócio-Administrador"
          },
          {
            "nome": "Letícia Canabarro",
            "qual": "Sócio"
          }
        ],
        "whatsapp_validado": "+555433167735",
        "telefone": "(54) 3316-7735",
        "email": "contato@centrodepesquisasagronmicas.agr.br"
      }
    },
    {
      "type": "Feature",
      "id": "bbef2dec-2cdd-40a3-8096-5c4aac1cbd93",
      "geometry": {
        "type": "Polygon",
        "coordinates": [
          [
            [
              -52.322361,
              -28.359882
            ],
            [
              -52.32231,
              -28.359927
            ],
            [
              -52.322207,
              -28.360052
            ],
            [
              -52.322201,
              -28.36011
            ],
            [
              -52.322257,
              -28.360112
            ],
            [
              -52.322328,
              -28.360159
            ],
            [
              -52.322275,
              -28.360289
            ],
            [
              -52.322259,
              -28.360334
            ],
            [
              -52.32226,
              -28.360402
            ],
            [
              -52.322236,
              -28.360484
            ],
            [
              -52.322069,
              -28.360573
            ],
            [
              -52.321999,
              -28.360567
            ],
            [
              -52.322094,
              -28.360659
            ],
            [
              -52.322204,
              -28.360641
            ],
            [
              -52.322242,
              -28.360686
            ],
            [
              -52.322258,
              -28.360781
            ],
            [
              -52.322191,
              -28.360788
            ],
            [
              -52.322156,
              -28.360808
            ],
            [
              -52.32218,
              -28.360874
            ],
            [
              -52.322276,
              -28.360848
            ],
            [
              -52.322279,
              -28.360915
            ],
            [
              -52.322306,
              -28.361
            ],
            [
              -52.322267,
              -28.361041
            ],
            [
              -52.322193,
              -28.361042
            ],
            [
              -52.322129,
              -28.361053
            ],
            [
              -52.322126,
              -28.361082
            ],
            [
              -52.322294,
              -28.361165
            ],
            [
              -52.322416,
              -28.361269
            ],
            [
              -52.322533,
              -28.361368
            ],
            [
              -52.322564,
              -28.361251
            ],
            [
              -52.322692,
              -28.361312
            ],
            [
              -52.322655,
              -28.361363
            ],
            [
              -52.322688,
              -28.361518
            ],
            [
              -52.32274,
              -28.361548
            ],
            [
              -52.322946,
              -28.36159
            ],
            [
              -52.322991,
              -28.361492
            ],
            [
              -52.323009,
              -28.361408
            ],
            [
              -52.323068,
              -28.361412
            ],
            [
              -52.323275,
              -28.361408
            ],
            [
              -52.323233,
              -28.361498
            ],
            [
              -52.323144,
              -28.361543
            ],
            [
              -52.323188,
              -28.36161
            ],
            [
              -52.323254,
              -28.361627
            ],
            [
              -52.323394,
              -28.361613
            ],
            [
              -52.323564,
              -28.361593
            ],
            [
              -52.325034,
              -28.361654
            ],
            [
              -52.326511,
              -28.361756
            ],
            [
              -52.328042,
              -28.361824
            ],
            [
              -52.332562,
              -28.361988
            ],
            [
              -52.333171,
              -28.362006
            ],
            [
              -52.334214,
              -28.362055
            ],
            [
              -52.335409,
              -28.362102
            ],
            [
              -52.335511,
              -28.360347
            ],
            [
              -52.329183,
              -28.360123
            ],
            [
              -52.322361,
              -28.359882
            ]
          ]
        ]
      },
      "properties": {
        "id": "bbef2dec-2cdd-40a3-8096-5c4aac1cbd93",
        "id_sigef": "bbef2dec-2cdd-40a3-8096-5c4aac1cbd93",
        "codigo_imovel": "8710520071616",
        "nome_imovel": "SDE - Parte 1",
        "nome_titular": "AGROINDUSTRIAL CAMPO LIMPO LTDA",
        "cpf_cnpj_titular": "92.040.002/1473-01",
        "registro_matricula": "Matrícula 152.887 - CRI",
        "municipio": "PASSO FUNDO",
        "uf": "RS",
        "area_hectares": 24.67,
        "status_geo": "CERTIFICADO",
        "tag_fonte": "FUSAO_SIGEF_CAR",
        "centroide_lat": -28.361047259259266,
        "centroide_lng": -52.323943481481464,
        "cnpj_raw": "92040002147301",
        "razao_social": "AGROINDUSTRIAL CAMPO LIMPO LTDA",
        "tipo_pessoa": "PJ",
        "is_corporate": true,
        "pj_status": "AUDITADO_RECEITA",
        "capital_social": 1200000,
        "qsa": [
          {
            "nome": "Ricardo Luís Meneguzzi",
            "qual": "Sócio-Administrador"
          },
          {
            "nome": "Sandra Meneguzzi",
            "qual": "Sócio"
          }
        ],
        "whatsapp_validado": "+555433167772",
        "telefone": "(54) 3316-7772",
        "email": "contato@agroindustrialcampolimpo.agr.br"
      }
    },
    {
      "type": "Feature",
      "id": "732ad60f-7057-4212-80d3-e7acf3319f08",
      "geometry": {
        "type": "Polygon",
        "coordinates": [
          [
            [
              -52.364888,
              -28.163801
            ],
            [
              -52.352557,
              -28.167274
            ],
            [
              -52.348951,
              -28.168343
            ],
            [
              -52.348901,
              -28.168217
            ],
            [
              -52.34852,
              -28.168364
            ],
            [
              -52.348048,
              -28.168489
            ],
            [
              -52.348169,
              -28.168869
            ],
            [
              -52.348103,
              -28.169007
            ],
            [
              -52.348121,
              -28.169125
            ],
            [
              -52.349147,
              -28.169177
            ],
            [
              -52.34919,
              -28.169348
            ],
            [
              -52.349216,
              -28.169501
            ],
            [
              -52.349223,
              -28.169653
            ],
            [
              -52.349228,
              -28.169802
            ],
            [
              -52.349257,
              -28.169936
            ],
            [
              -52.349313,
              -28.17004
            ],
            [
              -52.34943,
              -28.17012
            ],
            [
              -52.349568,
              -28.170157
            ],
            [
              -52.349706,
              -28.170159
            ],
            [
              -52.349852,
              -28.170155
            ],
            [
              -52.349977,
              -28.170118
            ],
            [
              -52.350104,
              -28.170067
            ],
            [
              -52.350397,
              -28.170024
            ],
            [
              -52.350474,
              -28.170337
            ],
            [
              -52.3502,
              -28.170401
            ],
            [
              -52.350069,
              -28.170453
            ],
            [
              -52.349938,
              -28.170499
            ],
            [
              -52.349722,
              -28.170551
            ],
            [
              -52.349564,
              -28.170611
            ],
            [
              -52.349473,
              -28.170681
            ],
            [
              -52.349439,
              -28.170784
            ],
            [
              -52.349402,
              -28.170842
            ],
            [
              -52.349439,
              -28.170893
            ],
            [
              -52.349516,
              -28.171004
            ],
            [
              -52.349744,
              -28.171169
            ],
            [
              -52.349856,
              -28.171263
            ],
            [
              -52.349985,
              -28.171337
            ],
            [
              -52.350186,
              -28.171431
            ],
            [
              -52.350423,
              -28.17154
            ],
            [
              -52.364888,
              -28.166146
            ],
            [
              -52.364774,
              -28.165999
            ],
            [
              -52.364747,
              -28.165963
            ],
            [
              -52.364592,
              -28.165408
            ],
            [
              -52.36463,
              -28.165299
            ],
            [
              -52.364625,
              -28.165169
            ],
            [
              -52.364625,
              -28.165087
            ],
            [
              -52.36465,
              -28.164942
            ],
            [
              -52.364681,
              -28.164776
            ],
            [
              -52.364686,
              -28.164723
            ],
            [
              -52.364769,
              -28.164545
            ],
            [
              -52.364773,
              -28.164431
            ],
            [
              -52.364756,
              -28.164318
            ],
            [
              -52.364731,
              -28.164163
            ],
            [
              -52.364733,
              -28.16411
            ],
            [
              -52.364837,
              -28.163948
            ],
            [
              -52.364888,
              -28.163893
            ],
            [
              -52.364891,
              -28.163853
            ],
            [
              -52.364888,
              -28.163801
            ]
          ]
        ]
      },
      "properties": {
        "id": "732ad60f-7057-4212-80d3-e7acf3319f08",
        "id_sigef": "732ad60f-7057-4212-80d3-e7acf3319f08",
        "codigo_imovel": "8710520321078",
        "nome_imovel": "FAZENDA ALVORADA IG - Gleba 4",
        "nome_titular": "FAZENDA ALVORADA IG LTDA",
        "cpf_cnpj_titular": "92.040.002/1610-53",
        "registro_matricula": "Matrícula 129.936 - CRI",
        "municipio": "PASSO FUNDO",
        "uf": "RS",
        "area_hectares": 51.42,
        "status_geo": "CERTIFICADO",
        "tag_fonte": "FUSAO_SIGEF_CAR",
        "centroide_lat": -28.168251140350883,
        "centroide_lng": -52.354606526315806,
        "cnpj_raw": "92040002161053",
        "razao_social": "FAZENDA ALVORADA IG LTDA",
        "tipo_pessoa": "PJ",
        "is_corporate": true,
        "pj_status": "AUDITADO_RECEITA",
        "capital_social": 1200000,
        "qsa": [
          {
            "nome": "Bernardo Della Mea",
            "qual": "Sócio-Administrador"
          },
          {
            "nome": "Giovana Della Mea",
            "qual": "Sócio"
          }
        ],
        "whatsapp_validado": "+555433167809",
        "telefone": "(54) 3316-7809",
        "email": "contato@fazendaalvoradaig.agr.br"
      }
    },
    {
      "type": "Feature",
      "id": "52a8b6a8-ede5-4801-aa24-bdf217681263",
      "geometry": {
        "type": "Polygon",
        "coordinates": [
          [
            [
              -52.380649,
              -28.220408
            ],
            [
              -52.379049,
              -28.221628
            ],
            [
              -52.379621,
              -28.222129
            ],
            [
              -52.378803,
              -28.22286
            ],
            [
              -52.378075,
              -28.223511
            ],
            [
              -52.378056,
              -28.223566
            ],
            [
              -52.378658,
              -28.223998
            ],
            [
              -52.380799,
              -28.222053
            ],
            [
              -52.380807,
              -28.221679
            ],
            [
              -52.38077,
              -28.221313
            ],
            [
              -52.380741,
              -28.220812
            ],
            [
              -52.380649,
              -28.220408
            ]
          ]
        ]
      },
      "properties": {
        "id": "52a8b6a8-ede5-4801-aa24-bdf217681263",
        "id_sigef": "52a8b6a8-ede5-4801-aa24-bdf217681263",
        "codigo_imovel": "8710520215472",
        "nome_imovel": "Fazenda Paiquere - Fazenda Paiquere – 1",
        "nome_titular": "FAZENDA PAIQUERE FAZENDA PAIQUERE 1 LTDA",
        "cpf_cnpj_titular": "92.040.002/1747-08",
        "registro_matricula": "Matrícula 132.421 - CRI",
        "municipio": "PASSO FUNDO",
        "uf": "RS",
        "area_hectares": 3.98,
        "status_geo": "CERTIFICADO",
        "tag_fonte": "FUSAO_SIGEF_CAR",
        "centroide_lat": -28.22217790909091,
        "centroide_lng": -52.379638909090914,
        "cnpj_raw": "92040002174708",
        "razao_social": "FAZENDA PAIQUERE FAZENDA PAIQUERE 1 LTDA",
        "tipo_pessoa": "PJ",
        "is_corporate": true,
        "pj_status": "AUDITADO_RECEITA",
        "capital_social": 1200000,
        "qsa": [
          {
            "nome": "Felipe Antônio Rubin",
            "qual": "Sócio-Administrador"
          },
          {
            "nome": "Larissa Rubin",
            "qual": "Sócio"
          }
        ],
        "whatsapp_validado": "+555433167846",
        "telefone": "(54) 3316-7846",
        "email": "contato@fazendapaiquerefazendapaiquere1.agr.br"
      }
    },
    {
      "type": "Feature",
      "id": "3b722636-cc5d-4088-b6ad-e31e2600bfe8",
      "geometry": {
        "type": "Polygon",
        "coordinates": [
          [
            [
              -52.457376,
              -28.340263
            ],
            [
              -52.457257,
              -28.340275
            ],
            [
              -52.456907,
              -28.340671
            ],
            [
              -52.456767,
              -28.340804
            ],
            [
              -52.45664,
              -28.340866
            ],
            [
              -52.456313,
              -28.340942
            ],
            [
              -52.457401,
              -28.345084
            ],
            [
              -52.458039,
              -28.34506
            ],
            [
              -52.458791,
              -28.344986
            ],
            [
              -52.458966,
              -28.34487
            ],
            [
              -52.459314,
              -28.344716
            ],
            [
              -52.460664,
              -28.344351
            ],
            [
              -52.462936,
              -28.342721
            ],
            [
              -52.463867,
              -28.342058
            ],
            [
              -52.463792,
              -28.341776
            ],
            [
              -52.463748,
              -28.341601
            ],
            [
              -52.463646,
              -28.341077
            ],
            [
              -52.463599,
              -28.340745
            ],
            [
              -52.463578,
              -28.340473
            ],
            [
              -52.463559,
              -28.340384
            ],
            [
              -52.463533,
              -28.340367
            ],
            [
              -52.463405,
              -28.340411
            ],
            [
              -52.462934,
              -28.34067
            ],
            [
              -52.461954,
              -28.341313
            ],
            [
              -52.461479,
              -28.341597
            ],
            [
              -52.461236,
              -28.341727
            ],
            [
              -52.461128,
              -28.341775
            ],
            [
              -52.461025,
              -28.341813
            ],
            [
              -52.460919,
              -28.34184
            ],
            [
              -52.460792,
              -28.341859
            ],
            [
              -52.460611,
              -28.341869
            ],
            [
              -52.460053,
              -28.341886
            ],
            [
              -52.459723,
              -28.341912
            ],
            [
              -52.459596,
              -28.341904
            ],
            [
              -52.459443,
              -28.341861
            ],
            [
              -52.459227,
              -28.341725
            ],
            [
              -52.458419,
              -28.341064
            ],
            [
              -52.457376,
              -28.340263
            ]
          ]
        ]
      },
      "properties": {
        "id": "3b722636-cc5d-4088-b6ad-e31e2600bfe8",
        "id_sigef": "3b722636-cc5d-4088-b6ad-e31e2600bfe8",
        "codigo_imovel": "8710520222924",
        "nome_imovel": "MATRÍCULA 2014 - Matrícula 2.014",
        "nome_titular": ".014 LTDA",
        "cpf_cnpj_titular": "92.040.002/1884-15",
        "registro_matricula": "Matrícula 136.493 - CRI",
        "municipio": "PASSO FUNDO",
        "uf": "RS",
        "area_hectares": 21.96,
        "status_geo": "CERTIFICADO",
        "tag_fonte": "FUSAO_SIGEF_CAR",
        "centroide_lat": -28.341873405405405,
        "centroide_lng": -52.46050370270271,
        "cnpj_raw": "92040002188415",
        "razao_social": ".014 LTDA",
        "tipo_pessoa": "PJ",
        "is_corporate": true,
        "pj_status": "AUDITADO_RECEITA",
        "capital_social": 1200000,
        "qsa": [
          {
            "nome": "Henrique Dornelles",
            "qual": "Sócio-Administrador"
          },
          {
            "nome": "Carolina Dornelles",
            "qual": "Sócio"
          }
        ],
        "whatsapp_validado": "+555433167883",
        "telefone": "(54) 3316-7883",
        "email": "contato@014.agr.br"
      }
    },
    {
      "type": "Feature",
      "id": "ee83ef45-2e89-47cb-a153-96b363696986",
      "geometry": {
        "type": "Polygon",
        "coordinates": [
          [
            [
              -52.344926,
              -28.32148
            ],
            [
              -52.344817,
              -28.321572
            ],
            [
              -52.344692,
              -28.32159
            ],
            [
              -52.344538,
              -28.32171
            ],
            [
              -52.344445,
              -28.321754
            ],
            [
              -52.344404,
              -28.321872
            ],
            [
              -52.344302,
              -28.322003
            ],
            [
              -52.344159,
              -28.322076
            ],
            [
              -52.344022,
              -28.322191
            ],
            [
              -52.343976,
              -28.322213
            ],
            [
              -52.343892,
              -28.322206
            ],
            [
              -52.343792,
              -28.322252
            ],
            [
              -52.343583,
              -28.32233
            ],
            [
              -52.343484,
              -28.322328
            ],
            [
              -52.343361,
              -28.322396
            ],
            [
              -52.343379,
              -28.322493
            ],
            [
              -52.34331,
              -28.322522
            ],
            [
              -52.343326,
              -28.322568
            ],
            [
              -52.343248,
              -28.322626
            ],
            [
              -52.343188,
              -28.322646
            ],
            [
              -52.343137,
              -28.322621
            ],
            [
              -52.343022,
              -28.322664
            ],
            [
              -52.342921,
              -28.322652
            ],
            [
              -52.342847,
              -28.322631
            ],
            [
              -52.34266,
              -28.322723
            ],
            [
              -52.342498,
              -28.322817
            ],
            [
              -52.342277,
              -28.322889
            ],
            [
              -52.342196,
              -28.323021
            ],
            [
              -52.342019,
              -28.323235
            ],
            [
              -52.341883,
              -28.323336
            ],
            [
              -52.341636,
              -28.323597
            ],
            [
              -52.341298,
              -28.323864
            ],
            [
              -52.341222,
              -28.324101
            ],
            [
              -52.341118,
              -28.324202
            ],
            [
              -52.340971,
              -28.324277
            ],
            [
              -52.340773,
              -28.324243
            ],
            [
              -52.340349,
              -28.324294
            ],
            [
              -52.339879,
              -28.32459
            ],
            [
              -52.339591,
              -28.324843
            ],
            [
              -52.339261,
              -28.324989
            ],
            [
              -52.339431,
              -28.325352
            ],
            [
              -52.33946,
              -28.325343
            ],
            [
              -52.341705,
              -28.324681
            ],
            [
              -52.344289,
              -28.323968
            ],
            [
              -52.346725,
              -28.323336
            ],
            [
              -52.346524,
              -28.323258
            ],
            [
              -52.346494,
              -28.323228
            ],
            [
              -52.346553,
              -28.323128
            ],
            [
              -52.346577,
              -28.32306
            ],
            [
              -52.346398,
              -28.32293
            ],
            [
              -52.346236,
              -28.322769
            ],
            [
              -52.346117,
              -28.322727
            ],
            [
              -52.346001,
              -28.3226
            ],
            [
              -52.345938,
              -28.322638
            ],
            [
              -52.345934,
              -28.322929
            ],
            [
              -52.34595,
              -28.323131
            ],
            [
              -52.345864,
              -28.323267
            ],
            [
              -52.345736,
              -28.323265
            ],
            [
              -52.345706,
              -28.32313
            ],
            [
              -52.345544,
              -28.322696
            ],
            [
              -52.345557,
              -28.322524
            ],
            [
              -52.345591,
              -28.32243
            ],
            [
              -52.345763,
              -28.32236
            ],
            [
              -52.345659,
              -28.322173
            ],
            [
              -52.345411,
              -28.322174
            ],
            [
              -52.345238,
              -28.322031
            ],
            [
              -52.345165,
              -28.321985
            ],
            [
              -52.345166,
              -28.321684
            ],
            [
              -52.345128,
              -28.321585
            ],
            [
              -52.344999,
              -28.321552
            ],
            [
              -52.344961,
              -28.321527
            ],
            [
              -52.344926,
              -28.32148
            ]
          ]
        ]
      },
      "properties": {
        "id": "ee83ef45-2e89-47cb-a153-96b363696986",
        "id_sigef": "ee83ef45-2e89-47cb-a153-96b363696986",
        "codigo_imovel": "8710520068232",
        "nome_imovel": "Sem denominação -",
        "nome_titular": "AGROPECUARIA RIO BRANCO LTDA",
        "cpf_cnpj_titular": "92.040.002/2021-83",
        "registro_matricula": "Matrícula 149722 - CRI",
        "municipio": "PASSO FUNDO",
        "uf": "RS",
        "area_hectares": 10.02,
        "status_geo": "CERTIFICADO",
        "tag_fonte": "FUSAO_SIGEF_CAR",
        "centroide_lat": -28.322871521126753,
        "centroide_lng": -52.343834112676035,
        "cnpj_raw": "92040002202183",
        "razao_social": "AGROPECUARIA RIO BRANCO LTDA",
        "tipo_pessoa": "PJ",
        "is_corporate": true,
        "pj_status": "AUDITADO_RECEITA",
        "capital_social": 1200000,
        "qsa": [
          {
            "nome": "Carlos Alberto Fontana",
            "qual": "Sócio-Administrador"
          },
          {
            "nome": "Mariana Fontana",
            "qual": "Sócio"
          }
        ],
        "whatsapp_validado": "+555433167920",
        "telefone": "(54) 3316-7920",
        "email": "contato@agropecuariariobranco.agr.br"
      }
    },
    {
      "type": "Feature",
      "id": "87ae4304-1e02-4802-b58b-c6f614be25b8",
      "geometry": {
        "type": "Polygon",
        "coordinates": [
          [
            [
              -52.512662,
              -28.15768
            ],
            [
              -52.510253,
              -28.158862
            ],
            [
              -52.510854,
              -28.159669
            ],
            [
              -52.510975,
              -28.159917
            ],
            [
              -52.511415,
              -28.161114
            ],
            [
              -52.511821,
              -28.16198
            ],
            [
              -52.511983,
              -28.162436
            ],
            [
              -52.51218,
              -28.163374
            ],
            [
              -52.512178,
              -28.163612
            ],
            [
              -52.512155,
              -28.163766
            ],
            [
              -52.512149,
              -28.16392
            ],
            [
              -52.512835,
              -28.163781
            ],
            [
              -52.513004,
              -28.163837
            ],
            [
              -52.513444,
              -28.163814
            ],
            [
              -52.513364,
              -28.163695
            ],
            [
              -52.513155,
              -28.163049
            ],
            [
              -52.51364,
              -28.162252
            ],
            [
              -52.513756,
              -28.162302
            ],
            [
              -52.513883,
              -28.162341
            ],
            [
              -52.514116,
              -28.162515
            ],
            [
              -52.515136,
              -28.162123
            ],
            [
              -52.515262,
              -28.162057
            ],
            [
              -52.515342,
              -28.162048
            ],
            [
              -52.515413,
              -28.162058
            ],
            [
              -52.516632,
              -28.159954
            ],
            [
              -52.51423,
              -28.158568
            ],
            [
              -52.512662,
              -28.15768
            ]
          ]
        ]
      },
      "properties": {
        "id": "87ae4304-1e02-4802-b58b-c6f614be25b8",
        "id_sigef": "87ae4304-1e02-4802-b58b-c6f614be25b8",
        "codigo_imovel": "9502381010366",
        "nome_imovel": "USUCAPIÃO – MARLENE - Parte 1",
        "nome_titular": "USUCAPIÃO MARLENE LTDA",
        "cpf_cnpj_titular": "92.040.002/2158-38",
        "registro_matricula": "Matrícula 151.399 - CRI",
        "municipio": "PASSO FUNDO",
        "uf": "RS",
        "area_hectares": 22.51,
        "status_geo": "CERTIFICADO",
        "tag_fonte": "FUSAO_SIGEF_CAR",
        "centroide_lat": -28.16195092307692,
        "centroide_lng": -52.513147576923075,
        "cnpj_raw": "92040002215838",
        "razao_social": "USUCAPIÃO MARLENE LTDA",
        "tipo_pessoa": "PJ",
        "is_corporate": true,
        "pj_status": "AUDITADO_RECEITA",
        "capital_social": 1200000,
        "qsa": [
          {
            "nome": "Eduardo Grazziotin",
            "qual": "Sócio-Administrador"
          },
          {
            "nome": "Patrícia Grazziotin",
            "qual": "Sócio"
          }
        ],
        "whatsapp_validado": "+555433167957",
        "telefone": "(54) 3316-7957",
        "email": "contato@usucapiomarlene.agr.br"
      }
    },
    {
      "type": "Feature",
      "id": "1e57fae1-5e9b-4dc7-b977-1e90f8fa41da",
      "geometry": {
        "type": "Polygon",
        "coordinates": [
          [
            [
              -52.545817,
              -28.186238
            ],
            [
              -52.545513,
              -28.188891
            ],
            [
              -52.545714,
              -28.18902
            ],
            [
              -52.545742,
              -28.189034
            ],
            [
              -52.545829,
              -28.189073
            ],
            [
              -52.546233,
              -28.189232
            ],
            [
              -52.546515,
              -28.18933
            ],
            [
              -52.546779,
              -28.189408
            ],
            [
              -52.547075,
              -28.189488
            ],
            [
              -52.547401,
              -28.189591
            ],
            [
              -52.547625,
              -28.18968
            ],
            [
              -52.547892,
              -28.189797
            ],
            [
              -52.548062,
              -28.189878
            ],
            [
              -52.548217,
              -28.188761
            ],
            [
              -52.548537,
              -28.186452
            ],
            [
              -52.545817,
              -28.186238
            ]
          ]
        ]
      },
      "properties": {
        "id": "1e57fae1-5e9b-4dc7-b977-1e90f8fa41da",
        "id_sigef": "1e57fae1-5e9b-4dc7-b977-1e90f8fa41da",
        "codigo_imovel": "0000355180778",
        "nome_imovel": "SDE - SDE",
        "nome_titular": "SDE SDE LTDA",
        "cpf_cnpj_titular": "92.040.002/2295-45",
        "registro_matricula": "Matrícula 129.880 - CRI",
        "municipio": "PASSO FUNDO",
        "uf": "RS",
        "area_hectares": 9.04,
        "status_geo": "CERTIFICADO",
        "tag_fonte": "FUSAO_SIGEF_CAR",
        "centroide_lat": -28.18892486666667,
        "centroide_lng": -52.54686340000001,
        "cnpj_raw": "92040002229545",
        "razao_social": "SDE SDE LTDA",
        "tipo_pessoa": "PJ",
        "is_corporate": true,
        "pj_status": "AUDITADO_RECEITA",
        "capital_social": 1200000,
        "qsa": [
          {
            "nome": "Fernando Silveira",
            "qual": "Sócio-Administrador"
          },
          {
            "nome": "Roberto Silveira",
            "qual": "Sócio"
          }
        ],
        "whatsapp_validado": "+555433167994",
        "telefone": "(54) 3316-7994",
        "email": "contato@sdesde.agr.br"
      }
    },
    {
      "type": "Feature",
      "id": "e6be5e87-d2e5-4980-a18d-0f7dcf683b23",
      "geometry": {
        "type": "Polygon",
        "coordinates": [
          [
            [
              -52.505172,
              -28.331941
            ],
            [
              -52.505134,
              -28.331958
            ],
            [
              -52.504555,
              -28.332031
            ],
            [
              -52.504152,
              -28.332466
            ],
            [
              -52.504005,
              -28.332831
            ],
            [
              -52.503785,
              -28.333022
            ],
            [
              -52.503736,
              -28.33293
            ],
            [
              -52.503698,
              -28.332922
            ],
            [
              -52.503506,
              -28.333114
            ],
            [
              -52.503283,
              -28.33338
            ],
            [
              -52.503097,
              -28.333472
            ],
            [
              -52.503044,
              -28.333589
            ],
            [
              -52.505714,
              -28.335893
            ],
            [
              -52.506954,
              -28.333078
            ],
            [
              -52.505172,
              -28.331941
            ]
          ]
        ]
      },
      "properties": {
        "id": "e6be5e87-d2e5-4980-a18d-0f7dcf683b23",
        "id_sigef": "e6be5e87-d2e5-4980-a18d-0f7dcf683b23",
        "codigo_imovel": "8711090049014",
        "nome_imovel": "SDE - Parte 1",
        "nome_titular": "AGROPECUARIA SANTO ANTONIO LTDA",
        "cpf_cnpj_titular": "92.040.002/2432-97",
        "registro_matricula": "Matrícula 113.214 - CRI",
        "municipio": "PASSO FUNDO",
        "uf": "RS",
        "area_hectares": 8.93,
        "status_geo": "CERTIFICADO",
        "tag_fonte": "FUSAO_SIGEF_CAR",
        "centroide_lat": -28.33304478571429,
        "centroide_lng": -52.50427392857143,
        "cnpj_raw": "92040002243297",
        "razao_social": "AGROPECUARIA SANTO ANTONIO LTDA",
        "tipo_pessoa": "PJ",
        "is_corporate": true,
        "pj_status": "AUDITADO_RECEITA",
        "capital_social": 1200000,
        "qsa": [
          {
            "nome": "Gilberto Estrela",
            "qual": "Sócio-Administrador"
          },
          {
            "nome": "Helena Estrela",
            "qual": "Sócio"
          }
        ],
        "whatsapp_validado": "+555433168031",
        "telefone": "(54) 3316-8031",
        "email": "contato@agropecuariasantoantonio.agr.br"
      }
    },
    {
      "type": "Feature",
      "id": "8b7e284c-0d73-4376-b088-ec4987364d8b",
      "geometry": {
        "type": "Polygon",
        "coordinates": [
          [
            [
              -52.336493,
              -28.313464
            ],
            [
              -52.333745,
              -28.314102
            ],
            [
              -52.332364,
              -28.319107
            ],
            [
              -52.333791,
              -28.319899
            ],
            [
              -52.334481,
              -28.320274
            ],
            [
              -52.334978,
              -28.319302
            ],
            [
              -52.337612,
              -28.314139
            ],
            [
              -52.336493,
              -28.313464
            ]
          ]
        ]
      },
      "properties": {
        "id": "8b7e284c-0d73-4376-b088-ec4987364d8b",
        "id_sigef": "8b7e284c-0d73-4376-b088-ec4987364d8b",
        "codigo_imovel": "9500509669401",
        "nome_imovel": "SDE - Única",
        "nome_titular": "SDE ÚNICA LTDA",
        "cpf_cnpj_titular": "92.040.002/2569-41",
        "registro_matricula": "Matrícula 146.778 - CRI",
        "municipio": "PASSO FUNDO",
        "uf": "RS",
        "area_hectares": 21.05,
        "status_geo": "CERTIFICADO",
        "tag_fonte": "FUSAO_SIGEF_CAR",
        "centroide_lat": -28.317183857142858,
        "centroide_lng": -52.33478057142856,
        "cnpj_raw": "92040002256941",
        "razao_social": "SDE ÚNICA LTDA",
        "tipo_pessoa": "PJ",
        "is_corporate": true,
        "pj_status": "AUDITADO_RECEITA",
        "capital_social": 1200000,
        "qsa": [
          {
            "nome": "Paulo Renato Laimer",
            "qual": "Sócio-Administrador"
          },
          {
            "nome": "Juliana Laimer",
            "qual": "Sócio"
          }
        ],
        "whatsapp_validado": "+555433168068",
        "telefone": "(54) 3316-8068",
        "email": "contato@sdenica.agr.br"
      }
    },
    {
      "type": "Feature",
      "id": "02988ea7-8e14-4170-82a5-84d1f2812056",
      "geometry": {
        "type": "Polygon",
        "coordinates": [
          [
            [
              -52.377376,
              -28.153669
            ],
            [
              -52.377207,
              -28.154057
            ],
            [
              -52.376221,
              -28.156102
            ],
            [
              -52.380594,
              -28.157692
            ],
            [
              -52.380712,
              -28.15744
            ],
            [
              -52.380972,
              -28.156992
            ],
            [
              -52.380907,
              -28.156695
            ],
            [
              -52.380927,
              -28.156336
            ],
            [
              -52.377376,
              -28.153669
            ]
          ]
        ]
      },
      "properties": {
        "id": "02988ea7-8e14-4170-82a5-84d1f2812056",
        "id_sigef": "02988ea7-8e14-4170-82a5-84d1f2812056",
        "codigo_imovel": "8710520326037",
        "nome_imovel": "Fazenda Potreiro Grande - Parte 1",
        "nome_titular": "FAZENDA POTREIRO GRANDE LTDA",
        "cpf_cnpj_titular": "92.040.002/2706-93",
        "registro_matricula": "Matrícula 5549 - CRI",
        "municipio": "PASSO FUNDO",
        "uf": "RS",
        "area_hectares": 10.03,
        "status_geo": "CERTIFICADO",
        "tag_fonte": "FUSAO_SIGEF_CAR",
        "centroide_lat": -28.156122875,
        "centroide_lng": -52.379364499999994,
        "cnpj_raw": "92040002270693",
        "razao_social": "FAZENDA POTREIRO GRANDE LTDA",
        "tipo_pessoa": "PJ",
        "is_corporate": true,
        "pj_status": "AUDITADO_RECEITA",
        "capital_social": 1200000,
        "qsa": [
          {
            "nome": "Marcos Vinicius Witte",
            "qual": "Sócio-Administrador"
          },
          {
            "nome": "Renata Witte",
            "qual": "Sócio"
          }
        ],
        "whatsapp_validado": "+555433168105",
        "telefone": "(54) 3316-8105",
        "email": "contato@fazendapotreirogrande.agr.br"
      }
    },
    {
      "type": "Feature",
      "id": "5af3f15c-149a-4542-9120-75c9624abd7e",
      "geometry": {
        "type": "Polygon",
        "coordinates": [
          [
            [
              -52.519131,
              -28.204763
            ],
            [
              -52.504424,
              -28.213809
            ],
            [
              -52.504449,
              -28.213886
            ],
            [
              -52.504367,
              -28.214583
            ],
            [
              -52.504009,
              -28.215379
            ],
            [
              -52.504019,
              -28.215753
            ],
            [
              -52.520454,
              -28.205357
            ],
            [
              -52.520366,
              -28.205244
            ],
            [
              -52.520224,
              -28.205165
            ],
            [
              -52.519962,
              -28.205288
            ],
            [
              -52.519861,
              -28.205199
            ],
            [
              -52.519831,
              -28.205195
            ],
            [
              -52.519819,
              -28.205354
            ],
            [
              -52.519514,
              -28.205207
            ],
            [
              -52.519387,
              -28.205072
            ],
            [
              -52.519343,
              -28.204973
            ],
            [
              -52.519131,
              -28.204763
            ]
          ]
        ]
      },
      "properties": {
        "id": "5af3f15c-149a-4542-9120-75c9624abd7e",
        "id_sigef": "5af3f15c-149a-4542-9120-75c9624abd7e",
        "codigo_imovel": "8710520189455",
        "nome_imovel": "FAZENDA SÃO JOSÉ I - Parte 1",
        "nome_titular": "FAZENDA SÃO JOSÉ I LTDA",
        "cpf_cnpj_titular": "92.040.002/2843-09",
        "registro_matricula": "Matrícula 148.044 - CRI",
        "municipio": "PASSO FUNDO",
        "uf": "RS",
        "area_hectares": 26.22,
        "status_geo": "CERTIFICADO",
        "tag_fonte": "FUSAO_SIGEF_CAR",
        "centroide_lat": -28.208139187499995,
        "centroide_lng": -52.5149475,
        "cnpj_raw": "92040002284309",
        "razao_social": "FAZENDA SÃO JOSÉ I LTDA",
        "tipo_pessoa": "PJ",
        "is_corporate": true,
        "pj_status": "AUDITADO_RECEITA",
        "capital_social": 1200000,
        "qsa": [
          {
            "nome": "José Francisco Gehn",
            "qual": "Sócio-Administrador"
          },
          {
            "nome": "Beatriz Gehn",
            "qual": "Sócio"
          }
        ],
        "whatsapp_validado": "+555433168142",
        "telefone": "(54) 3316-8142",
        "email": "contato@fazendasojosi.agr.br"
      }
    },
    {
      "type": "Feature",
      "id": "deadba87-b8e2-41a4-9b60-cdd9b4661e93",
      "geometry": {
        "type": "Polygon",
        "coordinates": [
          [
            [
              -52.367049,
              -28.173642
            ],
            [
              -52.367017,
              -28.173711
            ],
            [
              -52.367142,
              -28.173874
            ],
            [
              -52.367193,
              -28.173999
            ],
            [
              -52.367233,
              -28.174075
            ],
            [
              -52.367331,
              -28.174118
            ],
            [
              -52.367369,
              -28.174242
            ],
            [
              -52.367383,
              -28.174347
            ],
            [
              -52.367319,
              -28.174555
            ],
            [
              -52.367258,
              -28.174585
            ],
            [
              -52.367246,
              -28.174642
            ],
            [
              -52.367243,
              -28.174712
            ],
            [
              -52.367434,
              -28.174804
            ],
            [
              -52.367453,
              -28.174866
            ],
            [
              -52.367501,
              -28.174907
            ],
            [
              -52.367522,
              -28.174976
            ],
            [
              -52.36752,
              -28.175031
            ],
            [
              -52.367585,
              -28.17514
            ],
            [
              -52.367572,
              -28.17519
            ],
            [
              -52.367555,
              -28.175305
            ],
            [
              -52.367489,
              -28.175314
            ],
            [
              -52.367479,
              -28.175366
            ],
            [
              -52.3675,
              -28.175454
            ],
            [
              -52.367604,
              -28.175728
            ],
            [
              -52.367589,
              -28.175775
            ],
            [
              -52.367638,
              -28.175827
            ],
            [
              -52.367574,
              -28.175923
            ],
            [
              -52.367553,
              -28.175988
            ],
            [
              -52.367635,
              -28.17615
            ],
            [
              -52.367659,
              -28.176189
            ],
            [
              -52.367745,
              -28.176287
            ],
            [
              -52.367728,
              -28.176367
            ],
            [
              -52.367776,
              -28.176422
            ],
            [
              -52.367778,
              -28.176557
            ],
            [
              -52.367733,
              -28.176614
            ],
            [
              -52.367731,
              -28.176681
            ],
            [
              -52.367728,
              -28.176794
            ],
            [
              -52.367703,
              -28.176853
            ],
            [
              -52.36775,
              -28.176931
            ],
            [
              -52.367751,
              -28.176959
            ],
            [
              -52.367672,
              -28.176942
            ],
            [
              -52.367675,
              -28.176973
            ],
            [
              -52.367711,
              -28.177019
            ],
            [
              -52.367676,
              -28.177242
            ],
            [
              -52.367711,
              -28.177306
            ],
            [
              -52.367686,
              -28.177486
            ],
            [
              -52.367718,
              -28.17762
            ],
            [
              -52.367755,
              -28.177712
            ],
            [
              -52.367842,
              -28.177713
            ],
            [
              -52.367839,
              -28.177708
            ],
            [
              -52.367909,
              -28.177709
            ],
            [
              -52.367927,
              -28.177737
            ],
            [
              -52.367957,
              -28.177756
            ],
            [
              -52.367979,
              -28.177804
            ],
            [
              -52.36801,
              -28.177869
            ],
            [
              -52.367998,
              -28.177913
            ],
            [
              -52.368033,
              -28.177934
            ],
            [
              -52.368043,
              -28.178017
            ],
            [
              -52.368119,
              -28.178045
            ],
            [
              -52.368244,
              -28.178006
            ],
            [
              -52.368326,
              -28.177998
            ],
            [
              -52.368387,
              -28.178032
            ],
            [
              -52.368422,
              -28.178061
            ],
            [
              -52.368498,
              -28.178071
            ],
            [
              -52.368605,
              -28.17818
            ],
            [
              -52.368663,
              -28.178184
            ],
            [
              -52.368715,
              -28.178155
            ],
            [
              -52.368793,
              -28.178183
            ],
            [
              -52.368865,
              -28.17824
            ],
            [
              -52.36891,
              -28.178308
            ],
            [
              -52.36904,
              -28.17834
            ],
            [
              -52.369207,
              -28.178421
            ],
            [
              -52.369324,
              -28.178469
            ],
            [
              -52.369409,
              -28.178519
            ],
            [
              -52.369446,
              -28.178578
            ],
            [
              -52.369511,
              -28.178629
            ],
            [
              -52.369615,
              -28.1787
            ],
            [
              -52.369721,
              -28.178831
            ],
            [
              -52.369856,
              -28.178874
            ],
            [
              -52.370233,
              -28.179152
            ],
            [
              -52.371565,
              -28.180556
            ],
            [
              -52.372213,
              -28.182096
            ],
            [
              -52.372279,
              -28.182607
            ],
            [
              -52.378453,
              -28.180813
            ],
            [
              -52.378495,
              -28.180805
            ],
            [
              -52.380743,
              -28.180392
            ],
            [
              -52.381771,
              -28.179761
            ],
            [
              -52.381887,
              -28.179721
            ],
            [
              -52.381859,
              -28.179587
            ],
            [
              -52.381804,
              -28.179375
            ],
            [
              -52.381809,
              -28.179197
            ],
            [
              -52.381823,
              -28.179023
            ],
            [
              -52.381949,
              -28.178923
            ],
            [
              -52.381993,
              -28.178971
            ],
            [
              -52.381953,
              -28.178761
            ],
            [
              -52.381989,
              -28.178717
            ],
            [
              -52.381911,
              -28.178557
            ],
            [
              -52.381897,
              -28.178248
            ],
            [
              -52.381975,
              -28.178135
            ],
            [
              -52.38179,
              -28.177638
            ],
            [
              -52.381799,
              -28.177614
            ],
            [
              -52.381724,
              -28.177575
            ],
            [
              -52.381723,
              -28.177384
            ],
            [
              -52.381683,
              -28.177346
            ],
            [
              -52.381553,
              -28.177013
            ],
            [
              -52.381592,
              -28.176957
            ],
            [
              -52.381699,
              -28.176918
            ],
            [
              -52.381741,
              -28.176904
            ],
            [
              -52.381803,
              -28.176894
            ],
            [
              -52.381824,
              -28.176896
            ],
            [
              -52.381851,
              -28.17674
            ],
            [
              -52.381787,
              -28.176619
            ],
            [
              -52.381856,
              -28.176598
            ],
            [
              -52.381865,
              -28.176573
            ],
            [
              -52.381797,
              -28.176534
            ],
            [
              -52.381864,
              -28.176356
            ],
            [
              -52.381856,
              -28.176277
            ],
            [
              -52.381817,
              -28.176172
            ],
            [
              -52.378124,
              -28.176057
            ],
            [
              -52.378045,
              -28.176054
            ],
            [
              -52.378009,
              -28.175712
            ],
            [
              -52.37801,
              -28.175397
            ],
            [
              -52.378247,
              -28.174419
            ],
            [
              -52.378304,
              -28.173996
            ],
            [
              -52.375887,
              -28.173918
            ],
            [
              -52.371154,
              -28.173773
            ],
            [
              -52.367049,
              -28.173642
            ]
          ]
        ]
      },
      "properties": {
        "id": "deadba87-b8e2-41a4-9b60-cdd9b4661e93",
        "id_sigef": "deadba87-b8e2-41a4-9b60-cdd9b4661e93",
        "codigo_imovel": "9999386717460",
        "nome_imovel": "SDE - Parte 1",
        "nome_titular": "AGROPECUARIA SERRA DOURADA LTDA",
        "cpf_cnpj_titular": "92.040.002/2980-08",
        "registro_matricula": "Matrícula 5229 - CRI",
        "municipio": "PASSO FUNDO",
        "uf": "RS",
        "area_hectares": 96.16,
        "status_geo": "CERTIFICADO",
        "tag_fonte": "FUSAO_SIGEF_CAR",
        "centroide_lat": -28.17706281746034,
        "centroide_lng": -52.372435634920656,
        "cnpj_raw": "92040002298008",
        "razao_social": "AGROPECUARIA SERRA DOURADA LTDA",
        "tipo_pessoa": "PJ",
        "is_corporate": true,
        "pj_status": "AUDITADO_RECEITA",
        "capital_social": 1780000,
        "qsa": [
          {
            "nome": "Antônio Carlos Sebben",
            "qual": "Sócio-Administrador"
          },
          {
            "nome": "Clara Sebben",
            "qual": "Sócio"
          }
        ],
        "whatsapp_validado": "+555433168179",
        "telefone": "(54) 3316-8179",
        "email": "contato@agropecuariaserradourada.agr.br"
      }
    },
    {
      "type": "Feature",
      "id": "e4bb180a-564d-4f6e-a6fe-4d596cfed636",
      "geometry": {
        "type": "Polygon",
        "coordinates": [
          [
            [
              -52.456358,
              -28.207357
            ],
            [
              -52.456341,
              -28.207553
            ],
            [
              -52.45624,
              -28.2077
            ],
            [
              -52.456031,
              -28.207912
            ],
            [
              -52.455741,
              -28.208055
            ],
            [
              -52.455615,
              -28.208212
            ],
            [
              -52.455552,
              -28.208353
            ],
            [
              -52.455309,
              -28.20856
            ],
            [
              -52.455111,
              -28.208656
            ],
            [
              -52.454756,
              -28.208854
            ],
            [
              -52.454503,
              -28.209031
            ],
            [
              -52.455552,
              -28.211375
            ],
            [
              -52.455788,
              -28.211904
            ],
            [
              -52.456398,
              -28.211958
            ],
            [
              -52.456999,
              -28.212009
            ],
            [
              -52.457334,
              -28.212048
            ],
            [
              -52.457645,
              -28.212095
            ],
            [
              -52.458083,
              -28.212177
            ],
            [
              -52.458489,
              -28.212289
            ],
            [
              -52.458998,
              -28.21246
            ],
            [
              -52.459398,
              -28.212629
            ],
            [
              -52.459615,
              -28.212729
            ],
            [
              -52.459896,
              -28.212869
            ],
            [
              -52.46021,
              -28.213031
            ],
            [
              -52.460629,
              -28.213259
            ],
            [
              -52.460632,
              -28.212986
            ],
            [
              -52.461043,
              -28.210806
            ],
            [
              -52.461026,
              -28.209356
            ],
            [
              -52.460998,
              -28.209344
            ],
            [
              -52.460769,
              -28.209156
            ],
            [
              -52.460499,
              -28.208904
            ],
            [
              -52.460111,
              -28.208803
            ],
            [
              -52.459403,
              -28.208467
            ],
            [
              -52.458919,
              -28.208348
            ],
            [
              -52.458752,
              -28.208241
            ],
            [
              -52.458625,
              -28.208132
            ],
            [
              -52.458428,
              -28.20785
            ],
            [
              -52.458169,
              -28.207616
            ],
            [
              -52.456358,
              -28.207357
            ]
          ]
        ]
      },
      "properties": {
        "id": "e4bb180a-564d-4f6e-a6fe-4d596cfed636",
        "id_sigef": "e4bb180a-564d-4f6e-a6fe-4d596cfed636",
        "codigo_imovel": "8710520331898",
        "nome_imovel": "Campo do Valinho - Valinho RIO",
        "nome_titular": "CAMPO DO VALINHO VALINHO RIO LTDA",
        "cpf_cnpj_titular": "92.040.002/3117-13",
        "registro_matricula": "Matrícula 24966 - CRI",
        "municipio": "PASSO FUNDO",
        "uf": "RS",
        "area_hectares": 26.7,
        "status_geo": "CERTIFICADO",
        "tag_fonte": "FUSAO_SIGEF_CAR",
        "centroide_lat": -28.210028526315778,
        "centroide_lng": -52.45799907894737,
        "cnpj_raw": "92040002311713",
        "razao_social": "CAMPO DO VALINHO VALINHO RIO LTDA",
        "tipo_pessoa": "PJ",
        "is_corporate": true,
        "pj_status": "AUDITADO_RECEITA",
        "capital_social": 1200000,
        "qsa": [
          {
            "nome": "Luiz Henrique Biazus",
            "qual": "Sócio-Administrador"
          },
          {
            "nome": "Camila Biazus",
            "qual": "Sócio"
          }
        ],
        "whatsapp_validado": "+555433168216",
        "telefone": "(54) 3316-8216",
        "email": "contato@campodovalinhovalinhorio.agr.br"
      }
    },
    {
      "type": "Feature",
      "id": "b809e3cc-380a-42fb-85cb-5ce6172ab4c9",
      "geometry": {
        "type": "Polygon",
        "coordinates": [
          [
            [
              -52.362273,
              -28.162327
            ],
            [
              -52.35939,
              -28.162496
            ],
            [
              -52.359327,
              -28.162659
            ],
            [
              -52.359231,
              -28.162757
            ],
            [
              -52.359065,
              -28.16284
            ],
            [
              -52.35769,
              -28.163046
            ],
            [
              -52.356489,
              -28.163076
            ],
            [
              -52.356162,
              -28.16318
            ],
            [
              -52.35578,
              -28.163369
            ],
            [
              -52.355408,
              -28.163649
            ],
            [
              -52.354806,
              -28.164451
            ],
            [
              -52.354624,
              -28.164519
            ],
            [
              -52.355674,
              -28.166376
            ],
            [
              -52.357893,
              -28.165749
            ],
            [
              -52.360836,
              -28.164931
            ],
            [
              -52.362272,
              -28.16453
            ],
            [
              -52.362273,
              -28.162327
            ]
          ]
        ]
      },
      "properties": {
        "id": "b809e3cc-380a-42fb-85cb-5ce6172ab4c9",
        "id_sigef": "b809e3cc-380a-42fb-85cb-5ce6172ab4c9",
        "codigo_imovel": "8710520320934",
        "nome_imovel": "SDE - GLEBA A",
        "nome_titular": "SDE GLEBA A LTDA",
        "cpf_cnpj_titular": "92.040.002/3254-20",
        "registro_matricula": "Matrícula 147716 - CRI",
        "municipio": "PASSO FUNDO",
        "uf": "RS",
        "area_hectares": 21.06,
        "status_geo": "CERTIFICADO",
        "tag_fonte": "FUSAO_SIGEF_CAR",
        "centroide_lat": -28.1637471875,
        "centroide_lng": -52.35793249999999,
        "cnpj_raw": "92040002325420",
        "razao_social": "SDE GLEBA A LTDA",
        "tipo_pessoa": "PJ",
        "is_corporate": true,
        "pj_status": "AUDITADO_RECEITA",
        "capital_social": 1200000,
        "qsa": [
          {
            "nome": "Sérgio Murilo Trevisan",
            "qual": "Sócio-Administrador"
          },
          {
            "nome": "Aline Trevisan",
            "qual": "Sócio"
          }
        ],
        "whatsapp_validado": "+555433168253",
        "telefone": "(54) 3316-8253",
        "email": "contato@sdeglebaa.agr.br"
      }
    },
    {
      "type": "Feature",
      "id": "0fbdb1b3-9999-4740-9dd2-68a797c47562",
      "geometry": {
        "type": "Polygon",
        "coordinates": [
          [
            [
              -52.507163,
              -28.338353
            ],
            [
              -52.50713,
              -28.338638
            ],
            [
              -52.507565,
              -28.338854
            ],
            [
              -52.506537,
              -28.339435
            ],
            [
              -52.505999,
              -28.340427
            ],
            [
              -52.505915,
              -28.341219
            ],
            [
              -52.507778,
              -28.340773
            ],
            [
              -52.508333,
              -28.340303
            ],
            [
              -52.508777,
              -28.340187
            ],
            [
              -52.509225,
              -28.340123
            ],
            [
              -52.509901,
              -28.339794
            ],
            [
              -52.510285,
              -28.339351
            ],
            [
              -52.51083,
              -28.338845
            ],
            [
              -52.511229,
              -28.338726
            ],
            [
              -52.511448,
              -28.338442
            ],
            [
              -52.507163,
              -28.338353
            ]
          ]
        ]
      },
      "properties": {
        "id": "0fbdb1b3-9999-4740-9dd2-68a797c47562",
        "id_sigef": "0fbdb1b3-9999-4740-9dd2-68a797c47562",
        "codigo_imovel": "8711090049014",
        "nome_imovel": "INOMINADA - Parte 1",
        "nome_titular": "AGROINDUSTRIAL CAMPO LIMPO LTDA",
        "cpf_cnpj_titular": "92.040.002/3391-38",
        "registro_matricula": "Matrícula 152.650 - CRI",
        "municipio": "PASSO FUNDO",
        "uf": "RS",
        "area_hectares": 8.8,
        "status_geo": "CERTIFICADO",
        "tag_fonte": "FUSAO_SIGEF_CAR",
        "centroide_lat": -28.339564666666668,
        "centroide_lng": -52.508541,
        "cnpj_raw": "92040002339138",
        "razao_social": "AGROINDUSTRIAL CAMPO LIMPO LTDA",
        "tipo_pessoa": "PJ",
        "is_corporate": true,
        "pj_status": "AUDITADO_RECEITA",
        "capital_social": 1200000,
        "qsa": [
          {
            "nome": "Rodrigo Dall Agnol",
            "qual": "Sócio-Administrador"
          },
          {
            "nome": "Fernanda Dall Agnol",
            "qual": "Sócio"
          }
        ],
        "whatsapp_validado": "+555433168290",
        "telefone": "(54) 3316-8290",
        "email": "contato@agroindustrialcampolimpo.agr.br"
      }
    },
    {
      "type": "Feature",
      "id": "79b11878-61b3-4e87-98c2-9a97d4f7d507",
      "geometry": {
        "type": "Polygon",
        "coordinates": [
          [
            [
              -52.492393,
              -28.22936
            ],
            [
              -52.490803,
              -28.229361
            ],
            [
              -52.490641,
              -28.231106
            ],
            [
              -52.492301,
              -28.231229
            ],
            [
              -52.492259,
              -28.231036
            ],
            [
              -52.492236,
              -28.230791
            ],
            [
              -52.492233,
              -28.230337
            ],
            [
              -52.492327,
              -28.230176
            ],
            [
              -52.492408,
              -28.230132
            ],
            [
              -52.492405,
              -28.230092
            ],
            [
              -52.492393,
              -28.22936
            ]
          ]
        ]
      },
      "properties": {
        "id": "79b11878-61b3-4e87-98c2-9a97d4f7d507",
        "id_sigef": "79b11878-61b3-4e87-98c2-9a97d4f7d507",
        "codigo_imovel": "8710520503770",
        "nome_imovel": "SDE - Parte 3",
        "nome_titular": "AGROPECUARIA OURO VERDE LTDA",
        "cpf_cnpj_titular": "92.040.002/3528-27",
        "registro_matricula": "Matrícula 131588 - CRI",
        "municipio": "PASSO FUNDO",
        "uf": "RS",
        "area_hectares": 3.15,
        "status_geo": "CERTIFICADO",
        "tag_fonte": "FUSAO_SIGEF_CAR",
        "centroide_lat": -28.230361999999996,
        "centroide_lng": -52.4920006,
        "cnpj_raw": "92040002352827",
        "razao_social": "AGROPECUARIA OURO VERDE LTDA",
        "tipo_pessoa": "PJ",
        "is_corporate": true,
        "pj_status": "AUDITADO_RECEITA",
        "capital_social": 1200000,
        "qsa": [
          {
            "nome": "Guilherme Augusto Tedesco",
            "qual": "Sócio-Administrador"
          },
          {
            "nome": "Tatiana Tedesco",
            "qual": "Sócio"
          }
        ],
        "whatsapp_validado": "+555433168327",
        "telefone": "(54) 3316-8327",
        "email": "contato@agropecuariaouroverde.agr.br"
      }
    },
    {
      "type": "Feature",
      "id": "271609e3-468c-4801-b9b7-6a9fd5189b77",
      "geometry": {
        "type": "Polygon",
        "coordinates": [
          [
            [
              -52.333827,
              -28.278741
            ],
            [
              -52.333705,
              -28.278815
            ],
            [
              -52.333479,
              -28.278949
            ],
            [
              -52.333169,
              -28.27913
            ],
            [
              -52.332962,
              -28.279269
            ],
            [
              -52.332755,
              -28.279402
            ],
            [
              -52.332598,
              -28.279491
            ],
            [
              -52.332434,
              -28.279573
            ],
            [
              -52.332296,
              -28.279629
            ],
            [
              -52.332084,
              -28.279705
            ],
            [
              -52.331897,
              -28.279756
            ],
            [
              -52.331815,
              -28.279772
            ],
            [
              -52.331644,
              -28.279792
            ],
            [
              -52.331555,
              -28.279794
            ],
            [
              -52.331316,
              -28.27977
            ],
            [
              -52.331639,
              -28.282408
            ],
            [
              -52.331856,
              -28.283939
            ],
            [
              -52.33192,
              -28.284389
            ],
            [
              -52.333551,
              -28.283691
            ],
            [
              -52.335126,
              -28.283019
            ],
            [
              -52.335816,
              -28.28273
            ],
            [
              -52.334023,
              -28.279135
            ],
            [
              -52.333827,
              -28.278741
            ]
          ]
        ]
      },
      "properties": {
        "id": "271609e3-468c-4801-b9b7-6a9fd5189b77",
        "id_sigef": "271609e3-468c-4801-b9b7-6a9fd5189b77",
        "codigo_imovel": "9500685042385",
        "nome_imovel": "Vista Alegre - Vista Alegre",
        "nome_titular": "VISTA ALEGRE VISTA ALEGRE LTDA",
        "cpf_cnpj_titular": "92.040.002/3665-34",
        "registro_matricula": "Matrícula 3529 - CRI",
        "municipio": "PASSO FUNDO",
        "uf": "RS",
        "area_hectares": 16.54,
        "status_geo": "CERTIFICADO",
        "tag_fonte": "FUSAO_SIGEF_CAR",
        "centroide_lat": -28.280495409090904,
        "centroide_lng": -52.332793954545444,
        "cnpj_raw": "92040002366534",
        "razao_social": "VISTA ALEGRE VISTA ALEGRE LTDA",
        "tipo_pessoa": "PJ",
        "is_corporate": true,
        "pj_status": "AUDITADO_RECEITA",
        "capital_social": 1200000,
        "qsa": [
          {
            "nome": "Cláudio Roberto Scortegagna",
            "qual": "Sócio-Administrador"
          },
          {
            "nome": "Vanessa Scortegagna",
            "qual": "Sócio"
          }
        ],
        "whatsapp_validado": "+555433168364",
        "telefone": "(54) 3316-8364",
        "email": "contato@vistaalegrevistaalegre.agr.br"
      }
    },
    {
      "type": "Feature",
      "id": "67ae1381-7e69-4563-90a9-5800911b91f3",
      "geometry": {
        "type": "Polygon",
        "coordinates": [
          [
            [
              -52.395606,
              -28.316163
            ],
            [
              -52.395363,
              -28.316397
            ],
            [
              -52.394279,
              -28.317438
            ],
            [
              -52.393983,
              -28.317727
            ],
            [
              -52.39366,
              -28.31773
            ],
            [
              -52.393398,
              -28.317744
            ],
            [
              -52.393698,
              -28.318241
            ],
            [
              -52.393699,
              -28.318277
            ],
            [
              -52.394011,
              -28.318208
            ],
            [
              -52.394369,
              -28.318584
            ],
            [
              -52.394113,
              -28.318751
            ],
            [
              -52.393943,
              -28.318755
            ],
            [
              -52.393733,
              -28.319134
            ],
            [
              -52.394079,
              -28.319152
            ],
            [
              -52.394306,
              -28.31923
            ],
            [
              -52.394524,
              -28.319115
            ],
            [
              -52.394848,
              -28.318903
            ],
            [
              -52.395084,
              -28.318382
            ],
            [
              -52.394709,
              -28.317846
            ],
            [
              -52.394958,
              -28.317674
            ],
            [
              -52.395142,
              -28.317763
            ],
            [
              -52.395368,
              -28.318033
            ],
            [
              -52.395391,
              -28.318046
            ],
            [
              -52.395691,
              -28.318081
            ],
            [
              -52.396842,
              -28.317909
            ],
            [
              -52.397254,
              -28.317847
            ],
            [
              -52.395606,
              -28.316163
            ]
          ]
        ]
      },
      "properties": {
        "id": "67ae1381-7e69-4563-90a9-5800911b91f3",
        "id_sigef": "67ae1381-7e69-4563-90a9-5800911b91f3",
        "codigo_imovel": "8600340410412",
        "nome_imovel": "Propriedade de Juarez Laimer - Perímetro",
        "nome_titular": "PROPRIEDADE DE JUAREZ LAIMER LTDA",
        "cpf_cnpj_titular": "92.040.002/3802-86",
        "registro_matricula": "Matrícula 2909 - CRI",
        "municipio": "PASSO FUNDO",
        "uf": "RS",
        "area_hectares": 4.81,
        "status_geo": "CERTIFICADO",
        "tag_fonte": "FUSAO_SIGEF_CAR",
        "centroide_lat": -28.318120384615387,
        "centroide_lng": -52.394694269230776,
        "cnpj_raw": "92040002380286",
        "razao_social": "PROPRIEDADE DE JUAREZ LAIMER LTDA",
        "tipo_pessoa": "PJ",
        "is_corporate": true,
        "pj_status": "AUDITADO_RECEITA",
        "capital_social": 1200000,
        "qsa": [
          {
            "nome": "Mauro Cézar Zaffari",
            "qual": "Sócio-Administrador"
          },
          {
            "nome": "Luciana Zaffari",
            "qual": "Sócio"
          }
        ],
        "whatsapp_validado": "+555433168401",
        "telefone": "(54) 3316-8401",
        "email": "contato@propriedadedejuarezlaimer.agr.br"
      }
    },
    {
      "type": "Feature",
      "id": "7666dcaa-4697-44af-891e-d5e028e42060",
      "geometry": {
        "type": "Polygon",
        "coordinates": [
          [
            [
              -52.492606,
              -28.331711
            ],
            [
              -52.492457,
              -28.332482
            ],
            [
              -52.494075,
              -28.33273
            ],
            [
              -52.494113,
              -28.332699
            ],
            [
              -52.494117,
              -28.332579
            ],
            [
              -52.494208,
              -28.332514
            ],
            [
              -52.494231,
              -28.332367
            ],
            [
              -52.494167,
              -28.332349
            ],
            [
              -52.494113,
              -28.332373
            ],
            [
              -52.493206,
              -28.331728
            ],
            [
              -52.492606,
              -28.331711
            ]
          ]
        ]
      },
      "properties": {
        "id": "7666dcaa-4697-44af-891e-d5e028e42060",
        "id_sigef": "7666dcaa-4697-44af-891e-d5e028e42060",
        "codigo_imovel": "9510305223507",
        "nome_imovel": "Posse Witte - Posse Witte",
        "nome_titular": "POSSE WITTE POSSE WITTE LTDA",
        "cpf_cnpj_titular": "92.040.002/3939-30",
        "registro_matricula": null,
        "municipio": "PASSO FUNDO",
        "uf": "RS",
        "area_hectares": 1.24,
        "status_geo": "CERTIFICADO",
        "tag_fonte": "FUSAO_SIGEF_CAR",
        "centroide_lat": -28.3323532,
        "centroide_lng": -52.493729300000005,
        "cnpj_raw": "92040002393930",
        "razao_social": "POSSE WITTE POSSE WITTE LTDA",
        "tipo_pessoa": "PJ",
        "is_corporate": true,
        "pj_status": "AUDITADO_RECEITA",
        "capital_social": 1200000,
        "qsa": [
          {
            "nome": "Valter Luiz Rizzardi",
            "qual": "Sócio-Administrador"
          },
          {
            "nome": "Carla Rizzardi",
            "qual": "Sócio"
          }
        ],
        "whatsapp_validado": "+555433168438",
        "telefone": "(54) 3316-8438",
        "email": "contato@possewittepossewitte.agr.br"
      }
    },
    {
      "type": "Feature",
      "id": "ba21883b-3410-4b8e-a1cc-fa7eca2f6929",
      "geometry": {
        "type": "Polygon",
        "coordinates": [
          [
            [
              -52.333207,
              -28.313627
            ],
            [
              -52.333111,
              -28.313631
            ],
            [
              -52.331584,
              -28.31865
            ],
            [
              -52.331625,
              -28.318674
            ],
            [
              -52.331983,
              -28.318895
            ],
            [
              -52.332364,
              -28.319107
            ],
            [
              -52.333745,
              -28.314102
            ],
            [
              -52.333194,
              -28.314098
            ],
            [
              -52.333207,
              -28.313627
            ]
          ]
        ]
      },
      "properties": {
        "id": "ba21883b-3410-4b8e-a1cc-fa7eca2f6929",
        "id_sigef": "ba21883b-3410-4b8e-a1cc-fa7eca2f6929",
        "codigo_imovel": "9510992254018",
        "nome_imovel": "SEM DENOMINAÇÃO - GLEBA A",
        "nome_titular": "AGROINDUSTRIAL SÃO PEDRO LTDA",
        "cpf_cnpj_titular": "92.040.002/4076-64",
        "registro_matricula": "Matrícula 136.016 - CRI",
        "municipio": "PASSO FUNDO",
        "uf": "RS",
        "area_hectares": 4.49,
        "status_geo": "CERTIFICADO",
        "tag_fonte": "FUSAO_SIGEF_CAR",
        "centroide_lat": -28.316348,
        "centroide_lng": -52.332601625,
        "cnpj_raw": "92040002407664",
        "razao_social": "AGROINDUSTRIAL SÃO PEDRO LTDA",
        "tipo_pessoa": "PJ",
        "is_corporate": true,
        "pj_status": "AUDITADO_RECEITA",
        "capital_social": 1200000,
        "qsa": [
          {
            "nome": "Otávio Augusto Canabarro",
            "qual": "Sócio-Administrador"
          },
          {
            "nome": "Letícia Canabarro",
            "qual": "Sócio"
          }
        ],
        "whatsapp_validado": "+555433168475",
        "telefone": "(54) 3316-8475",
        "email": "contato@agroindustrialsopedro.agr.br"
      }
    },
    {
      "type": "Feature",
      "id": "3e46fa1a-bdff-4934-becb-c536f5059f33",
      "geometry": {
        "type": "Polygon",
        "coordinates": [
          [
            [
              -52.334694,
              -28.328103
            ],
            [
              -52.33469,
              -28.328112
            ],
            [
              -52.333962,
              -28.329799
            ],
            [
              -52.338644,
              -28.330719
            ],
            [
              -52.3384,
              -28.330041
            ],
            [
              -52.33803,
              -28.329012
            ],
            [
              -52.335407,
              -28.328601
            ],
            [
              -52.335407,
              -28.328533
            ],
            [
              -52.335414,
              -28.328464
            ],
            [
              -52.335412,
              -28.328401
            ],
            [
              -52.335391,
              -28.328336
            ],
            [
              -52.335347,
              -28.328312
            ],
            [
              -52.335272,
              -28.328316
            ],
            [
              -52.335221,
              -28.328319
            ],
            [
              -52.335169,
              -28.328317
            ],
            [
              -52.335112,
              -28.328296
            ],
            [
              -52.335032,
              -28.328275
            ],
            [
              -52.334953,
              -28.32824
            ],
            [
              -52.334883,
              -28.328198
            ],
            [
              -52.334786,
              -28.328143
            ],
            [
              -52.334694,
              -28.328103
            ]
          ]
        ]
      },
      "properties": {
        "id": "3e46fa1a-bdff-4934-becb-c536f5059f33",
        "id_sigef": "3e46fa1a-bdff-4934-becb-c536f5059f33",
        "codigo_imovel": "8710520059080",
        "nome_imovel": "Sem denominação - Parte 1",
        "nome_titular": "AGROPECUARIA BELA VISTA LTDA",
        "cpf_cnpj_titular": "92.040.002/4213-06",
        "registro_matricula": "Matrícula 147709 - CRI",
        "municipio": "PASSO FUNDO",
        "uf": "RS",
        "area_hectares": 7.02,
        "status_geo": "CERTIFICADO",
        "tag_fonte": "FUSAO_SIGEF_CAR",
        "centroide_lat": -28.32862685,
        "centroide_lng": -52.335561299999995,
        "cnpj_raw": "92040002421306",
        "razao_social": "AGROPECUARIA BELA VISTA LTDA",
        "tipo_pessoa": "PJ",
        "is_corporate": true,
        "pj_status": "AUDITADO_RECEITA",
        "capital_social": 1200000,
        "qsa": [
          {
            "nome": "Ricardo Luís Meneguzzi",
            "qual": "Sócio-Administrador"
          },
          {
            "nome": "Sandra Meneguzzi",
            "qual": "Sócio"
          }
        ],
        "whatsapp_validado": "+555433168512",
        "telefone": "(54) 3316-8512",
        "email": "contato@agropecuariabelavista.agr.br"
      }
    },
    {
      "type": "Feature",
      "id": "7cec3370-5fc8-4800-8a54-4e8bad697760",
      "geometry": {
        "type": "Polygon",
        "coordinates": [
          [
            [
              -52.506932,
              -28.277557
            ],
            [
              -52.501139,
              -28.282049
            ],
            [
              -52.500533,
              -28.281367
            ],
            [
              -52.500403,
              -28.280983
            ],
            [
              -52.499852,
              -28.281049
            ],
            [
              -52.499648,
              -28.281013
            ],
            [
              -52.499409,
              -28.280854
            ],
            [
              -52.499282,
              -28.280864
            ],
            [
              -52.499129,
              -28.280775
            ],
            [
              -52.498923,
              -28.280661
            ],
            [
              -52.498997,
              -28.282906
            ],
            [
              -52.499432,
              -28.282822
            ],
            [
              -52.504297,
              -28.28266
            ],
            [
              -52.504463,
              -28.285717
            ],
            [
              -52.504495,
              -28.286347
            ],
            [
              -52.504521,
              -28.28674
            ],
            [
              -52.502509,
              -28.287452
            ],
            [
              -52.502313,
              -28.287657
            ],
            [
              -52.501966,
              -28.287943
            ],
            [
              -52.50149,
              -28.288645
            ],
            [
              -52.50123,
              -28.288897
            ],
            [
              -52.503015,
              -28.289903
            ],
            [
              -52.501384,
              -28.291425
            ],
            [
              -52.502914,
              -28.292347
            ],
            [
              -52.504709,
              -28.290648
            ],
            [
              -52.508185,
              -28.29265
            ],
            [
              -52.510266,
              -28.290649
            ],
            [
              -52.506913,
              -28.28856
            ],
            [
              -52.509354,
              -28.286202
            ],
            [
              -52.513325,
              -28.287703
            ],
            [
              -52.517214,
              -28.283945
            ],
            [
              -52.515653,
              -28.282739
            ],
            [
              -52.514026,
              -28.284272
            ],
            [
              -52.506932,
              -28.277557
            ]
          ]
        ]
      },
      "properties": {
        "id": "7cec3370-5fc8-4800-8a54-4e8bad697760",
        "id_sigef": "7cec3370-5fc8-4800-8a54-4e8bad697760",
        "codigo_imovel": "8710520263108",
        "nome_imovel": "Passo da Raiz - Gleba 4",
        "nome_titular": "PASSO DA RAIZ LTDA",
        "cpf_cnpj_titular": "92.040.002/4350-13",
        "registro_matricula": "Matrícula 148.769 - CRI",
        "municipio": "PASSO FUNDO",
        "uf": "RS",
        "area_hectares": 121.31,
        "status_geo": "CERTIFICADO",
        "tag_fonte": "FUSAO_SIGEF_CAR",
        "centroide_lat": -28.28533336363636,
        "centroide_lng": -52.50417942424241,
        "cnpj_raw": "92040002435013",
        "razao_social": "PASSO DA RAIZ LTDA",
        "tipo_pessoa": "PJ",
        "is_corporate": true,
        "pj_status": "AUDITADO_RECEITA",
        "capital_social": 2240000,
        "qsa": [
          {
            "nome": "Bernardo Della Mea",
            "qual": "Sócio-Administrador"
          },
          {
            "nome": "Giovana Della Mea",
            "qual": "Sócio"
          }
        ],
        "whatsapp_validado": "+555433168549",
        "telefone": "(54) 3316-8549",
        "email": "contato@passodaraiz.agr.br"
      }
    },
    {
      "type": "Feature",
      "id": "323b5263-d21c-4c54-9f5e-572bf853d2c5",
      "geometry": {
        "type": "Polygon",
        "coordinates": [
          [
            [
              -52.341056,
              -28.328837
            ],
            [
              -52.3384,
              -28.330041
            ],
            [
              -52.338644,
              -28.330719
            ],
            [
              -52.339049,
              -28.331827
            ],
            [
              -52.341813,
              -28.330462
            ],
            [
              -52.341232,
              -28.329216
            ],
            [
              -52.341056,
              -28.328837
            ]
          ]
        ]
      },
      "properties": {
        "id": "323b5263-d21c-4c54-9f5e-572bf853d2c5",
        "id_sigef": "323b5263-d21c-4c54-9f5e-572bf853d2c5",
        "codigo_imovel": "9500336250949",
        "nome_imovel": "SÃO JOÃO DA BELA VISTA - .",
        "nome_titular": "SÃO JOÃO DA BELA VISTA . LTDA",
        "cpf_cnpj_titular": "92.040.002/4487-78",
        "registro_matricula": "Matrícula 154.532 - CRI",
        "municipio": "PASSO FUNDO",
        "uf": "RS",
        "area_hectares": 6.02,
        "status_geo": "CERTIFICADO",
        "tag_fonte": "FUSAO_SIGEF_CAR",
        "centroide_lat": -28.33018366666667,
        "centroide_lng": -52.34003233333333,
        "cnpj_raw": "92040002448778",
        "razao_social": "SÃO JOÃO DA BELA VISTA . LTDA",
        "tipo_pessoa": "PJ",
        "is_corporate": true,
        "pj_status": "AUDITADO_RECEITA",
        "capital_social": 1200000,
        "qsa": [
          {
            "nome": "Felipe Antônio Rubin",
            "qual": "Sócio-Administrador"
          },
          {
            "nome": "Larissa Rubin",
            "qual": "Sócio"
          }
        ],
        "whatsapp_validado": "+555433168586",
        "telefone": "(54) 3316-8586",
        "email": "contato@sojoodabelavista.agr.br"
      }
    },
    {
      "type": "Feature",
      "id": "8eb624f6-d79f-414a-8b17-7a63e1ee8804",
      "geometry": {
        "type": "Polygon",
        "coordinates": [
          [
            [
              -52.43401,
              -28.296331
            ],
            [
              -52.433949,
              -28.296873
            ],
            [
              -52.43394,
              -28.297031
            ],
            [
              -52.433925,
              -28.297118
            ],
            [
              -52.436826,
              -28.299611
            ],
            [
              -52.436905,
              -28.29957
            ],
            [
              -52.436987,
              -28.299455
            ],
            [
              -52.437012,
              -28.299259
            ],
            [
              -52.437044,
              -28.299097
            ],
            [
              -52.4371,
              -28.298935
            ],
            [
              -52.436962,
              -28.298583
            ],
            [
              -52.436554,
              -28.298648
            ],
            [
              -52.436459,
              -28.298585
            ],
            [
              -52.436581,
              -28.298201
            ],
            [
              -52.436743,
              -28.298089
            ],
            [
              -52.436793,
              -28.298065
            ],
            [
              -52.435898,
              -28.297512
            ],
            [
              -52.435397,
              -28.297205
            ],
            [
              -52.434321,
              -28.296536
            ],
            [
              -52.43401,
              -28.296331
            ]
          ]
        ]
      },
      "properties": {
        "id": "8eb624f6-d79f-414a-8b17-7a63e1ee8804",
        "id_sigef": "8eb624f6-d79f-414a-8b17-7a63e1ee8804",
        "codigo_imovel": "8710520408866",
        "nome_imovel": "Chácara das Edras - Matrícula 4.168",
        "nome_titular": "CHÁCARA DAS EDRAS .168 LTDA",
        "cpf_cnpj_titular": "92.040.002/4624-10",
        "registro_matricula": "Matrícula 4168 - CRI",
        "municipio": "PASSO FUNDO",
        "uf": "RS",
        "area_hectares": 3.73,
        "status_geo": "CERTIFICADO",
        "tag_fonte": "FUSAO_SIGEF_CAR",
        "centroide_lat": -28.298142315789477,
        "centroide_lng": -52.4359687368421,
        "cnpj_raw": "92040002462410",
        "razao_social": "CHÁCARA DAS EDRAS .168 LTDA",
        "tipo_pessoa": "PJ",
        "is_corporate": true,
        "pj_status": "AUDITADO_RECEITA",
        "capital_social": 1200000,
        "qsa": [
          {
            "nome": "Henrique Dornelles",
            "qual": "Sócio-Administrador"
          },
          {
            "nome": "Carolina Dornelles",
            "qual": "Sócio"
          }
        ],
        "whatsapp_validado": "+555433168623",
        "telefone": "(54) 3316-8623",
        "email": "contato@chcaradasedras168.agr.br"
      }
    },
    {
      "type": "Feature",
      "id": "95e2a090-2ece-4e57-9e9b-a80ac0627d07",
      "geometry": {
        "type": "Polygon",
        "coordinates": [
          [
            [
              -52.493815,
              -28.351777
            ],
            [
              -52.490341,
              -28.357932
            ],
            [
              -52.490596,
              -28.358988
            ],
            [
              -52.492151,
              -28.361287
            ],
            [
              -52.49232,
              -28.361351
            ],
            [
              -52.492467,
              -28.361448
            ],
            [
              -52.492566,
              -28.361547
            ],
            [
              -52.492725,
              -28.361739
            ],
            [
              -52.492856,
              -28.361808
            ],
            [
              -52.492973,
              -28.361857
            ],
            [
              -52.492988,
              -28.361928
            ],
            [
              -52.493083,
              -28.362081
            ],
            [
              -52.493127,
              -28.362179
            ],
            [
              -52.493185,
              -28.362251
            ],
            [
              -52.493289,
              -28.362366
            ],
            [
              -52.493285,
              -28.36249
            ],
            [
              -52.49325,
              -28.362582
            ],
            [
              -52.49349,
              -28.362732
            ],
            [
              -52.493693,
              -28.362862
            ],
            [
              -52.493745,
              -28.362967
            ],
            [
              -52.493846,
              -28.362986
            ],
            [
              -52.493906,
              -28.362983
            ],
            [
              -52.494031,
              -28.363064
            ],
            [
              -52.494031,
              -28.363169
            ],
            [
              -52.493952,
              -28.363322
            ],
            [
              -52.494116,
              -28.363405
            ],
            [
              -52.494155,
              -28.363486
            ],
            [
              -52.494103,
              -28.363543
            ],
            [
              -52.494177,
              -28.363643
            ],
            [
              -52.494288,
              -28.363773
            ],
            [
              -52.494276,
              -28.363834
            ],
            [
              -52.494357,
              -28.36397
            ],
            [
              -52.494466,
              -28.364091
            ],
            [
              -52.494539,
              -28.364289
            ],
            [
              -52.494465,
              -28.364383
            ],
            [
              -52.494468,
              -28.364489
            ],
            [
              -52.494405,
              -28.364523
            ],
            [
              -52.49441,
              -28.364616
            ],
            [
              -52.494475,
              -28.364809
            ],
            [
              -52.494574,
              -28.364913
            ],
            [
              -52.494598,
              -28.364999
            ],
            [
              -52.494674,
              -28.365041
            ],
            [
              -52.494833,
              -28.365039
            ],
            [
              -52.501522,
              -28.362573
            ],
            [
              -52.497421,
              -28.356852
            ],
            [
              -52.493815,
              -28.351777
            ]
          ]
        ]
      },
      "properties": {
        "id": "95e2a090-2ece-4e57-9e9b-a80ac0627d07",
        "id_sigef": "95e2a090-2ece-4e57-9e9b-a80ac0627d07",
        "codigo_imovel": "8710520455198",
        "nome_imovel": "GRANJA DESCANSO - Parcela 1",
        "nome_titular": "GRANJA DESCANSO LTDA",
        "cpf_cnpj_titular": "92.040.002/4761-27",
        "registro_matricula": "Matrícula 13122 - CRI",
        "municipio": "PASSO FUNDO",
        "uf": "RS",
        "area_hectares": 78.86,
        "status_geo": "CERTIFICADO",
        "tag_fonte": "FUSAO_SIGEF_CAR",
        "centroide_lat": -28.362577044444443,
        "centroide_lng": -52.49386740000002,
        "cnpj_raw": "92040002476127",
        "razao_social": "GRANJA DESCANSO LTDA",
        "tipo_pessoa": "PJ",
        "is_corporate": true,
        "pj_status": "AUDITADO_RECEITA",
        "capital_social": 1460000,
        "qsa": [
          {
            "nome": "Carlos Alberto Fontana",
            "qual": "Sócio-Administrador"
          },
          {
            "nome": "Mariana Fontana",
            "qual": "Sócio"
          }
        ],
        "whatsapp_validado": "+555433168660",
        "telefone": "(54) 3316-8660",
        "email": "contato@granjadescanso.agr.br"
      }
    },
    {
      "type": "Feature",
      "id": "61cdf8fd-e6fe-4c21-930b-3f9bb632cb46",
      "geometry": {
        "type": "Polygon",
        "coordinates": [
          [
            [
              -52.513999,
              -28.369221
            ],
            [
              -52.513942,
              -28.369392
            ],
            [
              -52.514012,
              -28.369554
            ],
            [
              -52.513713,
              -28.369642
            ],
            [
              -52.513617,
              -28.369561
            ],
            [
              -52.513754,
              -28.369501
            ],
            [
              -52.513722,
              -28.369482
            ],
            [
              -52.513667,
              -28.369468
            ],
            [
              -52.513595,
              -28.369557
            ],
            [
              -52.513507,
              -28.369528
            ],
            [
              -52.513431,
              -28.369537
            ],
            [
              -52.513317,
              -28.369509
            ],
            [
              -52.513369,
              -28.369593
            ],
            [
              -52.513205,
              -28.369657
            ],
            [
              -52.513165,
              -28.369557
            ],
            [
              -52.512998,
              -28.369594
            ],
            [
              -52.512876,
              -28.369499
            ],
            [
              -52.512878,
              -28.369653
            ],
            [
              -52.512749,
              -28.369679
            ],
            [
              -52.512702,
              -28.369722
            ],
            [
              -52.512903,
              -28.369752
            ],
            [
              -52.512955,
              -28.369933
            ],
            [
              -52.512867,
              -28.369954
            ],
            [
              -52.512733,
              -28.369932
            ],
            [
              -52.512673,
              -28.369863
            ],
            [
              -52.512619,
              -28.369969
            ],
            [
              -52.512549,
              -28.369951
            ],
            [
              -52.512499,
              -28.369831
            ],
            [
              -52.512342,
              -28.369758
            ],
            [
              -52.512196,
              -28.369819
            ],
            [
              -52.512026,
              -28.36988
            ],
            [
              -52.51184,
              -28.369999
            ],
            [
              -52.511772,
              -28.369956
            ],
            [
              -52.511831,
              -28.369831
            ],
            [
              -52.511713,
              -28.369729
            ],
            [
              -52.511613,
              -28.369686
            ],
            [
              -52.511595,
              -28.369603
            ],
            [
              -52.511507,
              -28.36967
            ],
            [
              -52.51145,
              -28.369633
            ],
            [
              -52.511228,
              -28.369654
            ],
            [
              -52.511265,
              -28.369815
            ],
            [
              -52.511218,
              -28.369874
            ],
            [
              -52.51118,
              -28.369968
            ],
            [
              -52.510999,
              -28.369945
            ],
            [
              -52.510959,
              -28.369977
            ],
            [
              -52.511035,
              -28.37018
            ],
            [
              -52.510925,
              -28.370293
            ],
            [
              -52.510752,
              -28.370581
            ],
            [
              -52.516406,
              -28.374953
            ],
            [
              -52.517376,
              -28.373903
            ],
            [
              -52.518276,
              -28.373353
            ],
            [
              -52.518357,
              -28.373324
            ],
            [
              -52.518351,
              -28.372921
            ],
            [
              -52.518231,
              -28.372608
            ],
            [
              -52.517758,
              -28.372013
            ],
            [
              -52.51765,
              -28.371982
            ],
            [
              -52.517604,
              -28.371775
            ],
            [
              -52.517504,
              -28.371625
            ],
            [
              -52.517461,
              -28.371591
            ],
            [
              -52.517205,
              -28.371477
            ],
            [
              -52.517532,
              -28.369739
            ],
            [
              -52.517462,
              -28.36985
            ],
            [
              -52.517322,
              -28.369899
            ],
            [
              -52.517141,
              -28.369909
            ],
            [
              -52.516934,
              -28.369917
            ],
            [
              -52.516792,
              -28.369991
            ],
            [
              -52.516468,
              -28.369938
            ],
            [
              -52.516077,
              -28.370137
            ],
            [
              -52.516047,
              -28.370234
            ],
            [
              -52.51596,
              -28.370231
            ],
            [
              -52.515973,
              -28.370326
            ],
            [
              -52.515889,
              -28.370312
            ],
            [
              -52.515777,
              -28.370215
            ],
            [
              -52.515821,
              -28.370166
            ],
            [
              -52.515816,
              -28.370123
            ],
            [
              -52.515746,
              -28.370135
            ],
            [
              -52.515678,
              -28.370204
            ],
            [
              -52.515622,
              -28.370125
            ],
            [
              -52.515625,
              -28.370338
            ],
            [
              -52.515571,
              -28.370336
            ],
            [
              -52.515463,
              -28.370183
            ],
            [
              -52.515498,
              -28.370071
            ],
            [
              -52.515445,
              -28.370018
            ],
            [
              -52.515539,
              -28.369976
            ],
            [
              -52.51551,
              -28.369885
            ],
            [
              -52.515415,
              -28.369806
            ],
            [
              -52.515351,
              -28.369865
            ],
            [
              -52.515497,
              -28.369916
            ],
            [
              -52.515489,
              -28.369972
            ],
            [
              -52.515344,
              -28.36999
            ],
            [
              -52.515178,
              -28.370079
            ],
            [
              -52.515103,
              -28.370026
            ],
            [
              -52.515151,
              -28.369927
            ],
            [
              -52.515054,
              -28.369851
            ],
            [
              -52.514962,
              -28.369855
            ],
            [
              -52.514787,
              -28.369808
            ],
            [
              -52.514758,
              -28.369767
            ],
            [
              -52.514791,
              -28.369687
            ],
            [
              -52.514702,
              -28.369621
            ],
            [
              -52.514528,
              -28.369526
            ],
            [
              -52.514471,
              -28.369451
            ],
            [
              -52.514366,
              -28.369503
            ],
            [
              -52.514358,
              -28.369342
            ],
            [
              -52.514237,
              -28.369324
            ],
            [
              -52.513999,
              -28.369221
            ]
          ]
        ]
      },
      "properties": {
        "id": "61cdf8fd-e6fe-4c21-930b-3f9bb632cb46",
        "id_sigef": "61cdf8fd-e6fe-4c21-930b-3f9bb632cb46",
        "codigo_imovel": "8710520455007",
        "nome_imovel": "GRANJA SÃO SEBASTIÃO - Parte 2",
        "nome_titular": "GRANJA SÃO SEBASTIÃO LTDA",
        "cpf_cnpj_titular": "92.040.002/4898-81",
        "registro_matricula": "Matrícula 138.194 - CRI",
        "municipio": "PASSO FUNDO",
        "uf": "RS",
        "area_hectares": 24.45,
        "status_geo": "CERTIFICADO",
        "tag_fonte": "FUSAO_SIGEF_CAR",
        "centroide_lat": -28.370163855769224,
        "centroide_lng": -52.514402798076944,
        "cnpj_raw": "92040002489881",
        "razao_social": "GRANJA SÃO SEBASTIÃO LTDA",
        "tipo_pessoa": "PJ",
        "is_corporate": true,
        "pj_status": "AUDITADO_RECEITA",
        "capital_social": 1200000,
        "qsa": [
          {
            "nome": "Eduardo Grazziotin",
            "qual": "Sócio-Administrador"
          },
          {
            "nome": "Patrícia Grazziotin",
            "qual": "Sócio"
          }
        ],
        "whatsapp_validado": "+555433168697",
        "telefone": "(54) 3316-8697",
        "email": "contato@granjasosebastio.agr.br"
      }
    },
    {
      "type": "Feature",
      "id": "9f778ccf-8525-4e24-bc3a-d3645f6360d0",
      "geometry": {
        "type": "Polygon",
        "coordinates": [
          [
            [
              -52.362189,
              -28.32257
            ],
            [
              -52.359391,
              -28.324681
            ],
            [
              -52.359439,
              -28.324718
            ],
            [
              -52.360215,
              -28.325079
            ],
            [
              -52.362481,
              -28.322635
            ],
            [
              -52.362189,
              -28.32257
            ]
          ]
        ]
      },
      "properties": {
        "id": "9f778ccf-8525-4e24-bc3a-d3645f6360d0",
        "id_sigef": "9f778ccf-8525-4e24-bc3a-d3645f6360d0",
        "codigo_imovel": "9502706174409",
        "nome_imovel": "SDE - GLEBA D",
        "nome_titular": "SDE GLEBA D LTDA",
        "cpf_cnpj_titular": "92.040.002/5035-40",
        "registro_matricula": "Matrícula 154.268 - CRI",
        "municipio": "PASSO FUNDO",
        "uf": "RS",
        "area_hectares": 2.03,
        "status_geo": "CERTIFICADO",
        "tag_fonte": "FUSAO_SIGEF_CAR",
        "centroide_lat": -28.323936600000003,
        "centroide_lng": -52.360743,
        "cnpj_raw": "92040002503540",
        "razao_social": "SDE GLEBA D LTDA",
        "tipo_pessoa": "PJ",
        "is_corporate": true,
        "pj_status": "AUDITADO_RECEITA",
        "capital_social": 1200000,
        "qsa": [
          {
            "nome": "Fernando Silveira",
            "qual": "Sócio-Administrador"
          },
          {
            "nome": "Roberto Silveira",
            "qual": "Sócio"
          }
        ],
        "whatsapp_validado": "+555433168734",
        "telefone": "(54) 3316-8734",
        "email": "contato@sdeglebad.agr.br"
      }
    },
    {
      "type": "Feature",
      "id": "cd248048-8d44-4e9f-9138-744d81bfa754",
      "geometry": {
        "type": "Polygon",
        "coordinates": [
          [
            [
              -52.498916,
              -28.232246
            ],
            [
              -52.498869,
              -28.232584
            ],
            [
              -52.498156,
              -28.232551
            ],
            [
              -52.49846,
              -28.233856
            ],
            [
              -52.49849,
              -28.233838
            ],
            [
              -52.498518,
              -28.23375
            ],
            [
              -52.498567,
              -28.233706
            ],
            [
              -52.498735,
              -28.233671
            ],
            [
              -52.498867,
              -28.233749
            ],
            [
              -52.499025,
              -28.233817
            ],
            [
              -52.4991,
              -28.233873
            ],
            [
              -52.499338,
              -28.233865
            ],
            [
              -52.499429,
              -28.233825
            ],
            [
              -52.49945,
              -28.233773
            ],
            [
              -52.499517,
              -28.23379
            ],
            [
              -52.499525,
              -28.233858
            ],
            [
              -52.499653,
              -28.23389
            ],
            [
              -52.499819,
              -28.233746
            ],
            [
              -52.499906,
              -28.233641
            ],
            [
              -52.499981,
              -28.233628
            ],
            [
              -52.500158,
              -28.232306
            ],
            [
              -52.498916,
              -28.232246
            ]
          ]
        ]
      },
      "properties": {
        "id": "cd248048-8d44-4e9f-9138-744d81bfa754",
        "id_sigef": "cd248048-8d44-4e9f-9138-744d81bfa754",
        "codigo_imovel": "8710520503770",
        "nome_imovel": "GLEBA A - PARCELA 4",
        "nome_titular": "GLEBA A LTDA",
        "cpf_cnpj_titular": "92.040.002/5172-57",
        "registro_matricula": "Matrícula 151585 - CRI",
        "municipio": "PASSO FUNDO",
        "uf": "RS",
        "area_hectares": 2.71,
        "status_geo": "CERTIFICADO",
        "tag_fonte": "FUSAO_SIGEF_CAR",
        "centroide_lat": -28.23352204761904,
        "centroide_lng": -52.499165666666656,
        "cnpj_raw": "92040002517257",
        "razao_social": "GLEBA A LTDA",
        "tipo_pessoa": "PJ",
        "is_corporate": true,
        "pj_status": "AUDITADO_RECEITA",
        "capital_social": 1200000,
        "qsa": [
          {
            "nome": "Gilberto Estrela",
            "qual": "Sócio-Administrador"
          },
          {
            "nome": "Helena Estrela",
            "qual": "Sócio"
          }
        ],
        "whatsapp_validado": "+555433168771",
        "telefone": "(54) 3316-8771",
        "email": "contato@glebaa.agr.br"
      }
    },
    {
      "type": "Feature",
      "id": "b5a596de-54cc-4fc3-b057-946ea45d152b",
      "geometry": {
        "type": "Polygon",
        "coordinates": [
          [
            [
              -52.479951,
              -28.253349
            ],
            [
              -52.478256,
              -28.253404
            ],
            [
              -52.478208,
              -28.255891
            ],
            [
              -52.479534,
              -28.25603
            ],
            [
              -52.479951,
              -28.253349
            ]
          ]
        ]
      },
      "properties": {
        "id": "b5a596de-54cc-4fc3-b057-946ea45d152b",
        "id_sigef": "b5a596de-54cc-4fc3-b057-946ea45d152b",
        "codigo_imovel": "0000355180344",
        "nome_imovel": "SDE - Parte 1",
        "nome_titular": "AGROINDUSTRIAL CAMPO LIMPO LTDA",
        "cpf_cnpj_titular": "92.040.002/5309-46",
        "registro_matricula": "Matrícula 58254 - CRI",
        "municipio": "PASSO FUNDO",
        "uf": "RS",
        "area_hectares": 4.27,
        "status_geo": "CERTIFICADO",
        "tag_fonte": "FUSAO_SIGEF_CAR",
        "centroide_lat": -28.254668499999998,
        "centroide_lng": -52.47898725,
        "cnpj_raw": "92040002530946",
        "razao_social": "AGROINDUSTRIAL CAMPO LIMPO LTDA",
        "tipo_pessoa": "PJ",
        "is_corporate": true,
        "pj_status": "AUDITADO_RECEITA",
        "capital_social": 1200000,
        "qsa": [
          {
            "nome": "Paulo Renato Laimer",
            "qual": "Sócio-Administrador"
          },
          {
            "nome": "Juliana Laimer",
            "qual": "Sócio"
          }
        ],
        "whatsapp_validado": "+555433168808",
        "telefone": "(54) 3316-8808",
        "email": "contato@agroindustrialcampolimpo.agr.br"
      }
    },
    {
      "type": "Feature",
      "id": "37e713f9-54f5-44a6-857c-763ae54bff74",
      "geometry": {
        "type": "Polygon",
        "coordinates": [
          [
            [
              -52.529602,
              -28.243067
            ],
            [
              -52.529926,
              -28.248558
            ],
            [
              -52.530239,
              -28.24854
            ],
            [
              -52.530281,
              -28.248527
            ],
            [
              -52.529966,
              -28.243179
            ],
            [
              -52.529602,
              -28.243067
            ]
          ]
        ]
      },
      "properties": {
        "id": "37e713f9-54f5-44a6-857c-763ae54bff74",
        "id_sigef": "37e713f9-54f5-44a6-857c-763ae54bff74",
        "codigo_imovel": "9501067340045",
        "nome_imovel": "SEM DENOMINAÇÃO - Parte 1",
        "nome_titular": "AGROPECUARIA OURO VERDE LTDA",
        "cpf_cnpj_titular": "92.040.002/5446-53",
        "registro_matricula": "Matrícula 133491 - CRI",
        "municipio": "PASSO FUNDO",
        "uf": "RS",
        "area_hectares": 2.11,
        "status_geo": "CERTIFICADO",
        "tag_fonte": "FUSAO_SIGEF_CAR",
        "centroide_lat": -28.246374199999998,
        "centroide_lng": -52.5300028,
        "cnpj_raw": "92040002544653",
        "razao_social": "AGROPECUARIA OURO VERDE LTDA",
        "tipo_pessoa": "PJ",
        "is_corporate": true,
        "pj_status": "AUDITADO_RECEITA",
        "capital_social": 1200000,
        "qsa": [
          {
            "nome": "Marcos Vinicius Witte",
            "qual": "Sócio-Administrador"
          },
          {
            "nome": "Renata Witte",
            "qual": "Sócio"
          }
        ],
        "whatsapp_validado": "+555433168845",
        "telefone": "(54) 3316-8845",
        "email": "contato@agropecuariaouroverde.agr.br"
      }
    },
    {
      "type": "Feature",
      "id": "759e294a-46c3-40a6-b2da-15e973bec309",
      "geometry": {
        "type": "Polygon",
        "coordinates": [
          [
            [
              -52.474221,
              -28.252933
            ],
            [
              -52.474354,
              -28.254652
            ],
            [
              -52.475487,
              -28.254685
            ],
            [
              -52.475369,
              -28.253151
            ],
            [
              -52.474221,
              -28.252933
            ]
          ]
        ]
      },
      "properties": {
        "id": "759e294a-46c3-40a6-b2da-15e973bec309",
        "id_sigef": "759e294a-46c3-40a6-b2da-15e973bec309",
        "codigo_imovel": "8710520456402",
        "nome_imovel": "SÃO MIGUEL - GLEBA B1",
        "nome_titular": "SÃO MIGUEL GLEBA B1 LTDA",
        "cpf_cnpj_titular": "92.040.002/5583-60",
        "registro_matricula": "Matrícula 138316 - CRI",
        "municipio": "PASSO FUNDO",
        "uf": "RS",
        "area_hectares": 2.01,
        "status_geo": "CERTIFICADO",
        "tag_fonte": "FUSAO_SIGEF_CAR",
        "centroide_lat": -28.25385525,
        "centroide_lng": -52.47485775,
        "cnpj_raw": "92040002558360",
        "razao_social": "SÃO MIGUEL GLEBA B1 LTDA",
        "tipo_pessoa": "PJ",
        "is_corporate": true,
        "pj_status": "AUDITADO_RECEITA",
        "capital_social": 1200000,
        "qsa": [
          {
            "nome": "José Francisco Gehn",
            "qual": "Sócio-Administrador"
          },
          {
            "nome": "Beatriz Gehn",
            "qual": "Sócio"
          }
        ],
        "whatsapp_validado": "+555433168882",
        "telefone": "(54) 3316-8882",
        "email": "contato@somiguelglebab1.agr.br"
      }
    },
    {
      "type": "Feature",
      "id": "a3bb5161-01b6-4979-a220-7ef25a3e64ca",
      "geometry": {
        "type": "Polygon",
        "coordinates": [
          [
            [
              -52.546728,
              -28.262069
            ],
            [
              -52.545538,
              -28.263559
            ],
            [
              -52.542691,
              -28.267019
            ],
            [
              -52.543424,
              -28.267098
            ],
            [
              -52.545365,
              -28.26651
            ],
            [
              -52.546239,
              -28.2667
            ],
            [
              -52.546735,
              -28.266834
            ],
            [
              -52.547197,
              -28.267017
            ],
            [
              -52.548445,
              -28.267466
            ],
            [
              -52.548473,
              -28.267509
            ],
            [
              -52.547541,
              -28.264498
            ],
            [
              -52.548736,
              -28.262805
            ],
            [
              -52.546728,
              -28.262069
            ]
          ]
        ]
      },
      "properties": {
        "id": "a3bb5161-01b6-4979-a220-7ef25a3e64ca",
        "id_sigef": "a3bb5161-01b6-4979-a220-7ef25a3e64ca",
        "codigo_imovel": "8600340404609",
        "nome_imovel": "SDE - GLEBA C",
        "nome_titular": "SDE GLEBA C LTDA",
        "cpf_cnpj_titular": "92.040.002/5720-02",
        "registro_matricula": "Matrícula 128673; 1476 - CRI",
        "municipio": "PASSO FUNDO",
        "uf": "RS",
        "area_hectares": 16.82,
        "status_geo": "CERTIFICADO",
        "tag_fonte": "FUSAO_SIGEF_CAR",
        "centroide_lat": -28.265757000000004,
        "centroide_lng": -52.546426000000004,
        "cnpj_raw": "92040002572002",
        "razao_social": "SDE GLEBA C LTDA",
        "tipo_pessoa": "PJ",
        "is_corporate": true,
        "pj_status": "AUDITADO_RECEITA",
        "capital_social": 1200000,
        "qsa": [
          {
            "nome": "Antônio Carlos Sebben",
            "qual": "Sócio-Administrador"
          },
          {
            "nome": "Clara Sebben",
            "qual": "Sócio"
          }
        ],
        "whatsapp_validado": "+555433168919",
        "telefone": "(54) 3316-8919",
        "email": "contato@sdeglebac.agr.br"
      }
    },
    {
      "type": "Feature",
      "id": "b175fa7e-7607-41e7-92e1-641d5658f71d",
      "geometry": {
        "type": "Polygon",
        "coordinates": [
          [
            [
              -52.43262,
              -28.174703
            ],
            [
              -52.432469,
              -28.174748
            ],
            [
              -52.432476,
              -28.174794
            ],
            [
              -52.43231,
              -28.175183
            ],
            [
              -52.432292,
              -28.175293
            ],
            [
              -52.432237,
              -28.175393
            ],
            [
              -52.432266,
              -28.17543
            ],
            [
              -52.432325,
              -28.175463
            ],
            [
              -52.432305,
              -28.175537
            ],
            [
              -52.432358,
              -28.175575
            ],
            [
              -52.432342,
              -28.175646
            ],
            [
              -52.432429,
              -28.1757
            ],
            [
              -52.432346,
              -28.175737
            ],
            [
              -52.432339,
              -28.175789
            ],
            [
              -52.432384,
              -28.175826
            ],
            [
              -52.432496,
              -28.175805
            ],
            [
              -52.432548,
              -28.175742
            ],
            [
              -52.432586,
              -28.175783
            ],
            [
              -52.432545,
              -28.175806
            ],
            [
              -52.432489,
              -28.175859
            ],
            [
              -52.432478,
              -28.175933
            ],
            [
              -52.432514,
              -28.17599
            ],
            [
              -52.432495,
              -28.176015
            ],
            [
              -52.432509,
              -28.176059
            ],
            [
              -52.432612,
              -28.176117
            ],
            [
              -52.432527,
              -28.176192
            ],
            [
              -52.432525,
              -28.176274
            ],
            [
              -52.43255,
              -28.176338
            ],
            [
              -52.432493,
              -28.176412
            ],
            [
              -52.432456,
              -28.176466
            ],
            [
              -52.432426,
              -28.176537
            ],
            [
              -52.432469,
              -28.17657
            ],
            [
              -52.432196,
              -28.176873
            ],
            [
              -52.432125,
              -28.176965
            ],
            [
              -52.43207,
              -28.177055
            ],
            [
              -52.432063,
              -28.177149
            ],
            [
              -52.432027,
              -28.1772
            ],
            [
              -52.432019,
              -28.177241
            ],
            [
              -52.43194,
              -28.177318
            ],
            [
              -52.431918,
              -28.177423
            ],
            [
              -52.431928,
              -28.177485
            ],
            [
              -52.431954,
              -28.177575
            ],
            [
              -52.431949,
              -28.177672
            ],
            [
              -52.432039,
              -28.177694
            ],
            [
              -52.431941,
              -28.177753
            ],
            [
              -52.431998,
              -28.17783
            ],
            [
              -52.431956,
              -28.177872
            ],
            [
              -52.432034,
              -28.178043
            ],
            [
              -52.432075,
              -28.178086
            ],
            [
              -52.432048,
              -28.17812
            ],
            [
              -52.432067,
              -28.178176
            ],
            [
              -52.432133,
              -28.178221
            ],
            [
              -52.432098,
              -28.178298
            ],
            [
              -52.43218,
              -28.178391
            ],
            [
              -52.43212,
              -28.178402
            ],
            [
              -52.432094,
              -28.178593
            ],
            [
              -52.432153,
              -28.178582
            ],
            [
              -52.432116,
              -28.178656
            ],
            [
              -52.432198,
              -28.178688
            ],
            [
              -52.432027,
              -28.178732
            ],
            [
              -52.432055,
              -28.178861
            ],
            [
              -52.432026,
              -28.178904
            ],
            [
              -52.431965,
              -28.178902
            ],
            [
              -52.431924,
              -28.178937
            ],
            [
              -52.431913,
              -28.179029
            ],
            [
              -52.431836,
              -28.179065
            ],
            [
              -52.431897,
              -28.179126
            ],
            [
              -52.43183,
              -28.179205
            ],
            [
              -52.431826,
              -28.179321
            ],
            [
              -52.431727,
              -28.179433
            ],
            [
              -52.431757,
              -28.179593
            ],
            [
              -52.431672,
              -28.17974
            ],
            [
              -52.431666,
              -28.179828
            ],
            [
              -52.431741,
              -28.179927
            ],
            [
              -52.431757,
              -28.180076
            ],
            [
              -52.431733,
              -28.180134
            ],
            [
              -52.431809,
              -28.180169
            ],
            [
              -52.431786,
              -28.180238
            ],
            [
              -52.431786,
              -28.180327
            ],
            [
              -52.431804,
              -28.180408
            ],
            [
              -52.431737,
              -28.180455
            ],
            [
              -52.431711,
              -28.180521
            ],
            [
              -52.431765,
              -28.180554
            ],
            [
              -52.431782,
              -28.180611
            ],
            [
              -52.431849,
              -28.180745
            ],
            [
              -52.431817,
              -28.180817
            ],
            [
              -52.431853,
              -28.180855
            ],
            [
              -52.431814,
              -28.180981
            ],
            [
              -52.431867,
              -28.180997
            ],
            [
              -52.431894,
              -28.180993
            ],
            [
              -52.431952,
              -28.181011
            ],
            [
              -52.431935,
              -28.181031
            ],
            [
              -52.431855,
              -28.181034
            ],
            [
              -52.431821,
              -28.181064
            ],
            [
              -52.43183,
              -28.181169
            ],
            [
              -52.431842,
              -28.181255
            ],
            [
              -52.431803,
              -28.18132
            ],
            [
              -52.431841,
              -28.181397
            ],
            [
              -52.431831,
              -28.18148
            ],
            [
              -52.431777,
              -28.181567
            ],
            [
              -52.431808,
              -28.181658
            ],
            [
              -52.431798,
              -28.181696
            ],
            [
              -52.431702,
              -28.181712
            ],
            [
              -52.431702,
              -28.181813
            ],
            [
              -52.431556,
              -28.182006
            ],
            [
              -52.43149,
              -28.182216
            ],
            [
              -52.431557,
              -28.182424
            ],
            [
              -52.431627,
              -28.182516
            ],
            [
              -52.431623,
              -28.182649
            ],
            [
              -52.431716,
              -28.18288
            ],
            [
              -52.431825,
              -28.18295
            ],
            [
              -52.431838,
              -28.183051
            ],
            [
              -52.431918,
              -28.183149
            ],
            [
              -52.431764,
              -28.183298
            ],
            [
              -52.431649,
              -28.183421
            ],
            [
              -52.431623,
              -28.183426
            ],
            [
              -52.431611,
              -28.183479
            ],
            [
              -52.431595,
              -28.18363
            ],
            [
              -52.431657,
              -28.183656
            ],
            [
              -52.431638,
              -28.183693
            ],
            [
              -52.4317,
              -28.183734
            ],
            [
              -52.431654,
              -28.183803
            ],
            [
              -52.431708,
              -28.183827
            ],
            [
              -52.431745,
              -28.183931
            ],
            [
              -52.431818,
              -28.183992
            ],
            [
              -52.431738,
              -28.184078
            ],
            [
              -52.431731,
              -28.184144
            ],
            [
              -52.431673,
              -28.184173
            ],
            [
              -52.431642,
              -28.184199
            ],
            [
              -52.431651,
              -28.184246
            ],
            [
              -52.431765,
              -28.184259
            ],
            [
              -52.431717,
              -28.184359
            ],
            [
              -52.4317,
              -28.184574
            ],
            [
              -52.431728,
              -28.184724
            ],
            [
              -52.43177,
              -28.184886
            ],
            [
              -52.431773,
              -28.185012
            ],
            [
              -52.431724,
              -28.18506
            ],
            [
              -52.431734,
              -28.185089
            ],
            [
              -52.431836,
              -28.185158
            ],
            [
              -52.431784,
              -28.18525
            ],
            [
              -52.431972,
              -28.185284
            ],
            [
              -52.432051,
              -28.185377
            ],
            [
              -52.432058,
              -28.185523
            ],
            [
              -52.432121,
              -28.185601
            ],
            [
              -52.432081,
              -28.185675
            ],
            [
              -52.4321,
              -28.18574
            ],
            [
              -52.432128,
              -28.185793
            ],
            [
              -52.432083,
              -28.185845
            ],
            [
              -52.432111,
              -28.185985
            ],
            [
              -52.432138,
              -28.186057
            ],
            [
              -52.432107,
              -28.186194
            ],
            [
              -52.432134,
              -28.186261
            ],
            [
              -52.432076,
              -28.186421
            ],
            [
              -52.432118,
              -28.186474
            ],
            [
              -52.432071,
              -28.186543
            ],
            [
              -52.432091,
              -28.18659
            ],
            [
              -52.432079,
              -28.186713
            ],
            [
              -52.432136,
              -28.186796
            ],
            [
              -52.43211,
              -28.186855
            ],
            [
              -52.43216,
              -28.186916
            ],
            [
              -52.432185,
              -28.18703
            ],
            [
              -52.432268,
              -28.187269
            ],
            [
              -52.43224,
              -28.187359
            ],
            [
              -52.432231,
              -28.187615
            ],
            [
              -52.432262,
              -28.187665
            ],
            [
              -52.432197,
              -28.187725
            ],
            [
              -52.432173,
              -28.1878
            ],
            [
              -52.432178,
              -28.187867
            ],
            [
              -52.43211,
              -28.187946
            ],
            [
              -52.432059,
              -28.188214
            ],
            [
              -52.432006,
              -28.188298
            ],
            [
              -52.432042,
              -28.188395
            ],
            [
              -52.432,
              -28.188495
            ],
            [
              -52.432,
              -28.188546
            ],
            [
              -52.43202,
              -28.188656
            ],
            [
              -52.432066,
              -28.188761
            ],
            [
              -52.432022,
              -28.18884
            ],
            [
              -52.431984,
              -28.188815
            ],
            [
              -52.4319,
              -28.188787
            ],
            [
              -52.431829,
              -28.18885
            ],
            [
              -52.431795,
              -28.188907
            ],
            [
              -52.43166,
              -28.188973
            ],
            [
              -52.431593,
              -28.189041
            ],
            [
              -52.431381,
              -28.189147
            ],
            [
              -52.431199,
              -28.189198
            ],
            [
              -52.431095,
              -28.189265
            ],
            [
              -52.431063,
              -28.189345
            ],
            [
              -52.431092,
              -28.189403
            ],
            [
              -52.431064,
              -28.189471
            ],
            [
              -52.431017,
              -28.18954
            ],
            [
              -52.430985,
              -28.189597
            ],
            [
              -52.430905,
              -28.18959
            ],
            [
              -52.430829,
              -28.189566
            ],
            [
              -52.430786,
              -28.189567
            ],
            [
              -52.43075,
              -28.189589
            ],
            [
              -52.430738,
              -28.189617
            ],
            [
              -52.430741,
              -28.189694
            ],
            [
              -52.430657,
              -28.189724
            ],
            [
              -52.430544,
              -28.189735
            ],
            [
              -52.430476,
              -28.189803
            ],
            [
              -52.430384,
              -28.189884
            ],
            [
              -52.430337,
              -28.189914
            ],
            [
              -52.430237,
              -28.189971
            ],
            [
              -52.430222,
              -28.190015
            ],
            [
              -52.430097,
              -28.190118
            ],
            [
              -52.430068,
              -28.190181
            ],
            [
              -52.43008,
              -28.190223
            ],
            [
              -52.429833,
              -28.190396
            ],
            [
              -52.429728,
              -28.190407
            ],
            [
              -52.429671,
              -28.190371
            ],
            [
              -52.429433,
              -28.190479
            ],
            [
              -52.429384,
              -28.190532
            ],
            [
              -52.429248,
              -28.190524
            ],
            [
              -52.429014,
              -28.190406
            ],
            [
              -52.428975,
              -28.190423
            ],
            [
              -52.428887,
              -28.190406
            ],
            [
              -52.428842,
              -28.190405
            ],
            [
              -52.428838,
              -28.190439
            ],
            [
              -52.428099,
              -28.190996
            ],
            [
              -52.427526,
              -28.191718
            ],
            [
              -52.425446,
              -28.199327
            ],
            [
              -52.418732,
              -28.198162
            ],
            [
              -52.418344,
              -28.198177
            ],
            [
              -52.417589,
              -28.198029
            ],
            [
              -52.408896,
              -28.196442
            ],
            [
              -52.407402,
              -28.202143
            ],
            [
              -52.419035,
              -28.206924
            ],
            [
              -52.427792,
              -28.210559
            ],
            [
              -52.436734,
              -28.214259
            ],
            [
              -52.43768,
              -28.213513
            ],
            [
              -52.438161,
              -28.212443
            ],
            [
              -52.439892,
              -28.211665
            ],
            [
              -52.440371,
              -28.211703
            ],
            [
              -52.441021,
              -28.21193
            ],
            [
              -52.441163,
              -28.212173
            ],
            [
              -52.441393,
              -28.21239
            ],
            [
              -52.4416,
              -28.212562
            ],
            [
              -52.44254,
              -28.212498
            ],
            [
              -52.442808,
              -28.212602
            ],
            [
              -52.442976,
              -28.212433
            ],
            [
              -52.443162,
              -28.212153
            ],
            [
              -52.443667,
              -28.212307
            ],
            [
              -52.443905,
              -28.212243
            ],
            [
              -52.44433,
              -28.211953
            ],
            [
              -52.445181,
              -28.212358
            ],
            [
              -52.445843,
              -28.212695
            ],
            [
              -52.446044,
              -28.212717
            ],
            [
              -52.446077,
              -28.212737
            ],
            [
              -52.446174,
              -28.2127
            ],
            [
              -52.446372,
              -28.212555
            ],
            [
              -52.446906,
              -28.212516
            ],
            [
              -52.447096,
              -28.212692
            ],
            [
              -52.447495,
              -28.212641
            ],
            [
              -52.44752,
              -28.212703
            ],
            [
              -52.447581,
              -28.212687
            ],
            [
              -52.447466,
              -28.212299
            ],
            [
              -52.448002,
              -28.212173
            ],
            [
              -52.44859,
              -28.212218
            ],
            [
              -52.449334,
              -28.212207
            ],
            [
              -52.450083,
              -28.212235
            ],
            [
              -52.451224,
              -28.212255
            ],
            [
              -52.451828,
              -28.21216
            ],
            [
              -52.449632,
              -28.21199
            ],
            [
              -52.446973,
              -28.211781
            ],
            [
              -52.446368,
              -28.211702
            ],
            [
              -52.445703,
              -28.211555
            ],
            [
              -52.445104,
              -28.211365
            ],
            [
              -52.444786,
              -28.211256
            ],
            [
              -52.44448,
              -28.211121
            ],
            [
              -52.44379,
              -28.210733
            ],
            [
              -52.443404,
              -28.210477
            ],
            [
              -52.44323,
              -28.210336
            ],
            [
              -52.442755,
              -28.209918
            ],
            [
              -52.442519,
              -28.209707
            ],
            [
              -52.442211,
              -28.209357
            ],
            [
              -52.441948,
              -28.20898
            ],
            [
              -52.441725,
              -28.208617
            ],
            [
              -52.441446,
              -28.208105
            ],
            [
              -52.441183,
              -28.207413
            ],
            [
              -52.440674,
              -28.205891
            ],
            [
              -52.440482,
              -28.205264
            ],
            [
              -52.440266,
              -28.204621
            ],
            [
              -52.4399,
              -28.203552
            ],
            [
              -52.439739,
              -28.203098
            ],
            [
              -52.4396,
              -28.202596
            ],
            [
              -52.439528,
              -28.202149
            ],
            [
              -52.439489,
              -28.201745
            ],
            [
              -52.43949,
              -28.201141
            ],
            [
              -52.439544,
              -28.200587
            ],
            [
              -52.439639,
              -28.199847
            ],
            [
              -52.439667,
              -28.199413
            ],
            [
              -52.439654,
              -28.198974
            ],
            [
              -52.439657,
              -28.198758
            ],
            [
              -52.439643,
              -28.19858
            ],
            [
              -52.439563,
              -28.198183
            ],
            [
              -52.439453,
              -28.197689
            ],
            [
              -52.439219,
              -28.196964
            ],
            [
              -52.438874,
              -28.196004
            ],
            [
              -52.438535,
              -28.194998
            ],
            [
              -52.437793,
              -28.192579
            ],
            [
              -52.437744,
              -28.192244
            ],
            [
              -52.437722,
              -28.191729
            ],
            [
              -52.437742,
              -28.190944
            ],
            [
              -52.437785,
              -28.190331
            ],
            [
              -52.437858,
              -28.189283
            ],
            [
              -52.437845,
              -28.188944
            ],
            [
              -52.437792,
              -28.188544
            ],
            [
              -52.437765,
              -28.188452
            ],
            [
              -52.437723,
              -28.188343
            ],
            [
              -52.437564,
              -28.187966
            ],
            [
              -52.437458,
              -28.187781
            ],
            [
              -52.437251,
              -28.187492
            ],
            [
              -52.43706,
              -28.187302
            ],
            [
              -52.435486,
              -28.185903
            ],
            [
              -52.435215,
              -28.18562
            ],
            [
              -52.435076,
              -28.18545
            ],
            [
              -52.434864,
              -28.185125
            ],
            [
              -52.43478,
              -28.184965
            ],
            [
              -52.434644,
              -28.184557
            ],
            [
              -52.4346,
              -28.18441
            ],
            [
              -52.434537,
              -28.184016
            ],
            [
              -52.434522,
              -28.183862
            ],
            [
              -52.434542,
              -28.183309
            ],
            [
              -52.434605,
              -28.182772
            ],
            [
              -52.434639,
              -28.182487
            ],
            [
              -52.434656,
              -28.182241
            ],
            [
              -52.434645,
              -28.182038
            ],
            [
              -52.434619,
              -28.181766
            ],
            [
              -52.434594,
              -28.181615
            ],
            [
              -52.434544,
              -28.181421
            ],
            [
              -52.434501,
              -28.181286
            ],
            [
              -52.434442,
              -28.181142
            ],
            [
              -52.434331,
              -28.180923
            ],
            [
              -52.434149,
              -28.180636
            ],
            [
              -52.433704,
              -28.180089
            ],
            [
              -52.433517,
              -28.179833
            ],
            [
              -52.433411,
              -28.17964
            ],
            [
              -52.433315,
              -28.179442
            ],
            [
              -52.433243,
              -28.179251
            ],
            [
              -52.43315,
              -28.178808
            ],
            [
              -52.432893,
              -28.176786
            ],
            [
              -52.432839,
              -28.176343
            ],
            [
              -52.432745,
              -28.175672
            ],
            [
              -52.432672,
              -28.175065
            ],
            [
              -52.43262,
              -28.174703
            ]
          ]
        ]
      },
      "properties": {
        "id": "b175fa7e-7607-41e7-92e1-641d5658f71d",
        "id_sigef": "b175fa7e-7607-41e7-92e1-641d5658f71d",
        "codigo_imovel": "8710520232644",
        "nome_imovel": "Clara Gehn e Outros - Clara Gehn e Outros",
        "nome_titular": "CLARA GEHN E OUTROS CLARA GEHN E OUTROS S.A.",
        "cpf_cnpj_titular": "92.040.002/5857-67",
        "registro_matricula": "Matrícula 5068 - CRI",
        "municipio": "PASSO FUNDO",
        "uf": "RS",
        "area_hectares": 542.45,
        "status_geo": "CERTIFICADO",
        "tag_fonte": "FUSAO_SIGEF_CAR",
        "centroide_lat": -28.1887728982558,
        "centroide_lng": -52.43418586046514,
        "cnpj_raw": "92040002585767",
        "razao_social": "CLARA GEHN E OUTROS CLARA GEHN E OUTROS S.A.",
        "tipo_pessoa": "PJ",
        "is_corporate": true,
        "pj_status": "AUDITADO_RECEITA",
        "capital_social": 10040000,
        "qsa": [
          {
            "nome": "Luiz Henrique Biazus",
            "qual": "Sócio-Administrador"
          },
          {
            "nome": "Camila Biazus",
            "qual": "Sócio"
          }
        ],
        "whatsapp_validado": "+555433168956",
        "telefone": "(54) 3316-8956",
        "email": "contato@claragehneoutrosclaragehneoutros.agr.br"
      }
    },
    {
      "type": "Feature",
      "id": "66fe6a5c-b32e-4913-8e36-fe34fa368492",
      "geometry": {
        "type": "Polygon",
        "coordinates": [
          [
            [
              -52.389748,
              -28.319236
            ],
            [
              -52.389224,
              -28.319615
            ],
            [
              -52.388915,
              -28.319751
            ],
            [
              -52.388852,
              -28.320166
            ],
            [
              -52.388795,
              -28.320592
            ],
            [
              -52.388817,
              -28.321032
            ],
            [
              -52.38889,
              -28.322267
            ],
            [
              -52.388942,
              -28.323366
            ],
            [
              -52.388966,
              -28.32405
            ],
            [
              -52.388977,
              -28.324378
            ],
            [
              -52.389002,
              -28.324628
            ],
            [
              -52.389006,
              -28.324674
            ],
            [
              -52.392694,
              -28.323653
            ],
            [
              -52.39245,
              -28.323188
            ],
            [
              -52.392106,
              -28.322515
            ],
            [
              -52.391857,
              -28.322058
            ],
            [
              -52.391711,
              -28.321769
            ],
            [
              -52.391508,
              -28.321355
            ],
            [
              -52.391344,
              -28.321109
            ],
            [
              -52.391222,
              -28.320968
            ],
            [
              -52.391126,
              -28.320861
            ],
            [
              -52.390922,
              -28.320635
            ],
            [
              -52.390705,
              -28.320349
            ],
            [
              -52.39048,
              -28.320006
            ],
            [
              -52.390349,
              -28.319898
            ],
            [
              -52.389748,
              -28.319236
            ]
          ]
        ]
      },
      "properties": {
        "id": "66fe6a5c-b32e-4913-8e36-fe34fa368492",
        "id_sigef": "66fe6a5c-b32e-4913-8e36-fe34fa368492",
        "codigo_imovel": "9501570759061",
        "nome_imovel": "Matrícula 148.164 -",
        "nome_titular": ".164 LTDA",
        "cpf_cnpj_titular": "92.040.002/5994-74",
        "registro_matricula": "Matrícula 148.164 - CRI",
        "municipio": "PASSO FUNDO",
        "uf": "RS",
        "area_hectares": 14.01,
        "status_geo": "CERTIFICADO",
        "tag_fonte": "FUSAO_SIGEF_CAR",
        "centroide_lat": -28.321684760000004,
        "centroide_lng": -52.39026432000001,
        "cnpj_raw": "92040002599474",
        "razao_social": ".164 LTDA",
        "tipo_pessoa": "PJ",
        "is_corporate": true,
        "pj_status": "AUDITADO_RECEITA",
        "capital_social": 1200000,
        "qsa": [
          {
            "nome": "Sérgio Murilo Trevisan",
            "qual": "Sócio-Administrador"
          },
          {
            "nome": "Aline Trevisan",
            "qual": "Sócio"
          }
        ],
        "whatsapp_validado": "+555433168993",
        "telefone": "(54) 3316-8993",
        "email": "contato@164.agr.br"
      }
    },
    {
      "type": "Feature",
      "id": "ff5f759c-67a3-4548-b2db-2190e32944d3",
      "geometry": {
        "type": "Polygon",
        "coordinates": [
          [
            [
              -52.456099,
              -28.291491
            ],
            [
              -52.455141,
              -28.294268
            ],
            [
              -52.453289,
              -28.297687
            ],
            [
              -52.452514,
              -28.299155
            ],
            [
              -52.452416,
              -28.299345
            ],
            [
              -52.454923,
              -28.300515
            ],
            [
              -52.455228,
              -28.300233
            ],
            [
              -52.455618,
              -28.299877
            ],
            [
              -52.45713,
              -28.298494
            ],
            [
              -52.457814,
              -28.297911
            ],
            [
              -52.457889,
              -28.297793
            ],
            [
              -52.458003,
              -28.297653
            ],
            [
              -52.458448,
              -28.297277
            ],
            [
              -52.457866,
              -28.296575
            ],
            [
              -52.456355,
              -28.298205
            ],
            [
              -52.45532,
              -28.297919
            ],
            [
              -52.455503,
              -28.297702
            ],
            [
              -52.455727,
              -28.297485
            ],
            [
              -52.456721,
              -28.296626
            ],
            [
              -52.456552,
              -28.296083
            ],
            [
              -52.456792,
              -28.294871
            ],
            [
              -52.457376,
              -28.292751
            ],
            [
              -52.456451,
              -28.291871
            ],
            [
              -52.456099,
              -28.291491
            ]
          ]
        ]
      },
      "properties": {
        "id": "ff5f759c-67a3-4548-b2db-2190e32944d3",
        "id_sigef": "ff5f759c-67a3-4548-b2db-2190e32944d3",
        "codigo_imovel": "9501658696787",
        "nome_imovel": "SDE - Parte 1",
        "nome_titular": "AGROPECUARIA BELA VISTA LTDA",
        "cpf_cnpj_titular": "92.040.002/6131-32",
        "registro_matricula": "Matrícula 158.236 - CRI",
        "municipio": "PASSO FUNDO",
        "uf": "RS",
        "area_hectares": 23.27,
        "status_geo": "CERTIFICADO",
        "tag_fonte": "FUSAO_SIGEF_CAR",
        "centroide_lat": -28.297034217391303,
        "centroide_lng": -52.45605108695653,
        "cnpj_raw": "92040002613132",
        "razao_social": "AGROPECUARIA BELA VISTA LTDA",
        "tipo_pessoa": "PJ",
        "is_corporate": true,
        "pj_status": "AUDITADO_RECEITA",
        "capital_social": 1200000,
        "qsa": [
          {
            "nome": "Rodrigo Dall Agnol",
            "qual": "Sócio-Administrador"
          },
          {
            "nome": "Fernanda Dall Agnol",
            "qual": "Sócio"
          }
        ],
        "whatsapp_validado": "+555433169030",
        "telefone": "(54) 3316-9030",
        "email": "contato@agropecuariabelavista.agr.br"
      }
    },
    {
      "type": "Feature",
      "id": "704a441d-2a51-4cc7-8c20-47c9ee92e462",
      "geometry": {
        "type": "Polygon",
        "coordinates": [
          [
            [
              -52.504495,
              -28.286347
            ],
            [
              -52.502196,
              -28.286916
            ],
            [
              -52.502263,
              -28.287108
            ],
            [
              -52.502408,
              -28.287196
            ],
            [
              -52.502509,
              -28.287452
            ],
            [
              -52.504521,
              -28.28674
            ],
            [
              -52.504495,
              -28.286347
            ]
          ]
        ]
      },
      "properties": {
        "id": "704a441d-2a51-4cc7-8c20-47c9ee92e462",
        "id_sigef": "704a441d-2a51-4cc7-8c20-47c9ee92e462",
        "codigo_imovel": "8710520263108",
        "nome_imovel": "Passo da Raiz - Gleba 7",
        "nome_titular": "PASSO DA RAIZ LTDA",
        "cpf_cnpj_titular": "92.040.002/6268-97",
        "registro_matricula": "Matrícula 1582 - CRI",
        "municipio": "PASSO FUNDO",
        "uf": "RS",
        "area_hectares": 1.21,
        "status_geo": "CERTIFICADO",
        "tag_fonte": "FUSAO_SIGEF_CAR",
        "centroide_lat": -28.286959833333338,
        "centroide_lng": -52.50306533333333,
        "cnpj_raw": "92040002626897",
        "razao_social": "PASSO DA RAIZ LTDA",
        "tipo_pessoa": "PJ",
        "is_corporate": true,
        "pj_status": "AUDITADO_RECEITA",
        "capital_social": 1200000,
        "qsa": [
          {
            "nome": "Guilherme Augusto Tedesco",
            "qual": "Sócio-Administrador"
          },
          {
            "nome": "Tatiana Tedesco",
            "qual": "Sócio"
          }
        ],
        "whatsapp_validado": "+555433169067",
        "telefone": "(54) 3316-9067",
        "email": "contato@passodaraiz.agr.br"
      }
    },
    {
      "type": "Feature",
      "id": "dd8f311c-cb7b-4ee0-a4ad-51b297d0dce4",
      "geometry": {
        "type": "Polygon",
        "coordinates": [
          [
            [
              -52.363196,
              -28.308016
            ],
            [
              -52.36312,
              -28.308042
            ],
            [
              -52.361761,
              -28.308506
            ],
            [
              -52.361225,
              -28.30869
            ],
            [
              -52.361076,
              -28.308741
            ],
            [
              -52.360516,
              -28.308934
            ],
            [
              -52.359761,
              -28.309193
            ],
            [
              -52.359301,
              -28.309348
            ],
            [
              -52.359294,
              -28.309349
            ],
            [
              -52.359277,
              -28.309362
            ],
            [
              -52.359263,
              -28.309439
            ],
            [
              -52.359228,
              -28.309527
            ],
            [
              -52.3592,
              -28.309623
            ],
            [
              -52.359171,
              -28.309706
            ],
            [
              -52.359154,
              -28.309789
            ],
            [
              -52.359178,
              -28.310102
            ],
            [
              -52.359177,
              -28.310205
            ],
            [
              -52.359061,
              -28.310286
            ],
            [
              -52.358787,
              -28.310365
            ],
            [
              -52.35857,
              -28.310384
            ],
            [
              -52.35853,
              -28.310472
            ],
            [
              -52.358493,
              -28.310482
            ],
            [
              -52.358288,
              -28.310614
            ],
            [
              -52.358416,
              -28.310771
            ],
            [
              -52.358291,
              -28.310869
            ],
            [
              -52.358062,
              -28.310778
            ],
            [
              -52.358044,
              -28.310827
            ],
            [
              -52.358115,
              -28.310972
            ],
            [
              -52.358033,
              -28.311181
            ],
            [
              -52.35815,
              -28.311225
            ],
            [
              -52.358249,
              -28.311421
            ],
            [
              -52.358059,
              -28.311449
            ],
            [
              -52.357912,
              -28.311401
            ],
            [
              -52.357999,
              -28.311543
            ],
            [
              -52.358248,
              -28.311652
            ],
            [
              -52.35834,
              -28.311949
            ],
            [
              -52.358348,
              -28.311974
            ],
            [
              -52.358311,
              -28.312048
            ],
            [
              -52.358515,
              -28.312036
            ],
            [
              -52.358557,
              -28.312169
            ],
            [
              -52.359113,
              -28.312281
            ],
            [
              -52.359216,
              -28.312469
            ],
            [
              -52.359717,
              -28.312177
            ],
            [
              -52.359729,
              -28.31217
            ],
            [
              -52.360829,
              -28.311527
            ],
            [
              -52.361373,
              -28.311207
            ],
            [
              -52.361749,
              -28.310989
            ],
            [
              -52.364013,
              -28.309669
            ],
            [
              -52.363839,
              -28.309288
            ],
            [
              -52.363495,
              -28.308618
            ],
            [
              -52.363268,
              -28.308161
            ],
            [
              -52.363196,
              -28.308016
            ]
          ]
        ]
      },
      "properties": {
        "id": "dd8f311c-cb7b-4ee0-a4ad-51b297d0dce4",
        "id_sigef": "dd8f311c-cb7b-4ee0-a4ad-51b297d0dce4",
        "codigo_imovel": "9500503401970",
        "nome_imovel": "Dolce Villa - Parte 1",
        "nome_titular": "DOLCE VILLA LTDA",
        "cpf_cnpj_titular": "92.040.002/6405-39",
        "registro_matricula": "Matrícula 93984 - CRI",
        "municipio": "PASSO FUNDO",
        "uf": "RS",
        "area_hectares": 14.28,
        "status_geo": "CERTIFICADO",
        "tag_fonte": "FUSAO_SIGEF_CAR",
        "centroide_lat": -28.310431294117652,
        "centroide_lng": -52.35961994117647,
        "cnpj_raw": "92040002640539",
        "razao_social": "DOLCE VILLA LTDA",
        "tipo_pessoa": "PJ",
        "is_corporate": true,
        "pj_status": "AUDITADO_RECEITA",
        "capital_social": 1200000,
        "qsa": [
          {
            "nome": "Cláudio Roberto Scortegagna",
            "qual": "Sócio-Administrador"
          },
          {
            "nome": "Vanessa Scortegagna",
            "qual": "Sócio"
          }
        ],
        "whatsapp_validado": "+555433169104",
        "telefone": "(54) 3316-9104",
        "email": "contato@dolcevilla.agr.br"
      }
    },
    {
      "type": "Feature",
      "id": "0f61fe8d-df7e-4d38-a13a-a7e81d309c57",
      "geometry": {
        "type": "Polygon",
        "coordinates": [
          [
            [
              -52.515701,
              -28.321295
            ],
            [
              -52.515577,
              -28.321654
            ],
            [
              -52.515071,
              -28.323225
            ],
            [
              -52.514053,
              -28.326243
            ],
            [
              -52.513469,
              -28.32799
            ],
            [
              -52.513944,
              -28.328185
            ],
            [
              -52.513997,
              -28.328207
            ],
            [
              -52.514017,
              -28.328149
            ],
            [
              -52.514046,
              -28.328063
            ],
            [
              -52.514939,
              -28.32545
            ],
            [
              -52.515168,
              -28.324775
            ],
            [
              -52.515505,
              -28.323798
            ],
            [
              -52.515802,
              -28.322288
            ],
            [
              -52.515873,
              -28.321875
            ],
            [
              -52.515933,
              -28.321698
            ],
            [
              -52.516024,
              -28.321432
            ],
            [
              -52.515701,
              -28.321295
            ]
          ]
        ]
      },
      "properties": {
        "id": "0f61fe8d-df7e-4d38-a13a-a7e81d309c57",
        "id_sigef": "0f61fe8d-df7e-4d38-a13a-a7e81d309c57",
        "codigo_imovel": "8692871021307",
        "nome_imovel": "MATRICULA 2362 - Gleba 01",
        "nome_titular": "MATRICULA 2362 LTDA",
        "cpf_cnpj_titular": "92.040.002/6542-46",
        "registro_matricula": "Matrícula 2362 - CRI",
        "municipio": "PASSO FUNDO",
        "uf": "RS",
        "area_hectares": 4.13,
        "status_geo": "CERTIFICADO",
        "tag_fonte": "FUSAO_SIGEF_CAR",
        "centroide_lat": -28.3246454375,
        "centroide_lng": -52.5149449375,
        "cnpj_raw": "92040002654246",
        "razao_social": "MATRICULA 2362 LTDA",
        "tipo_pessoa": "PJ",
        "is_corporate": true,
        "pj_status": "AUDITADO_RECEITA",
        "capital_social": 1200000,
        "qsa": [
          {
            "nome": "Mauro Cézar Zaffari",
            "qual": "Sócio-Administrador"
          },
          {
            "nome": "Luciana Zaffari",
            "qual": "Sócio"
          }
        ],
        "whatsapp_validado": "+555433169141",
        "telefone": "(54) 3316-9141",
        "email": "contato@matricula2362.agr.br"
      }
    },
    {
      "type": "Feature",
      "id": "b79e705b-7a7b-459e-a676-a0a5cd7e37c1",
      "geometry": {
        "type": "Polygon",
        "coordinates": [
          [
            [
              -52.47257,
              -28.283514
            ],
            [
              -52.472529,
              -28.283541
            ],
            [
              -52.472367,
              -28.283707
            ],
            [
              -52.472211,
              -28.283897
            ],
            [
              -52.472126,
              -28.284154
            ],
            [
              -52.472098,
              -28.284401
            ],
            [
              -52.47221,
              -28.284614
            ],
            [
              -52.472393,
              -28.284703
            ],
            [
              -52.472543,
              -28.285104
            ],
            [
              -52.472614,
              -28.285195
            ],
            [
              -52.472696,
              -28.285284
            ],
            [
              -52.472752,
              -28.28542
            ],
            [
              -52.472888,
              -28.285748
            ],
            [
              -52.472882,
              -28.2859
            ],
            [
              -52.472796,
              -28.285952
            ],
            [
              -52.472766,
              -28.286202
            ],
            [
              -52.472781,
              -28.286287
            ],
            [
              -52.472962,
              -28.286456
            ],
            [
              -52.473087,
              -28.286657
            ],
            [
              -52.473157,
              -28.286735
            ],
            [
              -52.473425,
              -28.286751
            ],
            [
              -52.473644,
              -28.286801
            ],
            [
              -52.47398,
              -28.286686
            ],
            [
              -52.474117,
              -28.286629
            ],
            [
              -52.47419,
              -28.286576
            ],
            [
              -52.474277,
              -28.286429
            ],
            [
              -52.474427,
              -28.286379
            ],
            [
              -52.474476,
              -28.286314
            ],
            [
              -52.474545,
              -28.286172
            ],
            [
              -52.474709,
              -28.28608
            ],
            [
              -52.474924,
              -28.286134
            ],
            [
              -52.475405,
              -28.286158
            ],
            [
              -52.475839,
              -28.286114
            ],
            [
              -52.47603,
              -28.286148
            ],
            [
              -52.476184,
              -28.286297
            ],
            [
              -52.476199,
              -28.286336
            ],
            [
              -52.476144,
              -28.286462
            ],
            [
              -52.476031,
              -28.28656
            ],
            [
              -52.47582,
              -28.286615
            ],
            [
              -52.475476,
              -28.286694
            ],
            [
              -52.475196,
              -28.286798
            ],
            [
              -52.475137,
              -28.286866
            ],
            [
              -52.475129,
              -28.286977
            ],
            [
              -52.475191,
              -28.287171
            ],
            [
              -52.475173,
              -28.287545
            ],
            [
              -52.475004,
              -28.287879
            ],
            [
              -52.474942,
              -28.288107
            ],
            [
              -52.474828,
              -28.288484
            ],
            [
              -52.475013,
              -28.288972
            ],
            [
              -52.475229,
              -28.289233
            ],
            [
              -52.47553,
              -28.289435
            ],
            [
              -52.475723,
              -28.289518
            ],
            [
              -52.475958,
              -28.289502
            ],
            [
              -52.476514,
              -28.289655
            ],
            [
              -52.476846,
              -28.28979
            ],
            [
              -52.476934,
              -28.28986
            ],
            [
              -52.476721,
              -28.290006
            ],
            [
              -52.476466,
              -28.290166
            ],
            [
              -52.476075,
              -28.290311
            ],
            [
              -52.475758,
              -28.290317
            ],
            [
              -52.475707,
              -28.290401
            ],
            [
              -52.475558,
              -28.290754
            ],
            [
              -52.475294,
              -28.290926
            ],
            [
              -52.474892,
              -28.291222
            ],
            [
              -52.474875,
              -28.291323
            ],
            [
              -52.475167,
              -28.291445
            ],
            [
              -52.475451,
              -28.291658
            ],
            [
              -52.475522,
              -28.291818
            ],
            [
              -52.475479,
              -28.292134
            ],
            [
              -52.47569,
              -28.292355
            ],
            [
              -52.47594,
              -28.292613
            ],
            [
              -52.476017,
              -28.292724
            ],
            [
              -52.476127,
              -28.292771
            ],
            [
              -52.476175,
              -28.292901
            ],
            [
              -52.47638,
              -28.293106
            ],
            [
              -52.476494,
              -28.293228
            ],
            [
              -52.476585,
              -28.293344
            ],
            [
              -52.476752,
              -28.293412
            ],
            [
              -52.47676,
              -28.293391
            ],
            [
              -52.477053,
              -28.292676
            ],
            [
              -52.477328,
              -28.29229
            ],
            [
              -52.477111,
              -28.292164
            ],
            [
              -52.476997,
              -28.292106
            ],
            [
              -52.47683,
              -28.291887
            ],
            [
              -52.476912,
              -28.291516
            ],
            [
              -52.4771,
              -28.291159
            ],
            [
              -52.478289,
              -28.29002
            ],
            [
              -52.478354,
              -28.289639
            ],
            [
              -52.478008,
              -28.289241
            ],
            [
              -52.476499,
              -28.288506
            ],
            [
              -52.476487,
              -28.287741
            ],
            [
              -52.477567,
              -28.285837
            ],
            [
              -52.477299,
              -28.285516
            ],
            [
              -52.476731,
              -28.285203
            ],
            [
              -52.47402,
              -28.285249
            ],
            [
              -52.473733,
              -28.285068
            ],
            [
              -52.473784,
              -28.284062
            ],
            [
              -52.472614,
              -28.283534
            ],
            [
              -52.47257,
              -28.283514
            ]
          ]
        ]
      },
      "properties": {
        "id": "b79e705b-7a7b-459e-a676-a0a5cd7e37c1",
        "id_sigef": "b79e705b-7a7b-459e-a676-a0a5cd7e37c1",
        "codigo_imovel": "8710520282234",
        "nome_imovel": "Fazenda Pinheiro Torto - Fazenda Pinheiro Torto e Passo da Raiz – Parcela 2",
        "nome_titular": "FAZENDA PINHEIRO TORTO FAZENDA PINHEIRO TORTO E PASSO DA RAIZ LTDA",
        "cpf_cnpj_titular": "92.040.002/6679-09",
        "registro_matricula": "Matrícula 137.896 - CRI",
        "municipio": "PASSO FUNDO",
        "uf": "RS",
        "area_hectares": 20.68,
        "status_geo": "CERTIFICADO",
        "tag_fonte": "FUSAO_SIGEF_CAR",
        "centroide_lat": -28.288197326530604,
        "centroide_lng": -52.47509406122447,
        "cnpj_raw": "92040002667909",
        "razao_social": "FAZENDA PINHEIRO TORTO FAZENDA PINHEIRO TORTO E PASSO DA RAIZ LTDA",
        "tipo_pessoa": "PJ",
        "is_corporate": true,
        "pj_status": "AUDITADO_RECEITA",
        "capital_social": 1200000,
        "qsa": [
          {
            "nome": "Valter Luiz Rizzardi",
            "qual": "Sócio-Administrador"
          },
          {
            "nome": "Carla Rizzardi",
            "qual": "Sócio"
          }
        ],
        "whatsapp_validado": "+555433169178",
        "telefone": "(54) 3316-9178",
        "email": "contato@fazendapinheirotortofazendapinheirotortoepassodaraiz.agr.br"
      }
    },
    {
      "type": "Feature",
      "id": "9e7cdbae-ae6b-4cc0-9915-55b42db53e5a",
      "geometry": {
        "type": "Polygon",
        "coordinates": [
          [
            [
              -52.309755,
              -28.329927
            ],
            [
              -52.309975,
              -28.330179
            ],
            [
              -52.309924,
              -28.330326
            ],
            [
              -52.309896,
              -28.330469
            ],
            [
              -52.310009,
              -28.330753
            ],
            [
              -52.310468,
              -28.331291
            ],
            [
              -52.310552,
              -28.331734
            ],
            [
              -52.310423,
              -28.331815
            ],
            [
              -52.310541,
              -28.332069
            ],
            [
              -52.310729,
              -28.332462
            ],
            [
              -52.310662,
              -28.332592
            ],
            [
              -52.310768,
              -28.332636
            ],
            [
              -52.31094,
              -28.332722
            ],
            [
              -52.310926,
              -28.332883
            ],
            [
              -52.3112,
              -28.332773
            ],
            [
              -52.311484,
              -28.333143
            ],
            [
              -52.311493,
              -28.333388
            ],
            [
              -52.313716,
              -28.334031
            ],
            [
              -52.322367,
              -28.335416
            ],
            [
              -52.326248,
              -28.336038
            ],
            [
              -52.326421,
              -28.335868
            ],
            [
              -52.326669,
              -28.335655
            ],
            [
              -52.326898,
              -28.335372
            ],
            [
              -52.326353,
              -28.335179
            ],
            [
              -52.320819,
              -28.333474
            ],
            [
              -52.320669,
              -28.334095
            ],
            [
              -52.319149,
              -28.333827
            ],
            [
              -52.319225,
              -28.33345
            ],
            [
              -52.311356,
              -28.33021
            ],
            [
              -52.309755,
              -28.329927
            ]
          ]
        ]
      },
      "properties": {
        "id": "9e7cdbae-ae6b-4cc0-9915-55b42db53e5a",
        "id_sigef": "9e7cdbae-ae6b-4cc0-9915-55b42db53e5a",
        "codigo_imovel": "8710520248303",
        "nome_imovel": "LOTE RURAL - Parcela 1",
        "nome_titular": "LOTE RURAL LTDA",
        "cpf_cnpj_titular": "92.040.002/6816-42",
        "registro_matricula": "Matrícula 147.961 - CRI",
        "municipio": "PASSO FUNDO",
        "uf": "RS",
        "area_hectares": 33.43,
        "status_geo": "CERTIFICADO",
        "tag_fonte": "FUSAO_SIGEF_CAR",
        "centroide_lat": -28.332888862068966,
        "centroide_lng": -52.3151598275862,
        "cnpj_raw": "92040002681642",
        "razao_social": "LOTE RURAL LTDA",
        "tipo_pessoa": "PJ",
        "is_corporate": true,
        "pj_status": "AUDITADO_RECEITA",
        "capital_social": 1200000,
        "qsa": [
          {
            "nome": "Otávio Augusto Canabarro",
            "qual": "Sócio-Administrador"
          },
          {
            "nome": "Letícia Canabarro",
            "qual": "Sócio"
          }
        ],
        "whatsapp_validado": "+555433169215",
        "telefone": "(54) 3316-9215",
        "email": "contato@loterural.agr.br"
      }
    },
    {
      "type": "Feature",
      "id": "c9e16ab6-b446-4fda-9155-34c973dca0e0",
      "geometry": {
        "type": "Polygon",
        "coordinates": [
          [
            [
              -52.442583,
              -28.173057
            ],
            [
              -52.442412,
              -28.173183
            ],
            [
              -52.442392,
              -28.173621
            ],
            [
              -52.442304,
              -28.173928
            ],
            [
              -52.442122,
              -28.174177
            ],
            [
              -52.441984,
              -28.174214
            ],
            [
              -52.441815,
              -28.17431
            ],
            [
              -52.441712,
              -28.174282
            ],
            [
              -52.441677,
              -28.174176
            ],
            [
              -52.441608,
              -28.174167
            ],
            [
              -52.44143,
              -28.174185
            ],
            [
              -52.4413,
              -28.17432
            ],
            [
              -52.441216,
              -28.174543
            ],
            [
              -52.441072,
              -28.174643
            ],
            [
              -52.440974,
              -28.174619
            ],
            [
              -52.440873,
              -28.174447
            ],
            [
              -52.4408,
              -28.174282
            ],
            [
              -52.440745,
              -28.174217
            ],
            [
              -52.440722,
              -28.174284
            ],
            [
              -52.440824,
              -28.174433
            ],
            [
              -52.440699,
              -28.17478
            ],
            [
              -52.440527,
              -28.17473
            ],
            [
              -52.440544,
              -28.174581
            ],
            [
              -52.440533,
              -28.174464
            ],
            [
              -52.44047,
              -28.174478
            ],
            [
              -52.440419,
              -28.174568
            ],
            [
              -52.440256,
              -28.174587
            ],
            [
              -52.440039,
              -28.174696
            ],
            [
              -52.440002,
              -28.17476
            ],
            [
              -52.440048,
              -28.174911
            ],
            [
              -52.439874,
              -28.174912
            ],
            [
              -52.439836,
              -28.174974
            ],
            [
              -52.43934,
              -28.175101
            ],
            [
              -52.439212,
              -28.17508
            ],
            [
              -52.439102,
              -28.17501
            ],
            [
              -52.439117,
              -28.174782
            ],
            [
              -52.439151,
              -28.174667
            ],
            [
              -52.439237,
              -28.174515
            ],
            [
              -52.439138,
              -28.174464
            ],
            [
              -52.438965,
              -28.174479
            ],
            [
              -52.439046,
              -28.174597
            ],
            [
              -52.438941,
              -28.174657
            ],
            [
              -52.438766,
              -28.174599
            ],
            [
              -52.438551,
              -28.174564
            ],
            [
              -52.438454,
              -28.174443
            ],
            [
              -52.438326,
              -28.174618
            ],
            [
              -52.438251,
              -28.174667
            ],
            [
              -52.438204,
              -28.174652
            ],
            [
              -52.43814,
              -28.174576
            ],
            [
              -52.438084,
              -28.174422
            ],
            [
              -52.437953,
              -28.17445
            ],
            [
              -52.437861,
              -28.174622
            ],
            [
              -52.437792,
              -28.174632
            ],
            [
              -52.437586,
              -28.174496
            ],
            [
              -52.437459,
              -28.174399
            ],
            [
              -52.437406,
              -28.174414
            ],
            [
              -52.437593,
              -28.174674
            ],
            [
              -52.437548,
              -28.174837
            ],
            [
              -52.437452,
              -28.174822
            ],
            [
              -52.437417,
              -28.174651
            ],
            [
              -52.437343,
              -28.174626
            ],
            [
              -52.437292,
              -28.174707
            ],
            [
              -52.437278,
              -28.17498
            ],
            [
              -52.437143,
              -28.175099
            ],
            [
              -52.436919,
              -28.175087
            ],
            [
              -52.436808,
              -28.174974
            ],
            [
              -52.436997,
              -28.174848
            ],
            [
              -52.4368,
              -28.174825
            ],
            [
              -52.436832,
              -28.174528
            ],
            [
              -52.436781,
              -28.174521
            ],
            [
              -52.436622,
              -28.174824
            ],
            [
              -52.436564,
              -28.174827
            ],
            [
              -52.436326,
              -28.174538
            ],
            [
              -52.436295,
              -28.174554
            ],
            [
              -52.436159,
              -28.174792
            ],
            [
              -52.435906,
              -28.174978
            ],
            [
              -52.435841,
              -28.17495
            ],
            [
              -52.435774,
              -28.174501
            ],
            [
              -52.435689,
              -28.174596
            ],
            [
              -52.435629,
              -28.174977
            ],
            [
              -52.435202,
              -28.174857
            ],
            [
              -52.43524,
              -28.174758
            ],
            [
              -52.435254,
              -28.174678
            ],
            [
              -52.435175,
              -28.174643
            ],
            [
              -52.434837,
              -28.174699
            ],
            [
              -52.434659,
              -28.174654
            ],
            [
              -52.434608,
              -28.174551
            ],
            [
              -52.434744,
              -28.174463
            ],
            [
              -52.434822,
              -28.174439
            ],
            [
              -52.434824,
              -28.174346
            ],
            [
              -52.434618,
              -28.174319
            ],
            [
              -52.434475,
              -28.174233
            ],
            [
              -52.434401,
              -28.174347
            ],
            [
              -52.434249,
              -28.17438
            ],
            [
              -52.434118,
              -28.174442
            ],
            [
              -52.433835,
              -28.174486
            ],
            [
              -52.433614,
              -28.174364
            ],
            [
              -52.433624,
              -28.174204
            ],
            [
              -52.433541,
              -28.174255
            ],
            [
              -52.433493,
              -28.174238
            ],
            [
              -52.433454,
              -28.17404
            ],
            [
              -52.433351,
              -28.174077
            ],
            [
              -52.433291,
              -28.174526
            ],
            [
              -52.433247,
              -28.174554
            ],
            [
              -52.433634,
              -28.177579
            ],
            [
              -52.433811,
              -28.178878
            ],
            [
              -52.433848,
              -28.179064
            ],
            [
              -52.433883,
              -28.17919
            ],
            [
              -52.433934,
              -28.179308
            ],
            [
              -52.434002,
              -28.179441
            ],
            [
              -52.434082,
              -28.179565
            ],
            [
              -52.434182,
              -28.179702
            ],
            [
              -52.434505,
              -28.1801
            ],
            [
              -52.434647,
              -28.180292
            ],
            [
              -52.434766,
              -28.18046
            ],
            [
              -52.434903,
              -28.180678
            ],
            [
              -52.435003,
              -28.180856
            ],
            [
              -52.435096,
              -28.181078
            ],
            [
              -52.435175,
              -28.181319
            ],
            [
              -52.435227,
              -28.181544
            ],
            [
              -52.435258,
              -28.181734
            ],
            [
              -52.435275,
              -28.181947
            ],
            [
              -52.43528,
              -28.182163
            ],
            [
              -52.435274,
              -28.182394
            ],
            [
              -52.435258,
              -28.182588
            ],
            [
              -52.435184,
              -28.183286
            ],
            [
              -52.435162,
              -28.183483
            ],
            [
              -52.435163,
              -28.183556
            ],
            [
              -52.435159,
              -28.183714
            ],
            [
              -52.435166,
              -28.183873
            ],
            [
              -52.435181,
              -28.184047
            ],
            [
              -52.435234,
              -28.184308
            ],
            [
              -52.43528,
              -28.184479
            ],
            [
              -52.435341,
              -28.184655
            ],
            [
              -52.435409,
              -28.184803
            ],
            [
              -52.435508,
              -28.184971
            ],
            [
              -52.435566,
              -28.185054
            ],
            [
              -52.43572,
              -28.185257
            ],
            [
              -52.435877,
              -28.185422
            ],
            [
              -52.436091,
              -28.185626
            ],
            [
              -52.436702,
              -28.186165
            ],
            [
              -52.437414,
              -28.186794
            ],
            [
              -52.43763,
              -28.186999
            ],
            [
              -52.437783,
              -28.187155
            ],
            [
              -52.437934,
              -28.187349
            ],
            [
              -52.438068,
              -28.187554
            ],
            [
              -52.438189,
              -28.187783
            ],
            [
              -52.438281,
              -28.187965
            ],
            [
              -52.43835,
              -28.188154
            ],
            [
              -52.438406,
              -28.188326
            ],
            [
              -52.438452,
              -28.188505
            ],
            [
              -52.438485,
              -28.188689
            ],
            [
              -52.438501,
              -28.188866
            ],
            [
              -52.438513,
              -28.189062
            ],
            [
              -52.438505,
              -28.189517
            ],
            [
              -52.443779,
              -28.189928
            ],
            [
              -52.448299,
              -28.190282
            ],
            [
              -52.448674,
              -28.190309
            ],
            [
              -52.448651,
              -28.190221
            ],
            [
              -52.444226,
              -28.173756
            ],
            [
              -52.444152,
              -28.173727
            ],
            [
              -52.44412,
              -28.173541
            ],
            [
              -52.444008,
              -28.173479
            ],
            [
              -52.443952,
              -28.17337
            ],
            [
              -52.443918,
              -28.173425
            ],
            [
              -52.443853,
              -28.173461
            ],
            [
              -52.443649,
              -28.17344
            ],
            [
              -52.443352,
              -28.17343
            ],
            [
              -52.443153,
              -28.173335
            ],
            [
              -52.443172,
              -28.173216
            ],
            [
              -52.44297,
              -28.173373
            ],
            [
              -52.442807,
              -28.173485
            ],
            [
              -52.442704,
              -28.173523
            ],
            [
              -52.442627,
              -28.17346
            ],
            [
              -52.442669,
              -28.173316
            ],
            [
              -52.442809,
              -28.173284
            ],
            [
              -52.442831,
              -28.173241
            ],
            [
              -52.442646,
              -28.173086
            ],
            [
              -52.442583,
              -28.173057
            ]
          ]
        ]
      },
      "properties": {
        "id": "c9e16ab6-b446-4fda-9155-34c973dca0e0",
        "id_sigef": "c9e16ab6-b446-4fda-9155-34c973dca0e0",
        "codigo_imovel": "8710520232482",
        "nome_imovel": "SDE - Parte 1",
        "nome_titular": "AGROPECUARIA PLANALTO SUL LTDA",
        "cpf_cnpj_titular": "92.040.002/6953-50",
        "registro_matricula": "Matrícula 5067 - CRI",
        "municipio": "PASSO FUNDO",
        "uf": "RS",
        "area_hectares": 188.3,
        "status_geo": "CERTIFICADO",
        "tag_fonte": "FUSAO_SIGEF_CAR",
        "centroide_lat": -28.177430837078667,
        "centroide_lng": -52.438111775280895,
        "cnpj_raw": "92040002695350",
        "razao_social": "AGROPECUARIA PLANALTO SUL LTDA",
        "tipo_pessoa": "PJ",
        "is_corporate": true,
        "pj_status": "AUDITADO_RECEITA",
        "capital_social": 3480000,
        "qsa": [
          {
            "nome": "Ricardo Luís Meneguzzi",
            "qual": "Sócio-Administrador"
          },
          {
            "nome": "Sandra Meneguzzi",
            "qual": "Sócio"
          }
        ],
        "whatsapp_validado": "+555433169252",
        "telefone": "(54) 3316-9252",
        "email": "contato@agropecuariaplanaltosul.agr.br"
      }
    },
    {
      "type": "Feature",
      "id": "46321c50-c70c-4f53-a8c4-6df93b276351",
      "geometry": {
        "type": "Polygon",
        "coordinates": [
          [
            [
              -52.387383,
              -28.210549
            ],
            [
              -52.387332,
              -28.210626
            ],
            [
              -52.387365,
              -28.21072
            ],
            [
              -52.387291,
              -28.210911
            ],
            [
              -52.387237,
              -28.210992
            ],
            [
              -52.387157,
              -28.21091
            ],
            [
              -52.387011,
              -28.210792
            ],
            [
              -52.386949,
              -28.210797
            ],
            [
              -52.386956,
              -28.210961
            ],
            [
              -52.387002,
              -28.211191
            ],
            [
              -52.386932,
              -28.211325
            ],
            [
              -52.386925,
              -28.21143
            ],
            [
              -52.386909,
              -28.211506
            ],
            [
              -52.387635,
              -28.212246
            ],
            [
              -52.387821,
              -28.212434
            ],
            [
              -52.387536,
              -28.213493
            ],
            [
              -52.387244,
              -28.214556
            ],
            [
              -52.387387,
              -28.21454
            ],
            [
              -52.387578,
              -28.214533
            ],
            [
              -52.387994,
              -28.214585
            ],
            [
              -52.388359,
              -28.214713
            ],
            [
              -52.388542,
              -28.214816
            ],
            [
              -52.388724,
              -28.214949
            ],
            [
              -52.388989,
              -28.215234
            ],
            [
              -52.389092,
              -28.215402
            ],
            [
              -52.389175,
              -28.215597
            ],
            [
              -52.389232,
              -28.215834
            ],
            [
              -52.389477,
              -28.21699
            ],
            [
              -52.38956,
              -28.217135
            ],
            [
              -52.38966,
              -28.21727
            ],
            [
              -52.389775,
              -28.217399
            ],
            [
              -52.389904,
              -28.217517
            ],
            [
              -52.39005,
              -28.217626
            ],
            [
              -52.390246,
              -28.217741
            ],
            [
              -52.390434,
              -28.217824
            ],
            [
              -52.390609,
              -28.217882
            ],
            [
              -52.390788,
              -28.217924
            ],
            [
              -52.390983,
              -28.217952
            ],
            [
              -52.391467,
              -28.217993
            ],
            [
              -52.391976,
              -28.218041
            ],
            [
              -52.392186,
              -28.21807
            ],
            [
              -52.392378,
              -28.218111
            ],
            [
              -52.393185,
              -28.218454
            ],
            [
              -52.393413,
              -28.218611
            ],
            [
              -52.393629,
              -28.218793
            ],
            [
              -52.394872,
              -28.219947
            ],
            [
              -52.39502,
              -28.220069
            ],
            [
              -52.395156,
              -28.220159
            ],
            [
              -52.39529,
              -28.220233
            ],
            [
              -52.395452,
              -28.220305
            ],
            [
              -52.395644,
              -28.22037
            ],
            [
              -52.395822,
              -28.22041
            ],
            [
              -52.396047,
              -28.220442
            ],
            [
              -52.396288,
              -28.22045
            ],
            [
              -52.396934,
              -28.220451
            ],
            [
              -52.397087,
              -28.220458
            ],
            [
              -52.397445,
              -28.220511
            ],
            [
              -52.397621,
              -28.220556
            ],
            [
              -52.397792,
              -28.220614
            ],
            [
              -52.397974,
              -28.220693
            ],
            [
              -52.398138,
              -28.220781
            ],
            [
              -52.39831,
              -28.220893
            ],
            [
              -52.398446,
              -28.221
            ],
            [
              -52.39858,
              -28.221127
            ],
            [
              -52.398691,
              -28.22125
            ],
            [
              -52.398786,
              -28.221377
            ],
            [
              -52.398878,
              -28.221527
            ],
            [
              -52.398964,
              -28.221695
            ],
            [
              -52.399027,
              -28.22187
            ],
            [
              -52.399076,
              -28.222053
            ],
            [
              -52.399807,
              -28.226065
            ],
            [
              -52.399937,
              -28.225774
            ],
            [
              -52.400412,
              -28.224921
            ],
            [
              -52.400719,
              -28.224482
            ],
            [
              -52.401442,
              -28.223194
            ],
            [
              -52.401737,
              -28.223099
            ],
            [
              -52.402183,
              -28.222346
            ],
            [
              -52.402116,
              -28.222254
            ],
            [
              -52.402186,
              -28.222135
            ],
            [
              -52.402404,
              -28.22155
            ],
            [
              -52.402606,
              -28.221356
            ],
            [
              -52.402945,
              -28.220915
            ],
            [
              -52.403011,
              -28.220614
            ],
            [
              -52.403193,
              -28.220615
            ],
            [
              -52.403401,
              -28.220363
            ],
            [
              -52.403444,
              -28.220238
            ],
            [
              -52.403482,
              -28.219962
            ],
            [
              -52.403565,
              -28.219765
            ],
            [
              -52.403693,
              -28.219504
            ],
            [
              -52.403829,
              -28.219509
            ],
            [
              -52.404014,
              -28.219312
            ],
            [
              -52.403942,
              -28.219143
            ],
            [
              -52.403957,
              -28.219014
            ],
            [
              -52.404044,
              -28.218967
            ],
            [
              -52.404054,
              -28.218846
            ],
            [
              -52.404093,
              -28.218738
            ],
            [
              -52.404022,
              -28.218631
            ],
            [
              -52.404057,
              -28.218487
            ],
            [
              -52.404011,
              -28.218366
            ],
            [
              -52.404014,
              -28.218229
            ],
            [
              -52.403963,
              -28.218166
            ],
            [
              -52.403921,
              -28.218089
            ],
            [
              -52.403771,
              -28.218121
            ],
            [
              -52.403723,
              -28.21801
            ],
            [
              -52.403807,
              -28.217834
            ],
            [
              -52.403719,
              -28.217823
            ],
            [
              -52.403651,
              -28.217746
            ],
            [
              -52.403714,
              -28.217651
            ],
            [
              -52.403671,
              -28.217605
            ],
            [
              -52.403741,
              -28.21742
            ],
            [
              -52.403705,
              -28.217229
            ],
            [
              -52.403822,
              -28.217208
            ],
            [
              -52.403858,
              -28.217131
            ],
            [
              -52.403852,
              -28.216962
            ],
            [
              -52.403987,
              -28.216822
            ],
            [
              -52.40401,
              -28.216772
            ],
            [
              -52.404071,
              -28.216735
            ],
            [
              -52.40413,
              -28.216727
            ],
            [
              -52.404075,
              -28.216633
            ],
            [
              -52.404074,
              -28.216397
            ],
            [
              -52.404034,
              -28.21632
            ],
            [
              -52.404062,
              -28.216243
            ],
            [
              -52.403725,
              -28.216343
            ],
            [
              -52.403231,
              -28.216416
            ],
            [
              -52.4029,
              -28.21645
            ],
            [
              -52.402554,
              -28.216553
            ],
            [
              -52.402256,
              -28.216734
            ],
            [
              -52.402103,
              -28.216936
            ],
            [
              -52.401911,
              -28.217037
            ],
            [
              -52.401164,
              -28.216809
            ],
            [
              -52.401023,
              -28.216487
            ],
            [
              -52.401135,
              -28.216342
            ],
            [
              -52.401524,
              -28.21626
            ],
            [
              -52.401564,
              -28.216151
            ],
            [
              -52.401281,
              -28.215983
            ],
            [
              -52.401003,
              -28.216
            ],
            [
              -52.400617,
              -28.216015
            ],
            [
              -52.400345,
              -28.215831
            ],
            [
              -52.400322,
              -28.215713
            ],
            [
              -52.400439,
              -28.215325
            ],
            [
              -52.399343,
              -28.214426
            ],
            [
              -52.399094,
              -28.214465
            ],
            [
              -52.398999,
              -28.214283
            ],
            [
              -52.398873,
              -28.213731
            ],
            [
              -52.398773,
              -28.213464
            ],
            [
              -52.398638,
              -28.213431
            ],
            [
              -52.398563,
              -28.21344
            ],
            [
              -52.398064,
              -28.213308
            ],
            [
              -52.397777,
              -28.213185
            ],
            [
              -52.397464,
              -28.213092
            ],
            [
              -52.396934,
              -28.212871
            ],
            [
              -52.396569,
              -28.212613
            ],
            [
              -52.396311,
              -28.21239
            ],
            [
              -52.396285,
              -28.21225
            ],
            [
              -52.396079,
              -28.212095
            ],
            [
              -52.395421,
              -28.211763
            ],
            [
              -52.395285,
              -28.211804
            ],
            [
              -52.39475,
              -28.212039
            ],
            [
              -52.394288,
              -28.212021
            ],
            [
              -52.394108,
              -28.211931
            ],
            [
              -52.393589,
              -28.211749
            ],
            [
              -52.393189,
              -28.211386
            ],
            [
              -52.393043,
              -28.211157
            ],
            [
              -52.392545,
              -28.210836
            ],
            [
              -52.391869,
              -28.210991
            ],
            [
              -52.391898,
              -28.211062
            ],
            [
              -52.391917,
              -28.211167
            ],
            [
              -52.391717,
              -28.21136
            ],
            [
              -52.391594,
              -28.211345
            ],
            [
              -52.391238,
              -28.211434
            ],
            [
              -52.391022,
              -28.211626
            ],
            [
              -52.390894,
              -28.211626
            ],
            [
              -52.390766,
              -28.211588
            ],
            [
              -52.390706,
              -28.211551
            ],
            [
              -52.39021,
              -28.211699
            ],
            [
              -52.390063,
              -28.211639
            ],
            [
              -52.38969,
              -28.211651
            ],
            [
              -52.389619,
              -28.211584
            ],
            [
              -52.389509,
              -28.211358
            ],
            [
              -52.389518,
              -28.211248
            ],
            [
              -52.389106,
              -28.211009
            ],
            [
              -52.389058,
              -28.211014
            ],
            [
              -52.388997,
              -28.211082
            ],
            [
              -52.388915,
              -28.211341
            ],
            [
              -52.388728,
              -28.211316
            ],
            [
              -52.388642,
              -28.211227
            ],
            [
              -52.388667,
              -28.211113
            ],
            [
              -52.388713,
              -28.210991
            ],
            [
              -52.388643,
              -28.21095
            ],
            [
              -52.388234,
              -28.210925
            ],
            [
              -52.388136,
              -28.211016
            ],
            [
              -52.388002,
              -28.211169
            ],
            [
              -52.387883,
              -28.211122
            ],
            [
              -52.387796,
              -28.210813
            ],
            [
              -52.387864,
              -28.21058
            ],
            [
              -52.387824,
              -28.210577
            ],
            [
              -52.387706,
              -28.210766
            ],
            [
              -52.3876,
              -28.210735
            ],
            [
              -52.387383,
              -28.210549
            ]
          ]
        ]
      },
      "properties": {
        "id": "46321c50-c70c-4f53-a8c4-6df93b276351",
        "id_sigef": "46321c50-c70c-4f53-a8c4-6df93b276351",
        "codigo_imovel": "8710520247595",
        "nome_imovel": "CENTRO DE PESQUISAS AGRONÔMICAS - MAT-103864",
        "nome_titular": "CENTRO DE PESQUISAS AGRONÔMICAS LTDA",
        "cpf_cnpj_titular": "92.040.002/7090-83",
        "registro_matricula": "Matrícula 103864 - CRI",
        "municipio": "PASSO FUNDO",
        "uf": "RS",
        "area_hectares": 121.42,
        "status_geo": "CERTIFICADO",
        "tag_fonte": "FUSAO_SIGEF_CAR",
        "centroide_lat": -28.216010323232315,
        "centroide_lng": -52.39594102525253,
        "cnpj_raw": "92040002709083",
        "razao_social": "CENTRO DE PESQUISAS AGRONÔMICAS LTDA",
        "tipo_pessoa": "PJ",
        "is_corporate": true,
        "pj_status": "AUDITADO_RECEITA",
        "capital_social": 2250000,
        "qsa": [
          {
            "nome": "Bernardo Della Mea",
            "qual": "Sócio-Administrador"
          },
          {
            "nome": "Giovana Della Mea",
            "qual": "Sócio"
          }
        ],
        "whatsapp_validado": "+555433169289",
        "telefone": "(54) 3316-9289",
        "email": "contato@centrodepesquisasagronmicas.agr.br"
      }
    },
    {
      "type": "Feature",
      "id": "12880b17-4041-42eb-b834-a4d927de0048",
      "geometry": {
        "type": "Polygon",
        "coordinates": [
          [
            [
              -52.486613,
              -28.33214
            ],
            [
              -52.477465,
              -28.339555
            ],
            [
              -52.477427,
              -28.339746
            ],
            [
              -52.477469,
              -28.339896
            ],
            [
              -52.4774,
              -28.340002
            ],
            [
              -52.477748,
              -28.340158
            ],
            [
              -52.477776,
              -28.340213
            ],
            [
              -52.477673,
              -28.340272
            ],
            [
              -52.477666,
              -28.340426
            ],
            [
              -52.477864,
              -28.340566
            ],
            [
              -52.477974,
              -28.340699
            ],
            [
              -52.478085,
              -28.340608
            ],
            [
              -52.478193,
              -28.340666
            ],
            [
              -52.478272,
              -28.340839
            ],
            [
              -52.478272,
              -28.340982
            ],
            [
              -52.478201,
              -28.341071
            ],
            [
              -52.478238,
              -28.341226
            ],
            [
              -52.478168,
              -28.341298
            ],
            [
              -52.478061,
              -28.341208
            ],
            [
              -52.478038,
              -28.341366
            ],
            [
              -52.47808,
              -28.341505
            ],
            [
              -52.478356,
              -28.341729
            ],
            [
              -52.478491,
              -28.341982
            ],
            [
              -52.478498,
              -28.342061
            ],
            [
              -52.478469,
              -28.342239
            ],
            [
              -52.478583,
              -28.342548
            ],
            [
              -52.478695,
              -28.342614
            ],
            [
              -52.478709,
              -28.342788
            ],
            [
              -52.47876,
              -28.342937
            ],
            [
              -52.478949,
              -28.343108
            ],
            [
              -52.478822,
              -28.343194
            ],
            [
              -52.478886,
              -28.34327
            ],
            [
              -52.479007,
              -28.343702
            ],
            [
              -52.478502,
              -28.344244
            ],
            [
              -52.488337,
              -28.338686
            ],
            [
              -52.488337,
              -28.338289
            ],
            [
              -52.488262,
              -28.337922
            ],
            [
              -52.487924,
              -28.337222
            ],
            [
              -52.487478,
              -28.335885
            ],
            [
              -52.488348,
              -28.335365
            ],
            [
              -52.488255,
              -28.335159
            ],
            [
              -52.488097,
              -28.334823
            ],
            [
              -52.48736,
              -28.333486
            ],
            [
              -52.486613,
              -28.33214
            ]
          ]
        ]
      },
      "properties": {
        "id": "12880b17-4041-42eb-b834-a4d927de0048",
        "id_sigef": "12880b17-4041-42eb-b834-a4d927de0048",
        "codigo_imovel": "8710520270066",
        "nome_imovel": "Granja Pessegueiro - Única",
        "nome_titular": "GRANJA PESSEGUEIRO ÚNICA LTDA",
        "cpf_cnpj_titular": "92.040.002/7227-72",
        "registro_matricula": "Matrícula 96 - CRI",
        "municipio": "PASSO FUNDO",
        "uf": "RS",
        "area_hectares": 67.94,
        "status_geo": "CERTIFICADO",
        "tag_fonte": "FUSAO_SIGEF_CAR",
        "centroide_lat": -28.34017895348837,
        "centroide_lng": -52.4804606511628,
        "cnpj_raw": "92040002722772",
        "razao_social": "GRANJA PESSEGUEIRO ÚNICA LTDA",
        "tipo_pessoa": "PJ",
        "is_corporate": true,
        "pj_status": "AUDITADO_RECEITA",
        "capital_social": 1260000,
        "qsa": [
          {
            "nome": "Felipe Antônio Rubin",
            "qual": "Sócio-Administrador"
          },
          {
            "nome": "Larissa Rubin",
            "qual": "Sócio"
          }
        ],
        "whatsapp_validado": "+555433169326",
        "telefone": "(54) 3316-9326",
        "email": "contato@granjapessegueironica.agr.br"
      }
    },
    {
      "type": "Feature",
      "id": "313c8b98-8671-4311-accb-ab8497f0886f",
      "geometry": {
        "type": "Polygon",
        "coordinates": [
          [
            [
              -52.331983,
              -28.273815
            ],
            [
              -52.331961,
              -28.273873
            ],
            [
              -52.331798,
              -28.274301
            ],
            [
              -52.330216,
              -28.275897
            ],
            [
              -52.328446,
              -28.277683
            ],
            [
              -52.329467,
              -28.27868
            ],
            [
              -52.331508,
              -28.276246
            ],
            [
              -52.331025,
              -28.275536
            ],
            [
              -52.331907,
              -28.274427
            ],
            [
              -52.332101,
              -28.274209
            ],
            [
              -52.332011,
              -28.273988
            ],
            [
              -52.331983,
              -28.273941
            ],
            [
              -52.331985,
              -28.273838
            ],
            [
              -52.332001,
              -28.273832
            ],
            [
              -52.331983,
              -28.273815
            ]
          ]
        ]
      },
      "properties": {
        "id": "313c8b98-8671-4311-accb-ab8497f0886f",
        "id_sigef": "313c8b98-8671-4311-accb-ab8497f0886f",
        "codigo_imovel": "9503271611794",
        "nome_imovel": "Vista Alegre - .",
        "nome_titular": "VISTA ALEGRE . LTDA",
        "cpf_cnpj_titular": "92.040.002/7364-80",
        "registro_matricula": "Matrícula 158008 - CRI",
        "municipio": "PASSO FUNDO",
        "uf": "RS",
        "area_hectares": 5.08,
        "status_geo": "CERTIFICADO",
        "tag_fonte": "FUSAO_SIGEF_CAR",
        "centroide_lat": -28.275018999999993,
        "centroide_lng": -52.33131371428572,
        "cnpj_raw": "92040002736480",
        "razao_social": "VISTA ALEGRE . LTDA",
        "tipo_pessoa": "PJ",
        "is_corporate": true,
        "pj_status": "AUDITADO_RECEITA",
        "capital_social": 1200000,
        "qsa": [
          {
            "nome": "Henrique Dornelles",
            "qual": "Sócio-Administrador"
          },
          {
            "nome": "Carolina Dornelles",
            "qual": "Sócio"
          }
        ],
        "whatsapp_validado": "+555433169363",
        "telefone": "(54) 3316-9363",
        "email": "contato@vistaalegre.agr.br"
      }
    }
  ]
}